交易日期,开盘价,收盘价,最高价,最低价,成交量,成交额,振幅,涨跌幅,涨跌额,换手率,流通市值
2019-01-23,5.7,6.84,6.84,5.7,2730,1865751.0,24.0,44.0,2.09,0.1,15537037469.039999
2019-01-24,7.52,7.52,7.52,7.52,1810,1361135.0,0.0,9.94,0.68,0.07,17081655229.119999
2019-01-25,8.27,8.27,8.27,8.27,3957,3272513.0,0.0,9.97,0.75,0.14,18785277758.62
2019-01-28,9.1,9.1,9.1,9.1,12092,11003675.0,0.0,10.04,0.83,0.44,20670620024.6
2019-01-29,10.01,10.01,10.01,10.01,69631,69701121.0,0.0,10.0,0.91,2.52,22737682027.06
2019-01-30,10.95,10.9,11.01,10.51,1876552,2019880416.0,5.0,8.89,0.89,68.02,24759314095.4
2019-01-31,10.0,9.81,10.15,9.81,912033,901496480.0,3.12,-10.0,-1.09,33.06,22283382685.86
2019-02-01,9.81,10.24,10.58,9.61,1098721,1114490480.0,9.89,4.38,0.43,39.82,23260126269.44
2019-02-11,10.3,11.26,11.26,10.02,1165678,1251383504.0,12.11,9.96,1.02,42.25,25577052909.56
2019-02-12,11.6,10.81,11.87,10.66,1559384,1765278464.0,10.75,-4.0,-0.45,56.52,24554879391.86
2019-02-13,10.53,10.92,11.08,10.53,1050175,1134041520.0,5.09,1.02,0.11,38.06,24804744029.52
2019-02-14,10.73,11.48,12.01,10.73,1418168,1639752912.0,11.72,5.13,0.56,51.4,26076782184.88
2019-02-15,11.5,11.7,12.19,11.25,1152968,1347112432.0,8.19,1.92,0.22,41.79,26576511460.199997
2019-02-18,11.58,11.93,12.12,11.25,1049749,1227219968.0,7.44,1.97,0.23,38.05,27098955702.579998
2019-02-19,12.21,13.12,13.12,12.21,1237302,1587653088.0,7.63,9.97,1.19,44.85,29802036782.719997
2019-02-20,13.51,11.92,13.75,11.81,1597458,1995752832.0,14.79,-9.15,-1.2,57.9,27076240735.52
2019-02-21,11.5,12.25,12.29,11.21,1164478,1361607792.0,9.06,2.77,0.33,42.21,27825834648.5
2019-02-22,11.94,11.89,12.17,11.81,790034,945595168.0,2.94,-2.94,-0.36,28.63,27008095834.34
2019-02-25,11.8,12.24,12.49,11.8,917178,1117465312.0,5.8,2.94,0.35,33.24,27803119681.44
2019-02-26,12.3,12.71,13.4,11.92,1197234,1526452736.0,12.09,3.84,0.47,43.39,28870723133.260002
2019-02-27,12.75,12.38,12.96,12.01,884382,1099085728.0,7.47,-2.6,-0.33,32.05,28121129220.280003
2019-02-28,12.1,11.83,12.49,11.82,606843,734557328.0,5.41,-4.44,-0.55,22.0,26871806031.98
2019-03-01,11.93,12.2,12.26,11.72,537780,649324144.0,4.56,3.13,0.37,19.49,27712259813.199997
2019-03-04,12.21,12.27,12.79,11.93,774972,955314848.0,7.05,0.57,0.07,28.09,27871264582.62
2019-03-05,12.1,12.42,12.56,11.95,687739,840569296.0,4.97,1.22,0.15,24.93,28211989088.52
2019-03-06,12.5,13.66,13.66,12.29,847086,1130827872.0,11.03,9.98,1.24,30.7,31028645003.96
2019-03-07,14.95,15.03,15.03,14.35,614637,910234944.0,4.98,10.03,1.37,22.28,34140595491.18
2019-03-08,16.53,14.75,16.53,14.39,1342095,2136574352.0,14.24,-1.86,-0.28,48.64,33504576413.5
2019-03-11,15.5,15.4,16.23,14.52,1513471,2370802512.0,11.59,4.41,0.65,54.86,34981049272.4
2019-03-12,15.39,16.94,16.94,15.05,1495676,2420467232.0,12.27,10.0,1.54,54.21,38479154199.64
2019-03-13,16.94,17.45,18.63,16.51,1645815,2926322656.0,12.51,3.01,0.51,59.65,39637617519.7
2019-03-14,16.09,15.71,16.3,15.71,484885,767535872.0,3.38,-9.97,-1.74,17.57,35685213251.26
2019-03-15,14.91,14.65,15.48,14.2,968499,1429085072.0,8.15,-6.75,-1.06,35.1,33277426742.9
2019-03-18,14.7,14.81,15.09,14.4,598499,887729872.0,4.71,1.09,0.16,21.69,33640866215.86
2019-03-19,14.75,14.89,15.1,14.61,535093,796652064.0,3.31,0.54,0.08,19.39,33822585952.34
2019-03-20,14.91,15.31,15.86,14.82,731335,1125837728.0,6.98,2.82,0.42,26.51,34776614568.86
2019-03-21,15.02,15.37,15.9,14.8,731818,1114529872.0,7.18,0.39,0.06,26.52,34912904371.22
2019-03-22,15.17,14.87,15.47,14.8,471542,708761984.0,4.36,-3.25,-0.5,17.09,33777156018.219997
2019-03-25,14.48,13.92,14.54,13.91,488125,694811328.0,4.24,-6.39,-0.95,17.69,31619234147.52
2019-03-26,13.99,14.09,14.34,13.71,355551,501547568.0,4.53,1.22,0.17,12.89,32005388587.54
2019-03-27,14.2,13.82,14.25,13.73,266483,370935136.0,3.69,-1.92,-0.27,9.66,31392084476.920002
2019-03-28,13.68,13.06,13.68,13.0,370713,494541328.0,4.92,-5.5,-0.76,13.44,29665746980.36
2019-03-29,13.1,13.44,13.58,12.7,346693,456390896.0,6.74,2.91,0.38,12.57,30528915728.64
2019-04-01,13.52,14.1,14.61,13.43,463946,651834096.0,8.78,4.91,0.66,16.82,32028103554.6
2019-04-02,14.14,14.35,14.4,14.01,424001,602599808.0,2.77,1.77,0.25,15.37,32595977731.1
2019-04-03,14.21,14.3,14.55,14.12,324279,464483952.0,3.0,-0.35,-0.05,11.75,32482402895.800003
2019-04-04,15.18,14.51,15.18,14.51,535921,793215424.0,4.69,1.47,0.21,19.42,32959417204.06
2019-04-08,14.5,13.96,14.85,13.7,423933,605481872.0,7.93,-3.79,-0.55,15.37,31710094015.760002
2019-04-09,13.73,13.62,13.78,13.47,274563,373418288.0,2.22,-2.44,-0.34,9.95,30937785135.719997
2019-04-10,13.39,13.43,13.76,13.29,210898,285814416.0,3.45,-1.4,-0.19,7.64,30506200761.579998
2019-04-11,13.58,12.91,13.61,12.89,291812,383916112.0,5.36,-3.87,-0.52,10.58,29325022474.46
2019-04-12,12.83,12.75,13.07,12.51,246767,315586016.0,4.34,-1.24,-0.16,8.94,28961583001.5
2019-04-15,12.91,13.04,13.08,12.7,273123,353268560.0,2.98,2.27,0.29,9.9,29620317046.239998
2019-04-16,12.97,13.05,13.06,12.57,253639,325176288.0,3.76,0.08,0.01,9.19,29643032013.300003
2019-04-17,13.09,13.17,13.55,13.05,283420,377246048.0,3.83,0.92,0.12,10.27,29915611618.02
2019-04-18,13.15,12.78,13.15,12.76,226038,291331984.0,2.96,-2.96,-0.39,8.19,29029727902.68
2019-04-19,12.79,12.89,12.99,12.6,184310,235710039.0,3.05,0.86,0.11,6.68,29279592540.34
2019-04-22,12.94,13.01,13.33,12.58,314906,408103520.0,5.82,0.93,0.12,11.41,29552172145.06
2019-04-23,12.89,12.84,13.18,12.71,230002,297743712.0,3.61,-1.31,-0.17,8.34,29166017705.04
2019-04-24,12.73,12.87,12.98,12.62,183371,234754917.0,2.8,0.23,0.03,6.65,29234162606.219997
2019-04-25,13.45,14.16,14.16,13.45,438083,610245488.0,5.52,10.02,1.29,15.88,32164393356.96
2019-04-26,14.16,14.28,14.85,13.92,1053832,1528960928.0,6.57,0.85,0.12,38.2,32436972961.68
2019-04-29,13.82,12.85,14.04,12.85,550113,732266112.0,8.33,-10.01,-1.43,19.94,29188732672.1
2019-04-30,12.25,11.87,12.44,11.62,454781,549183472.0,6.38,-7.63,-0.98,16.48,26962665900.219997
2019-05-06,11.34,10.68,11.34,10.68,280613,306613440.0,5.56,-10.03,-1.19,10.17,24259584820.079998
2019-05-07,10.78,10.96,11.29,10.75,280467,307196256.0,5.06,2.62,0.28,10.17,24895603897.760002
2019-05-08,10.58,11.04,11.34,10.45,287833,315750560.0,8.12,0.73,0.08,10.43,25077323634.239998
2019-05-09,10.82,10.85,11.25,10.82,208376,229610342.0,3.89,-1.72,-0.19,7.55,24645739260.1
2019-05-10,10.96,11.13,11.19,10.51,344254,379399568.0,6.27,2.58,0.28,12.48,25281758337.780003
2019-05-13,10.99,11.21,11.29,10.91,259420,288782864.0,3.41,0.72,0.08,9.4,25463478074.260002
2019-05-14,11.01,10.93,11.17,10.93,203105,224104854.0,2.14,-2.5,-0.28,7.36,24827458996.579998
2019-05-15,11.09,11.34,11.5,11.02,306552,345575824.0,4.39,3.75,0.41,11.11,25758772646.04
2019-05-16,11.36,11.43,11.59,11.16,300110,341631344.0,3.79,0.79,0.09,10.88,25963207349.579998
2019-05-17,11.3,10.67,11.39,10.53,291335,319867008.0,7.52,-6.65,-0.76,10.56,24236869853.02
2019-05-20,10.55,10.41,10.7,10.11,182242,188054786.0,5.53,-2.44,-0.26,6.61,23646280709.46
2019-05-21,10.37,10.62,10.64,10.3,139233,146800615.0,3.27,2.02,0.21,5.05,24123295017.719997
2019-05-22,10.61,10.63,10.89,10.45,178821,190524589.0,4.14,0.09,0.01,6.48,24146009984.780003
2019-05-23,10.52,10.24,10.61,10.21,148856,154682701.0,3.76,-3.67,-0.39,5.4,23260126269.44
2019-05-24,10.03,10.66,10.95,10.02,262406,275706272.0,9.08,4.1,0.42,9.51,24214154885.96
2019-05-27,10.65,10.84,10.85,10.4,254121,270376704.0,4.22,1.69,0.18,9.21,24623024293.04
2019-05-28,10.8,10.66,10.99,10.6,217780,235611519.0,3.6,-1.66,-0.18,7.89,24214154885.96
2019-05-29,10.58,10.78,11.1,10.51,240306,261583907.0,5.53,1.13,0.12,8.71,24486734490.68
2019-05-30,10.75,11.24,11.35,10.49,382113,417992320.0,7.98,4.27,0.46,13.85,25531622975.44
2019-05-31,11.71,11.55,12.16,11.53,547325,647797168.0,5.6,2.76,0.31,19.84,26235786954.300003
2019-06-03,11.45,10.84,11.6,10.82,361151,402994016.0,6.75,-6.15,-0.71,13.09,24623024293.04
2019-06-04,10.7,10.5,10.79,10.4,223750,235454977.0,3.6,-3.14,-0.34,8.11,23850715413.0
2019-06-05,10.62,10.37,10.67,10.35,152082,159487719.0,3.05,-1.24,-0.13,5.51,23555420841.219997
2019-06-06,10.3,10.08,10.4,10.03,141821,144166732.0,3.57,-2.8,-0.29,5.14,22896686796.48
2019-06-10,10.15,10.23,10.29,10.11,84773,86517575.0,1.79,1.49,0.15,3.07,23237411302.38
2019-06-11,10.3,10.62,10.64,10.2,164641,172148516.0,4.3,3.81,0.39,5.97,24123295017.719997
2019-06-12,10.6,10.44,10.73,10.42,154899,163520852.0,2.92,-1.69,-0.18,5.61,23714425610.64
2019-06-13,10.47,10.6,10.72,10.44,130308,137918802.0,2.68,1.53,0.16,4.72,24077865083.6
2019-06-14,10.65,10.21,10.68,10.18,145432,151353415.0,4.72,-3.68,-0.39,5.27,23191981368.260002
2019-06-17,10.29,10.38,10.41,10.22,68291,70465235.0,1.86,1.67,0.17,2.48,23578135808.280003
2019-06-18,10.38,10.5,10.55,10.26,95660,99812648.0,2.79,1.16,0.12,3.47,23850715413.0
2019-06-19,11.0,11.1,11.55,10.71,478532,536698144.0,8.0,5.71,0.6,17.34,25213613436.6
2019-06-20,10.88,10.97,11.18,10.72,327653,358172768.0,4.14,-1.17,-0.13,11.88,24918318864.82
2019-06-21,10.95,11.28,11.4,10.95,308930,347163552.0,4.1,2.83,0.31,11.2,25622482843.68
2019-06-24,11.36,11.14,11.39,11.08,147601,164804051.0,2.75,-1.24,-0.14,5.35,25304473304.84
2019-06-25,11.01,10.92,11.12,10.77,153098,166954260.0,3.14,-1.97,-0.22,5.55,24804744029.52
2019-06-26,10.9,10.95,11.06,10.83,108690,119257267.0,2.11,0.27,0.03,3.94,24872888930.699997
2019-06-27,11.12,11.09,11.34,11.09,165409,185255885.0,2.28,1.28,0.14,6.0,25190898469.54
2019-06-28,11.08,10.84,11.29,10.8,145195,159771722.0,4.42,-2.25,-0.25,5.26,24623024293.04
2019-07-01,11.13,11.18,11.24,11.03,158289,176553655.0,1.94,3.14,0.34,5.74,25395333173.079998
2019-07-02,11.15,11.24,11.39,11.14,168653,189626013.0,2.24,0.54,0.06,6.11,25531622975.44
2019-07-03,11.23,11.19,11.29,11.11,131521,147455359.0,1.6,-0.44,-0.05,4.77,25418048140.14
2019-07-04,11.19,11.05,11.28,11.02,110026,122589844.0,2.32,-1.25,-0.14,3.99,25100038601.300003
2019-07-05,11.12,11.13,11.16,10.97,84198,93461977.0,1.72,0.72,0.08,3.05,25281758337.780003
2019-07-08,11.12,10.51,11.12,10.47,153847,165117966.0,5.84,-5.57,-0.62,5.58,23873430380.06
2019-07-09,10.47,10.76,10.95,10.47,118811,127671905.0,4.57,2.38,0.25,4.31,24441304556.56
2019-07-10,10.74,10.63,10.84,10.55,87162,93272090.0,2.7,-1.21,-0.13,3.16,24146009984.780003
2019-07-11,10.68,10.5,10.82,10.42,82974,88001143.0,3.76,-1.22,-0.13,3.01,23850715413.0
2019-07-12,10.49,10.43,10.5,10.31,64846,67580646.0,1.81,-0.67,-0.07,2.35,23691710643.579998
2019-07-15,10.47,10.55,10.56,10.23,88599,92367188.0,3.16,1.15,0.12,3.21,23964290248.300003
2019-07-16,10.56,10.57,10.62,10.43,65814,69334893.0,1.8,0.19,0.02,2.39,24009720182.420002
2019-07-17,10.56,10.67,10.72,10.49,92019,97841570.0,2.18,0.95,0.1,3.34,24236869853.02
2019-07-18,10.51,10.37,10.57,10.34,80761,84291017.0,2.16,-2.81,-0.3,2.93,23555420841.219997
2019-07-19,10.44,10.4,10.53,10.36,66182,69028640.0,1.64,0.29,0.03,2.4,23623565742.4
2019-07-22,10.45,9.81,10.45,9.78,144957,145251487.0,6.44,-5.67,-0.59,5.25,22283382685.86
2019-07-23,9.92,10.03,10.07,9.8,72838,72414564.0,2.75,2.24,0.22,2.64,22783111961.18
2019-07-24,10.03,10.16,10.24,10.03,79756,81106112.0,2.09,1.3,0.13,2.89,23078406532.96
2019-07-25,10.21,10.14,10.24,10.12,68748,69965463.0,1.18,-0.2,-0.02,2.49,23032976598.84
2019-07-26,10.19,10.24,10.26,10.08,71607,73023724.0,1.78,0.99,0.1,2.6,23260126269.44
2019-07-29,10.14,10.13,10.29,10.1,66191,67332256.0,1.86,-1.07,-0.11,2.4,23010261631.780003
2019-07-30,10.13,10.14,10.28,10.11,68106,69412554.0,1.68,0.1,0.01,2.47,23032976598.84
2019-07-31,10.16,10.05,10.19,10.01,59916,60384576.0,1.78,-0.89,-0.09,2.17,22828541895.300003
2019-08-01,10.05,10.05,10.12,10.0,52386,52714452.0,1.19,0.0,0.0,1.9,22828541895.300003
2019-08-02,9.72,9.81,10.0,9.72,93923,92103242.0,2.79,-2.39,-0.24,3.4,22283382685.86
2019-08-05,9.87,9.7,9.88,9.69,74275,72612647.0,1.94,-1.12,-0.11,2.69,22033518048.199997
2019-08-06,9.48,9.25,9.48,8.92,172737,158848710.0,5.77,-4.64,-0.45,6.26,21011344530.5
2019-08-07,10.15,9.73,10.15,9.72,220229,218538844.0,4.65,5.19,0.48,7.98,22101662949.38
2019-08-08,9.59,10.22,10.5,9.59,255131,259230711.0,9.35,5.04,0.49,9.25,23214696335.32
2019-08-09,10.23,10.02,10.45,9.99,191388,194973721.0,4.5,-1.96,-0.2,6.94,22760396994.12
2019-08-12,10.16,10.54,10.57,10.07,196826,203839802.0,4.99,5.19,0.52,7.13,23941575281.239998
2019-08-13,10.4,10.29,10.44,10.17,124823,128572563.0,2.56,-2.37,-0.25,4.52,23373701104.739998
2019-08-14,10.54,10.38,10.68,10.32,160885,168470611.0,3.5,0.87,0.09,5.83,23578135808.280003
2019-08-15,10.0,10.27,10.34,9.93,111557,113442432.0,3.95,-1.06,-0.11,4.04,23328271170.62
2019-08-16,10.24,10.65,10.65,10.24,208046,219250082.0,3.99,3.7,0.38,7.54,24191439918.9
2019-08-19,10.68,10.93,11.05,10.54,294172,317729248.0,4.79,2.63,0.28,10.66,24827458996.579998
2019-08-20,10.82,10.71,10.93,10.62,205223,221243326.0,2.84,-2.01,-0.22,7.44,24327729721.260002
2019-08-21,10.67,11.14,11.19,10.66,309812,340598256.0,4.95,4.01,0.43,11.23,25304473304.84
2019-08-22,11.14,10.99,11.14,10.8,228188,249738918.0,3.05,-1.35,-0.15,8.27,24963748798.94
2019-08-23,10.91,10.8,10.95,10.7,167059,180606902.0,2.27,-1.73,-0.19,6.06,24532164424.800003
2019-08-26,10.52,10.58,10.7,10.45,105499,111754635.0,2.31,-2.04,-0.22,3.82,24032435149.48
2019-08-27,10.72,11.15,11.17,10.7,246326,270690112.0,4.44,5.39,0.57,8.93,25327188271.9
2019-08-28,11.05,11.35,11.69,10.88,445801,504131776.0,7.26,1.79,0.2,16.16,25781487613.1
2019-08-29,11.44,11.47,11.85,11.43,323564,375162640.0,3.7,1.06,0.12,11.73,26054067217.82
2019-08-30,11.81,11.19,11.85,11.05,250783,286899184.0,6.97,-2.44,-0.28,9.09,25418048140.14
2019-09-02,11.35,12.06,12.15,11.34,414027,491045216.0,7.24,7.77,0.87,15.01,27394250274.36
2019-09-03,12.0,12.56,12.78,11.95,405045,504840224.0,6.88,4.15,0.5,14.68,28529998627.36
2019-09-04,12.78,12.79,13.35,12.42,459046,590420944.0,7.4,1.83,0.23,16.64,29052442869.739998
2019-09-05,12.88,12.71,13.27,12.63,401427,517693424.0,5.0,-0.63,-0.08,14.55,28870723133.260002
2019-09-06,12.74,12.81,13.11,12.68,254659,327585616.0,3.38,0.79,0.1,9.23,29097872803.86
2019-09-09,13.0,13.88,13.93,12.88,431558,581655952.0,8.2,8.35,1.07,15.64,31528374279.280003
2019-09-10,13.69,14.08,14.35,13.5,396903,553616000.0,6.12,1.44,0.2,14.39,31982673620.48
2019-09-11,14.24,13.85,14.34,13.58,269519,373387200.0,5.4,-1.63,-0.23,9.77,31460229378.1
2019-09-12,13.8,13.69,13.85,13.2,355646,480024816.0,4.69,-1.16,-0.16,12.89,31096789905.14
2019-09-16,13.68,13.42,13.69,13.27,212642,286112512.0,3.07,-1.97,-0.27,7.71,30483485794.52
2019-09-17,13.45,13.13,13.56,12.95,224054,296730448.0,4.55,-2.16,-0.29,8.12,29824751749.780003
2019-09-18,13.19,12.89,13.28,12.79,187727,243716470.0,3.73,-1.83,-0.24,6.8,29279592540.34
2019-09-19,13.05,13.27,13.35,13.02,229408,302589424.0,2.56,2.95,0.38,8.31,30142761288.62
2019-09-20,13.38,13.09,13.57,13.07,213358,283244528.0,3.77,-1.36,-0.18,7.73,29733891881.54
2019-09-23,13.18,13.3,13.35,12.84,236962,310982464.0,3.9,1.6,0.21,8.59,30210906189.800003
2019-09-24,13.3,13.82,13.98,13.2,354164,481109984.0,5.86,3.91,0.52,12.84,31392084476.920002
2019-09-25,13.7,13.06,13.97,13.03,306062,411300688.0,6.8,-5.5,-0.76,11.09,29665746980.36
2019-09-26,12.95,11.78,13.1,11.75,363969,442801824.0,10.34,-9.8,-1.28,13.19,26758231196.68
2019-09-27,11.7,11.99,12.26,11.7,216656,261542146.0,4.75,1.78,0.21,7.85,27235245504.94
2019-09-30,12.28,12.38,12.55,12.05,187808,231727450.0,4.17,3.25,0.39,6.81,28121129220.280003
2019-10-08,12.56,12.72,12.95,12.17,223928,283930880.0,6.3,2.75,0.34,8.12,28893438100.32
2019-10-09,12.76,12.87,13.15,12.43,199417,256444984.0,5.66,1.18,0.15,7.23,29234162606.219997
2019-10-10,12.76,12.74,13.05,12.61,208449,266000450.0,3.42,-1.01,-0.13,7.56,28938868034.44
2019-10-11,12.69,12.35,12.83,12.21,212722,264021864.0,4.87,-3.06,-0.39,7.71,28052984319.1
2019-10-14,12.55,12.61,12.8,12.5,193501,244513924.0,2.43,2.11,0.26,7.01,28643573462.66
2019-10-15,12.66,12.7,12.81,12.52,169200,214905415.0,2.3,0.71,0.09,6.13,28848008166.199997
2019-10-16,12.78,12.17,12.78,12.16,198988,245916316.0,4.88,-4.17,-0.53,7.21,27644114912.02
2019-10-17,12.26,12.01,12.35,11.93,122317,148267636.0,3.45,-1.31,-0.16,4.43,27280675439.06
2019-10-18,12.1,11.76,12.15,11.74,104293,124301162.0,3.41,-2.08,-0.25,3.78,26712801262.56
2019-10-21,11.78,12.08,12.09,11.35,134017,156883477.0,6.29,2.72,0.32,4.86,27439680208.48
2019-10-22,11.98,12.12,12.12,11.88,106969,128494229.0,1.99,0.33,0.04,3.88,27530540076.719997
2019-10-23,12.13,11.89,12.17,11.89,88100,105706015.0,2.31,-1.9,-0.23,3.19,27008095834.34
2019-10-24,11.87,11.9,11.97,11.74,69185,82218317.0,1.93,0.08,0.01,2.51,27030810801.4
2019-10-25,11.91,12.19,12.24,11.78,132417,160376372.0,3.87,2.44,0.29,4.8,27689544846.14
2019-10-28,12.12,12.48,12.54,12.0,169416,209134511.0,4.43,2.38,0.29,6.14,28348278890.88
2019-10-29,12.49,12.87,13.15,12.31,265181,337214640.0,6.73,3.13,0.39,9.61,29234162606.219997
2019-10-30,12.82,12.46,12.85,12.39,182867,229903271.0,3.57,-3.19,-0.41,6.63,28302848956.760002
2019-10-31,12.59,12.45,12.84,12.44,123474,155749403.0,3.21,-0.08,-0.01,4.48,28280133989.699997
2019-11-01,12.3,12.59,12.64,12.19,102805,128410629.0,3.61,1.12,0.14,3.73,28598143528.54
2019-11-04,12.69,12.6,12.93,12.58,147665,188412749.0,2.78,0.08,0.01,5.35,28620858495.6
2019-11-05,12.6,12.7,12.86,12.54,136507,173702359.0,2.54,0.79,0.1,4.95,28848008166.199997
2019-11-06,12.83,12.71,12.97,12.6,131291,167493315.0,2.91,0.08,0.01,4.76,28870723133.260002
2019-11-07,12.65,12.48,12.68,12.44,112715,141267924.0,1.89,-1.81,-0.23,4.09,28348278890.88
2019-11-08,12.6,12.22,12.67,12.21,133762,165886337.0,3.69,-2.08,-0.26,4.85,27757689747.32
2019-11-11,12.13,11.68,12.13,11.6,152397,179471213.0,4.34,-4.42,-0.54,5.52,26531081526.079998
2019-11-12,11.72,11.46,11.75,11.32,101844,116890239.0,3.68,-1.88,-0.22,3.69,26031352250.760002
2019-11-13,11.5,11.48,11.58,11.33,63198,72184852.0,2.18,0.17,0.02,2.29,26076782184.88
2019-11-14,11.48,11.52,11.59,11.43,67116,77229841.0,1.39,0.35,0.04,2.43,26167642053.12
2019-11-15,11.52,11.54,11.74,11.36,108261,125631305.0,3.3,0.17,0.02,3.92,26213071987.239998
2019-11-18,11.6,11.65,11.7,11.46,61679,71440715.0,2.08,0.95,0.11,2.24,26462936624.9
2019-11-19,11.7,11.75,11.83,11.61,74157,87080006.0,1.89,0.86,0.1,2.69,26690086295.5
2019-11-20,11.8,11.29,11.8,11.29,112931,129691440.0,4.34,-3.91,-0.46,4.09,25645197810.739998
2019-11-21,11.26,11.38,11.46,11.22,63580,72095788.0,2.13,0.8,0.09,2.3,25849632514.280003
2019-11-22,11.43,11.38,11.65,11.31,75488,86578481.0,2.99,0.0,0.0,2.74,25849632514.280003
2019-11-25,11.39,11.06,11.45,10.87,85846,95122303.0,5.1,-2.81,-0.32,3.11,25122753568.36
2019-11-26,11.1,11.26,11.38,11.09,83657,94527737.0,2.62,1.81,0.2,3.03,25577052909.56
2019-11-27,11.25,11.27,11.35,11.2,45940,51831225.0,1.33,0.09,0.01,1.67,25599767876.62
2019-11-28,11.35,11.26,11.35,11.17,36872,41510952.0,1.6,-0.09,-0.01,1.34,25577052909.56
2019-11-29,11.45,11.37,11.45,11.2,43640,49438348.0,2.22,0.98,0.11,1.58,25826917547.219997
2019-12-02,11.33,11.25,11.44,11.17,50151,56714287.0,2.37,-1.06,-0.12,1.82,25554337942.5
2019-12-03,11.13,11.26,11.31,11.04,46325,51673458.0,2.4,0.09,0.01,1.68,25577052909.56
2019-12-04,11.16,11.14,11.26,11.1,39485,44095723.0,1.42,-1.07,-0.12,1.43,25304473304.84
2019-12-05,11.24,11.97,12.15,11.18,226119,266736272.0,8.71,7.45,0.83,8.2,27189815570.82
2019-12-06,11.94,12.26,12.34,11.86,170248,206488596.0,4.01,2.42,0.29,6.17,27848549615.56
2019-12-09,12.44,12.31,12.54,12.2,158355,195561329.0,2.77,0.41,0.05,5.74,27962124450.86
2019-12-10,12.43,12.39,12.45,12.25,88881,109922261.0,1.62,0.65,0.08,3.22,28143844187.34
2019-12-11,12.53,12.7,12.81,12.39,171429,216957342.0,3.39,2.5,0.31,6.21,28848008166.199997
2019-12-12,12.75,12.64,12.79,12.5,137339,174112981.0,2.28,-0.47,-0.06,4.98,28711718363.84
2019-12-13,12.82,12.85,12.88,12.63,147327,188293857.0,1.98,1.66,0.21,5.34,29188732672.1
2019-12-16,12.75,12.65,12.84,12.34,160705,202039649.0,3.89,-1.56,-0.2,5.82,28734433330.9
2019-12-17,12.65,12.58,12.69,12.43,144114,180778705.0,2.06,-0.55,-0.07,5.22,28575428561.48
2019-12-18,12.55,12.49,12.85,12.46,128771,162725015.0,3.1,-0.72,-0.09,4.67,28370993857.94
2019-12-19,12.53,12.68,12.68,12.29,135126,169187809.0,3.12,1.52,0.19,4.9,28802578232.079998
2019-12-20,12.72,13.06,13.46,12.71,310219,409721456.0,5.91,3.0,0.38,11.24,29665746980.36
2019-12-23,12.8,12.28,13.0,12.27,222546,279940864.0,5.59,-5.97,-0.78,8.07,27893979549.68
2019-12-24,12.13,12.36,12.49,12.13,110052,135761932.0,2.93,0.65,0.08,3.99,28075699286.16
2019-12-25,12.29,12.63,12.74,12.28,114359,143451015.0,3.72,2.18,0.27,4.14,28689003396.780003
2019-12-26,12.59,12.5,12.63,12.38,91694,114510617.0,1.98,-1.03,-0.13,3.32,28393708825.0
2019-12-27,12.55,12.24,12.63,12.22,114476,141857554.0,3.28,-2.08,-0.26,4.15,27803119681.44
2019-12-30,12.34,12.24,12.41,12.2,92846,114032033.0,1.72,0.0,0.0,3.37,27803119681.44
2019-12-31,12.25,12.3,12.4,12.22,83570,102844333.0,1.47,0.49,0.06,3.03,27939409483.800003
2020-01-02,12.38,12.57,12.62,12.29,198675,247369056.0,2.68,2.2,0.27,7.2,28552713594.420002
2020-01-03,12.6,12.32,12.61,12.27,173040,214398047.0,2.7,-1.99,-0.25,6.27,27984839417.920002
2020-01-06,12.5,12.98,12.98,12.42,386824,491015712.0,4.55,5.36,0.66,14.02,29484027243.88
2020-01-07,13.22,13.33,13.5,12.86,436793,579871824.0,4.93,2.7,0.35,15.83,30279051090.98
2020-01-08,13.05,13.42,13.67,13.02,297799,398152832.0,4.88,0.68,0.09,10.79,30483485794.52
2020-01-09,13.66,13.33,13.78,13.2,249857,336012992.0,4.32,-0.67,-0.09,9.06,30279051090.98
2020-01-10,13.3,13.17,13.4,13.06,152571,201124787.0,2.55,-1.2,-0.16,5.53,29915611618.02
2020-01-13,13.03,13.06,13.07,12.71,180470,232896518.0,2.73,-0.84,-0.11,6.54,29665746980.36
2020-01-14,13.11,12.73,13.11,12.7,215949,277204336.0,3.14,-2.53,-0.33,7.83,28916153067.38
2020-01-15,12.63,12.5,12.78,12.34,165392,206316753.0,3.46,-1.81,-0.23,5.99,28393708825.0
2020-01-16,12.5,12.55,12.69,12.34,130782,163915507.0,2.8,0.4,0.05,4.74,28507283660.300003
2020-01-17,12.6,12.4,12.63,12.38,94223,117238723.0,1.99,-1.2,-0.15,3.42,28166559154.4
2020-01-20,12.31,12.5,12.54,12.31,113449,141048894.0,1.85,0.81,0.1,4.11,28393708825.0
2020-01-21,12.47,12.31,12.62,12.28,137352,170834853.0,2.72,-1.52,-0.19,4.98,27962124450.86
2020-01-22,12.33,12.54,12.58,12.1,136461,169348412.0,3.9,1.87,0.23,4.95,28484568693.239998
2020-01-23,12.46,12.63,13.15,12.36,300259,383692192.0,6.3,0.72,0.09,3.25,28689003396.780003
2020-02-03,11.37,11.37,11.37,11.37,40873,46472601.0,0.0,-9.98,-1.26,0.44,25826917547.219997
2020-02-04,10.23,10.72,10.88,10.23,294443,311451040.0,5.72,-5.72,-0.65,3.18,24350444688.32
2020-02-05,10.65,10.78,11.03,10.56,177337,191351413.0,4.38,0.56,0.06,1.92,24486734490.68
2020-02-06,10.64,10.8,10.88,10.51,175247,187934402.0,3.43,0.19,0.02,1.9,24532164424.800003
2020-02-07,10.92,11.01,11.2,10.82,164758,181127704.0,3.52,1.94,0.21,1.78,25009178733.06
2020-02-10,11.02,11.27,11.28,10.89,137938,153714498.0,3.54,2.36,0.26,1.49,25599767876.62
2020-02-11,11.33,11.18,11.36,11.06,103617,115757934.0,2.66,-0.8,-0.09,1.12,25395333173.079998
2020-02-12,11.06,11.37,11.43,11.05,119740,135634558.0,3.4,1.7,0.19,1.29,25826917547.219997
2020-02-13,11.33,11.46,11.55,11.19,166312,189156229.0,3.17,0.79,0.09,1.8,26031352250.760002
2020-02-14,11.49,11.34,11.49,11.3,135645,154175761.0,1.66,-1.05,-0.12,1.47,25758772646.04
2020-02-17,11.45,11.62,11.68,11.36,163114,188079098.0,2.82,2.47,0.28,1.76,26394791723.719997
2020-02-18,11.55,11.72,11.73,11.38,211316,244655352.0,3.01,0.86,0.1,2.29,26621941394.32
2020-02-19,11.68,11.71,11.99,11.59,187957,221615738.0,3.41,-0.09,-0.01,2.03,26599226427.260002
2020-02-20,11.69,11.85,11.91,11.64,170169,200667115.0,2.31,1.2,0.14,1.84,26917235966.1
2020-02-21,11.75,11.92,12.06,11.7,196316,233584367.0,3.04,0.59,0.07,2.12,27076240735.52
2020-02-24,11.89,12.3,12.34,11.61,312409,372559376.0,6.12,3.19,0.38,3.38,27939409483.800003
2020-02-25,11.95,11.86,12.0,11.49,254923,301322752.0,4.15,-3.58,-0.44,2.76,26939950933.16
2020-02-26,11.68,11.6,11.87,11.53,162273,189430358.0,2.87,-2.19,-0.26,1.75,26349361789.6
2020-02-27,11.7,11.59,11.8,11.54,134398,156989489.0,2.24,-0.09,-0.01,1.45,26326646822.54
2020-02-28,11.23,10.77,11.5,10.7,185435,204961229.0,6.9,-7.08,-0.82,2.01,24464019523.62
2020-03-02,10.82,11.13,11.28,10.82,110702,122532590.0,4.27,3.34,0.36,1.2,25281758337.780003
2020-03-03,11.3,11.31,11.54,11.2,129662,147394635.0,3.05,1.62,0.18,1.4,25690627744.86
2020-03-04,11.23,11.34,11.38,11.14,82653,93160312.0,2.12,0.27,0.03,0.89,25758772646.04
2020-03-05,11.44,11.65,11.67,11.38,157265,181902509.0,2.56,2.73,0.31,1.7,26462936624.9
2020-03-06,11.62,11.62,11.75,11.43,125262,145459283.0,2.75,-0.26,-0.03,1.35,26394791723.719997
2020-03-09,11.45,11.2,11.59,11.15,130386,148108259.0,3.79,-3.61,-0.42,1.41,25440763107.199997
2020-03-10,10.82,11.43,11.52,10.82,146241,164562143.0,6.25,2.05,0.23,1.58,25963207349.579998
2020-03-11,11.5,11.72,11.88,11.4,299983,351499408.0,4.2,2.54,0.29,3.24,26621941394.32
2020-03-12,11.89,11.55,11.9,11.52,218429,255650591.0,3.24,-1.45,-0.17,2.36,26235786954.300003
2020-03-13,11.0,11.16,11.28,10.8,190461,210412160.0,4.16,-3.38,-0.39,2.06,25349903238.96
2020-03-16,11.3,10.65,11.33,10.4,169917,183966296.0,8.33,-4.57,-0.51,1.84,24191439918.9
2020-03-17,10.6,10.3,10.8,9.88,119220,123518756.0,8.64,-3.29,-0.35,1.29,23396416071.800003
2020-03-18,10.58,10.12,10.58,10.1,94071,97482248.0,4.66,-1.75,-0.18,1.02,22987546664.719997
2020-03-19,10.08,10.08,10.24,9.88,114546,115224195.0,3.56,-0.4,-0.04,1.24,22896686796.48
2020-03-20,10.2,10.2,10.2,10.03,75795,76689697.0,1.69,1.19,0.12,0.82,23169266401.199997
2020-03-23,10.0,9.71,10.0,9.68,78747,77671374.0,3.14,-4.8,-0.49,0.85,22056233015.260002
2020-03-24,9.88,9.88,9.94,9.65,70498,69303327.0,2.99,1.75,0.17,0.76,22442387455.280003
2020-03-25,10.2,10.18,10.24,9.96,94061,95086765.0,2.83,3.04,0.3,1.02,23123836467.079998
2020-03-26,10.06,10.07,10.25,10.02,55120,55753387.0,2.26,-1.08,-0.11,0.6,22873971829.420002
2020-03-27,10.18,10.23,10.38,10.1,81216,83212133.0,2.78,1.59,0.16,0.88,23237411302.38
2020-03-30,9.99,10.0,10.18,9.88,63145,62943671.0,2.93,-2.25,-0.23,0.68,22714967060.0
2020-03-31,10.04,10.04,10.18,9.98,51842,52227616.0,2.0,0.4,0.04,0.56,22805826928.239998
2020-04-01,10.08,10.14,10.26,10.02,59760,60677688.0,2.39,1.0,0.1,0.65,23032976598.84
2020-04-02,10.06,10.36,10.41,10.01,84830,87161783.0,3.94,2.17,0.22,0.92,23532705874.16
2020-04-03,10.33,10.15,10.34,10.1,58895,60124008.0,2.32,-2.03,-0.21,0.64,23055691565.9
2020-04-07,10.35,10.34,10.38,10.19,92263,94961099.0,1.87,1.87,0.19,1.0,23487275940.04
2020-04-08,10.28,10.25,10.39,10.23,75727,77980598.0,1.55,-0.87,-0.09,0.82,23282841236.5
2020-04-09,10.46,10.17,10.48,10.15,130754,133940608.0,3.22,-0.78,-0.08,1.41,23101121500.02
2020-04-10,10.14,9.88,10.16,9.85,106071,105819083.0,3.05,-2.85,-0.29,1.15,22442387455.280003
2020-04-13,9.8,10.0,10.1,9.66,81125,80322785.0,4.45,1.21,0.12,0.88,22714967060.0
2020-04-14,10.1,10.09,10.12,9.94,73045,73398994.0,1.8,0.9,0.09,0.79,22919401763.54
2020-04-15,10.11,10.08,10.18,10.01,61852,62483679.0,1.68,-0.1,-0.01,0.67,22896686796.48
2020-04-16,10.08,10.17,10.18,10.01,65754,66600685.0,1.69,0.89,0.09,0.71,23101121500.02
2020-04-17,10.26,10.16,10.34,10.15,87563,89762188.0,1.87,-0.1,-0.01,0.95,23078406532.96
2020-04-20,10.17,10.21,10.35,10.16,92030,94022085.0,1.87,0.49,0.05,1.0,23191981368.260002
2020-04-21,10.5,10.35,10.59,10.23,178377,185093428.0,3.53,1.37,0.14,1.93,23509990907.1
2020-04-22,10.36,10.88,11.08,10.34,284213,306883120.0,7.15,5.12,0.53,3.07,24713884161.280003
2020-04-23,10.85,11.04,11.39,10.81,323195,359205536.0,5.33,1.47,0.16,3.49,25077323634.239998
2020-04-24,11.08,11.08,11.26,10.92,150152,166403417.0,3.08,0.36,0.04,1.62,25168183502.48
2020-04-27,11.15,11.25,11.38,11.06,193505,217915894.0,2.89,1.53,0.17,2.09,25554337942.5
2020-04-28,11.16,11.29,11.47,10.8,240869,271059952.0,5.96,0.36,0.04,2.6,25645197810.739998
2020-04-29,11.4,11.42,11.48,11.2,180092,204675523.0,2.48,1.15,0.13,1.95,25940492382.52
2020-04-30,11.6,11.26,11.6,11.1,251305,285603920.0,4.38,-1.4,-0.16,2.72,25577052909.56
2020-05-06,11.33,11.5,11.55,11.21,302474,347400704.0,3.02,2.13,0.24,3.27,26122212119.0
2020-05-07,11.53,11.5,11.53,11.17,209710,239875864.0,3.13,0.0,0.0,2.27,26122212119.0
2020-05-08,11.5,11.6,11.7,11.46,218405,252753326.0,2.09,0.87,0.1,2.36,26349361789.6
2020-05-11,11.61,11.57,11.78,11.49,131758,152876806.0,2.5,-0.26,-0.03,1.42,26281216888.420002
2020-05-12,11.53,11.78,11.78,11.42,197745,230317499.0,3.11,1.82,0.21,2.14,26758231196.68
2020-05-13,11.76,11.74,11.82,11.66,103189,121395978.0,1.36,-0.34,-0.04,1.12,26667371328.44
2020-05-14,11.66,11.64,12.28,11.49,187926,220369946.0,6.73,-0.85,-0.1,2.03,26440221657.84
2020-05-15,11.52,11.26,11.63,11.26,173128,197524042.0,3.18,-3.26,-0.38,1.87,25577052909.56
2020-05-18,11.29,11.8,11.97,11.17,257004,300337008.0,7.1,4.8,0.54,2.78,26803661130.800003
2020-05-19,11.99,12.04,12.18,11.79,204524,245808030.0,3.31,2.03,0.24,2.21,27348820340.239998
2020-05-20,12.01,11.81,12.15,11.76,128584,153154745.0,3.24,-1.91,-0.23,1.39,26826376097.86
2020-05-21,11.94,11.82,12.0,11.63,110914,131031504.0,3.13,0.08,0.01,1.2,26849091064.920002
2020-05-22,11.88,11.93,12.1,11.74,148259,177399216.0,3.05,0.93,0.11,1.6,27098955702.579998
2020-05-25,11.89,12.05,12.09,11.68,144506,172557465.0,3.44,1.01,0.12,1.56,27371535307.300003
2020-05-26,12.01,12.04,12.06,11.79,127483,152497162.0,2.24,-0.08,-0.01,1.38,27348820340.239998
2020-05-27,11.98,12.05,12.26,11.83,132911,159688577.0,3.57,0.08,0.01,1.44,27371535307.300003
2020-05-28,12.04,12.17,12.26,11.94,160791,194779932.0,2.66,1.0,0.12,1.74,27644114912.02
2020-05-29,12.1,12.0,12.13,11.91,106396,128073524.0,1.81,-1.4,-0.17,1.15,27257960472.0
2020-06-01,12.05,12.04,12.09,11.92,188226,226250126.0,1.42,0.33,0.04,2.04,27348820340.239998
2020-06-02,12.06,11.9,12.08,11.86,132950,158671593.0,1.83,-1.16,-0.14,1.44,27030810801.4
2020-06-03,11.9,11.96,12.08,11.8,151608,181088799.0,2.35,0.5,0.06,1.64,27167100603.760002
2020-06-04,11.96,11.69,11.99,11.65,120903,142015761.0,2.84,-2.26,-0.27,1.31,26553796493.14
2020-06-05,11.79,11.81,11.89,11.66,118031,139260449.0,1.97,1.03,0.12,1.28,26826376097.86
2020-06-08,11.88,12.35,12.55,11.86,274279,336255360.0,5.84,4.57,0.54,2.97,28052984319.1
2020-06-09,12.3,12.22,12.46,12.12,129180,157985682.0,2.75,-1.05,-0.13,1.4,27757689747.32
2020-06-10,12.2,12.05,12.22,11.92,93791,112571195.0,2.45,-1.39,-0.17,1.01,27371535307.300003
2020-06-11,11.99,12.03,12.12,11.94,91978,110673671.0,1.49,-0.17,-0.02,0.99,27326105373.18
2020-06-12,11.8,12.01,12.15,11.77,110619,132772484.0,3.16,-0.17,-0.02,1.2,27280675439.06
2020-06-15,12.08,12.05,12.23,12.0,140091,169871148.0,1.92,0.33,0.04,1.51,27371535307.300003
2020-06-16,12.14,12.33,12.42,12.06,171995,211160459.0,2.99,2.32,0.28,1.86,28007554384.98
2020-06-17,12.4,12.27,12.4,12.16,88924,109036001.0,1.95,-0.49,-0.06,0.96,27871264582.62
2020-06-18,12.28,12.32,12.54,12.18,104341,128700887.0,2.93,0.41,0.05,1.13,27984839417.920002
2020-06-19,12.34,12.68,12.75,12.3,213513,268723504.0,3.65,2.92,0.36,2.31,28802578232.079998
2020-06-22,12.72,12.62,12.8,12.48,153792,193345597.0,2.52,-0.47,-0.06,1.66,28666288429.719997
2020-06-23,12.61,12.56,12.66,12.49,87962,110455490.0,1.35,-0.48,-0.06,0.95,28529998627.36
2020-06-24,12.53,12.45,12.61,12.25,113017,140436226.0,2.87,-0.88,-0.11,1.22,28280133989.699997
2020-06-29,12.39,12.55,12.72,12.37,116180,146091893.0,2.81,0.8,0.1,1.26,28507283660.300003
2020-06-30,12.52,12.45,12.69,12.39,120970,151306629.0,2.39,-0.8,-0.1,1.31,28280133989.699997
2020-07-01,12.46,12.51,12.64,12.35,133380,166780314.0,2.33,0.48,0.06,1.44,28416423792.06
2020-07-02,12.55,12.59,12.63,12.48,151300,189886453.0,1.2,0.64,0.08,1.64,28598143528.54
2020-07-03,12.75,12.49,12.8,12.39,187166,234361961.0,3.26,-0.79,-0.1,2.02,28370993857.94
2020-07-06,12.51,13.04,13.06,12.46,314410,403467584.0,4.8,4.4,0.55,3.4,29620317046.239998
2020-07-07,13.16,13.29,13.53,12.89,264760,350484976.0,4.91,1.92,0.25,2.86,30188191222.739998
2020-07-08,13.57,13.6,13.68,13.23,265489,358421440.0,3.39,2.33,0.31,2.87,30892355201.6
2020-07-09,13.81,14.79,14.96,13.7,466557,682543872.0,9.26,8.75,1.19,5.05,33595436281.739998
2020-07-10,14.65,14.25,14.65,14.19,348666,502669152.0,3.11,-3.65,-0.54,3.77,32368828060.5
2020-07-13,14.44,14.58,14.88,14.33,293003,427130400.0,3.86,2.32,0.33,3.17,33118421973.48
2020-07-14,14.72,14.74,14.95,14.32,277594,406653584.0,4.32,1.1,0.16,3.0,33481861446.44
2020-07-15,14.93,14.14,15.1,13.98,244514,354909952.0,7.6,-4.07,-0.6,2.64,32118963422.84
2020-07-16,14.15,13.46,14.58,13.46,236638,333648096.0,7.92,-4.81,-0.68,2.56,30574345662.760002
2020-07-17,13.62,13.65,13.93,13.36,156614,213899482.0,4.23,1.41,0.19,1.69,31005930036.9
2020-07-20,13.67,14.59,14.64,13.66,227708,324947392.0,7.18,6.89,0.94,2.46,33141136940.54
2020-07-21,14.7,14.49,14.72,14.39,146477,212317743.0,2.26,-0.69,-0.1,1.58,32913987269.94
2020-07-22,14.4,14.37,14.56,14.23,171711,247208281.0,2.28,-0.83,-0.12,1.86,32641407665.219997
2020-07-23,14.28,15.05,15.22,14.22,426401,632650320.0,6.96,4.73,0.68,4.61,34186025425.300003
2020-07-24,14.9,13.88,14.93,13.71,303221,433108240.0,8.11,-7.77,-1.17,3.28,31528374279.280003
2020-07-27,13.88,14.45,14.68,13.42,252866,359939472.0,9.08,4.11,0.57,2.73,32823127401.699997
2020-07-28,14.59,14.94,15.12,14.34,306276,454962624.0,5.4,3.39,0.49,3.31,33936160787.64
2020-07-29,14.95,15.52,15.79,14.62,322717,495140640.0,7.83,3.88,0.58,3.49,35253628877.12
2020-07-30,15.47,15.94,16.2,15.23,374800,586594640.0,6.25,2.71,0.42,4.05,36207657493.64
2020-07-31,15.73,15.98,16.37,15.6,348059,557438416.0,4.83,0.25,0.04,3.76,36298517361.88
2020-08-03,16.12,15.96,16.35,15.8,267628,427733712.0,3.44,-0.13,-0.02,2.89,36253087427.76
2020-08-04,15.96,15.52,15.98,15.36,258042,400757248.0,3.88,-2.76,-0.44,2.79,35253628877.12
2020-08-05,15.5,16.71,16.95,15.44,367673,601863904.0,9.73,7.67,1.19,3.98,37956709957.26
2020-08-06,16.88,16.7,17.14,16.38,285228,478274192.0,4.55,-0.06,-0.01,3.08,37933994990.2
2020-08-07,16.7,16.46,16.99,16.0,217334,357973760.0,5.93,-1.44,-0.24,2.35,37388835780.76
2020-08-10,16.29,16.05,16.65,15.85,213002,343733168.0,4.86,-2.49,-0.41,2.3,36457522131.3
2020-08-11,16.14,15.52,16.56,15.51,247117,397394416.0,6.54,-3.3,-0.53,2.67,35253628877.12
2020-08-12,15.4,15.19,15.72,14.84,196939,299127408.0,5.67,-2.13,-0.33,2.13,34504034964.14
2020-08-13,15.31,14.88,15.38,14.8,146493,219936944.0,3.82,-2.04,-0.31,1.58,33799870985.280003
2020-08-14,14.8,15.18,15.23,14.63,149963,224085149.0,4.03,2.02,0.3,1.62,34481319997.08
2020-08-17,15.08,15.57,15.58,14.9,169193,259090736.0,4.48,2.57,0.39,1.83,35367203712.42
2020-08-18,15.68,15.74,15.75,15.4,165705,258229835.0,2.25,1.09,0.17,1.79,35753358152.44
2020-08-19,15.62,15.22,15.68,15.13,155670,240309686.0,3.49,-3.3,-0.52,1.68,34572179865.32
2020-08-20,15.43,15.38,15.69,15.27,258366,399873824.0,2.76,1.05,0.16,2.79,34935619338.28
2020-08-21,15.7,15.47,15.93,15.3,232447,363709664.0,4.1,0.59,0.09,2.51,35140054041.82
2020-08-24,15.53,15.73,15.96,15.51,174441,274577648.0,2.91,1.68,0.26,1.89,35730643185.38
2020-08-25,15.73,15.38,15.85,15.3,152940,236856309.0,3.5,-2.23,-0.35,1.65,34935619338.28
2020-08-26,15.31,14.64,15.51,14.64,182976,274507584.0,5.66,-4.81,-0.74,1.98,33254711775.84
2020-08-27,14.78,15.07,15.26,14.61,131050,195844632.0,4.44,2.94,0.43,1.42,34231455359.420002
2020-08-28,15.0,15.68,15.69,14.92,173887,268904752.0,5.11,4.05,0.61,1.88,35617068350.08
2020-08-31,15.68,15.8,16.11,15.6,168583,268138789.0,3.25,0.77,0.12,1.82,35889647954.8
2020-09-01,15.78,16.13,16.25,15.65,182245,291898928.0,3.8,2.09,0.33,1.97,36639241867.78
2020-09-02,16.13,15.95,16.25,15.72,142532,226812323.0,3.29,-1.12,-0.18,1.54,36230372460.7
2020-09-03,16.1,15.98,16.14,15.75,127465,202976884.0,2.45,0.19,0.03,1.38,36298517361.88
2020-09-04,15.58,15.75,15.8,15.28,150894,234976275.0,3.25,-1.44,-0.23,1.63,35776073119.5
2020-09-07,15.05,14.18,15.08,14.18,322423,470006176.0,5.71,-9.97,-1.57,3.49,32209823291.079998
2020-09-08,14.18,13.9,14.23,13.74,181386,252860523.0,3.46,-1.97,-0.28,1.96,31573804213.4
2020-09-09,13.65,13.28,13.83,13.26,149178,201167600.0,4.1,-4.46,-0.62,1.61,30165476255.68
2020-09-10,13.45,13.31,13.75,13.17,118470,158669672.0,4.37,0.23,0.03,1.28,30233621156.86
2020-09-11,13.29,14.13,14.16,13.18,165207,227309524.0,7.36,6.16,0.82,1.79,32096248455.780003
2020-09-14,14.38,14.84,15.04,14.2,267598,394157296.0,5.94,5.02,0.71,2.89,33709011117.04
2020-09-15,14.8,14.8,14.93,14.47,147678,217123768.0,3.1,-0.27,-0.04,1.6,33618151248.800003
2020-09-16,14.73,14.97,15.3,14.68,158178,236973363.0,4.19,1.15,0.17,1.71,34004305688.82
2020-09-17,15.28,15.51,15.68,15.08,243768,376091920.0,4.01,3.61,0.54,2.64,35230913910.06
2020-09-18,15.39,16.09,16.16,15.39,269940,429499360.0,4.96,3.74,0.58,2.92,36548381999.54
2020-09-21,15.9,15.86,16.13,15.76,158460,251862467.0,2.3,-1.43,-0.23,1.71,36025937757.159996
2020-09-22,16.0,15.6,16.08,15.58,165389,261418327.0,3.15,-1.64,-0.26,1.79,35435348613.6
2020-09-23,15.83,15.63,15.88,15.43,155896,243402596.0,2.88,0.19,0.03,1.69,35503493514.78
2020-09-24,15.57,15.22,15.76,15.15,157887,241953549.0,3.9,-2.62,-0.41,1.71,34572179865.32
2020-09-25,15.45,15.42,15.68,15.11,123915,190998413.0,3.75,1.31,0.2,1.34,35026479206.52
2020-09-28,15.52,15.26,15.78,15.21,136682,211249722.0,3.7,-1.04,-0.16,1.48,34663039733.56
2020-09-29,15.45,15.38,15.57,15.0,136924,210880009.0,3.74,0.79,0.12,1.48,34935619338.28
2020-09-30,15.62,16.92,16.92,15.38,457020,751451184.0,10.01,10.01,1.54,4.94,38433724265.520004
2020-10-09,18.01,18.25,18.57,17.81,616213,1122062112.0,4.49,7.86,1.33,6.66,41454814884.5
2020-10-12,18.11,18.24,18.47,17.78,538002,975364176.0,3.78,-0.05,-0.01,5.81,41432099917.439995
2020-10-13,18.18,18.83,19.18,18.02,499244,938934080.0,6.36,3.23,0.59,5.39,42772282973.979996
2020-10-14,18.84,19.8,20.6,18.8,833795,1645637616.0,9.56,5.15,0.97,9.0,44975634778.8
2020-10-15,20.35,19.5,21.17,19.45,1007719,2050808496.0,8.69,-1.52,-0.3,10.88,44294185767.0
2020-10-16,19.87,19.39,20.48,19.06,531430,1042355904.0,7.28,-0.56,-0.11,5.74,44044321129.340004
2020-10-19,19.75,18.71,19.9,18.59,482091,922937824.0,6.76,-3.51,-0.68,5.21,42499703369.26
2020-10-20,19.07,18.79,19.18,18.44,375756,702586624.0,3.96,0.43,0.08,4.06,42681423105.74
2020-10-21,18.8,17.47,18.96,17.25,584624,1044057488.0,9.1,-7.03,-1.32,6.31,39683047453.82
2020-10-22,17.47,17.02,17.48,16.96,409480,701720528.0,2.98,-2.58,-0.45,4.42,38660873936.12
2020-10-23,17.05,17.02,17.31,16.96,334121,571884896.0,2.06,0.0,0.0,3.61,38660873936.12
2020-10-26,16.75,17.11,17.35,16.32,286169,484139616.0,6.05,0.53,0.09,3.09,38865308639.659996
2020-10-27,16.9,16.5,16.99,16.11,430149,708254096.0,5.14,-3.57,-0.61,4.65,37479695649.0
2020-10-28,16.54,16.43,16.68,16.0,339435,552190096.0,4.12,-0.42,-0.07,3.67,37320690879.58
2020-10-29,15.6,16.07,16.3,15.16,552644,877496800.0,6.94,-2.19,-0.36,5.97,36502952065.42
2020-10-30,16.66,16.19,16.9,16.09,527185,866592944.0,5.04,0.75,0.12,5.69,36775531670.14
2020-11-02,16.35,16.66,16.99,16.35,529094,881616480.0,3.95,2.9,0.47,5.71,37843135121.96
2020-11-03,16.66,16.57,16.83,16.36,357870,592864240.0,2.82,-0.54,-0.09,3.86,37638700418.42
2020-11-04,16.59,16.12,17.07,15.88,494163,811128000.0,7.18,-2.72,-0.45,5.34,36616526900.72
2020-11-05,16.3,17.09,17.3,16.23,554336,936290672.0,6.64,6.02,0.97,5.99,38819878705.54
2020-11-06,17.12,16.87,17.23,16.52,380198,639056256.0,4.15,-1.29,-0.22,4.11,38320149430.22
2020-11-09,17.0,17.02,17.29,16.7,426437,725813216.0,3.5,0.89,0.15,4.34,38660873936.12
2020-11-10,17.0,16.71,17.0,16.2,380442,628598784.0,4.7,-1.82,-0.31,3.87,37956709957.26
2020-11-11,16.65,16.0,16.74,15.88,344540,560047632.0,5.15,-4.25,-0.71,3.51,36343947296.0
2020-11-12,16.19,15.81,16.5,15.7,283732,454019760.0,5.0,-1.19,-0.19,2.89,35912362921.86
2020-11-13,15.85,15.79,15.93,15.55,207356,325875136.0,2.4,-0.13,-0.02,2.11,35866932987.74
2020-11-16,15.85,15.96,16.06,15.48,235757,373248512.0,3.67,1.08,0.17,2.4,36253087427.76
2020-11-17,16.1,15.64,16.12,15.43,213211,333419248.0,4.32,-2.01,-0.32,2.17,35526208481.840004
2020-11-18,15.53,15.46,15.72,15.27,262405,406224192.0,2.88,-1.15,-0.18,2.67,35117339074.76
2020-11-19,15.48,15.58,15.63,15.26,232497,359966624.0,2.39,0.78,0.12,2.37,35389918679.48
2020-11-20,15.95,16.94,17.14,15.92,814518,1354170272.0,7.83,8.73,1.36,8.29,38479154199.64
2020-11-23,16.76,16.85,17.07,16.62,545712,919191184.0,2.66,-0.53,-0.09,5.55,38274719496.100006
2020-11-24,16.93,17.62,17.68,16.8,509253,885320784.0,5.22,4.57,0.77,5.18,40023771959.72
2020-11-25,17.64,17.47,18.12,17.46,445709,790522656.0,3.75,-0.85,-0.15,4.54,39683047453.82
2020-11-26,17.6,17.45,17.78,17.16,315266,550118400.0,3.55,-0.11,-0.02,3.21,39637617519.7
2020-11-27,17.44,17.09,17.44,17.0,342689,588059744.0,2.52,-2.06,-0.36,3.49,38819878705.54
2020-11-30,17.2,17.05,17.43,16.75,311441,532609504.0,3.98,-0.23,-0.04,3.17,38729018837.3
2020-12-01,17.1,17.86,18.01,16.91,449004,792512240.0,6.45,4.75,0.81,4.57,40568931169.159996
2020-12-02,17.7,17.34,17.83,17.24,350402,612066368.0,3.3,-2.91,-0.52,3.57,39387752882.04
2020-12-03,17.4,17.09,17.44,16.8,241936,411961040.0,3.69,-1.44,-0.25,2.46,38819878705.54
2020-12-04,17.07,17.11,17.25,16.95,173017,295564000.0,1.76,0.12,0.02,1.76,38865308639.659996
2020-12-07,17.01,17.35,17.58,16.83,299633,518228192.0,4.38,1.4,0.24,3.05,39410467849.100006
2020-12-08,17.34,17.21,17.5,17.15,203599,352433696.0,2.02,-0.81,-0.14,2.07,39092458310.26
2020-12-09,17.3,16.8,17.49,16.71,284816,488547456.0,4.53,-2.38,-0.41,2.9,38161144660.8
2020-12-10,16.83,17.68,17.89,16.01,640407,1102678896.0,11.19,5.24,0.88,6.52,40160061762.08
2020-12-11,17.72,17.09,17.98,16.66,455024,783937952.0,7.47,-3.34,-0.59,4.63,38819878705.54
2020-12-14,17.3,17.99,18.03,17.01,701060,1238637152.0,5.97,5.27,0.9,7.14,40864225740.939995
2020-12-15,17.99,18.49,18.67,17.58,578026,1042159408.0,6.06,2.78,0.5,5.88,41999974093.939995
2020-12-16,18.5,18.34,18.88,18.2,505165,938084736.0,3.68,-0.81,-0.15,5.14,41659249588.04
2020-12-17,18.18,18.37,18.66,17.71,385044,700139024.0,5.18,0.16,0.03,3.92,41727394489.22
2020-12-18,18.48,18.87,18.87,18.35,423860,790946160.0,2.83,2.72,0.5,4.31,42863142842.22
2020-12-21,19.05,18.95,19.44,18.63,497442,943240272.0,4.29,0.42,0.08,5.06,43044862578.7
2020-12-22,18.75,18.3,19.14,18.21,417603,780916880.0,4.91,-3.43,-0.65,4.25,41568389719.8
2020-12-23,18.71,19.39,19.88,18.71,674216,1300291856.0,6.39,5.96,1.09,6.86,44044321129.340004
2020-12-24,19.48,20.22,20.6,19.01,548935,1088205376.0,8.2,4.28,0.83,5.59,45929663395.32
2020-12-25,20.01,20.57,20.83,19.72,458961,936114464.0,5.49,1.73,0.35,4.67,46724687242.42
2020-12-28,20.59,20.54,21.03,19.91,398173,812173776.0,5.44,-0.15,-0.03,4.05,46656542341.24
2020-12-29,20.08,18.49,20.28,18.49,701976,1333391424.0,8.71,-9.98,-2.05,7.14,41999974093.939995
2020-12-30,18.41,18.92,19.4,18.31,465257,880112560.0,5.9,2.33,0.43,4.73,42976717677.520004
2020-12-31,19.15,18.98,19.6,18.69,394512,754381728.0,4.81,0.32,0.06,4.01,43113007479.88
2021-01-04,19.16,20.0,20.24,19.0,528467,1046206992.0,6.53,5.37,1.02,5.38,45429934120.0
2021-01-05,19.95,19.74,19.99,19.24,457938,899959408.0,3.75,-1.3,-0.26,4.66,44839344976.439995
2021-01-06,19.68,19.39,19.78,18.6,450837,862953408.0,5.98,-1.77,-0.35,4.59,44044321129.340004
2021-01-07,19.39,19.53,20.12,18.97,706330,1375710272.0,5.93,0.72,0.14,7.18,44362330668.18
2021-01-08,19.8,18.35,19.98,18.05,738895,1381417520.0,9.88,-6.04,-1.18,7.52,41681964555.100006
2021-01-11,18.65,17.97,18.65,17.5,507741,909931888.0,6.27,-2.07,-0.38,5.16,40818795806.82
2021-01-12,18.0,18.57,18.75,18.0,382201,705641728.0,4.17,3.34,0.6,3.89,42181693830.42
2021-01-13,18.7,19.01,19.42,18.55,447134,851519264.0,4.68,2.37,0.44,4.55,43181152381.060005
2021-01-14,19.09,18.23,19.35,18.2,346935,643650224.0,6.05,-4.1,-0.78,3.53,41409384950.38
2021-01-15,18.26,18.82,18.85,18.0,295810,545396192.0,4.66,3.24,0.59,3.01,42749568006.92
2021-01-18,18.51,20.16,20.46,18.41,627006,1237197920.0,10.89,7.12,1.34,6.38,45793373592.96
2021-01-19,20.07,19.25,20.3,19.05,603584,1178001968.0,6.2,-4.51,-0.91,6.14,43726311590.5
2021-01-20,19.06,19.63,20.0,18.84,478156,936544352.0,6.03,1.97,0.38,4.86,44589480338.78
2021-01-21,19.63,21.59,21.59,19.6,579637,1212446976.0,10.14,9.98,1.96,5.9,49041613882.54
2021-01-22,22.18,22.39,22.8,21.7,842648,1876123968.0,5.09,3.71,0.8,8.57,50858811247.340004
2021-01-25,23.22,22.89,24.16,22.5,941205,2197673888.0,7.41,2.23,0.5,9.57,51994559600.340004
2021-01-26,23.06,23.07,23.77,22.48,678990,1575004672.0,5.64,0.79,0.18,6.91,52403429007.42
2021-01-27,23.2,23.68,24.13,22.71,657772,1539919840.0,6.16,2.64,0.61,6.69,53789041998.08
2021-01-28,22.39,21.31,22.6,21.31,823291,1797099168.0,5.45,-10.01,-2.37,8.37,48405594804.86
2021-01-29,21.3,20.2,21.5,19.51,722323,1477496576.0,9.34,-5.21,-1.11,7.35,45884233461.2
2021-02-01,20.25,20.5,21.14,20.16,572726,1179725264.0,4.85,1.49,0.3,5.83,46565682473.0
2021-02-02,21.01,21.38,21.42,20.51,457642,964841168.0,4.44,4.29,0.88,4.65,48564599574.28
2021-02-03,21.51,20.93,21.88,20.93,421991,900816176.0,4.44,-2.1,-0.45,4.29,47542426056.58
2021-02-04,21.06,21.12,21.55,20.53,391532,826057376.0,4.87,0.91,0.19,3.98,47974010430.72
2021-02-05,21.27,19.53,21.35,19.51,583180,1177595152.0,8.71,-7.53,-1.59,5.93,44362330668.18
2021-02-08,19.74,20.3,20.59,19.61,341049,687260944.0,5.02,3.94,0.77,3.47,46111383131.8
2021-02-09,20.4,21.15,21.39,20.37,395779,835121952.0,5.02,4.19,0.85,4.03,48042155331.899994
2021-02-10,21.15,21.2,21.48,20.56,390989,825010288.0,4.35,0.24,0.05,3.98,48155730167.2
2021-02-18,22.02,22.01,22.56,21.61,550691,1213527328.0,4.48,3.82,0.81,5.6,49995642499.060005
2021-02-19,21.89,23.24,23.25,21.67,528985,1189882816.0,7.18,5.59,1.23,5.27,52789583447.439995
2021-02-22,23.55,22.65,23.87,22.34,521063,1198092000.0,6.58,-2.54,-0.59,5.19,51449400390.899994
2021-02-23,22.92,23.07,23.36,21.85,421950,955666720.0,6.67,1.85,0.42,4.21,52403429007.42
2021-02-24,22.72,22.11,22.85,21.67,365717,811532896.0,5.11,-4.16,-0.96,3.65,50222792169.659996
2021-02-25,22.2,21.01,22.2,21.0,316352,674996320.0,5.43,-4.98,-1.1,3.15,47724145793.060005
2021-02-26,20.31,20.51,20.95,20.15,242062,498476592.0,3.81,-2.38,-0.5,2.41,46588397440.060005
2021-03-01,20.02,20.71,20.82,19.96,291368,595290576.0,4.19,0.98,0.2,2.9,47042696781.26
2021-03-02,21.03,21.31,21.4,20.57,320048,673598976.0,4.01,2.9,0.6,3.18,48405594804.86
2021-03-03,21.0,21.12,21.15,20.58,208161,435946016.0,2.67,-0.89,-0.19,2.07,47974010430.72
2021-03-04,20.93,20.4,21.2,20.14,264041,539993504.0,5.02,-3.41,-0.72,2.62,46338532802.399994
2021-03-05,19.79,19.07,19.81,18.62,388264,747605952.0,5.83,-6.52,-1.33,3.86,43317442183.42
2021-03-08,19.11,17.27,19.16,17.22,560288,1018409568.0,10.17,-9.44,-1.8,5.45,39228748112.62
2021-03-09,17.28,16.68,17.41,16.11,377986,638101664.0,7.53,-3.42,-0.59,3.67,37888565056.08
2021-03-10,17.07,17.02,17.3,16.86,262392,448674288.0,2.64,2.04,0.34,2.55,38660873936.12
2021-03-11,17.25,17.71,17.73,17.2,247889,434230656.0,3.11,4.05,0.69,2.41,40228206663.26
2021-03-12,17.98,18.19,18.3,17.61,261898,470343904.0,3.9,2.71,0.48,2.55,41318525082.14
2021-03-15,17.85,17.7,17.9,17.25,217026,381984272.0,3.57,-2.69,-0.49,2.11,40205491696.2
2021-03-16,17.62,17.32,17.96,17.18,194382,340042368.0,4.41,-2.15,-0.38,1.89,39342322947.92
2021-03-17,17.32,17.59,17.67,16.98,177472,309836944.0,3.98,1.56,0.27,1.72,39955627058.54
2021-03-18,17.8,18.25,18.25,17.44,261767,466942160.0,4.6,3.75,0.66,2.47,41454814884.5
2021-03-19,17.86,18.49,18.95,17.8,351143,650032800.0,6.3,1.32,0.24,3.32,41999974093.939995
2021-03-22,18.8,18.9,19.2,18.67,256101,484914512.0,2.87,2.22,0.41,2.42,42931287743.399994
2021-03-23,19.04,18.93,19.13,18.63,201304,380087728.0,2.65,0.16,0.03,1.9,42999432644.58
2021-03-24,18.77,18.22,19.0,18.09,212416,390831456.0,4.81,-3.75,-0.71,2.01,41386669983.32
2021-03-25,18.0,18.0,18.3,17.6,138413,249161118.0,3.84,-1.21,-0.22,1.31,40886940708.0
2021-03-26,18.29,18.98,19.6,18.21,393403,749755424.0,7.72,5.44,0.98,3.72,43113007479.88
2021-03-29,18.89,18.55,19.2,18.46,259022,485401136.0,3.9,-2.27,-0.43,2.45,42136263896.3
2021-03-30,17.8,17.78,18.02,17.13,400004,704578256.0,4.8,-4.15,-0.77,3.78,40387211432.68
2021-03-31,17.88,17.45,17.95,17.18,193686,338275936.0,4.33,-1.86,-0.33,1.83,39637617519.7
2021-04-01,17.51,17.41,17.62,17.24,142783,248320227.0,2.18,-0.23,-0.04,1.35,39546757651.46
2021-04-02,17.39,17.01,17.39,16.75,245906,419749280.0,3.68,-2.3,-0.4,2.32,38638158969.060005
2021-04-06,17.22,17.56,17.67,17.19,199131,348537488.0,2.82,3.23,0.55,1.88,39887482157.36
2021-04-07,17.68,17.37,17.78,17.26,184345,321516496.0,2.96,-1.08,-0.19,1.74,39455897783.22
2021-04-08,17.56,17.2,17.72,17.11,202739,351064096.0,3.51,-0.98,-0.17,1.91,39069743343.2
2021-04-09,17.2,16.9,17.21,16.59,243923,411919920.0,3.6,-1.74,-0.3,2.3,38388294331.399994
2021-04-12,16.89,16.79,17.0,16.64,167106,280638464.0,2.13,-0.65,-0.11,1.58,38138429693.74
2021-04-13,16.74,16.52,16.85,16.45,132755,220306133.0,2.38,-1.61,-0.27,1.25,37525125583.12
2021-04-14,16.5,16.88,17.05,16.46,148256,249553816.0,3.57,2.18,0.36,1.4,38342864397.28
2021-04-15,16.62,16.45,16.64,16.24,195743,320769536.0,2.37,-2.55,-0.43,1.85,37366120813.7
2021-04-16,16.43,16.78,16.82,16.4,148007,245909649.0,2.55,2.01,0.33,1.4,38115714726.68
2021-04-19,16.82,17.13,17.23,16.74,175364,299503200.0,2.92,2.09,0.35,1.66,38910738573.78
2021-04-20,17.09,16.97,17.35,16.95,162156,277754912.0,2.34,-0.93,-0.16,1.53,38547299100.82
2021-04-21,16.95,16.72,17.02,16.57,150562,252170428.0,2.65,-1.47,-0.25,1.42,37979424924.32
2021-04-22,16.7,16.67,16.86,16.56,119481,199750102.0,1.79,-0.3,-0.05,1.13,37865850089.020004
2021-04-23,16.68,16.86,16.96,16.53,157405,263887387.0,2.58,1.14,0.19,1.49,38297434463.159996
2021-04-26,16.87,16.59,17.15,16.55,186035,313829488.0,3.56,-1.6,-0.27,1.76,37684130352.54
2021-04-27,16.6,16.73,16.8,16.27,164231,271881152.0,3.19,0.84,0.14,1.55,38002139891.38
2021-04-28,16.91,17.73,17.9,16.85,377661,659873008.0,6.28,5.98,1.0,3.57,40273636597.38
2021-04-29,17.87,17.6,17.95,17.44,173238,304595072.0,2.88,-0.73,-0.13,1.64,39978342025.600006
2021-04-30,17.1,17.74,17.88,16.9,241612,426286336.0,5.57,0.8,0.14,2.28,40296351564.439995
2021-05-06,17.79,16.9,18.24,16.7,307241,529403552.0,8.68,-4.74,-0.84,2.9,38388294331.399994
2021-05-07,16.91,17.12,17.2,16.51,217481,365800544.0,4.08,1.3,0.22,2.05,38888023606.72
2021-05-10,16.8,15.69,16.94,15.63,346949,556617072.0,7.65,-8.35,-1.43,3.28,35639783317.14
2021-05-11,15.49,15.58,15.65,14.93,208347,319005376.0,4.59,-0.7,-0.11,1.97,35389918679.48
2021-05-12,15.33,15.32,15.48,15.18,147604,225588033.0,1.93,-1.67,-0.26,1.39,34799329535.92
2021-05-13,15.33,15.31,15.78,15.27,173196,268645296.0,3.33,-0.07,-0.01,1.64,34776614568.86
2021-05-14,15.37,15.39,15.52,15.05,190997,291615296.0,3.07,0.52,0.08,1.8,34958334305.340004
2021-05-17,15.6,16.73,16.9,15.56,447752,735266960.0,8.71,8.71,1.34,4.23,38002139891.38
2021-05-18,15.72,15.39,16.18,15.12,798602,1240714480.0,6.34,-8.01,-1.34,5.42,34958334305.340004
2021-05-19,15.22,15.33,15.48,15.02,243123,371247824.0,2.99,-0.39,-0.06,1.65,34822044502.98
2021-05-20,15.5,15.43,15.78,15.34,322434,499057600.0,2.87,0.65,0.1,2.19,35049194173.58
2021-05-21,15.72,15.24,15.79,15.12,330222,506821920.0,4.34,-1.23,-0.19,2.24,34617609799.44
2021-05-24,15.25,14.96,15.29,14.8,281604,420932992.0,3.22,-1.84,-0.28,1.91,33981590721.760002
2021-05-25,14.94,15.1,15.24,14.64,340248,508894944.0,4.01,0.94,0.14,2.31,34299600260.6
2021-05-26,14.96,14.88,15.13,14.74,266716,398508784.0,2.58,-1.46,-0.22,1.81,33799870985.280003
2021-05-27,14.86,15.4,15.4,14.84,403516,615572000.0,3.76,3.49,0.52,2.74,34981049272.4
2021-05-28,15.44,15.2,15.44,15.12,260218,396347296.0,2.08,-1.3,-0.2,1.77,34526749931.2
2021-05-31,15.4,15.68,15.75,15.22,361012,559945088.0,3.49,3.16,0.48,2.45,35617068350.08
2021-06-01,15.53,15.48,15.65,15.26,253231,390376560.0,2.49,-1.28,-0.2,1.72,35162769008.88
2021-06-02,15.45,14.87,15.46,14.78,326878,492621104.0,4.39,-3.94,-0.61,2.22,33777156018.219997
2021-06-03,14.87,14.83,15.09,14.61,221831,328932288.0,3.23,-0.27,-0.04,1.51,33686296149.98
2021-06-04,14.75,14.76,14.94,14.65,159966,236414316.0,1.96,-0.47,-0.07,1.09,33527291380.56
2021-06-07,14.85,14.23,14.87,14.05,368929,530391872.0,5.56,-3.59,-0.53,2.51,32323398126.38
2021-06-08,14.25,14.07,14.41,13.95,277312,391767456.0,3.23,-1.12,-0.16,1.88,31959958653.420002
2021-06-09,14.08,14.46,14.68,14.07,287426,414839856.0,4.34,2.77,0.39,1.95,32845842368.760002
2021-06-10,14.57,15.23,15.47,14.49,553331,838723856.0,6.78,5.33,0.77,3.76,34594894832.38
2021-06-11,15.42,15.22,15.43,15.1,282194,431057792.0,2.17,-0.07,-0.01,1.92,34572179865.32
2021-06-15,15.56,15.31,15.94,15.25,321510,499538112.0,4.53,0.59,0.09,2.18,34776614568.86
2021-06-16,15.19,15.36,15.74,15.13,306721,474437232.0,3.98,0.33,0.05,2.08,34890189404.159996
2021-06-17,15.36,15.63,15.72,15.3,243870,379981872.0,2.73,1.76,0.27,1.66,35503493514.78
2021-06-18,15.68,15.64,15.68,15.3,237915,368702656.0,2.43,0.06,0.01,1.62,35526208481.840004
2021-06-21,15.61,15.85,15.98,15.51,310687,491141712.0,3.01,1.34,0.21,2.11,36003222790.1
2021-06-22,15.93,15.43,15.94,15.37,250227,388032256.0,3.6,-2.65,-0.42,1.7,35049194173.58
2021-06-23,15.44,15.7,15.79,15.35,236389,367816624.0,2.85,1.75,0.27,1.61,35662498284.2
2021-06-24,15.95,16.45,16.75,15.77,579831,949994464.0,6.24,4.78,0.75,3.94,37366120813.7
2021-06-25,16.43,16.32,16.79,16.2,416777,686477008.0,3.59,-0.79,-0.13,2.83,37070826241.92
2021-06-28,16.4,16.56,16.93,16.36,331037,549904368.0,3.49,1.47,0.24,2.25,37615985451.36
2021-06-29,16.7,16.41,16.79,16.2,278641,458533792.0,3.56,-0.91,-0.15,1.89,37275260945.46
2021-06-30,16.53,16.19,16.53,16.06,222046,359456704.0,2.86,-1.34,-0.22,1.51,36775531670.14
2021-07-01,16.12,15.55,16.37,15.5,276826,439625904.0,5.37,-3.95,-0.64,1.88,35321773778.3
2021-07-02,15.53,15.7,15.89,15.4,237388,372493232.0,3.15,0.96,0.15,1.61,35662498284.2
2021-07-05,15.86,16.12,16.38,15.83,225406,362546320.0,3.5,2.68,0.42,1.53,36616526900.72
2021-07-06,16.11,16.11,16.17,15.68,202461,321713408.0,3.04,-0.06,-0.01,1.37,36593811933.659996
2021-07-07,15.95,16.58,16.74,15.76,373021,613322560.0,6.08,2.92,0.47,2.53,37661415385.479996
2021-07-08,16.7,16.8,17.15,16.6,419816,709855424.0,3.32,1.33,0.22,2.85,38161144660.8
2021-07-09,16.7,16.84,16.93,16.5,287627,479970176.0,2.56,0.24,0.04,1.95,38252004529.04
2021-07-12,17.49,17.52,17.84,17.1,636047,1113528480.0,4.39,4.04,0.68,4.3,39796622289.12
2021-07-13,17.54,18.63,18.65,17.37,687788,1249861584.0,7.31,6.34,1.11,4.65,42317983632.78
2021-07-14,18.58,18.24,19.02,18.21,691929,1290680816.0,4.35,-2.09,-0.39,4.68,41432099917.439995
2021-07-15,18.03,18.4,18.62,17.91,399780,731713968.0,3.89,0.88,0.16,2.7,41795539390.399994
2021-07-16,18.3,17.84,18.48,17.82,428268,774350320.0,3.59,-3.04,-0.56,2.9,40523501235.04
2021-07-19,18.0,17.95,18.4,17.65,361533,652321296.0,4.2,0.62,0.11,2.45,40773365872.7
2021-07-20,17.81,18.1,18.23,17.64,254659,458736656.0,3.29,0.84,0.15,1.72,41114090378.600006
2021-07-21,18.2,18.28,18.59,18.08,529166,968241024.0,2.82,0.99,0.18,3.58,41522959785.68
2021-07-22,18.28,18.61,18.74,18.17,544403,1007580448.0,3.12,1.81,0.33,3.68,42272553698.659996
2021-07-23,18.6,19.2,19.35,18.46,627212,1196863072.0,4.78,3.17,0.59,4.24,43612736755.2
2021-07-26,19.36,18.58,19.87,18.07,619581,1172641504.0,9.38,-3.23,-0.62,4.19,42204408797.479996
2021-07-27,18.92,19.28,20.44,18.92,1075505,2143142624.0,8.18,3.77,0.7,7.27,43794456491.68
2021-07-28,19.3,19.13,19.95,18.01,843981,1620178272.0,10.06,-0.78,-0.15,5.71,43453731985.78
2021-07-29,19.47,20.85,21.0,19.45,947668,1936845024.0,8.1,8.99,1.72,6.41,47360706320.100006
2021-07-30,20.51,21.56,22.14,20.45,936129,2014116608.0,8.11,3.41,0.71,6.33,48973468981.36
2021-08-02,21.95,21.49,22.26,20.9,808579,1736911216.0,6.31,-0.32,-0.07,5.47,48814464211.939995
2021-08-03,21.5,20.25,21.83,20.0,869748,1789068096.0,8.52,-5.77,-1.24,5.88,45997808296.5
2021-08-04,20.05,20.9,20.9,20.02,619438,1272873568.0,4.35,3.21,0.65,4.19,47474281155.399994
2021-08-05,20.95,20.56,21.2,20.21,555910,1144469024.0,4.74,-1.63,-0.34,3.76,46701972275.36
2021-08-06,20.25,20.27,20.5,19.81,541413,1088321312.0,3.36,-1.41,-0.29,3.66,46043238230.62
2021-08-09,20.5,19.52,20.5,19.21,699967,1370843744.0,6.36,-3.7,-0.75,4.73,44339615701.12
2021-08-10,19.56,19.92,20.4,19.48,538738,1076151056.0,4.71,2.05,0.4,3.64,45248214383.520004
2021-08-11,20.16,20.38,20.54,19.71,473384,956159888.0,4.17,2.31,0.46,3.2,46293102868.28
2021-08-12,20.58,20.12,20.95,19.91,429129,871202464.0,5.1,-1.28,-0.26,2.9,45702513724.72
2021-08-13,19.91,20.02,20.45,19.73,404368,809847696.0,3.58,-0.5,-0.1,2.74,45475364054.12
2021-08-16,19.97,19.35,20.02,19.16,452142,877371360.0,4.3,-3.35,-0.67,3.06,43953461261.100006
2021-08-17,18.01,17.98,18.44,17.5,893407,1603602624.0,4.86,-7.08,-1.37,6.04,40841510773.88
2021-08-18,17.77,17.96,18.2,17.6,421671,755808832.0,3.34,-0.11,-0.02,2.85,40796080839.76
2021-08-19,17.98,18.45,18.5,17.86,319650,582748896.0,3.56,2.73,0.49,2.16,41909114225.7
2021-08-20,18.9,19.11,19.15,18.51,529641,1000956016.0,3.47,3.58,0.66,3.58,43408302051.659996
2021-08-23,19.35,21.02,21.02,19.32,912256,1895936192.0,8.9,9.99,1.91,6.17,47746860760.12
2021-08-24,21.22,21.55,22.45,21.02,1303347,2836745344.0,6.8,2.52,0.53,8.82,48950754014.3
2021-08-25,22.43,22.05,22.5,21.5,746268,1635080528.0,4.64,2.32,0.5,5.05,50086502367.3
2021-08-26,22.11,21.81,22.35,21.62,578027,1268963984.0,3.31,-1.09,-0.24,3.91,49541343157.86
2021-08-27,21.63,21.8,22.17,21.43,452640,989074784.0,3.39,-0.05,-0.01,3.06,49518628190.8
2021-08-30,22.26,22.16,22.4,21.7,673510,1489152352.0,3.21,1.65,0.36,4.56,50336367004.96
2021-08-31,22.01,22.48,22.9,22.0,599016,1340098208.0,4.06,1.44,0.32,4.05,51063245950.88
2021-09-01,22.05,20.99,22.2,20.58,687887,1463363088.0,7.21,-6.63,-1.49,4.65,47678715858.939995
2021-09-02,20.91,23.09,23.09,20.81,717656,1616266944.0,10.86,10.0,2.1,4.85,52448858941.54
2021-09-03,24.45,24.15,25.4,23.5,1921091,4759109376.0,8.23,4.59,1.06,12.99,54856645449.899994
2021-09-06,25.0,23.13,25.0,22.59,1136845,2667481536.0,9.98,-4.22,-1.02,7.69,52539718809.78
2021-09-07,23.17,23.19,23.79,22.97,798070,1860910448.0,3.55,0.26,0.06,5.4,52676008612.14
2021-09-08,23.65,22.97,24.09,22.78,870475,2026475984.0,5.65,-0.95,-0.22,5.89,52176279336.82
2021-09-09,22.34,22.1,22.8,21.9,682606,1517115136.0,3.92,-3.79,-0.87,4.62,50200077202.600006
2021-09-10,21.93,22.21,22.41,21.74,567656,1254940576.0,3.03,0.5,0.11,3.84,50449941840.26
2021-09-13,22.47,22.52,22.85,22.25,645833,1456370352.0,2.7,1.4,0.31,4.37,51154105819.12
2021-09-14,22.56,22.3,23.21,21.91,626727,1417356336.0,5.77,-0.98,-0.22,4.24,50654376543.8
2021-09-15,22.0,24.53,24.53,21.98,1314585,3129885168.0,11.43,10.0,2.23,8.89,55719814198.18
2021-09-16,24.19,24.64,25.68,24.02,1252201,3121885008.0,6.77,0.45,0.11,8.47,55969678835.840004
2021-09-17,24.44,26.45,27.07,24.44,1104768,2904424336.0,10.67,7.35,1.81,7.47,60081087873.7
2021-09-22,26.8,28.09,28.48,25.98,1037033,2844635968.0,9.45,6.2,1.64,7.01,63806342471.54
2021-09-23,27.8,26.01,27.86,25.98,1011219,2704800320.0,6.69,-7.4,-2.08,6.84,59081629323.060005
2021-09-24,25.7,25.84,26.62,25.2,718378,1871242112.0,5.46,-0.65,-0.17,4.86,58695474883.04
2021-09-27,26.45,25.56,26.75,24.47,780447,1997079536.0,8.82,-1.08,-0.28,5.28,58059455805.36
2021-09-28,25.43,26.0,27.08,25.4,633507,1663547744.0,6.57,1.72,0.44,4.29,59058914356.0
2021-09-29,25.3,24.64,26.26,24.43,600713,1507769776.0,7.04,-5.23,-1.36,4.06,55969678835.840004
2021-09-30,25.0,24.95,25.08,23.8,640244,1573337216.0,5.19,1.26,0.31,4.33,56673842814.7
2021-10-08,25.49,23.92,26.0,23.28,663345,1598700784.0,10.9,-4.13,-1.03,4.49,54334201207.520004
2021-10-11,24.8,24.95,25.22,23.85,905748,2229471872.0,5.73,4.31,1.03,6.13,56673842814.7
2021-10-12,24.49,24.78,26.31,23.46,880922,2178048880.0,11.42,-0.68,-0.17,5.96,56287688374.68
2021-10-13,24.41,25.41,25.75,23.7,650298,1613138224.0,8.27,2.54,0.63,4.4,57718731299.46
2021-10-14,25.0,27.95,27.95,24.9,831298,2245567744.0,12.0,10.0,2.54,5.62,63488332932.7
2021-10-15,27.9,27.36,27.95,26.71,886662,2424374384.0,4.44,-2.11,-0.59,6.0,62148149876.159996
2021-10-18,27.94,28.21,28.74,27.42,961429,2695867216.0,4.82,3.11,0.85,6.5,64078922076.26
2021-10-19,27.8,28.33,28.93,27.46,790503,2231588016.0,5.21,0.43,0.12,5.35,64351501680.979996
2021-10-20,28.22,28.78,29.48,28.0,818579,2362349344.0,5.22,1.59,0.45,5.54,65373675198.68
2021-10-21,28.76,27.68,28.76,27.5,713978,1985754544.0,4.38,-3.82,-1.1,4.83,62875028822.08
2021-10-22,27.58,27.17,28.04,27.01,503844,1381960256.0,3.72,-1.84,-0.51,3.41,61716565502.020004
2021-10-25,27.69,28.79,28.88,27.26,769899,2174019344.0,5.96,5.96,1.62,5.21,65396390165.74
2021-10-26,29.0,28.16,29.29,27.9,677216,1932140864.0,4.83,-2.19,-0.63,4.58,63965347240.96
2021-10-27,28.35,30.04,30.41,28.01,1154379,3417195136.0,8.52,6.68,1.88,7.81,68235761048.24
2021-10-28,29.53,30.7,31.65,29.49,1074435,3314868544.0,7.19,2.2,0.66,7.27,69734948874.2
2021-10-29,31.0,30.99,31.34,28.88,1060507,3211370256.0,8.01,0.94,0.29,7.17,70393682918.94
2021-11-01,30.2,29.94,31.18,29.58,998802,3038879056.0,5.16,-3.39,-1.05,6.76,68008611377.64
2021-11-02,29.59,31.9,32.8,29.1,1143379,3580130528.0,12.36,6.55,1.96,7.73,72460744921.4
2021-11-03,32.02,31.45,33.16,30.41,1046855,3328727616.0,8.62,-1.41,-0.45,7.08,71438571403.7
2021-11-04,32.01,34.6,34.6,32.01,630539,2140596624.0,8.24,10.02,3.15,4.26,78593786027.6
2021-11-05,35.8,34.03,36.03,34.03,1413740,4968712192.0,5.78,-1.65,-0.57,9.56,77299032905.18001
2021-11-08,33.45,34.05,34.88,33.19,857204,2913064944.0,4.97,0.06,0.02,5.8,77344462839.29999
2021-11-09,34.8,33.3,35.4,32.59,960233,3234656736.0,8.25,-2.2,-0.75,6.5,75640840309.79999
2021-11-10,33.2,32.15,33.2,31.18,904342,2899830928.0,6.07,-3.45,-1.15,6.12,73028619097.9
2021-11-11,31.72,31.46,32.53,31.06,760387,2407784656.0,4.57,-2.15,-0.69,5.14,71461286370.76
2021-11-12,31.46,33.0,33.17,31.12,872318,2821534528.0,6.52,4.9,1.54,5.9,74959391298.0
2021-11-15,32.5,30.94,32.61,30.41,871713,2722684736.0,6.67,-6.24,-2.06,5.9,70280108083.64
2021-11-16,30.69,30.93,31.72,30.11,733511,2283652688.0,5.2,-0.03,-0.01,4.96,70257393116.58
2021-11-17,30.93,32.81,33.5,30.93,939826,3047554560.0,8.31,6.08,1.88,6.36,74527806923.86
2021-11-18,32.82,33.03,34.41,32.44,943084,3156088304.0,6.0,0.67,0.22,6.38,75027536199.18001
2021-11-19,32.95,33.68,34.23,32.53,657449,2193127968.0,5.15,1.97,0.65,4.45,76504009058.08
2021-11-22,33.5,33.58,34.35,32.81,696075,2322070192.0,4.57,-0.3,-0.1,4.71,76276859387.48
2021-11-23,33.31,31.8,33.34,31.51,851658,2743730432.0,5.45,-5.3,-1.78,5.76,72233595250.8
2021-11-24,31.51,31.3,32.19,30.7,715693,2237487920.0,4.69,-1.57,-0.5,4.84,71097846897.8
2021-11-25,31.16,30.73,31.45,30.3,499038,1540793728.0,3.67,-1.82,-0.57,3.38,69803093775.38
2021-11-26,30.44,31.42,31.98,30.31,673329,2094760208.0,5.43,2.25,0.69,4.55,71370426502.52
2021-11-29,30.68,31.06,31.65,30.4,438796,1364650448.0,3.98,-1.15,-0.36,2.97,70552687688.36
2021-11-30,31.47,31.87,31.98,30.48,598598,1878241392.0,4.83,2.61,0.81,4.05,72392600020.22
2021-12-01,31.47,30.16,31.64,29.62,760423,2311694832.0,6.34,-5.37,-1.71,5.14,68508340652.96
2021-12-02,29.72,29.45,30.1,29.29,523249,1551742832.0,2.69,-2.35,-0.71,3.54,66895577991.7
2021-12-03,29.47,29.76,29.95,28.77,541313,1598332080.0,4.01,1.05,0.31,3.66,67599741970.560005
2021-12-06,30.13,29.32,30.65,29.31,498339,1494327872.0,4.5,-1.48,-0.44,3.37,66600283419.92
2021-12-07,28.3,27.94,28.5,27.03,1045310,2899342832.0,5.01,-4.71,-1.38,7.07,63465617965.64
2021-12-08,28.5,28.29,28.97,28.08,556002,1580041216.0,3.19,1.25,0.35,3.76,64260641812.74
2021-12-09,28.32,28.2,28.59,28.0,377422,1064942672.0,2.09,-0.32,-0.09,2.55,64056207109.2
2021-12-10,28.0,28.11,28.52,27.9,453925,1281552880.0,2.2,-0.32,-0.09,3.07,63851772405.659996
2021-12-13,28.03,28.35,28.88,27.78,601942,1700132400.0,3.91,0.85,0.24,4.07,64396931615.100006
2021-12-14,28.35,28.2,29.1,28.15,530127,1512731632.0,3.35,-0.53,-0.15,3.59,64056207109.2
2021-12-15,27.71,28.02,28.62,27.6,469456,1316170512.0,3.62,-0.64,-0.18,3.18,63647337702.12
2021-12-16,27.98,28.36,28.55,27.88,365918,1034439024.0,2.39,1.21,0.34,2.48,64419646582.159996
2021-12-17,28.36,27.19,28.4,27.13,561968,1554194752.0,4.48,-4.13,-1.17,3.8,61761995436.14
2021-12-20,26.86,25.94,27.25,25.79,756981,1992100624.0,5.37,-4.6,-1.25,5.12,58922624553.64
2021-12-21,26.01,26.2,26.5,25.85,431942,1129762096.0,2.51,1.0,0.26,2.92,59513213697.2
2021-12-22,26.24,26.25,26.41,26.07,325685,855312400.0,1.3,0.19,0.05,2.2,59626788532.5
2021-12-23,26.27,26.63,26.95,26.16,470099,1250366256.0,3.01,1.45,0.38,3.18,60489957280.78
2021-12-24,26.5,25.55,26.59,25.3,462615,1194249184.0,4.84,-4.06,-1.08,3.13,58036740838.3
2021-12-27,25.41,25.33,26.12,25.24,309397,793648768.0,3.44,-0.86,-0.22,2.09,57537011562.979996
2021-12-28,25.84,26.08,26.24,25.36,423535,1092733376.0,3.47,2.96,0.75,2.86,59240634092.479996
2021-12-29,26.29,25.53,26.78,25.45,535437,1389238096.0,5.1,-2.11,-0.55,3.62,57991310904.18
2021-12-30,25.53,25.27,26.03,25.18,474879,1210086448.0,3.33,-1.02,-0.26,3.21,57400721760.62
2021-12-31,25.58,26.1,26.35,25.55,662564,1724254944.0,3.17,3.28,0.83,4.48,59286064026.600006
2022-01-04,26.16,25.38,26.22,24.6,722757,1820654384.0,6.21,-2.76,-0.72,4.89,57650586398.28
2022-01-05,25.31,24.24,25.53,24.2,495355,1218287936.0,5.24,-4.49,-1.14,3.35,55061080153.439995
2022-01-06,24.01,24.05,24.39,23.84,440943,1063616080.0,2.27,-0.78,-0.19,2.98,54629495779.3
2022-01-07,24.05,23.39,24.22,23.22,492180,1160201136.0,4.16,-2.74,-0.66,3.33,53130307953.340004
2022-01-10,23.22,23.23,23.48,22.94,325331,755412464.0,2.31,-0.68,-0.16,2.2,52766868480.38
2022-01-11,23.42,22.41,23.65,22.36,477375,1087166896.0,5.55,-3.53,-0.82,3.23,50904241181.46
2022-01-12,22.79,23.35,23.43,22.61,461271,1061524080.0,3.66,4.19,0.94,3.12,53039448085.100006
2022-01-13,23.25,23.03,23.51,22.85,290890,672444304.0,2.83,-1.37,-0.32,1.97,52312569139.18
2022-01-14,22.91,23.37,23.64,22.72,359278,836010176.0,3.99,1.48,0.34,2.43,53084878019.22
2022-01-17,22.98,22.81,23.18,22.45,442718,1006917104.0,3.12,-2.4,-0.56,2.99,51812839863.86
2022-01-18,22.82,23.15,23.38,22.52,395613,914853296.0,3.77,1.49,0.34,2.68,52585148743.899994
2022-01-19,23.01,22.57,23.2,22.38,344853,783935680.0,3.54,-2.51,-0.58,2.33,51267680654.42
2022-01-20,22.6,22.8,23.38,22.51,454905,1043387456.0,3.85,1.02,0.23,3.08,51790124896.8
2022-01-21,22.88,23.25,24.1,22.4,831373,1946708880.0,7.46,1.97,0.45,5.62,52812298414.5
2022-01-24,23.01,23.85,24.06,22.92,656254,1556500352.0,4.9,2.58,0.6,3.39,54175196438.100006
2022-01-25,24.1,24.36,25.05,23.62,885385,2160727120.0,6.0,2.14,0.51,4.58,55333659758.159996
2022-01-26,24.79,25.29,25.78,24.56,973767,2452151968.0,5.01,3.82,0.93,5.04,57446151694.74
2022-01-27,25.33,24.46,25.33,24.21,639791,1582650656.0,4.43,-3.28,-0.83,3.31,55560809428.76
2022-01-28,24.78,25.56,25.85,24.02,993572,2504463200.0,7.48,4.5,1.1,5.14,58059455805.36
2022-02-07,26.18,25.56,26.3,25.13,666643,1701827792.0,4.58,0.0,0.0,3.45,58059455805.36
2022-02-08,25.38,25.45,25.88,24.24,715970,1790003568.0,6.42,-0.43,-0.11,3.7,57809591167.7
2022-02-09,25.0,25.15,25.27,24.75,483287,1210462528.0,2.04,-1.18,-0.3,2.5,57128142155.899994
2022-02-10,25.1,25.28,25.7,24.95,564148,1431310080.0,2.98,0.52,0.13,2.92,57423436727.68
2022-02-11,24.73,23.83,24.87,23.8,666994,1622346640.0,4.23,-5.74,-1.45,3.45,54129766503.979996
2022-02-14,23.35,24.0,24.34,23.1,444886,1059101408.0,5.2,0.71,0.17,2.3,54515920944.0
2022-02-15,24.28,25.32,25.35,23.86,648062,1610751808.0,6.21,5.5,1.32,3.35,57514296595.92
2022-02-16,25.32,25.02,25.48,24.86,442447,1111265088.0,2.45,-1.18,-0.3,2.29,56832847584.12
2022-02-17,24.93,25.48,25.65,24.85,537710,1366695856.0,3.2,1.84,0.46,2.78,57877736068.88
2022-02-18,25.05,25.05,25.42,24.88,375496,941484704.0,2.12,-1.69,-0.43,1.94,56900992485.3
2022-02-21,24.92,24.59,24.94,24.52,355613,876254656.0,1.68,-1.84,-0.46,1.84,55856104000.54
2022-02-22,24.27,24.14,24.51,23.72,428788,1032300272.0,3.21,-1.83,-0.45,2.22,54833930482.840004
2022-02-23,24.27,25.21,25.23,24.22,531566,1328999136.0,4.18,4.43,1.07,2.75,57264431958.26
2022-02-24,25.1,24.55,25.51,24.16,588868,1466131008.0,5.36,-2.62,-0.66,3.05,55765244132.3
2022-02-25,24.69,25.29,25.7,24.68,599981,1520009488.0,4.15,3.01,0.74,3.1,57446151694.74
2022-02-28,25.6,25.7,25.74,25.02,642021,1636430720.0,2.85,1.62,0.41,3.32,58377465344.2
2022-03-01,26.02,26.4,26.63,25.78,838597,2198883104.0,3.31,2.72,0.7,4.34,59967513038.399994
2022-03-02,27.0,26.67,27.18,26.11,907925,2426322272.0,4.05,1.02,0.27,4.7,60580817149.020004
2022-03-03,27.0,26.43,27.16,26.43,637787,1711129584.0,2.74,-0.9,-0.24,3.3,60035657939.58
2022-03-04,26.15,27.51,27.77,26.0,768733,2100943472.0,6.7,4.09,1.08,3.98,62488874382.060005
2022-03-07,27.2,27.68,28.13,26.82,872974,2407212400.0,4.76,0.62,0.17,4.52,62875028822.08
2022-03-08,27.37,26.64,27.65,26.39,720809,1940204128.0,4.55,-3.76,-1.04,3.73,60512672247.840004
2022-03-09,26.95,27.5,27.6,25.61,791136,2119045936.0,7.47,3.23,0.86,4.09,62466159415.0
2022-03-10,28.12,27.25,28.24,27.18,774254,2141629552.0,3.85,-0.91,-0.25,4.0,61898285238.5
2022-03-11,26.5,26.67,27.2,25.82,721823,1910136480.0,5.06,-2.13,-0.58,3.73,60580817149.020004
2022-03-14,26.34,25.79,26.9,25.77,406296,1068595888.0,4.24,-3.3,-0.88,2.1,58581900047.74
2022-03-15,25.43,24.43,25.89,24.36,632802,1578648544.0,5.93,-5.27,-1.36,3.27,55492664527.58
2022-03-16,24.94,25.5,25.54,23.9,643495,1598765968.0,6.71,4.38,1.07,3.33,57923166003.0
2022-03-17,25.88,25.45,26.09,25.37,485715,1246427456.0,2.82,-0.2,-0.05,2.51,57809591167.7
2022-03-18,25.25,25.38,25.42,24.62,387968,969104576.0,3.14,-0.28,-0.07,2.01,57650586398.28
2022-03-21,25.2,24.69,25.5,24.44,477675,1188085744.0,4.18,-2.72,-0.69,2.47,56083253671.14
2022-03-22,24.71,23.89,24.8,23.65,514812,1242311696.0,4.66,-3.24,-0.8,2.66,54266056306.340004
2022-03-23,24.2,24.86,25.25,24.05,640590,1587407856.0,5.02,4.06,0.97,3.31,56469408111.159996
2022-03-24,24.59,24.13,24.6,23.85,412018,993906960.0,3.02,-2.94,-0.73,2.13,54811215515.78
2022-03-25,23.97,23.03,24.2,23.0,561250,1312641680.0,4.97,-4.56,-1.1,2.9,52312569139.18
2022-03-28,22.4,22.32,22.8,22.12,430674,964138448.0,2.95,-3.08,-0.71,2.23,50699806477.92
2022-03-29,22.23,21.75,22.65,21.54,473083,1038382384.0,4.97,-2.55,-0.57,2.45,49405053355.5
2022-03-30,22.15,22.71,22.75,22.04,436714,978841904.0,3.26,4.41,0.96,2.26,51585690193.26
2022-03-31,22.77,22.17,22.77,22.08,302132,672379792.0,3.04,-2.38,-0.54,1.56,50359081972.020004
2022-04-01,21.95,22.31,22.6,21.8,246030,549263600.0,3.61,0.63,0.14,1.27,50677091510.86
2022-04-06,22.31,21.66,22.31,21.33,382202,825728704.0,4.39,-2.91,-0.65,1.98,49200618651.96
2022-04-07,21.56,21.41,21.85,21.24,278170,598168656.0,2.82,-1.15,-0.25,1.44,48632744475.46
2022-04-08,22.8,23.48,23.55,22.52,979067,2278054752.0,4.81,9.67,2.07,5.06,53334742656.88
2022-04-11,23.2,23.87,24.18,22.62,827192,1945108560.0,6.64,1.66,0.39,4.28,54220626372.22
2022-04-12,23.46,23.8,24.31,23.4,493477,1171525712.0,3.81,-0.29,-0.07,2.55,54061621602.8
2022-04-13,23.54,23.8,24.47,23.26,480770,1154531680.0,5.08,0.0,0.0,2.49,54061621602.8
2022-04-14,24.0,23.42,24.18,23.11,400602,939854160.0,4.5,-1.6,-0.38,2.07,53198452854.520004
2022-04-15,22.91,22.62,23.25,22.3,416697,945642400.0,4.06,-3.42,-0.8,2.16,51381255489.72
2022-04-18,22.31,23.03,23.13,21.91,366845,829187776.0,5.39,1.81,0.41,1.9,52312569139.18
2022-04-19,22.95,22.84,23.88,22.66,346105,804064224.0,5.3,-0.83,-0.19,1.79,51880984765.04
2022-04-20,22.79,22.0,23.06,21.92,304647,679826608.0,4.99,-3.68,-0.84,1.58,49972927532.0
2022-04-21,21.75,21.43,22.22,21.3,356503,773607968.0,4.18,-2.59,-0.57,1.84,48678174409.58
2022-04-22,21.31,21.9,21.9,21.08,321641,691127200.0,3.83,2.19,0.47,1.66,49745777861.399994
2022-04-25,21.31,20.6,21.6,20.34,433177,906726128.0,5.75,-5.94,-1.3,2.24,46792832143.600006
2022-04-26,20.51,20.04,21.01,19.8,343474,702455424.0,5.87,-2.72,-0.56,1.78,45520793988.24
2022-04-27,19.4,21.17,21.26,19.16,410035,836901984.0,10.48,5.64,1.13,2.12,48087585266.020004
2022-04-28,21.06,21.25,21.41,20.61,370098,778230016.0,3.78,0.38,0.08,1.91,48269305002.5
2022-04-29,21.75,22.22,22.35,20.88,517131,1122380320.0,6.92,4.56,0.97,2.67,50472656807.32
2022-05-05,22.27,22.65,23.1,21.98,421647,955733680.0,5.04,1.94,0.43,2.18,51449400390.899994
2022-05-06,22.0,22.05,22.43,21.88,284573,631888368.0,2.43,-2.65,-0.6,1.47,50086502367.3
2022-05-09,21.82,22.0,22.67,21.75,375754,834995456.0,4.17,-0.23,-0.05,1.94,49972927532.0
2022-05-10,21.72,23.03,23.39,21.65,623171,1423716992.0,7.91,4.68,1.03,3.22,52312569139.18
2022-05-11,23.03,22.99,23.58,22.76,576600,1340522528.0,3.56,-0.17,-0.04,2.98,52221709270.939995
2022-05-12,22.81,23.19,23.44,22.71,322648,747163968.0,3.18,0.87,0.2,1.67,52676008612.14
2022-05-13,23.36,23.21,23.46,23.0,258706,600780256.0,1.98,0.09,0.02,1.34,52721438546.26
2022-05-16,23.49,22.77,23.56,22.72,279815,645233344.0,3.62,-1.9,-0.44,1.45,51721979995.62
2022-05-17,22.79,23.19,23.2,22.7,303982,699670528.0,2.2,1.84,0.42,1.57,52676008612.14
2022-05-18,23.29,23.08,23.39,23.03,239136,554142064.0,1.55,-0.47,-0.11,1.24,52426143974.479996
2022-05-19,22.77,24.74,25.2,22.71,823008,1991533024.0,10.79,7.19,1.66,4.26,56196828506.439995
2022-05-20,24.84,25.45,25.67,24.42,688572,1722842784.0,5.05,2.87,0.71,3.56,57809591167.7
2022-05-23,25.3,25.43,25.56,24.87,420791,1061176752.0,2.71,-0.08,-0.02,2.18,57764161233.58
2022-05-24,25.44,24.71,26.01,24.59,626538,1589199264.0,5.58,-2.83,-0.72,3.24,56128683605.26
2022-05-25,24.73,24.99,25.05,24.41,371711,920183184.0,2.59,1.13,0.28,1.92,56764702682.939995
2022-05-26,25.07,25.26,25.7,24.8,448868,1136386032.0,3.6,1.08,0.27,2.32,57378006793.560005
2022-05-27,25.15,24.88,25.5,24.79,325530,817811440.0,2.81,-1.5,-0.38,1.68,56514838045.28
2022-05-30,24.89,24.97,25.09,24.7,232778,579126304.0,1.57,0.36,0.09,1.2,56719272748.82
2022-05-31,25.59,25.45,25.72,25.04,463455,1176245888.0,2.72,1.92,0.48,2.4,57809591167.7
2022-06-01,25.31,25.12,25.35,24.86,324305,813551296.0,1.93,-1.3,-0.33,1.68,57059997254.72
2022-06-02,25.14,26.14,26.2,25.02,597877,1548767520.0,4.7,4.06,1.02,3.09,59376923894.840004
2022-06-06,26.14,26.83,26.98,25.92,608318,1613612080.0,4.06,2.64,0.69,3.15,60944256621.979996
2022-06-07,26.7,26.43,27.18,26.3,451268,1204749104.0,3.28,-1.49,-0.4,2.33,60035657939.58
2022-06-08,26.35,26.33,26.66,25.73,398706,1044839760.0,3.52,-0.38,-0.1,2.06,59808508268.979996
2022-06-09,26.3,25.9,26.79,25.78,296708,776331584.0,3.84,-1.63,-0.43,1.53,58831764685.399994
2022-06-10,25.61,26.06,26.14,25.39,327088,847306976.0,2.9,0.62,0.16,1.69,59195204158.36
2022-06-13,25.79,27.31,27.5,25.5,652336,1755867744.0,7.67,4.8,1.25,3.37,62034575040.86
2022-06-14,26.89,27.08,27.15,25.97,498505,1326099312.0,4.32,-0.84,-0.23,2.58,61512130798.479996
2022-06-15,27.0,26.25,27.1,26.24,461120,1226638080.0,3.18,-3.06,-0.83,2.39,59626788532.5
2022-06-16,26.15,26.33,26.94,26.06,385927,1019279040.0,3.35,0.3,0.08,2.0,59808508268.979996
2022-06-17,26.3,28.09,28.16,26.3,895991,2482480480.0,7.06,6.68,1.76,4.63,63806342471.54
2022-06-20,28.8,30.41,30.8,28.8,1185365,3566834336.0,7.12,8.26,2.32,6.13,69076214829.46
2022-06-21,30.56,30.4,30.9,29.93,612220,1854208784.0,3.19,-0.03,-0.01,3.17,69053499862.4
2022-06-22,30.25,30.38,31.09,30.11,563368,1724582256.0,3.22,-0.07,-0.02,2.91,69008069928.28
2022-06-23,30.55,30.68,30.83,29.86,510259,1552863104.0,3.19,0.99,0.3,2.64,69689518940.08
2022-06-24,30.8,31.3,31.89,30.55,682157,2132738160.0,4.37,2.02,0.62,3.53,71097846897.8
2022-06-27,31.48,31.54,31.75,31.0,551728,1731981744.0,2.4,0.77,0.24,2.85,71643006107.24
2022-06-28,31.58,32.3,32.46,31.2,472743,1506497872.0,3.99,2.41,0.76,2.45,73369343603.79999
2022-06-29,32.22,31.15,33.1,31.0,635918,2016342576.0,6.5,-3.56,-1.15,3.29,70757122391.9
2022-06-30,31.06,33.8,34.27,31.06,969060,3250722688.0,10.3,8.51,2.65,5.01,76776588662.79999
2022-07-01,33.46,33.41,34.35,33.1,536021,1807506720.0,3.7,-1.15,-0.39,2.77,75890704947.45999
2022-07-04,33.28,33.5,33.9,32.84,485955,1624381632.0,3.17,0.27,0.09,2.51,76095139651.0
2022-07-05,33.49,33.95,33.95,32.96,429861,1438854512.0,2.96,1.34,0.45,2.22,77117313168.70001
2022-07-06,34.05,34.2,35.49,33.67,651011,2255836512.0,5.36,0.74,0.25,3.37,77685187345.20001
2022-07-07,33.41,34.36,34.95,32.28,866326,2923332736.0,7.81,0.47,0.16,4.47,78048626818.16
2022-07-08,33.8,31.77,34.1,31.29,1201081,3867792976.0,8.18,-7.54,-2.59,5.73,72165450349.62
2022-07-11,31.5,31.77,32.3,30.98,685074,2170294384.0,4.15,0.0,0.0,3.27,72165450349.62
2022-07-12,32.0,31.84,33.28,31.74,628160,2034052196.0,4.85,0.22,0.07,3.0,72324455119.04
2022-07-13,31.84,33.5,34.11,31.84,821335,2736549861.0,7.13,5.21,1.66,3.92,76095139651.0
2022-07-14,33.51,34.0,34.68,33.17,562381,1912432186.0,4.51,1.49,0.5,2.68,77230888004.0
2022-07-15,33.99,34.9,35.98,33.76,739937,2601505579.0,6.53,2.65,0.9,3.53,79275235039.4
2022-07-18,35.3,35.24,35.72,34.07,867133,3028380136.0,4.73,0.97,0.34,4.14,80047543919.44
2022-07-19,34.9,33.17,34.94,32.92,765239,2571376674.0,5.73,-5.87,-2.07,3.65,75345545738.02
2022-07-20,33.5,34.21,34.77,32.9,679770,2311050960.0,5.64,3.14,1.04,3.24,77707902312.26
2022-07-21,34.11,32.03,34.45,31.92,750259,2449870016.0,7.4,-6.37,-2.18,3.58,72756039493.18001
2022-07-22,32.2,30.95,32.41,30.07,916070,2857653394.0,7.31,-3.37,-1.08,4.37,70302823050.7
2022-07-25,31.26,29.7,31.26,29.6,554761,1665271565.0,5.36,-4.04,-1.25,2.65,67463452168.2
2022-07-26,29.69,29.99,30.37,29.36,430723,1288903019.0,3.4,0.98,0.29,2.04,68122186212.939995
2022-07-27,29.99,30.06,30.16,29.35,512966,1529227452.0,2.7,0.23,0.07,2.43,68281190982.36
2022-07-28,30.7,29.29,30.79,29.25,632123,1884869507.0,5.12,-2.56,-0.77,3.0,66532138518.74
2022-07-29,29.19,29.9,31.0,29.14,706479,2143424209.0,6.35,2.08,0.61,3.35,67917751509.399994
2022-08-01,29.45,30.09,30.26,28.98,400461,1192500069.0,4.28,0.64,0.19,1.9,68349335883.54
2022-08-02,29.53,29.45,29.93,28.78,507444,1494245488.0,3.82,-2.13,-0.64,2.41,66895577991.7
2022-08-03,29.75,28.93,30.05,28.88,502715,1483203746.0,3.97,-1.77,-0.52,2.39,65714399704.58
2022-08-04,28.9,28.4,29.38,27.8,546293,1549788597.0,5.46,-1.83,-0.53,2.59,64510506450.399994
2022-08-05,28.39,28.68,28.76,27.78,415762,1177674453.0,3.45,0.99,0.28,1.97,65146525528.08
2022-08-08,28.5,28.96,29.5,28.1,376849,1089895028.0,4.88,0.98,0.28,1.79,65782544605.76
2022-08-09,28.8,29.69,30.3,28.68,546559,1626732817.0,5.59,2.52,0.73,2.59,67440737201.14
2022-08-10,29.6,29.05,29.98,28.8,398846,1164927794.0,3.97,-2.16,-0.64,1.89,65986979309.3
2022-08-11,29.25,29.3,29.45,28.5,346949,1007746419.0,3.27,0.86,0.25,1.65,66554853485.8
2022-08-12,29.2,28.66,29.38,28.6,313402,903492075.0,2.66,-2.18,-0.64,1.49,65101095593.96
2022-08-15,28.5,29.3,29.62,28.4,397006,1158492998.0,4.26,2.23,0.64,1.88,66554853485.8
2022-08-16,29.82,30.42,31.35,29.82,845903,2582725575.0,5.22,3.82,1.12,4.01,69098929796.52
2022-08-17,30.42,30.87,31.3,30.26,593628,1826601528.0,3.42,1.48,0.45,2.82,70121103314.22
2022-08-18,30.88,30.62,31.1,30.36,379077,1164222196.0,2.4,-0.81,-0.25,1.8,69553229137.72
2022-08-19,30.58,29.83,30.67,29.67,433502,1301388097.0,3.27,-2.58,-0.79,2.06,67758746739.979996
2022-08-22,29.6,29.5,30.17,28.8,409979,1196082379.0,4.59,-1.11,-0.33,1.95,67009152827.0
2022-08-23,29.3,29.3,29.78,29.13,345125,1015686151.0,2.2,-0.68,-0.2,1.64,66554853485.8
2022-08-24,29.29,27.8,29.38,27.8,440559,1253144420.0,5.39,-5.12,-1.5,2.09,63147608426.8
2022-08-25,27.85,27.55,28.19,26.86,418086,1145307979.0,4.78,-0.9,-0.25,1.98,62579734250.3
2022-08-26,27.8,27.61,28.33,27.51,318774,890209702.0,2.98,0.22,0.06,1.51,62716024052.659996
2022-08-29,27.1,27.8,28.15,27.01,280813,779652470.0,4.13,0.69,0.19,1.33,63147608426.8
2022-08-30,27.86,27.72,28.65,27.38,323145,901581841.0,4.57,-0.29,-0.08,1.53,62965888690.32
2022-08-31,27.84,26.83,28.41,26.48,430735,1163253831.0,6.96,-3.21,-0.89,2.04,60944256621.979996
2022-09-01,26.9,27.51,28.13,26.81,461239,1271755169.0,4.92,2.53,0.68,2.19,62488874382.060005
2022-09-02,27.37,26.72,27.54,26.53,335739,902504510.0,3.67,-2.87,-0.79,1.59,60694391984.32
2022-09-05,26.96,26.94,27.58,26.71,387748,1050449996.0,3.26,0.82,0.22,1.84,61194121259.64
2022-09-06,27.05,27.43,27.5,25.2,690619,1827601480.0,8.54,1.82,0.49,3.28,62307154645.58
2022-09-07,27.0,28.07,28.4,26.95,547557,1529605022.0,5.29,2.33,0.64,2.6,63760912537.42
2022-09-08,28.07,27.68,28.39,27.66,276450,772528113.0,2.6,-1.39,-0.39,1.31,62875028822.08
2022-09-09,27.72,27.8,27.98,27.25,239385,660439930.0,2.64,0.43,0.12,1.14,63147608426.8
2022-09-13,27.76,27.35,27.91,26.82,264014,719703781.0,3.92,-1.62,-0.45,1.25,62125434909.100006
2022-09-14,26.76,26.67,27.24,26.41,256656,686700105.0,3.03,-2.49,-0.68,1.22,60580817149.020004
2022-09-15,26.93,25.27,26.98,25.03,439378,1127400283.0,7.31,-5.25,-1.4,2.08,57400721760.62
2022-09-16,25.18,24.65,25.47,24.55,276219,688867779.0,3.64,-2.45,-0.62,1.31,55992393802.899994
2022-09-19,24.59,24.39,24.89,24.03,336064,819307648.0,3.49,-1.05,-0.26,1.59,55401804659.340004
2022-09-20,24.62,25.35,25.53,24.62,322830,812712387.0,3.73,3.94,0.96,1.53,57582441497.100006
2022-09-21,25.25,25.02,25.48,24.87,208294,522138399.0,2.41,-1.3,-0.33,0.99,56832847584.12
2022-09-22,24.75,24.68,25.41,24.5,320808,796331481.0,3.64,-1.36,-0.34,1.52,56060538704.08
2022-09-23,24.68,24.22,24.94,23.91,291609,708026035.0,4.17,-1.86,-0.46,1.38,55015650219.32
2022-09-26,23.9,24.33,24.82,23.89,258508,632996575.0,3.84,0.45,0.11,1.23,55265514856.979996
2022-09-27,24.58,25.31,25.78,24.58,416350,1054278811.0,4.93,4.03,0.98,1.98,57491581628.86
2022-09-28,26.27,24.82,26.45,24.62,578016,1475045224.0,7.23,-1.94,-0.49,2.74,56378548242.92
2022-09-29,25.25,25.14,25.36,24.31,330426,825362280.0,4.23,1.29,0.32,1.57,57105427188.840004
2022-09-30,24.96,24.13,25.16,24.07,283154,693489893.0,4.34,-4.02,-1.01,1.34,54811215515.78
2022-10-10,24.3,23.72,24.7,23.49,292025,698973912.0,5.01,-1.7,-0.41,1.39,53879901866.32
2022-10-11,23.87,24.4,24.62,23.7,319555,775193000.0,3.88,2.87,0.68,1.52,55424519626.399994
2022-10-12,24.48,26.46,26.53,24.22,607984,1547163830.0,9.47,8.44,2.06,2.89,60103802840.76
2022-10-13,26.2,26.48,26.94,26.03,465431,1240821227.0,3.44,0.08,0.02,2.21,60149232774.88
2022-10-14,26.9,27.24,27.68,26.3,511615,1383974011.0,5.21,2.87,0.76,2.43,61875570271.439995
2022-10-17,27.01,27.64,27.88,26.81,419675,1149460368.0,3.93,1.47,0.4,1.99,62784168953.840004
2022-10-18,27.8,28.35,28.85,27.67,484370,1371160745.0,4.27,2.57,0.71,2.3,64396931615.100006
2022-10-19,28.2,27.8,28.5,27.69,289616,812856809.0,2.86,-1.94,-0.55,1.37,63147608426.8
2022-10-20,27.64,27.33,27.89,27.01,288178,789227509.0,3.17,-1.69,-0.47,1.37,62080004974.979996
2022-10-21,27.6,28.62,28.96,27.6,531440,1517400577.0,4.98,4.72,1.29,2.52,65010235725.72
2022-10-24,28.8,28.27,28.99,27.9,422354,1202665158.0,3.81,-1.22,-0.35,2.0,64215211878.62
2022-10-25,27.99,28.37,28.78,27.77,300858,850972268.0,3.57,0.35,0.1,1.43,64442361549.22
2022-10-26,28.59,27.9,28.77,27.6,463069,1301602465.0,4.12,-1.66,-0.47,2.2,63374758097.399994
2022-10-27,27.61,26.55,27.88,26.5,537729,1451060729.0,4.95,-4.84,-1.35,2.55,60308237544.3
2022-10-28,26.41,26.3,27.33,26.01,416266,1108685927.0,4.97,-0.94,-0.25,1.98,59740363367.8
2022-10-31,25.76,24.9,26.17,24.79,517724,1314003389.0,5.25,-5.32,-1.4,2.46,56560267979.399994
2022-11-01,25.02,25.52,25.53,24.39,486937,1220636108.0,4.58,2.49,0.62,2.31,57968595937.12
2022-11-02,25.2,25.31,25.39,24.73,568671,1426623641.0,2.59,-0.82,-0.21,2.7,57491581628.86
2022-11-03,25.0,24.7,25.7,24.58,550124,1381135104.0,4.43,-2.41,-0.61,2.61,56105968638.2
2022-11-04,24.3,26.3,26.31,24.3,719027,1840871264.0,8.14,6.48,1.6,3.41,59740363367.8
2022-11-07,26.05,25.28,26.25,24.9,752805,1911493270.0,5.13,-3.88,-1.02,3.57,57423436727.68
2022-11-08,25.33,25.55,25.97,25.0,478213,1219533359.0,3.84,1.07,0.27,2.27,58036740838.3
2022-11-09,25.45,24.88,25.45,24.84,379762,949559439.0,2.39,-2.62,-0.67,1.8,56514838045.28
2022-11-10,24.61,25.08,25.1,24.55,285804,709504649.0,2.21,0.8,0.2,1.36,56969137386.479996
2022-11-11,27.0,26.39,27.5,26.34,1068482,2860099597.0,4.63,5.22,1.31,5.07,59944798071.340004
2022-11-14,26.3,25.68,26.4,25.52,762795,1978070091.0,3.33,-2.69,-0.71,3.62,58332035410.08
2022-11-15,25.68,26.22,26.39,25.41,483439,1254521668.0,3.82,2.1,0.54,2.29,59558643631.32
2022-11-16,26.18,25.92,26.61,25.85,643686,1686935485.0,2.9,-1.14,-0.3,3.05,58877194619.520004
2022-11-17,25.72,26.04,26.06,25.53,378310,977843584.0,2.04,0.46,0.12,1.8,59149774224.24
2022-11-18,26.05,26.83,27.2,25.65,681883,1814003633.0,5.95,3.03,0.79,3.24,60944256621.979996
2022-11-21,26.65,27.49,27.85,26.6,605375,1651111062.0,4.66,2.46,0.66,2.87,62443444447.939995
2022-11-22,27.3,26.96,27.5,26.74,380244,1029994145.0,2.76,-1.93,-0.53,1.8,61239551193.76
2022-11-23,27.09,27.61,27.86,26.96,483008,1327059071.0,3.34,2.41,0.65,2.29,62716024052.659996
2022-11-24,27.51,27.2,27.95,27.08,350016,960071864.0,3.15,-1.48,-0.41,1.66,61784710403.2
2022-11-25,27.0,26.41,27.0,26.05,289037,766257101.0,3.49,-2.9,-0.79,1.37,59990228005.46
2022-11-28,25.65,26.92,26.97,25.5,365168,969729842.0,5.57,1.93,0.51,1.73,61148691325.520004
2022-11-29,26.84,26.75,27.0,26.51,283443,758058251.0,1.82,-0.63,-0.17,1.34,60762536885.5
2022-11-30,26.75,26.77,26.85,26.36,252975,673218168.0,1.83,0.07,0.02,1.2,60807966819.62
2022-12-01,26.9,27.42,27.77,26.9,397248,1089805530.0,3.25,2.43,0.65,1.88,62284439678.520004
2022-12-02,26.99,26.56,27.32,26.52,406281,1090027489.0,2.92,-3.14,-0.86,1.93,60330952511.36
2022-12-05,26.78,26.35,26.79,26.1,307275,809325408.0,2.6,-0.79,-0.21,1.46,59853938203.100006
2022-12-06,26.36,26.54,26.98,26.22,264843,702916878.0,2.88,0.72,0.19,1.26,60285522577.24
2022-12-07,26.6,26.0,26.8,25.91,261364,687425627.0,3.35,-2.03,-0.54,1.24,59058914356.0
2022-12-08,25.86,26.09,26.55,25.58,266027,696097688.0,3.73,0.35,0.09,1.26,59263349059.54
2022-12-09,26.22,25.91,26.7,25.89,531431,1397386392.0,3.1,-0.69,-0.18,2.52,58854479652.46
2022-12-12,25.69,25.4,25.95,25.33,313707,799925538.0,2.39,-1.97,-0.51,1.49,57696016332.399994
2022-12-13,25.41,24.91,25.54,24.83,230645,579134259.0,2.8,-1.93,-0.49,1.09,56582982946.46
2022-12-14,24.8,24.69,25.08,24.57,221069,547933902.0,2.05,-0.88,-0.22,1.05,56083253671.14
2022-12-15,24.6,24.88,24.89,24.32,254365,626042468.0,2.31,0.77,0.19,1.21,56514838045.28
2022-12-16,24.73,24.59,24.73,24.11,234642,572092336.0,2.49,-1.17,-0.29,1.11,55856104000.54
2022-12-19,24.46,24.73,24.82,24.29,228045,560040657.0,2.16,0.57,0.14,1.08,56174113539.38
2022-12-20,24.66,25.07,25.12,24.32,323374,805946542.0,3.23,1.37,0.34,1.53,56946422419.42
2022-12-21,25.0,24.64,25.09,24.5,226891,560646878.0,2.35,-1.72,-0.43,1.08,55969678835.840004
2022-12-22,24.85,24.35,24.88,23.67,293522,715186353.0,4.91,-1.18,-0.29,1.39,55310944791.100006
2022-12-23,24.1,24.1,24.32,23.9,125596,302901866.0,1.72,-1.03,-0.25,0.6,54743070614.600006
2022-12-26,24.16,25.41,25.5,24.16,346158,868321459.0,5.56,5.44,1.31,1.64,57718731299.46
2022-12-27,25.41,25.52,25.58,25.28,195461,497821848.0,1.18,0.43,0.11,0.93,57968595937.12
2022-12-28,25.26,25.66,26.02,25.21,279936,719577308.0,3.17,0.55,0.14,1.33,58286605475.96
2022-12-29,25.59,25.66,25.99,25.38,199874,511861028.0,2.38,0.0,0.0,0.95,58286605475.96
2022-12-30,25.71,25.26,26.06,25.16,228531,583969969.0,3.51,-1.56,-0.4,1.08,57378006793.560005
2023-01-03,25.36,26.6,26.8,24.93,469607,1224560589.0,7.4,5.3,1.34,2.23,60421812379.600006
2023-01-04,26.63,26.28,26.77,26.16,227432,600629708.0,2.29,-1.2,-0.32,1.08,59694933433.68
2023-01-05,26.3,26.48,26.7,26.26,227902,603664591.0,1.67,0.76,0.2,1.08,60149232774.88
2023-01-06,26.47,26.7,26.98,26.44,279161,747092726.0,2.04,0.83,0.22,1.32,60648962050.2
2023-01-09,27.2,26.59,27.23,26.41,251660,673597660.0,3.07,-0.41,-0.11,1.19,60399097412.54
2023-01-10,26.5,26.44,26.85,26.37,198857,527134003.0,1.81,-0.56,-0.15,0.94,60058372906.64
2023-01-11,26.78,26.51,26.88,26.4,212280,565353988.0,1.82,0.26,0.07,1.01,60217377676.060005
2023-01-12,26.4,26.53,26.8,26.2,212754,564225023.0,2.26,0.08,0.02,1.01,60262807610.18
2023-01-13,26.57,26.16,26.68,25.99,259184,679933006.0,2.6,-1.39,-0.37,1.23,59422353828.96
2023-01-16,26.18,26.25,26.54,26.02,246725,648604034.0,1.99,0.34,0.09,1.17,59626788532.5
2023-01-17,26.46,26.29,26.75,26.13,209982,554356897.0,2.36,0.15,0.04,1.0,59717648400.74
2023-01-18,26.39,26.6,26.8,26.16,188572,500818748.0,2.43,1.18,0.31,0.89,60421812379.600006
2023-01-19,26.6,26.82,26.86,26.3,193649,514304032.0,2.11,0.83,0.22,0.92,60921541654.92
2023-01-20,26.84,27.3,27.43,26.84,251501,685814425.0,2.2,1.79,0.48,1.19,62011860073.8
2023-01-30,28.0,27.72,28.11,27.57,380782,1060064948.0,1.98,1.54,0.42,1.81,62965888690.32
2023-01-31,27.75,27.84,28.06,27.54,223294,620983496.0,1.88,0.43,0.12,1.06,63238468295.04
2023-02-01,27.83,27.83,28.06,27.4,275391,762951065.0,2.37,-0.04,-0.01,1.31,63215753327.979996
2023-02-02,27.92,27.55,27.95,27.42,205012,566185330.0,1.9,-1.01,-0.28,0.97,62579734250.3
2023-02-03,27.48,27.19,27.59,26.76,253764,685891521.0,3.01,-1.31,-0.36,1.2,61761995436.14
2023-02-06,27.05,26.75,27.08,26.6,153457,411293327.0,1.77,-1.62,-0.44,0.73,60762536885.5
2023-02-07,26.71,26.99,26.99,26.54,173701,465205173.0,1.68,0.9,0.24,0.82,61307696094.939995
2023-02-08,26.97,26.6,27.04,26.56,132867,355502710.0,1.78,-1.44,-0.39,0.63,60421812379.600006
2023-02-09,26.58,27.17,27.35,26.45,240526,651035790.0,3.38,2.14,0.57,1.14,61716565502.020004
2023-02-10,27.03,27.45,27.54,26.97,298756,816873335.0,2.1,1.03,0.28,1.42,62352584579.7
2023-02-13,27.55,27.17,27.55,27.08,214244,583028285.0,1.71,-1.02,-0.28,1.02,61716565502.020004
2023-02-14,27.21,27.02,27.34,26.72,213249,573215118.0,2.28,-0.55,-0.15,1.01,61375840996.12
2023-02-15,27.1,26.6,27.17,26.6,202087,539970541.0,2.11,-1.55,-0.42,0.96,60421812379.600006
2023-02-16,26.66,25.8,26.69,25.55,327513,855477137.0,4.29,-3.01,-0.8,1.55,58604615014.8
2023-02-17,25.82,25.33,25.91,25.25,224254,572693511.0,2.56,-1.82,-0.47,1.06,57537011562.979996
2023-02-20,25.36,25.71,25.73,25.09,206908,527054466.0,2.53,1.5,0.38,0.98,58400180311.26
2023-02-21,25.78,25.9,26.05,25.53,209659,540712359.0,2.02,0.74,0.19,0.99,58831764685.399994
2023-02-22,25.7,25.73,26.11,25.65,184109,476218023.0,1.78,-0.66,-0.17,0.87,58445610245.38
2023-02-23,25.85,25.83,25.98,25.68,138010,356308973.0,1.17,0.39,0.1,0.65,58672759915.979996
2023-02-24,25.79,25.58,25.91,25.4,126242,323303356.0,1.97,-0.97,-0.25,0.6,58104885739.479996
2023-02-27,25.41,25.5,25.9,25.34,167782,429189456.0,2.19,-0.31,-0.08,0.8,57923166003.0
2023-02-28,25.55,25.39,25.65,24.95,216252,546115815.0,2.75,-0.43,-0.11,1.03,57673301365.340004
2023-03-01,25.3,25.41,25.43,25.01,228154,575907020.0,1.65,0.08,0.02,1.08,57718731299.46
2023-03-02,25.41,25.01,25.58,24.92,239458,601919276.0,2.6,-1.57,-0.4,1.14,56810132617.060005
2023-03-03,25.13,25.23,25.36,25.0,149080,375680813.0,1.44,0.88,0.22,0.71,57309861892.38
2023-03-06,25.3,24.97,25.35,24.49,337601,840345287.0,3.41,-1.03,-0.26,1.6,56719272748.82
2023-03-07,24.95,24.66,25.06,24.63,163988,407036064.0,1.72,-1.24,-0.31,0.78,56015108769.96
2023-03-08,24.6,24.58,24.87,24.31,202297,496402225.0,2.27,-0.32,-0.08,0.96,55833389033.479996
2023-03-09,24.6,24.43,24.72,24.36,127285,311980963.0,1.46,-0.61,-0.15,0.6,55492664527.58
2023-03-10,24.21,23.94,24.26,23.88,250548,601170911.0,1.56,-2.01,-0.49,1.19,54379631141.64
2023-03-13,23.93,23.79,24.18,23.6,253697,603399327.0,2.42,-0.63,-0.15,1.2,54038906635.74
2023-03-14,23.86,22.99,23.86,22.5,456563,1050363921.0,5.72,-3.36,-0.8,2.16,52221709270.939995
2023-03-15,23.1,23.15,23.58,23.0,243468,566348824.0,2.52,0.7,0.16,1.15,52585148743.899994
2023-03-16,22.96,22.38,22.96,22.25,248577,561969639.0,3.07,-3.33,-0.77,1.18,50836096280.28
2023-03-17,22.6,22.09,22.68,22.08,270683,603007225.0,2.68,-1.3,-0.29,1.28,50177362235.54
2023-03-20,22.0,22.25,22.44,21.68,260876,576687344.0,3.44,0.72,0.16,1.24,50540801708.5
2023-03-21,22.22,22.42,22.43,22.1,226474,504777973.0,1.48,0.76,0.17,1.07,50926956148.520004
2023-03-22,22.45,22.18,22.62,22.1,263198,588122328.0,2.32,-1.07,-0.24,1.25,50381796939.08
2023-03-23,22.15,22.04,22.24,21.69,410018,898995854.0,2.48,-0.63,-0.14,1.94,50063787400.24
2023-03-24,22.04,22.53,22.56,21.81,387298,866706159.0,3.4,2.22,0.49,1.84,51176820786.18
2023-03-27,22.6,22.88,23.0,22.27,462262,1051297802.0,3.24,1.55,0.35,2.19,51971844633.28
2023-03-28,22.94,22.3,22.94,22.1,294667,662985019.0,3.67,-2.53,-0.58,1.4,50654376543.8
2023-03-29,22.4,22.3,22.61,22.2,203518,455010230.0,1.84,0.0,0.0,0.96,50654376543.8
2023-03-30,22.3,22.78,22.78,22.22,227343,512561249.0,2.51,2.15,0.48,1.08,51744694962.68
2023-03-31,22.7,22.51,22.78,22.42,257839,581893609.0,1.58,-1.19,-0.27,1.22,51131390852.060005
2023-04-03,22.5,22.48,22.7,22.23,285170,639839914.0,2.09,-0.13,-0.03,1.35,51063245950.88
2023-04-04,22.48,22.09,22.52,21.86,351465,776648481.0,2.94,-1.73,-0.39,1.67,50177362235.54
2023-04-06,22.0,22.15,22.22,21.77,207462,455740879.0,2.04,0.27,0.06,0.98,50313652037.899994
2023-04-07,22.12,22.32,22.48,22.04,207860,464693486.0,1.99,0.77,0.17,0.99,50699806477.92
2023-04-10,22.34,22.43,22.49,22.2,191414,428276323.0,1.3,0.49,0.11,0.91,50949671115.58
2023-04-11,22.55,22.17,22.55,22.02,210030,466215790.0,2.36,-1.16,-0.26,1.0,50359081972.020004
2023-04-12,22.17,21.89,22.35,21.87,227141,499243615.0,2.17,-1.26,-0.28,1.08,49723062894.340004
2023-04-13,22.05,21.82,22.29,21.51,347904,762273946.0,3.56,-0.32,-0.07,1.65,49564058124.92
2023-04-14,21.9,22.01,22.13,21.7,219856,483073984.0,1.97,0.87,0.19,1.04,49995642499.060005
2023-04-17,22.09,22.43,22.77,22.04,376992,846401372.0,3.32,1.91,0.42,1.79,50949671115.58
2023-04-18,22.37,22.52,22.67,22.33,252999,569399418.0,1.52,0.4,0.09,1.2,51154105819.12
2023-04-19,22.44,22.07,22.5,22.01,249906,553221092.0,2.18,-2.0,-0.45,1.18,50131932301.42
2023-04-20,21.91,21.69,22.06,21.57,267145,580004456.0,2.22,-1.72,-0.38,1.27,49268763553.14
2023-04-21,21.7,21.0,21.88,21.0,344195,731980922.0,4.06,-3.18,-0.69,1.63,47701430826.0
2023-04-24,20.8,20.61,20.97,20.58,251134,520175915.0,1.86,-1.86,-0.39,1.19,46815547110.659996
2023-04-25,20.73,20.18,21.16,19.86,277601,564727599.0,6.31,-2.09,-0.43,1.32,45838803527.08
2023-04-26,20.18,21.1,21.37,20.07,345332,721970347.0,6.44,4.56,0.92,1.64,47928580496.600006
2023-04-27,21.15,21.24,21.38,20.64,217113,456277107.0,3.51,0.66,0.14,1.03,48246590035.439995
2023-04-28,21.25,20.66,21.28,20.62,301009,626871436.0,3.11,-2.73,-0.58,1.43,46929121945.96
2023-05-04,18.59,18.59,18.72,18.59,296504,551314296.0,0.63,-10.02,-2.07,1.41,42227123764.54
2023-05-05,18.2,17.81,18.38,17.52,762414,1363925657.0,4.63,-4.2,-0.78,3.62,40455356333.86
2023-05-08,17.93,18.18,18.38,17.73,385980,697646110.0,3.65,2.08,0.37,1.83,41295810115.08
2023-05-09,18.15,17.8,18.33,17.77,301202,541140375.0,3.08,-2.09,-0.38,1.43,40432641366.8
2023-05-10,17.79,18.25,18.42,17.66,310188,563493769.0,4.27,2.53,0.45,1.47,41454814884.5
2023-05-11,18.25,18.62,18.82,18.16,257747,479451887.0,3.62,2.03,0.37,1.22,42295268665.72
2023-05-12,18.6,18.4,18.75,18.38,151610,281245922.0,1.99,-1.18,-0.22,0.72,41795539390.399994
2023-05-15,18.39,18.94,19.07,18.38,291083,549471635.0,3.75,2.93,0.54,1.38,43022147611.64
2023-05-16,18.94,18.98,19.28,18.84,220460,419888550.0,2.32,0.21,0.04,1.05,43113007479.88
2023-05-17,19.0,18.85,19.12,18.66,178272,335839980.0,2.42,-0.68,-0.13,0.85,42817712908.100006
2023-05-18,18.96,18.85,18.99,18.71,127268,239607097.0,1.49,0.0,0.0,0.6,42817712908.100006
2023-05-19,18.85,18.75,18.95,18.62,129302,242723449.0,1.75,-0.53,-0.1,0.61,42590563237.5
2023-05-22,18.76,18.88,19.1,18.74,116034,219528531.0,1.92,0.69,0.13,0.55,42885857809.28
2023-05-23,18.92,18.76,18.93,18.71,104704,197070933.0,1.17,-0.64,-0.12,0.5,42613278204.560005
2023-05-24,18.66,18.61,18.87,18.55,112193,209826727.0,1.71,-0.8,-0.15,0.53,42272553698.659996
2023-05-25,18.44,18.71,18.89,18.44,128482,240771971.0,2.42,0.54,0.1,0.61,42499703369.26
2023-05-26,18.78,18.46,18.85,18.26,106461,196195467.0,3.15,-1.34,-0.25,0.5,41931829192.76
2023-05-29,18.46,18.01,18.58,17.88,193432,349021459.0,3.79,-2.44,-0.45,0.92,40909655675.060005
2023-05-30,18.01,17.81,18.1,17.5,211487,374331525.0,3.33,-1.11,-0.2,1.0,40455356333.86
2023-05-31,17.75,17.57,17.85,17.57,146805,259326313.0,1.57,-1.35,-0.24,0.7,39910197124.42
2023-06-01,17.58,17.75,17.98,17.58,136450,242961363.0,2.28,1.02,0.18,0.65,40319066531.5
2023-06-02,17.78,18.07,18.13,17.66,172123,309710036.0,2.65,1.8,0.32,0.82,41045945477.42
2023-06-05,18.1,17.84,18.1,17.64,158751,282691804.0,2.55,-1.27,-0.23,0.75,40523501235.04
2023-06-06,17.82,17.33,17.85,17.27,212924,372506983.0,3.25,-2.86,-0.51,1.01,39365037914.979996
2023-06-07,17.32,16.69,17.37,16.64,280551,473778939.0,4.21,-3.69,-0.64,1.33,37911280023.14
2023-06-08,16.65,16.77,17.04,16.65,146717,247246538.0,2.34,0.48,0.08,0.7,38092999759.62
2023-06-09,16.77,17.12,17.28,16.64,199759,338174939.0,3.82,2.09,0.35,0.95,38888023606.72
2023-06-12,16.94,17.17,17.34,16.75,189572,324053074.0,3.45,0.29,0.05,0.9,39001598442.020004
2023-06-13,17.17,16.92,17.26,16.85,147801,250594633.0,2.39,-1.46,-0.25,0.7,38433724265.520004
2023-06-14,16.7,16.4,16.74,16.38,127572,210356929.0,2.13,-3.07,-0.52,0.6,37252545978.399994
2023-06-15,16.4,17.28,17.28,16.37,287547,487531079.0,5.55,5.37,0.88,1.36,39251463079.68
2023-06-16,17.3,17.27,17.43,16.98,202179,347720083.0,2.6,-0.06,-0.01,0.96,39228748112.62
2023-06-19,17.2,17.35,17.45,17.12,147681,255255159.0,1.91,0.46,0.08,0.7,39410467849.100006
2023-06-20,17.42,17.15,17.51,17.12,147614,253981622.0,2.25,-1.15,-0.2,0.7,38956168507.899994
2023-06-21,17.2,16.87,17.44,16.87,139005,237788700.0,3.32,-1.63,-0.28,0.66,38320149430.22
2023-06-26,16.05,16.38,16.67,15.87,239695,392101806.0,4.74,-2.9,-0.49,1.14,37207116044.28
2023-06-27,16.49,16.55,16.95,16.31,180092,298436234.0,3.91,1.04,0.17,0.85,37593270484.3
2023-06-28,16.57,16.58,16.65,16.37,146707,242452655.0,1.69,0.18,0.03,0.7,37661415385.479996
2023-06-29,16.54,16.58,16.98,16.48,157528,262751902.0,3.02,0.0,0.0,0.75,37661415385.479996
2023-06-30,16.53,16.88,16.98,16.4,197050,330255663.0,3.5,1.81,0.3,0.93,38342864397.28
2023-07-03,16.97,17.23,17.39,16.92,219680,377773883.0,2.78,2.07,0.35,1.04,39137888244.38
2023-07-04,17.25,17.18,17.74,17.08,237689,412585285.0,3.83,-0.29,-0.05,1.13,39024313409.08
2023-07-05,17.28,16.89,17.28,16.8,197389,334413118.0,2.79,-1.69,-0.29,0.94,38365579364.340004
2023-07-06,16.91,16.75,16.98,16.57,184747,309419639.0,2.43,-0.83,-0.14,0.88,38047569825.5
2023-07-07,16.75,16.5,16.79,16.47,132839,220694572.0,1.91,-1.49,-0.25,0.63,37479695649.0
2023-07-10,16.54,16.99,17.25,16.54,228335,388301571.0,4.3,2.97,0.49,1.08,38592729034.939995
2023-07-11,16.95,16.83,17.11,16.73,139848,235494928.0,2.24,-0.94,-0.16,0.66,38229289561.979996
2023-07-12,16.8,16.79,17.09,16.51,186003,312696925.0,3.45,-0.24,-0.04,0.88,38138429693.74
2023-07-13,16.75,17.57,17.64,16.72,432537,750071333.0,5.48,4.65,0.78,2.05,39910197124.42
2023-07-14,17.52,17.38,17.76,17.33,253953,443360521.0,2.45,-1.08,-0.19,1.2,39478612750.28
2023-07-17,17.39,17.26,17.5,17.2,169698,293711798.0,1.73,-0.69,-0.12,0.8,39206033145.560005
2023-07-18,17.26,17.15,17.32,16.98,187679,320913252.0,1.97,-0.64,-0.11,0.89,38956168507.899994
2023-07-19,17.12,17.0,17.19,16.93,130947,222966438.0,1.52,-0.87,-0.15,0.62,38615444002.0
2023-07-20,17.02,16.92,17.3,16.92,154852,264048161.0,2.24,-0.47,-0.08,0.73,38433724265.520004
2023-07-21,16.88,16.73,16.96,16.7,130920,219947304.0,1.54,-1.12,-0.19,0.62,38002139891.38
2023-07-24,16.73,16.57,16.79,16.51,108697,180737416.0,1.67,-0.96,-0.16,0.52,37638700418.42
2023-07-25,16.76,17.12,17.2,16.68,233799,398515564.0,3.14,3.32,0.55,1.11,38888023606.72
2023-07-26,17.14,17.28,17.37,17.1,191570,330456082.0,1.58,0.93,0.16,0.91,39251463079.68
2023-07-27,17.28,17.72,18.14,17.26,397885,709293241.0,5.09,2.55,0.44,1.89,40250921630.32
2023-07-28,17.77,17.88,18.03,17.31,257266,455307806.0,4.06,0.9,0.16,1.22,40614361103.28
2023-07-31,17.84,18.03,18.15,17.79,207394,373982267.0,2.01,0.84,0.15,0.98,40955085609.18
2023-08-01,18.0,17.91,18.11,17.81,151118,270574275.0,1.66,-0.67,-0.12,0.72,40682506004.46
2023-08-02,17.86,17.92,17.99,17.7,150262,268154532.0,1.62,0.06,0.01,0.71,40705220971.520004
2023-08-03,17.85,18.05,18.25,17.76,222300,400677129.0,2.73,0.73,0.13,1.05,41000515543.3
2023-08-04,18.08,17.95,18.19,17.91,145925,262880466.0,1.55,-0.55,-0.1,0.69,40773365872.7
2023-08-07,17.98,17.82,18.07,17.67,148618,264577350.0,2.23,-0.72,-0.13,0.7,40478071300.92
2023-08-08,17.8,17.56,17.8,17.4,122476,214824388.0,2.24,-1.46,-0.26,0.58,39887482157.36
2023-08-09,17.56,17.62,17.66,17.41,100190,176083673.0,1.42,0.34,0.06,0.48,40023771959.72
2023-08-10,17.63,17.79,17.92,17.58,94335,167912542.0,1.93,0.96,0.17,0.45,40409926399.74
2023-08-11,17.79,17.3,17.94,17.3,130629,230080119.0,3.6,-2.75,-0.49,0.62,39296893013.8
2023-08-14,17.23,17.37,17.41,16.97,120143,206526628.0,2.54,0.4,0.07,0.57,39455897783.22
2023-08-15,17.34,17.31,17.42,17.2,102738,177768692.0,1.27,-0.35,-0.06,0.49,39319607980.86
2023-08-16,17.23,16.93,17.36,16.92,88359,150933988.0,2.54,-2.2,-0.38,0.42,38456439232.58
2023-08-17,16.91,16.79,16.95,16.71,102465,172280117.0,1.42,-0.83,-0.14,0.49,38138429693.74
2023-08-18,16.83,16.52,16.93,16.52,98058,163596391.0,2.44,-1.61,-0.27,0.46,37525125583.12
2023-08-21,16.54,16.23,16.64,16.23,101251,166018156.0,2.48,-1.76,-0.29,0.48,36866391538.38
2023-08-22,16.34,15.83,16.49,15.64,244722,389668605.0,5.24,-2.46,-0.4,1.16,35957792855.98
2023-08-23,15.8,15.2,15.9,15.19,185084,285229802.0,4.49,-3.98,-0.63,0.88,34526749931.2
2023-08-24,15.19,15.0,15.4,14.92,181284,273447987.0,3.16,-1.32,-0.2,0.86,34072450590.0
2023-08-25,14.9,14.57,14.97,14.5,191263,280750790.0,3.13,-2.87,-0.43,0.91,33095707006.420002
2023-08-28,15.5,14.91,15.5,14.84,204301,308888965.0,4.53,2.33,0.34,0.97,33868015886.46
2023-08-29,14.81,15.03,15.36,14.81,193434,292403408.0,3.69,0.8,0.12,0.92,34140595491.18
2023-08-30,14.99,14.92,15.09,14.81,138232,206607259.0,1.86,-0.73,-0.11,0.66,33890730853.52
2023-08-31,15.19,14.93,15.24,14.91,160283,240589715.0,2.21,0.07,0.01,0.76,33913445820.579998
2023-09-01,14.9,15.37,15.42,14.9,199403,303096233.0,3.48,2.95,0.44,0.95,34912904371.22
2023-09-04,15.45,16.1,16.22,15.31,281037,446352929.0,5.92,4.75,0.73,1.33,36571096966.600006
2023-09-05,16.0,16.09,16.22,15.94,138424,222348487.0,1.74,-0.06,-0.01,0.66,36548381999.54
2023-09-06,16.07,15.97,16.2,15.9,104188,166931936.0,1.86,-0.75,-0.12,0.49,36275802394.82
2023-09-07,15.95,15.62,16.0,15.6,128101,201716851.0,2.5,-2.19,-0.35,0.61,35480778547.72
2023-09-08,15.53,15.53,15.66,15.32,87692,135772556.0,2.18,-0.58,-0.09,0.39,35276343844.18
2023-09-11,15.6,15.88,15.94,15.55,152532,240611649.0,2.51,2.25,0.35,0.68,36071367691.28
2023-09-12,15.84,15.74,15.9,15.67,89489,140894606.0,1.45,-0.88,-0.14,0.4,35753358152.44
2023-09-13,15.74,15.46,15.8,15.37,103993,161169471.0,2.73,-1.78,-0.28,0.46,35117339074.76
2023-09-14,15.51,15.29,15.57,15.2,92529,141666441.0,2.39,-1.1,-0.17,0.41,34731184634.74
2023-09-15,15.36,15.22,15.38,15.11,94249,143627938.0,1.77,-0.46,-0.07,0.42,34572179865.32
2023-09-18,15.21,15.3,15.58,15.12,100243,154022132.0,3.02,0.53,0.08,0.44,34753899601.8
2023-09-19,15.29,15.19,15.38,15.12,78312,119118472.0,1.7,-0.72,-0.11,0.35,34504034964.14
2023-09-20,15.15,15.06,15.2,15.03,105665,159439046.0,1.12,-0.86,-0.13,0.47,34208740392.36
2023-09-21,15.01,14.85,15.14,14.85,96199,143793283.0,1.93,-1.39,-0.21,0.43,33731726084.1
2023-09-22,14.82,15.21,15.23,14.82,118787,179165787.0,2.76,2.42,0.36,0.53,34549464898.26
2023-09-25,15.22,15.13,15.26,14.98,94678,142776646.0,1.84,-0.53,-0.08,0.42,34367745161.78
2023-09-26,15.15,14.98,15.38,14.95,88447,133743736.0,2.84,-0.99,-0.15,0.39,34027020655.88
2023-09-27,14.94,15.59,15.88,14.94,238490,370714348.0,6.28,4.07,0.61,1.05,35412633646.54
2023-09-28,15.63,15.78,15.89,15.53,137429,216528653.0,2.31,1.22,0.19,0.61,35844218020.68
2023-10-09,15.75,15.82,15.98,15.64,165824,262067047.0,2.15,0.25,0.04,0.73,35935077888.92
2023-10-10,15.8,15.54,15.9,15.54,109592,171855138.0,2.28,-1.77,-0.28,0.48,35299058811.24
2023-10-11,15.64,15.38,15.73,15.35,144206,223786569.0,2.45,-1.03,-0.16,0.64,34935619338.28
2023-10-12,15.42,16.01,16.17,15.41,254468,403381410.0,4.94,4.1,0.63,1.12,36366662263.060005
2023-10-13,15.88,15.63,15.93,15.51,127411,199570933.0,2.62,-2.37,-0.38,0.56,35503493514.78
2023-10-16,15.62,15.4,15.81,15.34,121277,187360689.0,3.01,-1.47,-0.23,0.54,34981049272.4
2023-10-17,15.48,15.44,15.84,15.39,123061,191233418.0,2.92,0.26,0.04,0.54,35071909140.64
2023-10-18,15.4,15.15,15.5,15.15,89669,136575986.0,2.27,-1.88,-0.29,0.4,34413175095.9
2023-10-19,15.11,14.91,15.26,14.9,97733,146996774.0,2.38,-1.58,-0.24,0.43,33868015886.46
2023-10-20,14.82,15.19,15.43,14.82,215409,327723900.0,4.09,1.88,0.28,0.95,34504034964.14
2023-10-23,15.24,14.56,15.25,14.42,157418,231459287.0,5.46,-4.15,-0.63,0.7,33072992039.36
2023-10-24,14.62,14.36,14.7,14.15,243993,349656254.0,3.78,-1.37,-0.2,1.08,32618692698.16
2023-10-25,14.5,14.42,14.74,14.37,161623,234628955.0,2.58,0.42,0.06,0.71,32754982500.52
2023-10-26,14.25,13.77,14.25,13.56,336201,463259734.0,4.79,-4.51,-0.65,1.49,31278509641.62
2023-10-27,13.56,14.26,14.31,13.2,272267,377135112.0,8.06,3.56,0.49,1.2,32391543027.56
2023-10-30,14.0,14.2,14.32,13.64,312093,436989657.0,4.77,-0.42,-0.06,1.38,32255253225.199997
2023-10-31,14.24,13.97,14.35,13.78,252284,351740268.0,4.01,-1.62,-0.23,1.12,31732808982.82
2023-11-01,13.96,14.04,14.18,13.85,179098,250820661.0,2.36,0.5,0.07,0.79,31891813752.239998
2023-11-02,14.04,13.72,14.06,13.7,150100,207477788.0,2.56,-2.28,-0.32,0.66,31164934806.32
2023-11-03,13.73,14.04,14.14,13.73,187184,262022604.0,2.99,2.33,0.32,0.83,31891813752.239998
2023-11-06,14.18,14.47,14.57,14.12,211717,305303074.0,3.21,3.06,0.43,0.94,32868557335.82
2023-11-07,14.47,14.41,14.49,14.23,123772,177836390.0,1.8,-0.41,-0.06,0.55,32732267533.46
2023-11-08,14.4,14.49,14.59,14.33,166839,241283825.0,1.8,0.56,0.08,0.74,32913987269.94
2023-11-09,14.4,14.69,14.79,14.38,208077,305095747.0,2.83,1.38,0.2,0.92,33368286611.14
2023-11-10,14.61,14.53,14.62,14.33,143098,207022569.0,1.97,-1.09,-0.16,0.63,33004847138.18
2023-11-13,14.46,14.56,14.68,14.45,115440,167887840.0,1.58,0.21,0.03,0.51,33072992039.36
2023-11-14,14.56,14.5,14.65,14.42,107870,156517356.0,1.58,-0.41,-0.06,0.48,32936702237.0
2023-11-15,14.68,14.76,14.84,14.58,159511,234955244.0,1.79,1.79,0.26,0.71,33527291380.56
2023-11-16,14.7,14.39,14.78,14.38,153481,222689661.0,2.71,-2.51,-0.37,0.68,32686837599.34
2023-11-17,14.39,14.44,14.52,14.23,108103,155225009.0,2.02,0.35,0.05,0.48,32800412434.64
2023-11-20,14.43,14.58,14.62,14.3,128289,186054245.0,2.22,0.97,0.14,0.57,33118421973.48
2023-11-21,14.53,14.5,14.67,14.47,182885,266810401.0,1.37,-0.55,-0.08,0.81,32936702237.0
2023-11-22,14.45,13.91,14.47,13.91,212356,299527796.0,3.86,-4.07,-0.59,0.94,31596519180.46
2023-11-23,13.96,14.06,14.13,13.92,110370,154738595.0,1.51,1.08,0.15,0.49,31937243686.36
2023-11-24,14.0,13.93,14.08,13.85,114532,159948129.0,1.64,-0.92,-0.13,0.51,31641949114.579998
2023-11-27,13.89,13.83,14.03,13.72,147096,203334602.0,2.23,-0.72,-0.1,0.65,31414799443.98
2023-11-28,13.82,13.95,14.02,13.67,189634,263661334.0,2.53,0.87,0.12,0.84,31687379048.699997
2023-11-29,14.02,13.69,14.05,13.67,147959,203838345.0,2.72,-1.86,-0.26,0.65,31096789905.14
2023-11-30,13.68,13.47,13.74,13.43,192675,260375591.0,2.26,-1.61,-0.22,0.85,30597060629.82
2023-12-01,13.47,13.15,13.48,13.02,229300,301671533.0,3.41,-2.38,-0.32,1.01,29870181683.9
2023-12-04,13.11,12.84,13.15,12.75,285625,369560735.0,3.04,-2.36,-0.31,1.26,29166017705.04
2023-12-05,12.89,12.75,13.1,12.75,292082,377153018.0,2.73,-0.7,-0.09,1.29,28961583001.5
2023-12-06,12.73,12.9,12.98,12.68,196984,253792391.0,2.35,1.18,0.15,0.87,29302307507.4
2023-12-07,12.84,12.8,12.86,12.6,203470,259239832.0,2.02,-0.78,-0.1,0.9,29075157836.800003
2023-12-08,12.9,12.79,12.92,12.76,226597,290587823.0,1.25,-0.08,-0.01,1.0,29052442869.739998
2023-12-11,12.71,12.9,12.95,12.48,245927,311360329.0,3.67,0.86,0.11,1.09,29302307507.4
2023-12-12,12.82,12.74,12.87,12.72,162861,208199601.0,1.16,-1.24,-0.16,0.72,28938868034.44
2023-12-13,12.75,12.31,12.75,12.29,215282,267912201.0,3.61,-3.38,-0.43,0.95,27962124450.86
2023-12-14,12.37,12.11,12.5,12.09,203574,249305050.0,3.33,-1.62,-0.2,0.9,27507825109.66
2023-12-15,12.15,11.99,12.3,11.96,243230,294411303.0,2.81,-0.99,-0.12,1.08,27235245504.94
2023-12-18,12.01,11.78,12.04,11.73,217290,256933179.0,2.59,-1.75,-0.21,0.96,26758231196.68
2023-12-19,11.78,11.88,11.98,11.65,192415,227910220.0,2.8,0.85,0.1,0.85,26985380867.280003
2023-12-20,11.88,11.7,11.95,11.66,143241,168754898.0,2.44,-1.52,-0.18,0.63,26576511460.199997
2023-12-21,11.6,11.86,11.96,11.56,256588,301813707.0,3.42,1.37,0.16,1.13,26939950933.16
2023-12-22,11.86,11.96,12.15,11.73,303185,362213514.0,3.54,0.84,0.1,1.34,27167100603.760002
2023-12-25,11.96,11.9,12.08,11.84,152362,182030294.0,2.01,-0.5,-0.06,0.67,27030810801.4
2023-12-26,11.91,11.9,11.98,11.79,179145,213072492.0,1.6,0.0,0.0,0.79,27030810801.4
2023-12-27,11.95,11.82,12.02,11.76,211539,250503212.0,2.18,-0.67,-0.08,0.93,26849091064.920002
2023-12-28,11.94,12.39,12.47,11.79,518117,634150564.0,5.75,4.82,0.57,2.29,28143844187.34
2023-12-29,12.32,12.54,12.55,12.3,376331,468721350.0,2.02,1.21,0.15,1.66,28484568693.239998
2024-01-02,12.56,12.36,12.59,12.32,203970,253026973.0,2.15,-1.44,-0.18,0.9,28075699286.16
2024-01-03,12.28,12.33,12.45,12.24,188218,232076507.0,1.7,-0.24,-0.03,0.83,28007554384.98
2024-01-04,12.33,12.12,12.33,12.0,185680,225137895.0,2.68,-1.7,-0.21,0.82,27530540076.719997
2024-01-05,12.13,11.83,12.31,11.75,210009,252287644.0,4.62,-2.39,-0.29,0.93,26871806031.98
2024-01-08,11.8,11.64,11.99,11.62,193116,226930842.0,3.13,-1.61,-0.19,0.85,26440221657.84
2024-01-09,11.63,11.72,12.0,11.4,250834,293285707.0,5.15,0.69,0.08,1.11,26621941394.32
2024-01-10,11.62,11.67,11.9,11.48,225727,264079407.0,3.58,-0.43,-0.05,1.0,26508366559.02
2024-01-11,11.68,11.86,11.9,11.51,290913,340183079.0,3.34,1.63,0.19,1.29,26939950933.16
2024-01-12,11.82,11.6,11.89,11.49,426126,497239271.0,3.37,-2.19,-0.26,1.88,26349361789.6
2024-01-15,11.51,11.34,11.65,11.32,305753,349614242.0,2.84,-2.24,-0.26,1.35,25758772646.04
2024-01-16,11.31,11.28,11.44,11.09,452657,507696115.0,3.09,-0.53,-0.06,2.0,25622482843.68
2024-01-17,11.24,10.93,11.25,10.92,316092,349832314.0,2.93,-3.1,-0.35,1.4,24827458996.579998
2024-01-18,10.88,11.12,11.15,10.72,379143,414452197.0,3.93,1.74,0.19,1.68,25259043370.719997
2024-01-19,11.09,10.91,11.44,10.91,335821,373328768.0,4.77,-1.89,-0.21,1.48,24782029062.46
2024-01-22,10.89,10.42,10.9,10.28,359879,382771282.0,5.68,-4.49,-0.49,1.59,23668995676.52
2024-01-23,10.36,10.45,10.57,10.2,398390,415700551.0,3.55,0.29,0.03,1.76,23737140577.699997
2024-01-24,10.53,10.51,10.67,10.1,330675,342794121.0,5.45,0.57,0.06,1.46,23873430380.06
2024-01-25,10.52,10.8,10.83,10.37,349677,372228635.0,4.38,2.76,0.29,1.55,24532164424.800003
2024-01-26,10.74,10.67,10.86,10.65,239283,256719270.0,1.94,-1.2,-0.13,1.06,24236869853.02
2024-01-29,10.71,10.37,10.74,10.35,223607,234192142.0,3.66,-2.81,-0.3,0.99,23555420841.219997
2024-01-30,10.33,10.0,10.44,9.99,237428,242087710.0,4.34,-3.57,-0.37,1.05,22714967060.0
2024-01-31,9.0,9.0,9.1,9.0,495928,446595037.0,1.0,-10.0,-1.0,2.19,20443470354.0
2024-02-01,8.6,9.07,9.48,8.4,1382634,1244556654.0,12.0,0.78,0.07,6.11,20602475123.420002
2024-02-02,9.05,8.72,9.45,8.43,823265,739022687.0,11.25,-3.86,-0.35,3.64,19807451276.32
2024-02-05,8.71,8.18,8.71,7.85,677267,557011991.0,9.86,-6.19,-0.54,2.99,18580843055.079998
2024-02-06,8.12,8.45,8.52,7.87,667817,550532362.0,7.95,3.3,0.27,2.95,19194147165.699997
2024-02-07,8.45,8.76,8.94,8.45,704169,615299282.0,5.8,3.67,0.31,3.11,19898311144.56
2024-02-08,8.9,9.07,9.13,8.6,639240,570285814.0,6.05,3.54,0.31,2.83,20602475123.420002
2024-02-19,9.17,9.18,9.26,8.96,479635,436543746.0,3.31,1.21,0.11,2.12,20852339761.079998
2024-02-20,9.15,9.21,9.25,8.95,325160,296886365.0,3.27,0.33,0.03,1.44,20920484662.260002
2024-02-21,9.41,9.54,9.75,9.22,539845,512435540.0,5.75,3.58,0.33,2.39,21670078575.239998
2024-02-22,9.43,9.63,9.66,9.4,349639,334214133.0,2.73,0.94,0.09,1.55,21874513278.780003
2024-02-23,9.63,9.96,9.97,9.61,418372,412070689.0,3.74,3.43,0.33,1.85,22624107191.760002
2024-02-26,9.98,10.12,10.32,9.86,428834,431853405.0,4.62,1.61,0.16,1.9,22987546664.719997
2024-02-27,10.06,10.16,10.17,9.94,372994,375234651.0,2.27,0.4,0.04,1.65,23078406532.96
2024-02-28,10.2,9.84,10.52,9.84,529608,541325025.0,6.69,-3.15,-0.32,2.34,22351527587.04
2024-02-29,9.7,10.2,10.2,9.66,403172,405405146.0,5.49,3.66,0.36,1.78,23169266401.199997
2024-03-01,10.26,10.19,10.29,10.1,281893,286684193.0,1.86,-0.1,-0.01,1.25,23146551434.14
2024-03-04,10.2,10.15,10.32,10.08,255037,259456879.0,2.36,-0.39,-0.04,1.13,23055691565.9
2024-03-05,10.15,9.97,10.15,9.9,304780,304641210.0,2.46,-1.77,-0.18,1.35,22646822158.82
2024-03-06,9.93,10.33,10.49,9.89,493710,505677085.0,6.02,3.61,0.36,2.18,23464560972.98
2024-03-07,10.28,9.91,10.34,9.9,473005,475717729.0,4.26,-4.07,-0.42,2.09,22510532356.46
2024-03-08,10.0,10.13,10.25,9.88,357345,360067300.0,3.73,2.22,0.22,1.58,23010261631.780003
2024-03-11,10.21,10.44,10.46,10.16,468072,483285469.0,2.96,3.06,0.31,2.07,23714425610.64
2024-03-12,10.46,10.45,10.55,10.36,363666,379554930.0,1.82,0.1,0.01,1.61,23737140577.699997
2024-03-13,10.43,10.4,10.56,10.28,330670,344061226.0,2.68,-0.48,-0.05,1.46,23623565742.4
2024-03-14,10.4,10.3,10.49,10.16,284416,293908478.0,3.17,-0.96,-0.1,1.26,23396416071.800003
2024-03-15,10.27,10.22,10.4,10.08,300255,305807915.0,3.11,-0.78,-0.08,1.33,23214696335.32
2024-03-18,10.28,10.42,10.42,10.19,403803,416194635.0,2.25,1.96,0.2,1.78,23668995676.52
2024-03-19,10.44,10.29,10.46,10.29,234390,242590372.0,1.63,-1.25,-0.13,1.04,23373701104.739998
2024-03-20,10.3,10.37,10.49,10.28,244131,252790684.0,2.04,0.78,0.08,1.08,23555420841.219997
2024-03-21,10.41,10.32,10.41,10.2,259890,267823453.0,2.03,-0.48,-0.05,1.15,23441846005.920002
2024-03-22,10.27,9.94,10.3,9.94,368192,369621228.0,3.49,-3.68,-0.38,1.63,22578677257.64
2024-03-25,9.9,9.72,10.04,9.72,287936,283360297.0,3.22,-2.21,-0.22,1.27,22078947982.32
2024-03-26,9.72,9.77,9.82,9.53,303319,293864051.0,2.98,0.51,0.05,1.34,22192522817.62
2024-03-27,9.77,9.35,9.8,9.34,245329,234151887.0,4.71,-4.3,-0.42,1.08,21238494201.1
2024-03-28,9.3,9.4,9.55,9.3,228151,215362835.0,2.67,0.53,0.05,1.01,21352069036.4
2024-03-29,9.35,9.41,9.46,9.27,177170,165988886.0,2.02,0.11,0.01,0.78,21374784003.46
2024-04-01,9.42,9.69,9.69,9.42,222230,213788645.0,2.87,2.98,0.28,0.98,22010803081.14
2024-04-02,10.1,9.84,10.18,9.79,510396,507194978.0,4.02,1.55,0.15,2.25,22351527587.04
2024-04-03,9.75,9.58,9.83,9.55,366240,352612688.0,2.85,-2.64,-0.26,1.62,21760938443.48
2024-04-08,9.49,9.18,9.54,9.18,307935,287226946.0,3.76,-4.18,-0.4,1.36,20852339761.079998
2024-04-09,9.21,9.54,9.54,9.2,364803,345074759.0,3.7,3.92,0.36,1.61,21670078575.239998
2024-04-10,9.5,9.2,9.52,9.14,244696,227305588.0,3.98,-3.56,-0.34,1.08,20897769695.199997
2024-04-11,9.11,9.2,9.31,9.02,209937,192860762.0,3.15,0.0,0.0,0.93,20897769695.199997
2024-04-12,9.55,9.41,9.91,9.4,611105,586580846.0,5.54,2.28,0.21,2.7,21374784003.46
2024-04-15,9.41,9.27,9.61,9.08,446906,414477647.0,5.63,-1.49,-0.14,1.97,21056774464.62
2024-04-16,9.16,8.87,9.27,8.84,384017,345150752.0,4.64,-4.31,-0.4,1.7,20148175782.219997
2024-04-17,8.98,9.17,9.18,8.96,335632,305062185.0,2.48,3.38,0.3,1.48,20829624794.02
2024-04-18,9.16,9.08,9.22,9.01,228325,208599004.0,2.29,-0.98,-0.09,1.01,20625190090.48
2024-04-19,9.04,8.84,9.07,8.81,297367,264508373.0,2.86,-2.64,-0.24,1.31,20080030881.04
2024-04-22,8.82,8.81,8.97,8.71,267781,235969397.0,2.94,-0.34,-0.03,1.18,20011885979.86
2024-04-23,8.72,8.69,8.86,8.66,237718,207518215.0,2.27,-1.36,-0.12,1.05,19739306375.14
2024-04-24,8.7,8.75,8.77,8.6,221478,192879068.0,1.96,0.69,0.06,0.98,19875596177.5
2024-04-25,8.75,8.88,8.93,8.65,234944,207581970.0,3.2,1.49,0.13,1.04,20170890749.280003
2024-04-26,8.85,9.24,9.28,8.74,432399,391331744.0,6.08,4.05,0.36,1.91,20988629563.44
2024-04-29,9.32,10.11,10.16,9.32,1064487,1062092332.0,9.09,9.42,0.87,4.7,22964831697.66
2024-04-30,10.05,9.81,10.1,9.81,673698,668453055.0,2.87,-2.97,-0.3,2.98,22283382685.86
2024-05-06,10.05,10.09,10.13,9.98,499671,503554253.0,1.53,2.85,0.28,2.21,22919401763.54
2024-05-07,10.1,10.16,10.34,10.05,479638,488146775.0,2.87,0.69,0.07,2.12,23078406532.96
2024-05-08,10.14,10.22,10.43,10.1,563277,579572628.0,3.25,0.59,0.06,2.49,23214696335.32
2024-05-09,10.22,10.5,10.54,10.2,562708,585320597.0,3.33,2.74,0.28,2.49,23850715413.0
2024-05-10,10.52,10.65,10.77,10.36,585726,620140577.0,3.9,1.43,0.15,2.59,24191439918.9
2024-05-13,10.67,10.97,11.0,10.65,735323,797941675.0,3.29,3.0,0.32,3.25,24918318864.82
2024-05-14,11.0,10.64,11.07,10.62,644349,690340011.0,4.1,-3.01,-0.33,2.85,24168724951.84
2024-05-15,10.65,10.47,10.75,10.46,456528,480829497.0,2.73,-1.6,-0.17,2.02,23782570511.82
2024-05-16,10.45,10.52,10.66,10.4,308080,324960027.0,2.48,0.48,0.05,1.36,23896145347.12
2024-05-17,10.47,10.53,10.55,10.23,410406,425206726.0,3.04,0.1,0.01,1.81,23918860314.18
2024-05-20,10.5,10.54,10.68,10.41,335195,352773799.0,2.56,0.09,0.01,1.48,23941575281.239998
2024-05-21,10.51,10.32,10.53,10.28,216948,225259472.0,2.37,-2.09,-0.22,0.96,23441846005.920002
2024-05-22,10.38,10.63,10.7,10.34,409348,430962866.0,3.49,3.0,0.31,1.81,24146009984.780003
2024-05-23,10.52,10.42,10.54,10.39,279343,292032218.0,1.41,-1.98,-0.21,1.23,23668995676.52
2024-05-24,10.42,10.39,10.58,10.36,234100,244709702.0,2.11,-0.29,-0.03,1.03,23600850775.34
2024-05-27,10.42,10.42,10.48,10.21,305508,315545145.0,2.6,0.29,0.03,1.35,23668995676.52
2024-05-28,10.38,10.35,10.62,10.35,310652,325921472.0,2.59,-0.67,-0.07,1.37,23509990907.1
2024-05-29,10.29,10.48,10.77,10.26,518168,547017994.0,4.93,1.26,0.13,2.29,23805285478.88
2024-05-30,10.59,10.41,10.67,10.33,332307,347827530.0,3.24,-0.67,-0.07,1.47,23646280709.46
2024-05-31,10.33,10.17,10.42,10.17,459473,472751925.0,2.4,-2.31,-0.24,2.03,23101121500.02
2024-06-03,10.0,10.23,10.29,10.0,372620,378758483.0,2.85,0.59,0.06,1.65,23237411302.38
2024-06-04,10.19,10.41,10.42,10.07,260092,266583632.0,3.42,1.76,0.18,1.15,23646280709.46
2024-06-05,10.37,10.37,10.49,10.28,261127,271515014.0,2.02,-0.38,-0.04,1.15,23555420841.219997
2024-06-06,10.33,10.27,10.48,10.2,276337,284516070.0,2.7,-0.96,-0.1,1.22,23328271170.62
2024-06-07,10.28,10.23,10.36,10.04,331479,337588166.0,3.12,-0.39,-0.04,1.46,23237411302.38
2024-06-11,10.19,10.21,10.25,9.99,301517,304945500.0,2.54,-0.2,-0.02,1.33,23191981368.260002
2024-06-12,10.18,10.24,10.27,10.02,318186,322697381.0,2.45,0.29,0.03,1.41,23260126269.44
2024-06-13,10.21,10.33,10.49,10.18,424312,439354677.0,3.03,0.88,0.09,1.87,23464560972.98
2024-06-14,10.29,10.97,10.97,10.19,1026945,1099961279.0,7.55,6.2,0.64,4.54,24918318864.82
2024-06-17,10.84,10.55,10.84,10.31,872219,918800138.0,4.83,-3.83,-0.42,3.85,23964290248.300003
2024-06-18,10.48,10.56,10.62,10.34,372658,390890964.0,2.65,0.09,0.01,1.65,23987005215.36
2024-06-19,10.5,10.2,10.52,10.19,462014,474321124.0,3.13,-3.41,-0.36,2.04,23169266401.199997
2024-06-20,10.15,9.94,10.23,9.94,337920,338774902.0,2.84,-2.55,-0.26,1.49,22578677257.64
2024-06-21,9.92,9.86,9.99,9.8,238375,235304605.0,1.91,-0.8,-0.08,1.05,22396957521.16
2024-06-24,9.87,9.69,9.88,9.62,280896,273319721.0,2.64,-1.72,-0.17,1.24,22010803081.14
2024-06-25,9.71,9.67,9.92,9.59,234290,228736209.0,3.41,-0.21,-0.02,1.03,21965373147.02
2024-06-26,9.67,9.81,9.84,9.49,203850,197355077.0,3.62,1.45,0.14,0.9,22283382685.86
2024-06-27,9.78,9.55,9.89,9.53,198608,192122158.0,3.67,-2.65,-0.26,0.88,21692793542.300003
2024-06-28,9.55,9.44,9.66,9.42,230480,220137678.0,2.51,-1.15,-0.11,1.02,21442928904.64
2024-07-01,9.44,9.8,9.9,9.44,317910,308398363.0,4.87,3.81,0.36,1.4,22260667718.800003
2024-07-02,9.68,9.51,9.83,9.48,236436,227021939.0,3.57,-2.96,-0.29,1.04,21601933674.06
2024-07-03,9.53,9.42,9.56,9.37,161690,152462651.0,2.0,-0.95,-0.09,0.71,21397498970.52
2024-07-04,9.4,9.27,9.47,9.23,157303,147015875.0,2.55,-1.59,-0.15,0.69,21056774464.62
2024-07-05,9.02,9.0,9.04,8.87,169000,151440434.0,1.83,-2.91,-0.27,0.75,20443470354.0
2024-07-08,9.01,8.82,9.06,8.8,166960,148352560.0,2.89,-2.0,-0.18,0.74,20034600946.920002
2024-07-09,8.82,8.93,8.97,8.65,185248,163279276.0,3.63,1.25,0.11,0.82,20284465584.579998
2024-07-10,8.89,8.97,9.16,8.86,176642,159607072.0,3.36,0.45,0.04,0.78,20375325452.82
2024-07-11,9.09,9.15,9.2,9.0,281198,256172415.0,2.23,2.01,0.18,1.24,20784194859.9
2024-07-12,9.1,9.28,9.33,9.08,280821,259371811.0,2.73,1.42,0.13,1.24,21079489431.68
2024-07-15,9.2,9.13,9.25,9.05,187010,170668623.0,2.16,-1.62,-0.15,0.83,20738764925.780003
2024-07-16,9.13,9.09,9.15,8.84,205840,185613551.0,3.4,-0.44,-0.04,0.91,20647905057.54
2024-07-17,9.12,9.05,9.14,8.97,141533,128163301.0,1.87,-0.44,-0.04,0.63,20557045189.300003
2024-07-18,9.01,9.17,9.22,8.88,161089,146029337.0,3.76,1.33,0.12,0.71,20829624794.02
2024-07-19,9.15,9.29,9.35,9.14,168938,156544622.0,2.29,1.31,0.12,0.75,21102204398.739998
2024-07-22,9.29,9.51,9.57,9.28,252941,238968554.0,3.12,2.37,0.22,1.12,21601933674.06
2024-07-23,9.5,9.45,9.74,9.44,307157,294478122.0,3.15,-0.63,-0.06,1.36,21465643871.699997
2024-07-24,9.42,9.54,9.71,9.39,278365,266428811.0,3.39,0.95,0.09,1.23,21670078575.239998
2024-07-25,9.48,9.78,9.84,9.46,392074,380095398.0,3.98,2.52,0.24,1.73,22215237784.68
2024-07-26,9.8,10.05,10.23,9.65,615924,616772545.0,5.93,2.76,0.27,2.72,22828541895.300003
2024-07-29,10.05,9.77,10.1,9.73,421034,416223668.0,3.68,-2.79,-0.28,1.86,22192522817.62
2024-07-30,9.7,9.74,9.87,9.63,209499,204219031.0,2.46,-0.31,-0.03,0.93,22124377916.44
2024-07-31,9.73,9.94,9.97,9.52,351827,344641856.0,4.62,2.05,0.2,1.55,22578677257.64
2024-08-01,9.91,9.85,10.01,9.77,226582,223764537.0,2.41,-0.91,-0.09,1.0,22374242554.1
2024-08-02,9.8,9.75,10.01,9.73,262454,258744058.0,2.84,-1.02,-0.1,1.16,22147092883.5
2024-08-05,9.62,9.56,9.84,9.54,240994,233563719.0,3.08,-1.95,-0.19,1.06,21715508509.36
2024-08-06,9.65,9.87,9.94,9.65,284322,279250175.0,3.03,3.24,0.31,1.26,22419672488.219997
2024-08-07,9.87,9.76,9.9,9.74,142709,140108631.0,1.62,-1.11,-0.11,0.63,22169807850.56
2024-08-08,9.75,9.68,9.79,9.59,147925,143108974.0,2.05,-0.82,-0.08,0.65,21988088114.079998
2024-08-09,9.72,9.49,9.79,9.49,154550,148550101.0,3.1,-1.96,-0.19,0.68,21556503739.94
2024-08-12,9.7,9.52,9.77,9.48,173800,166437520.0,3.06,0.32,0.03,0.77,21624648641.12
2024-08-13,9.46,9.57,9.63,9.39,120971,115104189.0,2.52,0.53,0.05,0.53,21738223476.420002
2024-08-14,9.58,9.32,9.61,9.32,139793,131630923.0,3.03,-2.61,-0.25,0.62,21170349299.920002
2024-08-15,9.35,9.35,9.48,9.22,141280,132099124.0,2.79,0.32,0.03,0.62,21238494201.1
2024-08-16,9.33,9.25,9.37,9.21,132407,123107989.0,1.71,-1.07,-0.1,0.58,21011344530.5
2024-08-19,9.21,9.21,9.31,9.17,126418,116360427.0,1.51,-0.43,-0.04,0.56,20920484662.260002
2024-08-20,9.19,9.01,9.23,9.0,139912,126967008.0,2.5,-2.17,-0.2,0.62,20466185321.06
2024-08-21,8.98,8.86,9.0,8.85,130364,116214970.0,1.66,-1.66,-0.15,0.58,20125460815.16
2024-08-22,8.93,8.58,9.03,8.58,253071,220081719.0,5.08,-3.16,-0.28,1.12,19489441737.48
2024-08-23,8.56,8.47,8.67,8.45,151218,129116517.0,2.56,-1.28,-0.11,0.67,19239577099.82
2024-08-26,8.59,8.67,8.83,8.53,222110,193694033.0,3.54,2.36,0.2,0.98,19693876441.02
2024-08-27,8.66,8.63,8.72,8.48,157077,135120772.0,2.77,-0.46,-0.04,0.69,19603016572.780003
2024-08-28,8.6,9.0,9.08,8.58,269658,239398542.0,5.79,4.29,0.37,1.19,20443470354.0
2024-08-29,9.05,9.03,9.2,8.88,269958,243871570.0,3.56,0.33,0.03,1.19,20511615255.18
2024-08-30,9.0,9.13,9.25,8.9,248777,226185807.0,3.88,1.11,0.1,1.1,20738764925.780003
2024-09-02,9.06,8.64,9.13,8.63,359404,316296765.0,5.48,-5.37,-0.49,1.59,19625731539.84
2024-09-03,8.65,8.68,8.72,8.56,218816,189324890.0,1.85,0.46,0.04,0.97,19716591408.079998
2024-09-04,8.6,8.77,8.89,8.58,219546,192311696.0,3.57,1.04,0.09,0.97,19921026111.62
2024-09-05,8.78,8.74,8.93,8.68,183041,161263626.0,2.85,-0.34,-0.03,0.81,19852881210.44
2024-09-06,8.73,8.5,8.75,8.46,226643,193707204.0,3.32,-2.75,-0.24,1.0,19307722001.0
2024-09-09,8.5,8.38,8.5,8.34,180238,151362197.0,1.88,-1.41,-0.12,0.8,19035142396.280003
2024-09-10,8.39,8.43,8.48,8.28,151121,126458046.0,2.39,0.6,0.05,0.67,19148717231.579998
2024-09-11,8.42,8.42,8.5,8.35,136262,114723865.0,1.78,-0.12,-0.01,0.6,19126002264.52
2024-09-12,8.42,8.46,8.65,8.39,166675,142138690.0,3.09,0.48,0.04,0.74,19216862132.760002
2024-09-13,8.47,8.35,8.53,8.34,132213,111366476.0,2.25,-1.3,-0.11,0.58,18966997495.1
2024-09-18,8.35,8.34,8.39,8.19,127075,105237246.0,2.4,-0.12,-0.01,0.56,18944282528.04
2024-09-19,8.39,8.44,8.57,8.31,146413,123577992.0,3.12,1.2,0.1,0.65,19171432198.64
2024-09-20,8.45,8.36,8.45,8.26,157957,131745064.0,2.25,-0.95,-0.08,0.7,18989712462.16
2024-09-23,8.35,8.11,8.39,8.1,227304,186543398.0,3.47,-2.99,-0.25,1.0,18421838285.66
2024-09-24,8.15,8.51,8.52,8.02,417323,345319513.0,6.17,4.93,0.4,1.84,19330436968.06
2024-09-25,8.62,8.75,9.1,8.6,532477,472425439.0,5.88,2.82,0.24,2.35,19875596177.5
2024-09-26,8.74,9.08,9.08,8.71,330699,294728572.0,4.23,3.77,0.33,1.46,20625190090.48
2024-09-27,9.24,9.82,9.88,9.24,410092,393441906.0,7.05,8.15,0.74,1.81,22306097652.920002
2024-09-30,10.32,10.8,10.8,10.1,860032,907654023.0,7.13,9.98,0.98,3.8,24532164424.800003
2024-10-08,11.88,11.64,11.88,11.0,1104673,1280117257.0,8.15,7.78,0.84,4.88,26440221657.84
2024-10-09,11.5,10.69,11.5,10.54,769723,846890250.0,8.25,-8.16,-0.95,3.4,24282299787.14
2024-10-10,10.78,10.97,11.33,10.78,600300,663163524.0,5.14,2.62,0.28,2.65,24918318864.82
2024-10-11,11.0,10.43,11.05,10.33,384455,406628896.0,6.56,-4.92,-0.54,1.7,23691710643.579998
2024-10-14,10.5,10.55,10.63,10.3,324542,339797050.0,3.16,1.15,0.12,1.43,23964290248.300003
2024-10-15,10.53,10.22,10.55,10.21,282947,293866136.0,3.22,-3.13,-0.33,1.25,23214696335.32
2024-10-16,10.07,10.18,10.26,10.01,288896,292867123.0,2.45,-0.39,-0.04,1.28,23123836467.079998
2024-10-17,10.18,10.0,10.35,9.99,253115,256844413.0,3.54,-1.77,-0.18,1.12,22714967060.0
2024-10-18,10.0,10.34,10.59,9.93,454206,466141725.0,6.6,3.4,0.34,2.01,23487275940.04
2024-10-21,10.39,10.61,10.82,10.39,446411,471777509.0,4.16,2.61,0.27,1.97,24100580050.66
2024-10-22,10.61,11.39,11.54,10.52,850657,948422346.0,9.61,7.35,0.78,3.76,25872347481.34
2024-10-23,11.38,12.07,12.36,11.32,1235374,1484473892.0,9.13,5.97,0.68,5.46,27416965241.420002
2024-10-24,12.0,11.64,12.0,11.6,574892,673911062.0,3.31,-3.56,-0.43,2.54,26440221657.84
2024-10-25,11.59,12.25,12.38,11.53,704389,854355646.0,7.3,5.24,0.61,3.11,27825834648.5
2024-10-28,12.44,12.04,12.48,11.95,582087,707331438.0,4.33,-1.71,-0.21,2.57,27348820340.239998
2024-10-29,12.05,11.7,12.24,11.65,537651,635726706.0,4.9,-2.82,-0.34,2.37,26576511460.199997
2024-10-30,11.62,11.91,12.15,11.6,502947,599452302.0,4.7,1.79,0.21,2.22,27053525768.46
2024-10-31,11.91,12.04,12.23,11.6,649558,775555493.0,5.29,1.09,0.13,2.87,27348820340.239998
2024-11-01,11.97,11.94,12.22,11.54,556851,660817217.0,5.65,-0.83,-0.1,2.46,27121670669.64
2024-11-04,11.95,12.17,12.29,11.89,494596,599904467.0,3.35,1.93,0.23,2.18,27644114912.02
2024-11-05,12.17,12.4,12.46,12.13,521279,642709974.0,2.71,1.89,0.23,2.29,28166559154.4
2024-11-06,12.4,13.17,13.57,12.38,977149,1292668598.0,9.6,6.21,0.77,4.3,29915611618.02
2024-11-07,13.0,13.32,13.55,12.86,685503,910019526.0,5.24,1.14,0.15,3.02,30256336123.920002
2024-11-08,13.36,13.4,13.78,13.36,523203,707925177.0,3.15,0.6,0.08,2.3,30438055860.4
2024-11-11,13.27,13.38,13.53,13.21,399346,534096228.0,2.39,-0.15,-0.02,1.76,30392625926.280003
2024-11-12,13.38,13.26,13.64,13.15,404886,543673458.0,3.66,-0.9,-0.12,1.78,30120046321.56
2024-11-13,13.16,13.12,13.31,12.86,335685,438635405.0,3.39,-1.06,-0.14,1.48,29802036782.719997
2024-11-14,13.12,13.02,13.25,12.93,323943,423988580.0,2.44,-0.76,-0.1,1.43,29574887112.12
2024-11-15,13.01,12.48,13.08,12.42,538283,678976619.0,5.07,-4.15,-0.54,2.37,28348278890.88
2024-11-18,12.45,12.53,12.87,12.36,382264,483003714.0,4.09,0.4,0.05,1.68,28461853726.18
2024-11-19,12.55,12.7,12.76,12.37,242259,305123542.0,3.11,1.36,0.17,1.07,28848008166.199997
2024-11-20,12.64,12.63,12.82,12.4,276667,349006946.0,3.31,-0.55,-0.07,1.22,28689003396.780003
2024-11-21,12.65,12.58,12.86,12.48,215044,272766117.0,3.01,-0.4,-0.05,0.95,28575428561.48
2024-11-22,12.55,12.15,12.57,12.12,224947,278087859.0,3.58,-3.42,-0.43,0.99,27598684977.9
2024-11-25,12.58,12.75,13.28,12.55,533948,686792641.0,6.01,4.94,0.6,2.35,28961583001.5
2024-11-26,12.75,12.52,12.8,12.38,217491,273769623.0,3.29,-1.8,-0.23,0.96,28439138759.12
2024-11-27,12.55,13.77,13.77,12.48,764263,1012854915.0,10.3,9.98,1.25,3.36,31278509641.62
2024-11-28,13.78,13.82,14.2,13.78,701487,983313274.0,3.05,0.36,0.05,3.09,31392084476.920002
2024-11-29,13.86,14.2,14.45,13.83,557946,793763662.0,4.49,2.75,0.38,2.46,32255253225.199997
2024-12-02,14.2,14.69,14.77,14.12,666319,968963478.0,4.58,3.45,0.49,2.93,33368286611.14
2024-12-03,14.77,14.68,15.13,14.63,452371,671370376.0,3.4,-0.07,-0.01,1.99,33345571644.079998
2024-12-04,14.53,14.2,14.67,14.14,460404,658859564.0,3.61,-3.27,-0.48,2.03,32255253225.199997
2024-12-05,14.22,13.97,14.25,13.86,299118,418181517.0,2.75,-1.62,-0.23,1.32,31732808982.82
2024-12-06,13.97,14.08,14.23,13.72,284297,398752562.0,3.65,0.79,0.11,1.25,31982673620.48
2024-12-09,14.03,14.36,14.44,14.03,288255,411244007.0,2.91,1.99,0.28,1.27,32618692698.16
2024-12-10,14.77,14.06,14.8,14.04,443965,633964953.0,5.29,-2.09,-0.3,1.95,31937243686.36
2024-12-11,14.09,14.22,14.35,14.0,188196,267367774.0,2.49,1.14,0.16,0.83,32300683159.32
2024-12-12,14.23,14.49,14.67,14.18,284711,412928974.0,3.45,1.9,0.27,1.25,32913987269.94
2024-12-13,14.45,14.42,14.77,14.38,239540,348558532.0,2.69,-0.48,-0.07,1.05,32754982500.52
2024-12-16,14.44,13.87,14.69,13.79,326447,459536492.0,6.24,-3.81,-0.55,1.44,31505659312.219997
2024-12-17,13.87,13.34,13.98,13.23,372941,504695851.0,5.41,-3.82,-0.53,1.64,30301766058.04
2024-12-18,13.35,13.15,13.47,13.08,301844,398740846.0,2.92,-1.42,-0.19,1.33,29870181683.9
2024-12-19,13.03,13.05,13.16,12.92,276027,359702810.0,1.83,-0.76,-0.1,1.22,29643032013.300003
2024-12-20,13.18,12.9,13.41,12.83,307850,399375805.0,4.44,-1.15,-0.15,1.36,29302307507.4
2024-12-23,12.85,12.71,12.95,12.61,321251,409613345.0,2.64,-1.47,-0.19,1.41,28870723133.260002
2024-12-24,12.69,13.06,13.28,12.69,275366,359370500.0,4.64,2.75,0.35,1.21,29665746980.36
2024-12-25,13.15,12.82,13.18,12.67,207168,265485392.0,3.91,-1.84,-0.24,0.91,29120587770.920002
2024-12-26,12.81,12.87,12.91,12.6,198892,254390804.0,2.42,0.39,0.05,0.88,29234162606.219997
2024-12-27,12.87,12.85,13.04,12.79,140864,181830569.0,1.94,-0.16,-0.02,0.62,29188732672.1
2024-12-30,12.81,12.88,12.97,12.66,163346,209987803.0,2.41,0.23,0.03,0.72,29256877573.280003
2024-12-31,12.85,12.61,12.99,12.6,193954,247288012.0,3.03,-2.1,-0.27,0.85,28643573462.66
2025-01-02,12.63,11.92,12.69,11.8,363322,441286779.0,7.06,-5.47,-0.69,1.6,27076240735.52
2025-01-03,12.02,11.21,12.08,11.09,529018,604954276.0,8.31,-5.96,-0.71,2.33,25463478074.260002
2025-01-06,11.15,10.88,11.34,10.75,576964,633557474.0,5.26,-2.94,-0.33,2.54,24713884161.280003
2025-01-07,10.78,10.79,10.82,10.56,542245,579340628.0,2.39,-0.83,-0.09,2.39,24509449457.739998
2025-01-08,10.72,10.35,10.74,10.12,673779,698227309.0,5.75,-4.08,-0.44,2.97,23509990907.1
2025-01-09,10.35,10.63,10.74,10.25,447169,473541714.0,4.73,2.71,0.28,1.97,24146009984.780003
2025-01-10,10.63,10.57,10.74,10.45,301527,320285547.0,2.73,-0.56,-0.06,1.33,24009720182.420002
2025-01-13,10.48,10.74,10.99,10.41,345853,372239993.0,5.49,1.61,0.17,1.52,24395874622.44
2025-01-14,10.73,11.12,11.14,10.64,295301,324609238.0,4.66,3.54,0.38,1.3,25259043370.719997
2025-01-15,11.08,11.03,11.19,10.88,227569,251073329.0,2.79,-0.81,-0.09,1.0,25054608667.18
2025-01-16,11.05,10.99,11.3,10.85,266729,294541452.0,4.08,-0.36,-0.04,1.17,24963748798.94
2025-01-17,11.0,10.95,11.46,10.9,379980,423404019.0,5.1,-0.36,-0.04,1.67,24872888930.699997
2025-01-20,11.08,11.05,11.2,10.97,239439,265237611.0,2.1,0.91,0.1,1.05,25100038601.300003
2025-01-21,11.1,10.74,11.15,10.71,298848,324690926.0,3.98,-2.81,-0.31,1.32,24395874622.44
2025-01-22,10.7,10.8,11.05,10.66,309160,335708271.0,3.63,0.56,0.06,1.36,24532164424.800003
2025-01-23,10.9,10.6,11.07,10.57,304761,328796092.0,4.63,-1.85,-0.2,1.34,24077865083.6
2025-01-24,10.6,10.62,10.72,10.48,226109,240088472.0,2.26,0.19,0.02,1.0,24123295017.719997
2025-01-27,10.38,10.38,10.64,10.31,252715,263289184.0,3.11,-2.26,-0.24,1.11,23578135808.280003
2025-02-05,10.41,10.48,10.55,10.27,301868,314376546.0,2.7,0.96,0.1,1.33,23805285478.88
2025-02-06,10.53,10.68,10.77,10.38,305232,324090200.0,3.72,1.91,0.2,1.34,24259584820.079998
2025-02-07,10.65,11.15,11.26,10.65,460594,508311212.0,5.71,4.4,0.47,2.03,25327188271.9
2025-02-10,11.2,10.95,11.2,10.88,349516,383719484.0,2.87,-1.79,-0.2,1.54,24872888930.699997
2025-02-11,10.96,10.69,11.0,10.58,375765,402094115.0,3.84,-2.37,-0.26,1.65,24282299787.14
2025-02-12,10.66,10.8,10.81,10.61,235998,252773170.0,1.87,1.03,0.11,1.04,24532164424.800003
2025-02-13,10.75,10.68,10.85,10.67,229923,247122307.0,1.67,-1.11,-0.12,1.01,24259584820.079998
2025-02-14,10.68,10.87,10.95,10.65,312642,339412396.0,2.81,1.78,0.19,1.38,24691169194.219997
2025-02-17,10.86,10.97,11.08,10.73,358152,390884680.0,3.22,0.92,0.1,1.58,24918318864.82
2025-02-18,11.11,10.59,11.16,10.53,396640,427455566.0,5.74,-3.46,-0.38,1.75,24055150116.54
2025-02-19,10.59,10.85,11.0,10.54,385368,416823372.0,4.34,2.46,0.26,1.7,24645739260.1
2025-02-20,10.86,10.72,10.89,10.61,266674,285398287.0,2.58,-1.2,-0.13,1.17,24350444688.32
2025-02-21,10.7,10.76,10.79,10.61,356405,380952939.0,1.68,0.37,0.04,1.57,24441304556.56
2025-02-24,10.7,10.85,11.0,10.66,469010,508935612.0,3.16,0.84,0.09,2.06,24645739260.1
2025-02-25,10.75,10.95,11.15,10.61,499488,545977807.0,4.98,0.92,0.1,2.2,24872888930.699997
2025-02-26,10.96,11.19,11.29,10.95,455894,509695699.0,3.11,2.19,0.24,2.01,25418048140.14
2025-02-27,11.2,10.97,11.25,10.8,395705,434957578.0,4.02,-1.97,-0.22,1.74,24918318864.82
2025-02-28,10.93,10.77,11.03,10.75,331511,360453233.0,2.55,-1.82,-0.2,1.46,24464019523.62
2025-03-03,10.75,10.88,11.13,10.73,433457,474388635.0,3.71,1.02,0.11,1.91,24713884161.280003
2025-03-04,10.83,10.77,10.83,10.64,297893,319011017.0,1.75,-1.01,-0.11,1.31,24464019523.62
2025-03-05,10.75,10.79,10.84,10.56,299949,320859548.0,2.6,0.19,0.02,1.32,24509449457.739998
2025-03-06,10.79,10.94,10.98,10.71,388717,423151403.0,2.5,1.39,0.15,1.71,24850173963.64
2025-03-07,10.87,10.82,10.95,10.66,373029,402240301.0,2.65,-1.1,-0.12,1.64,24577594358.920002
2025-03-10,10.8,10.83,10.93,10.67,245226,264265285.0,2.4,0.09,0.01,1.08,24600309325.98
2025-03-11,10.73,10.96,10.97,10.61,357213,387406388.0,3.32,1.2,0.13,1.57,24895603897.760002
2025-03-12,10.92,10.91,11.07,10.85,322321,352781004.0,2.01,-0.46,-0.05,1.42,24782029062.46
2025-03-13,10.91,10.94,11.12,10.83,452563,495729854.0,2.66,0.27,0.03,1.99,24850173963.64
2025-03-14,10.94,11.18,11.27,10.94,505497,562980031.0,3.02,2.19,0.24,2.23,25395333173.079998
2025-03-17,11.27,11.43,11.76,11.27,632293,728594936.0,4.38,2.24,0.25,2.78,25963207349.579998
2025-03-18,11.45,11.55,11.61,11.39,400026,459439150.0,1.92,1.05,0.12,1.76,26235786954.300003
2025-03-19,11.5,11.38,11.52,11.32,347996,396443136.0,1.73,-1.47,-0.17,1.53,25849632514.280003
2025-03-20,11.37,11.67,11.8,11.25,588078,681072447.0,4.83,2.55,0.29,2.59,26508366559.02
2025-03-21,11.64,12.05,12.24,11.58,900217,1081583348.0,5.66,3.26,0.38,3.96,27371535307.300003
2025-03-24,12.21,11.66,12.25,11.37,745456,873250457.0,7.3,-3.24,-0.39,3.28,26485651591.96
2025-03-25,11.54,11.47,11.74,11.33,397869,457111870.0,3.52,-1.63,-0.19,1.75,26054067217.82
2025-03-26,11.47,11.57,11.74,11.38,345559,400662951.0,3.14,0.87,0.1,1.52,26281216888.420002
2025-03-27,11.56,11.32,11.56,11.2,289510,328338411.0,3.11,-2.16,-0.25,1.27,25713342711.920002
2025-03-28,11.31,11.02,11.39,11.02,295413,330454919.0,3.27,-2.65,-0.3,1.3,25031893700.12
2025-03-31,10.97,10.88,11.09,10.82,272655,297660053.0,2.45,-1.27,-0.14,1.2,24713884161.280003
2025-04-01,10.93,10.92,11.08,10.9,190595,209041384.0,1.65,0.37,0.04,0.84,24804744029.52
2025-04-02,10.89,10.94,10.99,10.82,152306,166099672.0,1.56,0.18,0.02,0.67,24850173963.64
2025-04-03,10.83,10.86,11.15,10.81,192813,210729139.0,3.11,-0.73,-0.08,0.85,24668454227.16
2025-04-07,10.21,9.77,10.32,9.77,375903,371900120.0,5.06,-10.04,-1.09,1.65,22192522817.62
2025-04-08,9.64,9.65,9.87,9.36,378743,363269870.0,5.22,-1.23,-0.12,1.67,21919943212.9
2025-04-09,9.5,9.69,9.76,9.05,359508,339299321.0,7.36,0.41,0.04,1.58,22010803081.14
2025-04-10,9.86,9.81,9.98,9.8,298879,295765453.0,1.86,1.24,0.12,1.32,22283382685.86
2025-04-11,9.77,9.73,9.87,9.69,214291,209527456.0,1.83,-0.82,-0.08,0.94,22101662949.38
2025-04-14,9.81,9.9,10.0,9.81,226563,224896788.0,1.95,1.75,0.17,1.0,22487817389.4
2025-04-15,9.9,9.81,9.93,9.68,208766,203895986.0,2.53,-0.91,-0.09,0.92,22283382685.86
2025-04-16,9.74,9.66,9.78,9.56,189450,183106632.0,2.24,-1.53,-0.15,0.83,21942658179.96
2025-04-17,9.6,9.8,9.88,9.58,230615,225856582.0,3.11,1.45,0.14,1.02,22260667718.800003
2025-04-18,9.78,10.05,10.08,9.75,265016,264577502.0,3.37,2.55,0.25,1.17,22828541895.300003
2025-04-21,10.0,10.12,10.38,10.0,243134,247306564.0,3.78,0.7,0.07,1.07,22987546664.719997
2025-04-22,10.08,10.09,10.19,10.05,128211,129867293.0,1.38,-0.3,-0.03,0.56,22919401763.54
2025-04-23,10.13,10.19,10.26,10.11,128413,130836330.0,1.49,0.99,0.1,0.57,23146551434.14
2025-04-24,10.2,10.21,10.49,10.16,198386,204698949.0,3.24,0.2,0.02,0.87,23191981368.260002
2025-04-25,10.18,10.39,10.42,10.16,163553,168593972.0,2.55,1.76,0.18,0.72,23600850775.34
2025-04-28,10.38,10.55,10.88,10.38,410151,437133031.0,4.81,1.54,0.16,1.81,23964290248.300003
2025-04-29,10.55,10.27,10.55,10.25,228680,237372842.0,2.84,-2.65,-0.28,1.01,23328271170.62
2025-04-30,10.25,10.21,10.32,10.2,185403,190044353.0,1.17,-0.58,-0.06,0.82,23191981368.260002
2025-05-06,10.31,10.4,10.41,10.26,197308,204433937.0,1.47,1.86,0.19,0.87,23623565742.4
2025-05-07,10.52,10.58,10.58,10.42,243134,255288565.0,1.54,1.73,0.18,1.07,24032435149.48
2025-05-08,10.55,10.51,10.61,10.48,174400,184044809.0,1.23,-0.66,-0.07,0.77,23873430380.06
2025-05-09,10.54,10.47,10.57,10.32,188557,196586025.0,2.38,-0.38,-0.04,0.83,23782570511.82
2025-05-12,10.54,10.67,10.73,10.49,212598,224796788.0,2.29,1.91,0.2,0.94,24236869853.02
2025-05-13,10.76,10.65,10.8,10.6,204913,218780811.0,1.87,-0.19,-0.02,0.9,24191439918.9
2025-05-14,10.63,10.68,10.73,10.51,198527,210746176.0,2.07,0.28,0.03,0.87,24259584820.079998
2025-05-15,10.66,10.46,10.66,10.42,176417,185672288.0,2.25,-2.06,-0.22,0.78,23759855544.760002
2025-05-16,10.42,10.55,10.67,10.4,147843,156509137.0,2.58,0.86,0.09,0.65,23964290248.300003
2025-05-19,10.55,10.45,10.55,10.41,122118,127791493.0,1.33,-0.95,-0.1,0.54,23737140577.699997
2025-05-20,10.45,10.41,10.47,10.33,125824,130669202.0,1.34,-0.38,-0.04,0.55,23646280709.46
2025-05-21,10.41,10.45,10.53,10.34,151751,158150701.0,1.83,0.38,0.04,0.67,23737140577.699997
2025-05-22,10.41,10.31,10.52,10.3,126855,131830566.0,2.11,-1.34,-0.14,0.56,23419131038.86
2025-05-23,10.32,10.08,10.39,10.08,181663,185777839.0,3.01,-2.23,-0.23,0.8,22896686796.48
2025-05-26,10.11,10.03,10.21,9.99,229409,230989599.0,2.18,-0.5,-0.05,1.01,22783111961.18
2025-05-27,10.0,9.93,10.04,9.86,216859,215035273.0,1.79,-1.0,-0.1,0.95,22555962290.579998
2025-05-28,9.92,9.92,9.96,9.83,145288,143620809.0,1.31,-0.1,-0.01,0.64,22533247323.52
2025-05-29,9.92,10.07,10.14,9.9,241160,242650946.0,2.42,1.51,0.15,1.06,22873971829.420002
2025-05-30,10.03,10.05,10.19,9.95,194249,195899308.0,2.38,-0.2,-0.02,0.86,22828541895.300003
2025-06-03,10.02,10.24,10.31,9.98,244522,248533530.0,3.28,1.89,0.19,1.08,23260126269.44
2025-06-04,10.23,10.27,10.33,10.17,165623,169808970.0,1.56,0.29,0.03,0.73,23328271170.62
2025-06-05,10.28,10.18,10.3,10.15,167231,170684736.0,1.46,-0.88,-0.09,0.74,23123836467.079998
2025-06-06,10.17,10.22,10.25,10.12,141452,144057097.0,1.28,0.39,0.04,0.62,23214696335.32
2025-06-09,10.22,10.33,10.45,10.22,188033,194999953.0,2.25,1.08,0.11,0.83,23464560972.98
2025-06-10,10.3,10.14,10.35,10.05,178870,182092593.0,2.9,-1.84,-0.19,0.79,23032976598.84
2025-06-11,10.13,10.21,10.29,10.12,125603,128440585.0,1.68,0.69,0.07,0.55,23191981368.260002
2025-06-12,10.21,10.12,10.21,10.1,124083,125742639.0,1.08,-0.88,-0.09,0.55,22987546664.719997
2025-06-13,10.1,10.04,10.16,10.03,149110,150327735.0,1.28,-0.79,-0.08,0.66,22805826928.239998
2025-06-16,10.04,10.69,10.88,10.04,744655,791405706.0,8.37,6.47,0.65,3.28,24282299787.14
2025-06-17,10.59,10.66,10.89,10.57,339259,363150428.0,2.99,-0.28,-0.03,1.49,24214154885.96
2025-06-18,10.63,10.95,10.98,10.59,409041,443192860.0,3.66,2.72,0.29,1.8,24872888930.699997
2025-06-19,10.92,10.73,11.11,10.67,356950,387538538.0,4.02,-2.01,-0.22,1.57,24373159655.38
2025-06-20,10.73,10.67,10.79,10.63,195459,208875297.0,1.49,-0.56,-0.06,0.86,24236869853.02
2025-06-23,10.67,10.91,11.17,10.56,489207,535044286.0,5.72,2.25,0.24,2.15,24782029062.46
2025-06-24,10.95,11.12,11.29,10.85,433323,480024486.0,4.03,1.92,0.21,1.91,25259043370.719997
2025-06-25,11.12,11.27,11.28,11.02,385579,429828395.0,2.34,1.35,0.15,1.7,25599767876.62
2025-06-26,11.23,11.19,11.48,11.17,371807,421286132.0,2.75,-0.71,-0.08,1.64,25418048140.14
2025-06-27,11.19,11.33,11.45,11.19,266959,302011235.0,2.32,1.25,0.14,1.18,25736057678.98
2025-06-30,11.41,11.49,11.61,11.35,301335,345786238.0,2.29,1.41,0.16,1.33,26099497151.94
2025-07-01,11.46,11.6,11.67,11.37,285349,329573333.0,2.61,0.96,0.11,1.26,26349361789.6
2025-07-02,11.99,11.33,11.99,11.3,527936,605212073.0,5.95,-2.33,-0.27,2.32,25736057678.98
2025-07-03,11.28,11.37,11.38,11.25,274965,311071215.0,1.15,0.35,0.04,1.21,25826917547.219997
2025-07-04,11.14,10.98,11.15,10.92,271029,298529539.0,2.02,-3.43,-0.39,1.19,24941033831.88
2025-07-07,10.92,11.05,11.11,10.92,179422,197576222.0,1.73,0.64,0.07,0.79,25100038601.300003
2025-07-08,11.05,11.53,11.59,11.01,452414,517715956.0,5.25,4.34,0.48,1.99,26190357020.18
2025-07-09,11.55,11.38,11.8,11.34,325083,374159742.0,3.99,-1.3,-0.15,1.43,25849632514.280003
2025-07-10,11.33,11.49,11.55,11.31,262825,300675552.0,2.11,0.97,0.11,1.16,26099497151.94
2025-07-11,11.49,11.37,11.52,11.33,252107,287262830.0,1.65,-1.04,-0.12,1.11,25826917547.219997
2025-07-14,11.37,11.28,11.39,11.25,148260,167486451.0,1.23,-0.79,-0.09,0.65,25622482843.68
2025-07-15,11.28,11.12,11.32,11.05,197389,219800458.0,2.39,-1.42,-0.16,0.87,25259043370.719997
2025-07-16,11.13,11.02,11.15,10.98,204061,225019772.0,1.53,-0.9,-0.1,0.9,25031893700.12
2025-07-17,11.05,11.18,11.19,11.0,190196,210941560.0,1.72,1.45,0.16,0.84,25395333173.079998
2025-07-18,11.2,11.23,11.3,11.04,196302,219158566.0,2.33,0.45,0.05,0.86,25508908008.38
2025-07-21,11.23,11.49,11.56,11.21,256504,292849158.0,3.12,2.32,0.26,1.13,26099497151.94
2025-07-22,11.47,11.6,11.62,11.4,239953,276933374.0,1.91,0.96,0.11,1.06,26349361789.6
2025-07-23,11.59,11.37,11.63,11.3,283157,325223807.0,2.84,-1.98,-0.23,1.25,25826917547.219997
2025-07-24,11.39,11.53,11.54,11.29,258014,295767983.0,2.2,1.41,0.16,1.14,26190357020.18
2025-07-25,11.59,11.6,11.95,11.47,336564,395408374.0,4.16,0.61,0.07,1.48,26349361789.6
2025-07-28,11.61,11.66,11.71,11.41,208060,241452117.0,2.59,0.52,0.06,0.92,26485651591.96
2025-07-29,11.66,11.58,11.66,11.45,174739,201516028.0,1.8,-0.69,-0.08,0.77,26303931855.48
2025-07-30,11.57,11.48,11.68,11.41,167302,193068771.0,2.33,-0.86,-0.1,0.74,26076782184.88
2025-07-31,11.43,11.1,11.52,11.03,280467,314267129.0,4.27,-3.31,-0.38,1.23,25213613436.6
2025-08-01,11.18,11.26,11.42,11.12,209421,236111114.0,2.7,1.44,0.16,0.92,25577052909.56
2025-08-04,11.18,11.08,11.22,11.05,291740,323534086.0,1.51,-1.6,-0.18,1.28,25168183502.48
2025-08-05,11.11,11.1,11.15,11.06,239348,265471445.0,0.81,0.18,0.02,1.05,25213613436.6
2025-08-06,11.11,11.01,11.13,10.98,267862,295317530.0,1.35,-0.81,-0.09,1.18,25009178733.06
2025-08-07,11.01,10.92,11.04,10.82,315192,343975829.0,2.0,-0.82,-0.09,1.39,24804744029.52
2025-08-08,10.88,11.22,11.39,10.88,460329,514938369.0,4.67,2.75,0.3,2.03,25486193041.32
