交易日期,开盘价,收盘价,最高价,最低价,成交量,成交额,振幅,涨跌幅,涨跌额,换手率,流通市值
2022-02-16,5.03,6.03,6.03,5.03,16161,9713030.0,23.87,43.91,1.84,1.62,2400257376.9900002
2022-02-17,6.63,6.63,6.63,6.63,4400,2917379.0,0.0,9.95,0.6,0.44,2639088956.79
2022-02-18,7.29,7.29,7.29,7.29,4592,3347444.0,0.0,9.95,0.66,0.46,2901803694.57
2022-02-21,8.02,8.02,8.02,8.02,3785,3035586.0,0.0,10.01,0.73,0.38,3192382116.66
2022-02-22,8.82,8.82,8.82,8.82,20971,18496307.0,0.0,9.98,0.8,2.11,3510824223.06
2022-02-23,9.7,9.7,9.7,9.7,5409,5247176.0,0.0,9.98,0.88,0.54,3861110540.1
2022-02-24,10.67,10.67,10.67,10.67,6461,6893492.0,0.0,10.0,0.97,0.65,4247221594.11
2022-02-25,11.74,11.74,11.74,11.74,15942,18716131.0,0.0,10.03,1.07,1.6,4673137911.42
2022-02-28,12.91,12.91,12.91,12.91,7902,10201108.0,0.0,9.97,1.17,0.79,5138859492.03
2022-03-01,14.2,14.2,14.2,14.2,56842,80715342.0,0.0,9.99,1.29,5.71,5652347388.599999
2022-03-02,15.62,15.62,15.62,15.62,67124,104847126.0,0.0,10.0,1.42,6.75,6217582127.46
2022-03-03,17.18,17.18,17.18,17.18,14824,25467976.0,0.0,9.99,1.56,1.49,6838544234.94
2022-03-04,18.38,18.9,18.9,18.01,486999,904829024.0,5.18,10.01,1.72,48.94,7523194763.7
2022-03-07,19.0,19.7,20.79,17.85,785404,1519881360.0,15.56,4.23,0.8,78.92,7841636870.099999
2022-03-08,18.17,18.59,20.22,17.73,571482,1067460896.0,12.64,-5.63,-1.11,57.43,7399798447.47
2022-03-09,19.2,20.45,20.45,18.18,643082,1263309744.0,12.21,10.01,1.86,64.62,8140176344.849999
2022-03-10,20.45,20.82,22.5,19.2,704797,1510218880.0,16.14,1.81,0.37,70.82,8287455819.06
2022-03-11,19.66,20.9,22.0,19.01,537630,1110306320.0,14.36,0.38,0.08,54.03,8319300029.7
2022-03-14,21.21,19.07,22.05,19.07,537994,1106406672.0,14.26,-8.76,-1.83,54.06,7590863711.31
2022-03-15,18.5,17.16,18.5,17.16,422135,750640304.0,7.03,-10.02,-1.91,42.42,6830583182.28
2022-03-16,17.41,18.19,18.63,15.84,476743,821794752.0,16.26,6.0,1.03,47.91,7240577394.27
2022-03-17,17.6,20.01,20.01,17.52,430260,833910176.0,13.69,10.01,1.82,43.24,7965033186.330001
2022-03-18,22.01,22.01,22.01,22.01,61501,135363173.0,0.0,10.0,2.0,6.18,8761138452.33
2022-03-21,24.21,24.21,24.21,24.21,9396,22748563.0,0.0,10.0,2.2,0.94,9636854244.93
2022-03-22,26.63,26.63,26.63,24.12,772657,2023840624.0,10.37,10.0,2.42,77.64,10600141616.789999
2022-03-23,25.92,23.97,27.27,23.97,526868,1328412960.0,12.39,-9.99,-2.66,52.94,9541321613.01
2022-03-24,21.57,22.59,24.85,21.57,565214,1281193792.0,13.68,-5.76,-1.38,56.8,8992008979.47
2022-03-25,22.05,20.33,22.48,20.33,404150,852153056.0,9.52,-10.0,-2.26,40.61,8092410028.889999
2022-03-28,20.24,20.51,21.03,19.64,310522,630885792.0,6.84,0.89,0.18,31.2,8164059502.830001
2022-03-29,19.95,19.32,21.58,19.01,377313,768008112.0,12.53,-5.8,-1.19,37.92,7690376869.56
2022-03-30,18.68,19.22,19.79,17.9,336506,629911280.0,9.78,-0.52,-0.1,33.82,7650571606.259999
2022-03-31,19.0,18.22,19.65,18.13,319216,604552048.0,7.91,-5.2,-1.0,32.08,7252518973.259999
2022-04-01,17.8,17.65,18.49,17.21,263253,467374544.0,7.03,-3.13,-0.57,26.45,7025628972.45
2022-04-06,18.0,18.75,19.41,17.9,316011,590066560.0,8.56,6.23,1.1,31.76,7463486868.75
2022-04-07,18.38,17.57,18.49,17.3,234359,418280800.0,6.35,-6.29,-1.18,23.55,6993784761.81
2022-04-08,17.4,15.85,17.4,15.81,261336,425410256.0,9.05,-9.79,-1.72,26.26,6309134233.05
2022-04-11,15.7,15.15,16.24,14.9,177564,275297792.0,8.45,-4.42,-0.7,17.84,6030497389.95
2022-04-12,15.7,14.94,15.75,14.53,177944,267386176.0,8.05,-1.39,-0.21,17.88,5946906337.0199995
2022-04-13,14.51,14.11,14.87,14.08,180045,258398091.0,5.29,-5.56,-0.83,18.09,5616522651.63
2022-04-14,14.2,15.52,15.52,14.12,154753,229251391.0,9.92,9.99,1.41,15.55,6177776864.16
2022-04-15,15.64,17.07,17.07,15.52,462144,764372352.0,9.99,9.99,1.55,46.44,6794758445.31
2022-04-18,17.2,15.7,17.89,15.44,351480,580779648.0,14.35,-8.03,-1.37,35.32,6249426338.099999
2022-04-19,15.39,15.28,16.0,14.8,261672,398996048.0,7.64,-2.68,-0.42,26.3,6082244232.24
2022-04-20,15.01,14.6,15.19,14.29,177775,261478515.0,5.89,-4.45,-0.68,17.86,5811568441.8
2022-04-21,14.3,13.72,14.9,13.6,172436,244509021.0,8.9,-6.03,-0.88,17.33,5461282124.76
2022-04-22,13.51,13.8,14.5,13.14,186735,258143965.0,9.91,0.58,0.08,18.76,5493126335.400001
2022-04-25,13.69,12.42,14.15,12.42,208211,273531248.0,12.54,-10.0,-1.38,20.92,4943813701.86
2022-04-26,12.0,11.73,12.32,11.58,173720,207349059.0,5.96,-5.56,-0.69,17.46,4669157385.09
2022-04-27,11.5,11.95,12.03,11.05,163658,189022585.0,8.35,1.88,0.22,16.45,4756728964.349999
2022-04-28,11.78,11.36,11.78,11.16,126363,144228639.0,5.19,-4.94,-0.59,12.7,4521877910.88
2022-04-29,11.74,12.1,12.3,11.53,177934,212457523.0,6.78,6.51,0.74,17.88,4816436859.3
2022-05-05,11.92,13.31,13.31,11.78,111513,139790140.0,12.64,10.0,1.21,11.21,5298080545.2300005
2022-05-06,13.81,14.64,14.64,13.5,320357,452783776.0,8.56,9.99,1.33,32.19,5827490547.12
2022-05-09,15.3,14.74,15.98,14.01,425811,630726736.0,13.46,0.68,0.1,42.79,5867295810.42
2022-05-10,14.22,14.41,14.89,14.0,290772,417700896.0,6.04,-2.24,-0.33,29.22,5735938441.53
2022-05-11,14.54,14.59,15.23,14.35,304262,451785936.0,6.11,1.25,0.18,30.58,5807587915.47
2022-05-12,14.28,15.38,15.9,14.21,354397,537306528.0,11.58,5.41,0.79,35.61,6122049495.54
2022-05-13,15.4,15.55,15.55,14.27,354531,525758416.0,8.32,1.11,0.17,35.63,6189718443.150001
2022-05-16,15.6,15.58,16.45,15.01,348710,550586816.0,9.26,0.19,0.03,35.04,6201660022.14
2022-05-17,15.02,14.48,15.25,14.2,245700,358040976.0,6.74,-7.06,-1.1,24.69,5763802125.84
2022-05-18,14.34,14.43,14.84,13.9,150801,218812620.0,6.49,-0.35,-0.05,15.15,5743899494.19
2022-05-19,14.12,14.58,14.63,14.1,119284,171980767.0,3.67,1.04,0.15,11.99,5803607389.14
2022-05-20,14.6,14.34,14.75,14.26,114401,165195562.0,3.36,-1.65,-0.24,11.5,5708074757.22
2022-05-23,14.24,14.91,15.05,14.24,192043,284912736.0,5.65,3.97,0.57,19.3,5934964758.03
2022-05-24,14.85,13.68,14.91,13.62,186658,264793327.0,8.65,-8.25,-1.23,18.76,5445360019.44
2022-05-25,13.64,13.74,13.86,13.42,85166,116075794.0,3.22,0.44,0.06,8.56,5469243177.42
2022-05-26,13.74,13.46,13.74,13.12,84645,113590820.0,4.51,-2.04,-0.28,8.51,5357788440.18
2022-05-27,13.64,13.34,13.64,13.03,81155,108035500.0,4.53,-0.89,-0.12,8.16,5310022124.22
2022-05-30,13.33,13.15,13.35,13.06,58695,77340115.0,2.17,-1.42,-0.19,5.9,5234392123.95
2022-05-31,13.15,13.35,13.37,12.67,82898,108527545.0,5.32,1.52,0.2,8.33,5314002650.55
2022-06-01,13.35,13.08,13.44,13.0,69293,91479750.0,3.3,-2.02,-0.27,6.96,5206528439.64
2022-06-02,13.05,12.98,13.11,12.8,60810,78598604.0,2.37,-0.76,-0.1,6.11,5166723176.34
2022-06-06,12.92,13.13,13.18,12.9,60940,79573262.0,2.16,1.16,0.15,6.12,5226431071.29
2022-06-07,13.17,13.56,13.66,12.77,161861,215677974.0,6.78,3.27,0.43,16.27,5397593703.4800005
2022-06-08,13.34,12.9,13.4,12.81,151440,196610847.0,4.35,-4.87,-0.66,15.22,5134878965.7
2022-06-09,12.78,12.3,12.84,12.3,95712,119404267.0,4.19,-4.65,-0.6,9.62,4896047385.900001
2022-06-10,12.27,12.41,12.56,12.19,54785,68111966.0,3.01,0.89,0.11,5.51,4939833175.53
2022-06-13,12.26,12.46,12.8,12.26,60562,75850063.0,4.35,0.4,0.05,6.09,4959735807.18
2022-06-14,12.38,12.59,12.67,12.03,73363,90676124.0,5.14,1.04,0.13,7.37,5011482649.47
2022-06-15,12.59,12.44,12.69,12.44,67013,84068564.0,1.99,-1.19,-0.15,6.73,4951774754.5199995
2022-06-16,12.44,12.57,12.66,12.39,59452,74712625.0,2.17,1.05,0.13,5.97,5003521596.81
2022-06-17,12.51,12.71,12.74,12.26,93541,117317071.0,3.82,1.11,0.14,9.4,5059248965.43
2022-06-20,12.71,12.99,13.31,12.6,117672,152427145.0,5.59,2.2,0.28,11.82,5170703702.67
2022-06-21,12.88,12.75,13.08,12.52,87241,111521717.0,4.31,-1.85,-0.24,8.77,5075171070.75
2022-06-22,12.6,12.68,12.99,12.45,108645,138664945.0,4.24,-0.55,-0.07,10.92,5047307386.44
2022-06-23,12.52,12.38,12.6,12.18,92339,113705789.0,3.31,-2.37,-0.3,9.28,4927891596.54
2022-06-24,12.38,12.72,13.0,12.29,132606,169265423.0,5.74,2.75,0.34,13.33,5063229491.76
2022-06-27,12.73,12.9,13.34,12.73,114997,149639364.0,4.8,1.42,0.18,11.56,5134878965.7
2022-06-28,12.92,12.83,12.98,12.58,72548,92652625.0,3.1,-0.54,-0.07,7.29,5107015281.39
2022-06-29,12.75,12.36,12.88,12.35,81288,102171766.0,4.13,-3.66,-0.47,8.17,4919930543.88
2022-06-30,12.37,12.45,12.63,12.29,59390,74058797.0,2.75,0.73,0.09,5.97,4955755280.849999
2022-07-01,12.42,12.46,12.62,12.33,49634,61891619.0,2.33,0.08,0.01,4.99,4959735807.18
2022-07-04,12.47,13.71,13.71,12.43,149971,198392570.0,10.27,10.03,1.25,15.07,5457301598.43
2022-07-05,13.93,13.37,14.19,13.16,270735,368848800.0,7.51,-2.48,-0.34,27.21,5321963703.21
2022-07-06,13.37,14.17,14.69,13.27,323757,452545456.0,10.62,5.98,0.8,32.53,5640405809.61
2022-07-07,13.88,13.51,13.88,13.3,198600,268625264.0,4.09,-4.66,-0.66,19.96,5377691071.83
2022-07-08,13.3,13.08,13.46,13.05,130274,172218584.0,3.03,-3.18,-0.43,13.09,5206528439.64
2022-07-11,13.14,14.39,14.39,13.14,168360,237926058.0,9.56,10.02,1.31,16.92,5727977388.87
2022-07-12,14.48,14.19,15.49,14.17,385584,565225720.0,9.17,-1.39,-0.2,38.75,5648366862.2699995
2022-07-13,13.6,14.01,14.28,13.49,193217,267570172.0,5.57,-1.27,-0.18,19.42,5576717388.33
2022-07-14,13.8,14.35,14.59,13.68,205418,292778365.0,6.5,2.43,0.34,20.64,5712055283.55
2022-07-15,14.2,13.71,14.2,13.6,155876,216446437.0,4.18,-4.46,-0.64,15.66,5457301598.43
2022-07-18,13.69,13.88,13.89,13.45,102510,140192891.0,3.21,1.24,0.17,10.3,5524970546.04
2022-07-19,13.85,13.66,13.85,13.46,101450,137890553.0,2.81,-1.59,-0.22,10.19,5437398966.78
2022-07-20,13.66,13.75,13.83,13.55,85259,116751119.0,2.05,0.66,0.09,8.57,5473223703.75
2022-07-21,13.72,14.08,14.88,13.59,214663,306111374.0,9.38,2.4,0.33,21.57,5604581072.64
2022-07-22,13.85,13.76,14.16,13.6,118398,163840671.0,3.98,-2.27,-0.32,11.9,5477204230.08
2022-07-25,13.75,14.26,14.45,13.63,165411,234489604.0,5.96,3.63,0.5,16.62,5676230546.58
2022-07-26,14.11,14.28,14.34,13.77,116218,162780696.0,4.0,0.14,0.02,11.68,5684191599.24
2022-07-27,14.27,14.05,14.27,13.9,91992,129210452.0,2.59,-1.61,-0.23,9.24,5592639493.650001
2022-07-28,14.0,13.87,14.08,13.81,89928,124910004.0,1.92,-1.28,-0.18,9.04,5520990019.71
2022-07-29,13.72,13.14,13.83,13.11,138647,185882180.0,5.19,-5.26,-0.73,13.93,5230411597.62
2022-08-01,13.11,12.99,13.12,12.75,58226,75669172.0,2.82,-1.14,-0.15,5.85,5170703702.67
2022-08-02,12.83,11.93,12.83,11.83,116972,141675371.0,7.7,-8.16,-1.06,11.75,4748767911.69
2022-08-03,11.88,11.86,12.22,11.68,70155,84376107.0,4.53,-0.59,-0.07,7.05,4720904227.38
2022-08-04,11.88,12.06,12.14,11.8,59363,71190712.0,2.87,1.69,0.2,5.97,4800514753.9800005
2022-08-05,12.1,12.14,12.27,11.96,51661,62418611.0,2.57,0.66,0.08,5.19,4832358964.62
2022-08-08,12.44,12.33,12.56,12.22,71666,88739959.0,2.8,1.57,0.19,7.2,4907988964.89
2022-08-09,12.16,12.23,12.28,12.01,52838,64143362.0,2.19,-0.81,-0.1,5.31,4868183701.59
2022-08-10,12.41,12.12,12.41,12.03,51623,62624876.0,3.11,-0.9,-0.11,5.19,4824397911.96
2022-08-11,12.12,12.2,12.27,12.08,51359,62596257.0,1.57,0.66,0.08,5.16,4856242122.599999
2022-08-12,12.25,12.24,12.27,12.09,42870,52294305.0,1.48,0.33,0.04,4.31,4872164227.92
2022-08-15,12.21,12.24,12.34,12.04,51634,62816193.0,2.45,0.0,0.0,5.19,4872164227.92
2022-08-16,12.25,12.18,12.3,12.07,44495,54169571.0,1.88,-0.49,-0.06,4.47,4848281069.94
2022-08-17,12.19,12.24,12.43,12.15,48078,58890036.0,2.3,0.49,0.06,4.83,4872164227.92
2022-08-18,12.2,12.03,12.2,12.0,46116,55579978.0,1.63,-1.72,-0.21,4.63,4788573174.99
2022-08-19,12.0,11.94,12.11,11.94,38925,46772631.0,1.41,-0.75,-0.09,3.91,4752748438.0199995
2022-08-22,11.9,12.05,12.05,11.72,34967,41694365.0,2.76,0.92,0.11,3.51,4796534227.650001
2022-08-23,12.0,11.93,12.0,11.87,25725,30661478.0,1.08,-1.0,-0.12,2.59,4748767911.69
2022-08-24,11.93,11.59,11.99,11.55,50562,59172463.0,3.69,-2.85,-0.34,5.08,4613430016.47
2022-08-25,11.54,11.63,11.76,11.28,36465,41938639.0,4.14,0.35,0.04,3.66,4629352121.79
2022-08-26,11.65,11.47,11.72,11.47,27473,31809352.0,2.15,-1.38,-0.16,2.76,4565663700.51
2022-08-29,11.36,11.5,11.52,11.14,27514,31292101.0,3.31,0.26,0.03,2.76,4577605279.5
2022-08-30,11.46,12.15,12.51,11.42,101969,123000850.0,9.48,5.65,0.65,10.25,4836339490.95
2022-08-31,11.86,11.81,12.01,11.69,60383,71223519.0,2.63,-2.8,-0.34,6.07,4701001595.7300005
2022-09-01,11.73,11.94,12.19,11.7,59918,71687686.0,4.15,1.1,0.13,6.02,4752748438.0199995
2022-09-02,11.86,11.78,11.98,11.71,42371,50023115.0,2.26,-1.34,-0.16,4.26,4689060016.74
2022-09-05,11.78,11.82,12.09,11.76,35400,42002074.0,2.8,0.34,0.04,3.56,4704982122.06
2022-09-06,11.9,11.75,11.91,11.6,36890,43082958.0,2.62,-0.59,-0.07,3.71,4677118437.75
2022-09-07,11.72,11.66,11.76,11.63,25046,29245155.0,1.11,-0.77,-0.09,2.52,4641293700.78
2022-09-08,11.68,11.57,11.74,11.5,31587,36635664.0,2.06,-0.77,-0.09,3.17,4605468963.81
2022-09-09,11.7,11.66,11.89,11.65,38855,45617290.0,2.07,0.78,0.09,3.9,4641293700.78
2022-09-13,11.57,11.71,11.78,11.46,33797,39449083.0,2.74,0.43,0.05,3.4,4661196332.43
2022-09-14,11.56,11.78,11.85,11.46,44447,51694436.0,3.33,0.6,0.07,4.47,4689060016.74
2022-09-15,11.89,11.37,11.92,11.25,42374,48885431.0,5.69,-3.48,-0.41,4.26,4525858437.21
2022-09-16,11.38,10.76,11.41,10.75,39644,43772320.0,5.8,-5.36,-0.61,3.98,4283046331.08
2022-09-19,10.76,10.62,10.76,10.34,32133,33787587.0,3.9,-1.3,-0.14,3.23,4227318962.4599996
2022-09-20,10.62,10.86,11.0,10.61,31924,34506358.0,3.67,2.26,0.24,3.21,4322851594.38
2022-09-21,10.85,10.78,10.87,10.75,22760,24565035.0,1.1,-0.74,-0.08,2.29,4291007383.74
2022-09-22,10.74,10.54,10.8,10.5,26354,28002065.0,2.78,-2.23,-0.24,2.65,4195474751.8199997
2022-09-23,10.61,10.2,10.62,10.17,30432,31450910.0,4.27,-3.23,-0.34,3.06,4060136856.6
2022-09-26,10.4,10.0,10.4,9.94,27493,27691349.0,4.51,-1.96,-0.2,2.76,3980526330.0
2022-09-27,10.01,10.38,10.39,9.91,40930,41930840.0,4.8,3.8,0.38,4.11,4131786330.5400004
2022-09-28,10.33,10.07,10.63,10.07,36405,37535008.0,5.39,-2.99,-0.31,3.66,4008390014.31
2022-09-29,10.15,10.03,10.37,9.96,26794,27206405.0,4.07,-0.4,-0.04,2.69,3992467908.99
2022-09-30,10.01,10.2,10.63,9.98,52507,53972767.0,6.48,1.69,0.17,5.28,4060136856.6
2022-10-10,10.29,10.05,10.43,9.98,47520,48307332.0,4.41,-1.47,-0.15,4.78,4000428961.65
2022-10-11,9.92,9.93,10.19,9.35,43469,42030013.0,8.36,-1.19,-0.12,4.37,3952662645.69
2022-10-12,10.04,10.23,10.27,9.78,40018,40124196.0,4.93,3.02,0.3,4.02,4072078435.59
2022-10-13,10.2,10.37,10.49,10.11,41547,43189620.0,3.71,1.37,0.14,4.18,4127805804.2099996
2022-10-14,10.52,11.41,11.41,10.48,51078,57554986.0,8.97,10.03,1.04,5.13,4541780542.53
2022-10-17,12.55,12.55,12.55,12.55,35646,44736320.0,0.0,9.99,1.14,3.58,4995560544.150001
2022-10-18,13.81,13.81,13.81,13.81,35521,49055053.0,0.0,10.04,1.26,3.57,5497106861.7300005
2022-10-19,13.81,14.36,15.18,13.04,528822,730426140.0,15.5,3.98,0.55,53.14,5716035809.88
2022-10-20,13.38,12.92,14.6,12.92,395816,541128844.0,11.7,-10.03,-1.44,39.78,5142840018.36
2022-10-21,12.1,12.3,12.68,11.86,253387,311046199.0,6.35,-4.8,-0.62,25.46,4896047385.900001
2022-10-24,12.5,12.39,13.3,12.32,206989,262611682.0,7.97,0.73,0.09,20.8,4931872122.87
2022-10-25,11.96,11.3,12.16,11.2,197595,227588619.0,7.75,-8.8,-1.09,19.86,4497994752.900001
2022-10-26,11.29,12.43,12.43,11.27,196395,236621260.0,10.27,10.0,1.13,19.74,4947794228.19
2022-10-27,12.45,12.74,12.94,11.96,322933,402083969.0,7.88,2.49,0.31,32.45,5071190544.42
2022-10-28,12.38,12.45,12.88,12.01,216375,268355745.0,6.83,-2.28,-0.29,21.74,4955755280.849999
2022-10-31,12.43,13.03,13.2,12.31,231321,293654359.0,7.15,4.66,0.58,23.25,5186625807.99
2022-11-01,12.9,13.11,13.29,12.58,248099,321362302.0,5.45,0.61,0.08,24.93,5218470018.63
2022-11-02,12.79,12.72,13.34,12.7,238356,310102447.0,4.88,-2.97,-0.39,23.95,5063229491.76
2022-11-03,12.46,12.76,12.78,12.06,149554,187071467.0,5.66,0.31,0.04,15.03,5079151597.08
2022-11-04,12.55,12.61,12.78,12.51,127610,161157734.0,2.12,-1.18,-0.15,12.82,5019443702.13
2022-11-07,12.63,12.55,12.95,12.52,120235,152394797.0,3.41,-0.48,-0.06,12.08,4995560544.150001
2022-11-08,12.65,12.35,12.71,12.28,108398,134673162.0,3.43,-1.59,-0.2,10.89,4915950017.55
2022-11-09,12.3,12.54,12.65,12.24,111657,139372909.0,3.32,1.54,0.19,11.22,4991580017.82
2022-11-10,12.59,13.79,13.79,12.44,257879,341364543.0,10.77,9.97,1.25,25.91,5489145809.07
2022-11-11,14.56,13.44,15.17,13.28,487113,697643414.0,13.71,-2.54,-0.35,48.95,5349827387.5199995
2022-11-14,12.87,13.51,13.77,12.28,283135,371098606.0,11.09,0.52,0.07,28.45,5377691071.83
2022-11-15,13.53,13.25,13.56,12.95,188276,249282760.0,4.52,-1.92,-0.26,18.92,5274197387.25
2022-11-16,13.22,13.17,13.52,13.0,168358,222947651.0,3.92,-0.6,-0.08,16.92,5242353176.61
2022-11-17,12.95,13.47,13.6,12.8,213046,285764535.0,6.07,2.28,0.3,21.41,5361768966.51
2022-11-18,13.25,13.63,14.24,13.22,273332,376714947.0,7.57,1.19,0.16,27.47,5425457387.79
2022-11-21,13.41,14.99,14.99,13.23,407617,593526468.0,12.91,9.98,1.36,40.96,5966808968.67
2022-11-22,15.22,14.23,15.75,14.0,469665,701262950.0,11.67,-5.07,-0.76,47.2,5664288967.59
2022-11-23,14.07,13.73,14.24,13.25,238816,325045234.0,6.96,-3.51,-0.5,24.0,5465262651.09
2022-11-24,13.8,15.1,15.1,13.8,176975,258040328.0,9.47,9.98,1.37,17.78,6010594758.3
2022-11-25,15.88,14.67,15.95,14.62,434149,665778060.0,8.81,-2.85,-0.43,43.63,5839432126.11
2022-11-28,14.67,14.55,15.28,14.4,284334,420373852.0,6.0,-0.82,-0.12,28.57,5791665810.150001
2022-11-29,14.12,15.06,15.68,13.63,353669,522417658.0,14.09,3.51,0.51,35.54,5994672652.9800005
2022-11-30,14.6,14.58,15.05,14.39,219745,322403977.0,4.38,-3.19,-0.48,22.08,5803607389.14
2022-12-01,14.58,14.24,14.65,13.97,196207,277374526.0,4.66,-2.33,-0.34,19.72,5668269493.92
2022-12-02,14.08,14.64,15.27,14.03,217364,317661285.0,8.71,2.81,0.4,21.84,5827490547.12
2022-12-05,14.38,14.23,14.69,14.04,192894,275253946.0,4.44,-2.8,-0.41,19.38,5664288967.59
2022-12-06,14.0,12.95,14.02,12.9,269510,359895951.0,7.87,-9.0,-1.28,27.08,5154781597.349999
2022-12-07,12.81,13.18,13.4,12.61,148761,194160180.0,6.1,1.78,0.23,14.95,5246333702.94
2022-12-08,13.14,13.18,13.36,12.81,133463,174929679.0,4.17,0.0,0.0,13.41,5246333702.94
2022-12-09,13.12,13.32,13.71,13.01,156831,210079714.0,5.31,1.06,0.14,15.76,5302061071.56
2022-12-12,13.48,13.4,13.65,13.33,142288,191980967.0,2.4,0.6,0.08,14.3,5333905282.2
2022-12-13,13.27,13.04,13.49,13.0,103674,135845506.0,3.66,-2.69,-0.36,10.42,5190606334.32
2022-12-14,13.0,12.55,13.03,12.45,110706,139975401.0,4.45,-3.76,-0.49,11.12,4995560544.150001
2022-12-15,12.58,12.94,13.05,12.55,108953,140527720.0,3.98,3.11,0.39,10.95,5150801071.0199995
2022-12-16,12.94,12.81,13.05,12.75,87350,112560242.0,2.32,-1.0,-0.13,8.78,5099054228.7300005
2022-12-19,12.88,12.26,13.0,12.14,88017,109391128.0,6.71,-4.29,-0.55,8.84,4880125280.58
2022-12-20,12.12,11.96,12.26,11.73,61005,72721767.0,4.32,-2.45,-0.3,6.13,4760709490.68
2022-12-21,11.96,11.77,12.07,11.71,48629,57562376.0,3.01,-1.59,-0.19,4.89,4685079490.41
2022-12-22,11.86,11.48,11.89,11.43,62472,72498849.0,3.91,-2.46,-0.29,6.28,4569644226.84
2022-12-23,11.45,11.59,11.68,11.4,49903,57537766.0,2.44,0.96,0.11,5.01,4613430016.47
2022-12-26,11.52,11.68,11.72,11.48,44544,51666825.0,2.07,0.78,0.09,4.48,4649254753.44
2022-12-27,11.67,11.48,11.72,11.24,58283,66304721.0,4.11,-1.71,-0.2,5.86,4569644226.84
2022-12-28,11.36,11.26,11.47,11.24,38240,43303787.0,2.0,-1.92,-0.22,3.84,4482072647.58
2022-12-29,11.27,11.27,11.53,11.25,48937,55723182.0,2.49,0.09,0.01,4.92,4486053173.91
2022-12-30,11.31,11.2,11.37,11.1,38835,43589034.0,2.4,-0.62,-0.07,3.9,4458189489.599999
2023-01-03,11.16,11.53,11.66,11.16,60912,69723155.0,4.46,2.95,0.33,6.12,4589546858.49
2023-01-04,11.51,11.54,11.63,11.34,44653,51259589.0,2.52,0.09,0.01,4.49,4593527384.82
2023-01-05,11.55,11.74,11.79,11.37,71103,82831516.0,3.64,1.73,0.2,7.15,4673137911.42
2023-01-06,11.68,11.57,11.79,11.53,47402,55088426.0,2.21,-1.45,-0.17,4.76,4605468963.81
2023-01-09,11.63,11.56,11.66,11.48,35862,41483075.0,1.56,-0.09,-0.01,3.6,4601488437.4800005
2023-01-10,11.61,11.53,11.64,11.46,25032,28869255.0,1.56,-0.26,-0.03,2.52,4589546858.49
2023-01-11,11.53,11.36,11.59,11.35,29981,34323112.0,2.08,-1.47,-0.17,3.01,4521877910.88
2023-01-12,11.35,11.3,11.45,11.26,30044,34081287.0,1.67,-0.53,-0.06,3.02,4497994752.900001
2023-01-13,11.3,11.36,11.47,11.26,23523,26720586.0,1.86,0.53,0.06,2.36,4521877910.88
2023-01-16,11.36,11.46,11.57,11.35,26398,30339258.0,1.94,0.88,0.1,2.65,4561683174.18
2023-01-17,11.47,11.3,11.53,11.28,30680,34888609.0,2.18,-1.4,-0.16,3.08,4497994752.900001
2023-01-18,11.4,11.5,11.8,11.3,57910,66996034.0,4.42,1.77,0.2,5.82,4577605279.5
2023-01-19,11.5,11.47,11.65,11.41,38486,44311882.0,2.09,-0.26,-0.03,3.87,4565663700.51
2023-01-20,11.45,11.64,11.78,11.45,47872,55622714.0,2.88,1.48,0.17,4.81,4633332648.12
2023-01-30,11.65,11.7,11.75,11.64,44788,52348564.0,0.95,0.52,0.06,4.5,4657215806.099999
2023-01-31,11.8,11.66,11.8,11.55,34596,40159253.0,2.14,-0.34,-0.04,3.48,4641293700.78
2023-02-01,11.66,11.9,11.92,11.62,69212,81555796.0,2.57,2.06,0.24,6.96,4736826332.7
2023-02-02,11.89,12.02,12.07,11.83,58413,69852524.0,2.02,1.01,0.12,5.87,4784592648.66
2023-02-03,12.03,11.83,12.06,11.7,45393,53635225.0,3.0,-1.58,-0.19,4.56,4708962648.39
2023-02-06,11.82,11.7,11.92,11.68,35334,41607613.0,2.03,-1.1,-0.13,3.55,4657215806.099999
2023-02-07,11.7,11.7,11.78,11.61,29196,34108954.0,1.45,0.0,0.0,2.93,4657215806.099999
2023-02-08,11.71,11.55,11.75,11.55,32434,37736612.0,1.71,-1.28,-0.15,3.26,4597507911.150001
2023-02-09,11.56,11.67,11.67,11.42,30840,35696301.0,2.16,1.04,0.12,3.1,4645274227.11
2023-02-10,11.67,11.61,11.73,11.56,22113,25720148.0,1.46,-0.51,-0.06,2.22,4621391069.13
2023-02-13,11.61,11.7,11.71,11.6,29903,34897450.0,0.95,0.78,0.09,3.0,4657215806.099999
2023-02-14,11.7,11.69,11.74,11.6,34473,40243397.0,1.2,-0.09,-0.01,3.46,4653235279.7699995
2023-02-15,11.67,11.44,11.72,11.43,50065,57918377.0,2.48,-2.14,-0.25,5.03,4553722121.5199995
2023-02-16,11.33,10.93,11.42,10.7,227893,253321921.0,6.29,-4.46,-0.51,12.72,4350715278.69
2023-02-17,10.72,10.78,10.98,10.67,93783,101499771.0,2.84,-1.37,-0.15,5.24,4291007383.74
2023-02-20,10.82,10.85,10.89,10.58,77403,83005455.0,2.88,0.65,0.07,4.32,4318871068.05
2023-02-21,10.85,10.83,10.91,10.73,56713,61425845.0,1.66,-0.18,-0.02,3.17,4310910015.39
2023-02-22,10.77,10.82,10.84,10.71,34429,37135359.0,1.2,-0.09,-0.01,1.92,4306929489.06
2023-02-23,10.86,10.78,10.89,10.72,43966,47504898.0,1.57,-0.37,-0.04,2.45,4291007383.74
2023-02-24,10.8,10.79,10.84,10.72,26346,28383516.0,1.11,0.09,0.01,1.47,4294987910.07
2023-02-27,10.83,10.65,10.84,10.62,35974,38508259.0,2.04,-1.3,-0.14,2.01,4239260541.4500003
2023-02-28,10.64,10.73,10.77,10.62,33337,35648241.0,1.41,0.75,0.08,1.86,4271104752.09
2023-03-01,10.75,10.91,10.91,10.68,60961,65931738.0,2.14,1.68,0.18,3.4,4342754226.03
2023-03-02,10.86,10.88,10.95,10.82,48837,53214046.0,1.19,-0.27,-0.03,2.73,4330812647.04
2023-03-03,10.88,10.88,10.95,10.81,33351,36260404.0,1.29,0.0,0.0,1.86,4330812647.04
2023-03-06,10.91,10.78,10.91,10.78,34898,37782491.0,1.19,-0.92,-0.1,1.95,4291007383.74
2023-03-07,10.83,10.64,10.83,10.62,32271,34560690.0,1.95,-1.3,-0.14,1.8,4235280015.1200004
2023-03-08,10.59,10.75,10.75,10.55,23505,25124405.0,1.88,1.03,0.11,1.31,4279065804.75
2023-03-09,10.74,10.82,10.84,10.7,26522,28600740.0,1.3,0.65,0.07,1.48,4306929489.06
2023-03-10,10.78,10.71,10.78,10.61,24749,26432704.0,1.57,-1.02,-0.11,1.38,4263143699.4300003
2023-03-13,10.68,10.78,10.95,10.35,72308,76402797.0,5.6,0.65,0.07,4.04,4291007383.74
2023-03-14,10.67,10.43,10.71,10.41,41193,43346543.0,2.78,-3.25,-0.35,2.3,4151688962.19
2023-03-15,10.41,10.61,10.75,10.41,48560,51620013.0,3.26,1.73,0.18,2.71,4223338436.1299996
2023-03-16,10.55,10.43,10.66,10.42,34935,36702680.0,2.26,-1.7,-0.18,1.95,4151688962.19
2023-03-17,10.5,10.35,10.51,10.34,34387,35732134.0,1.63,-0.77,-0.08,1.92,4119844751.5499997
2023-03-20,10.35,10.13,10.35,10.01,37835,38373936.0,3.29,-2.13,-0.22,2.11,4032273172.2900004
2023-03-21,10.2,10.36,10.37,10.17,29763,30528220.0,1.97,2.27,0.23,1.66,4123825277.8799996
2023-03-22,10.4,10.57,10.75,10.38,57536,60962803.0,3.57,2.03,0.21,3.21,4207416330.81
2023-03-23,10.64,10.52,10.67,10.46,33792,35561783.0,1.99,-0.47,-0.05,1.89,4187513699.16
2023-03-24,10.53,10.56,10.67,10.42,42947,45249195.0,2.38,0.38,0.04,2.4,4203435804.48
2023-03-27,10.47,10.53,10.63,10.45,32473,34248566.0,1.7,-0.28,-0.03,1.81,4191494225.49
2023-03-28,10.58,10.38,10.58,10.35,29666,30955800.0,2.18,-1.42,-0.15,1.66,4131786330.5400004
2023-03-29,10.4,10.22,10.42,10.2,22554,23152273.0,2.12,-1.54,-0.16,1.26,4068097909.26
2023-03-30,10.23,10.12,10.26,10.08,24295,24616532.0,1.76,-0.98,-0.1,1.36,4028292645.9599996
2023-03-31,10.13,10.21,10.25,10.13,31376,32001911.0,1.19,0.89,0.09,1.75,4064117382.9300003
2023-04-03,10.21,10.24,10.32,10.18,26480,27102562.0,1.37,0.29,0.03,1.48,4076058961.92
2023-04-04,10.22,10.11,10.31,10.05,33347,33838262.0,2.54,-1.27,-0.13,1.86,4024312119.6299996
2023-04-06,10.1,10.07,10.13,10.04,20132,20301894.0,0.89,-0.4,-0.04,1.12,4008390014.31
2023-04-07,10.07,10.25,10.25,10.05,31029,31660772.0,1.99,1.79,0.18,1.73,4080039488.25
2023-04-10,10.23,10.05,10.3,10.02,41970,42412065.0,2.73,-1.95,-0.2,2.34,4000428961.65
2023-04-11,10.05,10.0,10.11,9.97,25404,25417527.0,1.39,-0.5,-0.05,1.42,3980526330.0
2023-04-12,9.99,10.04,10.1,9.99,18478,18538360.0,1.1,0.4,0.04,1.03,3996448435.3199997
2023-04-13,10.09,9.98,10.09,9.96,19618,19614326.0,1.29,-0.6,-0.06,1.1,3972565277.34
2023-04-14,10.05,10.09,10.24,10.0,32244,32580704.0,2.4,1.1,0.11,1.8,4016351066.97
2023-04-17,10.02,10.02,10.1,9.95,23120,23163898.0,1.49,-0.69,-0.07,1.29,3988487382.66
2023-04-18,10.02,9.92,10.02,9.9,23448,23297081.0,1.2,-1.0,-0.1,1.31,3948682119.36
2023-04-19,9.93,9.72,9.95,9.69,33417,32664767.0,2.62,-2.02,-0.2,1.87,3869071592.76
2023-04-20,9.64,9.57,9.71,9.41,31034,29548141.0,3.09,-1.54,-0.15,1.73,3809363697.81
2023-04-21,9.53,9.26,9.7,9.21,43578,41026496.0,5.12,-3.24,-0.31,2.43,3685967381.58
2023-04-24,9.2,9.32,9.47,9.18,32259,30057774.0,3.13,0.65,0.06,1.8,3709850539.56
2023-04-25,9.28,9.06,9.37,8.88,43492,39317287.0,5.26,-2.79,-0.26,2.43,3606356854.98
2023-04-26,9.02,9.24,9.3,9.0,37558,34579804.0,3.31,1.99,0.18,2.1,3678006328.92
2023-04-27,9.26,9.41,9.49,9.21,38038,35726535.0,3.03,1.84,0.17,2.12,3745675276.53
2023-04-28,9.4,9.52,9.52,9.32,30714,29025479.0,2.13,1.17,0.11,1.71,3789461066.16
2023-05-04,9.49,9.58,9.61,9.35,27032,25748174.0,2.73,0.63,0.06,1.51,3813344224.14
2023-05-05,9.54,9.41,9.58,9.33,23307,21999542.0,2.61,-1.77,-0.17,1.3,3745675276.53
2023-05-08,9.42,9.31,9.46,9.25,23707,22078572.0,2.23,-1.06,-0.1,1.32,3705870013.23
2023-05-09,9.26,9.16,9.3,9.13,25233,23240451.0,1.83,-1.61,-0.15,1.41,3646162118.28
2023-05-10,9.16,9.21,9.24,9.08,17979,16506709.0,1.75,0.55,0.05,1.0,3666064749.9300003
2023-05-11,9.23,9.22,9.28,9.19,15194,14018628.0,0.98,0.11,0.01,0.85,3670045276.26
2023-05-12,9.22,9.19,9.3,9.12,17072,15750888.0,1.95,-0.33,-0.03,0.95,3658103697.27
2023-05-15,9.13,9.2,9.21,9.0,26900,24514396.0,2.29,0.11,0.01,1.5,3662084223.6
2023-05-16,9.22,9.21,9.25,9.12,18150,16689955.0,1.41,0.11,0.01,1.01,3666064749.9300003
2023-05-17,9.21,9.24,9.24,9.09,19802,18216747.0,1.63,0.33,0.03,1.11,3678006328.92
2023-05-18,9.23,9.14,9.28,9.11,27500,25191183.0,1.84,-1.08,-0.1,1.54,3638201065.6200004
2023-05-19,9.18,9.24,9.33,9.08,26017,23937721.0,2.74,1.09,0.1,1.45,3678006328.92
2023-05-22,9.2,9.28,9.33,9.2,15497,14361931.0,1.41,0.43,0.04,0.87,3693928434.24
2023-05-23,9.32,9.39,9.51,9.29,49335,46529704.0,2.37,1.19,0.11,2.75,3737714223.8700004
2023-05-24,9.34,9.24,9.37,9.18,34413,31860663.0,2.02,-1.6,-0.15,1.92,3678006328.92
2023-05-25,9.28,9.16,9.28,9.08,25240,23083894.0,2.16,-0.87,-0.08,1.41,3646162118.28
2023-05-26,9.15,9.18,9.22,9.08,19955,18270393.0,1.53,0.22,0.02,1.11,3654123170.94
2023-05-29,9.24,9.17,9.32,9.14,19261,17750374.0,1.96,-0.11,-0.01,1.08,3650142644.61
2023-05-30,9.16,9.11,9.25,9.01,21618,19671057.0,2.62,-0.65,-0.06,1.21,3626259486.6299996
2023-05-31,9.1,9.1,9.23,9.06,27208,24927465.0,1.87,-0.11,-0.01,1.52,3622278960.2999997
2023-06-01,9.07,9.04,9.18,8.87,32053,28897722.0,3.41,-0.66,-0.06,1.79,3598395802.3199997
2023-06-02,9.09,9.08,9.1,9.02,19978,18116603.0,0.88,0.44,0.04,1.12,3614317907.64
2023-06-05,9.14,9.1,9.14,9.05,24205,22006648.0,0.99,0.22,0.02,1.35,3622278960.2999997
2023-06-06,9.1,8.53,9.1,8.46,94916,82703198.0,7.03,-6.26,-0.57,5.3,3395388959.49
2023-06-07,8.55,8.56,8.67,8.44,39656,33984720.0,2.7,0.35,0.03,2.21,3407330538.48
2023-06-08,8.54,8.4,8.58,8.39,34293,28957990.0,2.22,-1.87,-0.16,1.91,3343642117.2000003
2023-06-09,8.41,8.3,8.45,8.27,34819,29025540.0,2.14,-1.19,-0.1,1.94,3303836853.9
2023-06-12,8.3,8.36,8.37,8.15,37435,30922319.0,2.65,0.72,0.06,2.09,3327720011.8799996
2023-06-13,8.31,8.29,8.41,8.28,25854,21505438.0,1.56,-0.84,-0.07,1.44,3299856327.5699997
2023-06-14,8.3,8.2,8.3,8.19,33358,27431352.0,1.33,-1.09,-0.09,1.86,3264031590.6
2023-06-15,8.2,8.23,8.25,8.11,31253,25613294.0,1.71,0.37,0.03,1.74,3275973169.59
2023-06-16,8.22,8.27,8.29,8.2,27496,22710858.0,1.09,0.49,0.04,1.54,3291895274.91
2023-06-19,8.3,8.29,8.35,8.23,29120,24167514.0,1.45,0.24,0.02,1.63,3299856327.5699997
2023-06-20,8.28,8.25,8.32,8.22,25059,20681387.0,1.21,-0.48,-0.04,1.4,3283934222.25
2023-06-21,8.14,7.97,8.19,7.96,30126,24262520.0,2.79,-3.39,-0.28,1.68,3172479485.0099998
2023-06-26,7.97,7.84,7.99,7.82,28423,22407274.0,2.13,-1.63,-0.13,1.59,3120732642.72
2023-06-27,7.82,8.05,8.06,7.81,29203,23375888.0,3.19,2.68,0.21,1.63,3204323695.65
2023-06-28,8.04,8.05,8.08,7.88,25866,20682980.0,2.48,0.0,0.0,1.44,3204323695.65
2023-06-29,8.04,8.12,8.16,8.0,29797,24175874.0,1.99,0.87,0.07,1.66,3232187379.9599996
2023-06-30,8.09,8.2,8.25,8.09,28792,23647486.0,1.97,0.99,0.08,1.61,3264031590.6
2023-07-03,8.19,8.31,8.34,8.19,41288,34182724.0,1.83,1.34,0.11,2.31,3307817380.23
2023-07-04,8.31,8.3,8.34,8.26,21241,17630056.0,0.96,-0.12,-0.01,1.19,3303836853.9
2023-07-05,8.31,8.3,8.37,8.29,20843,17370238.0,0.96,0.0,0.0,1.16,3303836853.9
2023-07-06,8.24,8.25,8.38,8.23,20461,16930815.0,1.81,-0.6,-0.05,1.14,3283934222.25
2023-07-07,8.26,8.3,8.65,8.21,60632,50907006.0,5.33,0.61,0.05,3.39,3303836853.9
2023-07-10,8.36,8.44,8.63,8.31,80233,67962722.0,3.86,1.69,0.14,4.48,3359564222.52
2023-07-11,8.41,8.4,8.5,8.38,36835,30996080.0,1.42,-0.47,-0.04,2.06,3343642117.2000003
2023-07-12,8.42,8.29,8.42,8.28,25922,21626258.0,1.67,-1.31,-0.11,1.45,3299856327.5699997
2023-07-13,8.37,8.36,8.4,8.31,19448,16255323.0,1.09,0.84,0.07,1.09,3327720011.8799996
2023-07-14,8.37,8.34,8.41,8.32,18167,15177695.0,1.08,-0.24,-0.02,1.01,3319758959.22
2023-07-17,8.25,8.28,8.31,8.16,29757,24494932.0,1.8,-0.72,-0.06,1.66,3295875801.24
2023-07-18,8.34,8.25,8.34,8.2,14155,11661506.0,1.69,-0.36,-0.03,0.79,3283934222.25
2023-07-19,8.27,8.21,8.3,8.18,15266,12565501.0,1.45,-0.48,-0.04,0.85,3268012116.9300003
2023-07-20,8.21,8.14,8.26,8.13,19437,15917597.0,1.58,-0.85,-0.07,1.09,3240148432.6200004
2023-07-21,8.12,8.2,8.28,8.1,24659,20246568.0,2.21,0.74,0.06,1.38,3264031590.6
2023-07-24,8.16,8.22,8.27,8.14,16882,13875291.0,1.59,0.24,0.02,0.94,3271992643.26
2023-07-25,8.27,8.33,8.33,8.22,27677,22953537.0,1.34,1.34,0.11,1.55,3315778432.89
2023-07-26,8.33,8.36,8.36,8.28,23440,19521777.0,0.96,0.36,0.03,1.31,3327720011.8799996
2023-07-27,8.35,8.3,8.4,8.27,23059,19189415.0,1.56,-0.72,-0.06,1.29,3303836853.9
2023-07-28,8.29,8.37,8.37,8.22,26647,22163119.0,1.81,0.84,0.07,1.49,3331700538.2099996
2023-07-31,8.39,8.47,8.47,8.38,32840,27680302.0,1.08,1.19,0.1,1.83,3371505801.51
2023-08-01,8.47,8.41,8.63,8.37,44980,38165372.0,3.07,-0.71,-0.06,2.51,3347622643.53
2023-08-02,8.41,8.37,8.43,8.33,25198,21096633.0,1.19,-0.48,-0.04,1.41,3331700538.2099996
2023-08-03,8.36,8.58,8.68,8.34,69576,59449616.0,4.06,2.51,0.21,3.88,3415291591.14
2023-08-04,8.6,8.47,8.68,8.45,47594,40577722.0,2.68,-1.28,-0.11,2.66,3371505801.51
2023-08-07,8.47,8.38,8.47,8.36,31695,26619219.0,1.3,-1.06,-0.09,1.77,3335681064.5400004
2023-08-08,8.38,8.48,8.53,8.28,44835,37788699.0,2.98,1.19,0.1,2.5,3375486327.84
2023-08-09,8.42,9.33,9.33,8.37,256402,232551678.0,11.32,10.02,0.85,14.31,3713831065.89
2023-08-10,9.55,9.64,9.88,9.4,463459,445758502.0,5.14,3.32,0.31,25.88,3837227382.1200004
2023-08-11,9.39,9.78,10.26,9.26,419975,414294491.0,10.37,1.45,0.14,23.45,3892954750.74
2023-08-14,9.64,10.27,10.54,9.43,440104,438922337.0,11.35,5.01,0.49,24.57,4088000540.91
2023-08-15,9.84,10.57,11.3,9.7,578985,605894799.0,15.58,2.92,0.3,32.32,4207416330.81
2023-08-16,10.3,9.93,10.8,9.85,435280,446513283.0,8.99,-6.05,-0.64,24.3,3952662645.69
2023-08-17,9.89,10.92,10.92,9.76,483282,520343678.0,11.68,9.97,0.99,26.98,4346734752.36
2023-08-18,10.76,10.26,10.92,9.96,602093,623311016.0,8.79,-6.04,-0.66,33.61,4084020014.58
2023-08-21,9.78,9.37,9.89,9.33,332453,316420487.0,5.46,-8.67,-0.89,18.56,3729753171.2099996
2023-08-22,9.32,8.89,9.44,8.66,311728,278987744.0,8.32,-5.12,-0.48,17.4,3538687907.3700004
2023-08-23,8.89,8.81,9.27,8.7,290632,261874713.0,6.41,-0.9,-0.08,16.23,3506843696.73
2023-08-24,8.69,8.35,8.8,8.3,236982,200323833.0,5.68,-5.22,-0.46,13.23,3323739485.5499997
2023-08-25,8.2,8.01,8.31,7.95,194524,157807120.0,4.31,-4.07,-0.34,10.86,3188401590.33
2023-08-28,8.36,7.91,8.37,7.88,176987,143731895.0,6.12,-1.25,-0.1,9.88,3148596327.03
2023-08-29,7.85,8.38,8.4,7.83,227476,186572160.0,7.21,5.94,0.47,12.7,3335681064.5400004
2023-08-30,8.38,8.54,8.7,8.27,206338,176073076.0,5.13,1.91,0.16,11.52,3399369485.8199997
2023-08-31,8.54,8.74,8.91,8.38,238533,205861457.0,6.21,2.34,0.2,13.32,3478980012.42
2023-09-01,8.6,8.59,8.69,8.46,147363,126234028.0,2.63,-1.72,-0.15,8.23,3419272117.47
2023-09-04,8.62,8.57,8.66,8.51,88523,75755421.0,1.75,-0.23,-0.02,4.94,3411311064.81
2023-09-05,8.59,8.46,8.6,8.43,87253,74072263.0,1.98,-1.28,-0.11,4.87,3367525275.1800003
2023-09-06,8.48,8.41,8.5,8.37,69642,58655035.0,1.54,-0.59,-0.05,3.89,3347622643.53
2023-09-07,8.44,8.25,8.45,8.25,71857,59875171.0,2.38,-1.9,-0.16,4.01,3283934222.25
2023-09-08,8.3,8.27,8.41,8.26,59510,49550865.0,1.82,0.24,0.02,3.32,3291895274.91
2023-09-11,8.23,8.46,8.5,8.23,77777,65548131.0,3.26,2.3,0.19,4.34,3367525275.1800003
2023-09-12,8.42,8.47,8.58,8.4,77394,65796268.0,2.13,0.12,0.01,4.32,3371505801.51
2023-09-13,8.47,8.34,8.5,8.26,66446,55525848.0,2.83,-1.53,-0.13,3.71,3319758959.22
2023-09-14,8.33,8.34,8.48,8.28,71393,59596920.0,2.4,0.0,0.0,3.99,3319758959.22
2023-09-15,8.29,8.41,8.52,8.29,96702,81392942.0,2.76,0.84,0.07,5.4,3347622643.53
2023-09-18,8.39,8.42,8.48,8.31,76688,64529494.0,2.02,0.12,0.01,4.28,3351603169.86
2023-09-19,8.41,8.35,8.55,8.34,72398,60901614.0,2.49,-0.83,-0.07,4.04,3323739485.5499997
2023-09-20,8.33,8.36,8.51,8.31,66897,56291363.0,2.4,0.12,0.01,3.73,3327720011.8799996
2023-09-21,8.36,8.22,8.45,8.2,60678,50253317.0,2.99,-1.67,-0.14,3.39,3271992643.26
2023-09-22,8.19,8.38,8.38,8.18,59190,48998420.0,2.43,1.95,0.16,3.3,3335681064.5400004
2023-09-25,8.36,8.45,8.48,8.33,52841,44585541.0,1.79,0.84,0.07,2.95,3363544748.85
2023-09-26,8.45,8.24,8.45,8.22,50899,42217023.0,2.72,-2.49,-0.21,2.84,3279953695.92
2023-09-27,8.2,8.39,8.47,8.19,70992,59606438.0,3.4,1.82,0.15,3.96,3339661590.8700004
2023-09-28,8.47,8.4,8.48,8.32,47674,40030403.0,1.91,0.12,0.01,2.66,3343642117.2000003
2023-10-09,8.38,8.25,8.42,8.21,48904,40398481.0,2.5,-1.79,-0.15,2.73,3283934222.25
2023-10-10,8.3,8.09,8.3,8.08,57447,46794489.0,2.67,-1.94,-0.16,3.21,3220245800.97
2023-10-11,8.14,8.3,8.43,8.1,84404,70197870.0,4.08,2.6,0.21,4.71,3303836853.9
2023-10-12,8.34,8.38,8.49,8.28,63912,53539874.0,2.53,0.96,0.08,3.57,3335681064.5400004
2023-10-13,8.4,8.44,8.53,8.31,71169,60103701.0,2.63,0.72,0.06,3.97,3359564222.52
2023-10-16,8.43,8.25,8.5,8.2,57868,48104344.0,3.55,-2.25,-0.19,3.23,3283934222.25
2023-10-17,8.25,8.15,8.26,8.08,52148,42424875.0,2.18,-1.21,-0.1,2.91,3244128958.9500003
2023-10-18,8.13,7.94,8.16,7.94,54663,43718083.0,2.7,-2.58,-0.21,3.05,3160537906.02
2023-10-19,7.91,7.8,7.96,7.77,44218,34696973.0,2.39,-1.76,-0.14,2.47,3104810537.4
2023-10-20,7.77,7.71,7.85,7.71,39810,30922622.0,1.79,-1.15,-0.09,2.22,3068985800.43
2023-10-23,7.69,7.5,7.7,7.47,51383,38869193.0,2.98,-2.72,-0.21,2.87,2985394747.5
2023-10-24,7.5,7.79,7.84,7.49,51578,39715983.0,4.67,3.87,0.29,2.88,3100830011.07
2023-10-25,7.86,7.78,7.86,7.74,41372,32259095.0,1.54,-0.13,-0.01,2.31,3096849484.7400002
2023-10-26,7.74,7.74,7.77,7.6,42613,32666264.0,2.19,-0.51,-0.04,2.38,3080927379.42
2023-10-27,7.74,7.87,7.91,7.58,76676,59594006.0,4.26,1.68,0.13,4.28,3132674221.71
2023-10-30,7.78,8.06,8.1,7.78,65033,52239766.0,4.07,2.41,0.19,3.63,3208304221.98
2023-10-31,8.06,8.11,8.19,8.01,51298,41639892.0,2.23,0.62,0.05,2.86,3228206853.6299996
2023-11-01,8.16,8.23,8.24,8.08,52530,42947863.0,1.97,1.48,0.12,2.93,3275973169.59
2023-11-02,8.2,8.15,8.26,8.14,40302,32966189.0,1.46,-0.97,-0.08,2.25,3244128958.9500003
2023-11-03,8.21,8.21,8.29,8.15,34355,28273993.0,1.72,0.74,0.06,1.92,3268012116.9300003
2023-11-06,8.29,8.38,8.44,8.24,47481,39780307.0,2.44,2.07,0.17,2.65,3335681064.5400004
2023-11-07,8.44,8.38,8.44,8.25,40061,33523745.0,2.27,0.0,0.0,2.24,3335681064.5400004
2023-11-08,8.39,8.42,8.49,8.34,41550,35060870.0,1.79,0.48,0.04,2.32,3351603169.86
2023-11-09,8.47,8.4,8.54,8.35,41786,35287584.0,2.26,-0.24,-0.02,2.33,3343642117.2000003
2023-11-10,8.39,8.48,8.55,8.3,60015,50736424.0,2.98,0.95,0.08,3.35,3375486327.84
2023-11-13,8.48,8.49,8.52,8.4,42138,35585963.0,1.42,0.12,0.01,2.35,3379466854.17
2023-11-14,8.49,8.6,8.61,8.44,57367,48892571.0,2.0,1.3,0.11,3.2,3423252643.7999997
2023-11-15,8.6,8.67,8.74,8.52,74152,63878802.0,2.56,0.81,0.07,4.14,3451116328.11
2023-11-16,8.65,8.51,8.66,8.47,58210,49637694.0,2.19,-1.85,-0.16,3.25,3387427906.83
2023-11-17,8.47,8.71,8.74,8.46,75688,65427353.0,3.29,2.35,0.2,4.23,3467038433.4300003
2023-11-20,8.7,8.83,8.84,8.68,62990,55243260.0,1.84,1.38,0.12,3.52,3514804749.39
2023-11-21,8.8,8.83,8.94,8.77,69992,61931653.0,1.93,0.0,0.0,3.91,3514804749.39
2023-11-22,8.76,8.75,8.94,8.74,57297,50380129.0,2.27,-0.91,-0.08,3.2,3482960538.75
2023-11-23,8.69,8.76,8.85,8.69,57470,50295774.0,1.83,0.11,0.01,3.21,3486941065.08
2023-11-24,8.83,8.75,8.85,8.67,59097,51733482.0,2.05,-0.11,-0.01,3.3,3482960538.75
2023-11-27,8.76,8.62,8.79,8.59,52693,45662027.0,2.29,-1.49,-0.13,2.94,3431213696.4599996
2023-11-28,8.6,8.71,8.76,8.51,56718,49273381.0,2.9,1.04,0.09,3.17,3467038433.4300003
2023-11-29,8.69,8.56,8.73,8.54,38724,33287797.0,2.18,-1.72,-0.15,2.16,3407330538.48
2023-11-30,8.61,8.57,8.65,8.5,39732,33995593.0,1.75,0.12,0.01,2.22,3411311064.81
2023-12-01,8.61,8.59,8.67,8.54,34709,29843231.0,1.52,0.23,0.02,1.94,3419272117.47
2023-12-04,8.6,8.57,8.66,8.53,39595,33986519.0,1.51,-0.23,-0.02,2.21,3411311064.81
2023-12-05,8.5,8.44,8.6,8.44,47659,40528402.0,1.87,-1.52,-0.13,2.66,3359564222.52
2023-12-06,8.46,8.56,8.65,8.41,51010,43552450.0,2.84,1.42,0.12,2.85,3407330538.48
2023-12-07,8.52,8.39,8.63,8.37,47492,40051330.0,3.04,-1.99,-0.17,2.65,3339661590.8700004
2023-12-08,8.45,8.28,8.45,8.26,44782,37318994.0,2.26,-1.31,-0.11,2.5,3295875801.24
2023-12-11,8.21,8.33,8.35,8.18,50705,41979681.0,2.05,0.6,0.05,2.83,3315778432.89
2023-12-12,8.35,8.25,8.36,8.2,31949,26363097.0,1.92,-0.96,-0.08,1.78,3283934222.25
2023-12-13,8.29,8.31,8.47,8.21,48917,40937561.0,3.15,0.73,0.06,2.73,3307817380.23
2023-12-14,8.32,8.29,8.45,8.28,43782,36632465.0,2.05,-0.24,-0.02,2.44,3299856327.5699997
2023-12-15,8.3,8.17,8.33,8.15,37852,31033473.0,2.17,-1.45,-0.12,2.11,3252090011.61
2023-12-18,8.18,8.12,8.28,8.09,30694,25092774.0,2.33,-0.61,-0.05,1.71,3232187379.9599996
2023-12-19,8.12,8.09,8.15,8.0,28335,22852925.0,1.85,-0.37,-0.03,1.58,3220245800.97
2023-12-20,8.08,8.1,8.3,8.07,58611,47866247.0,2.84,0.12,0.01,3.27,3224226327.2999997
2023-12-21,7.99,8.09,8.13,7.91,49044,39365659.0,2.72,-0.12,-0.01,2.74,3220245800.97
2023-12-22,8.09,7.94,8.12,7.88,43673,34769649.0,2.97,-1.85,-0.15,2.44,3160537906.02
2023-12-25,7.94,7.91,8.01,7.84,24222,19127243.0,2.14,-0.38,-0.03,1.35,3148596327.03
2023-12-26,7.91,7.79,7.91,7.75,27873,21780178.0,2.02,-1.52,-0.12,1.56,3100830011.07
2023-12-27,7.85,7.81,7.85,7.7,22777,17739973.0,1.93,0.26,0.02,1.27,3108791063.73
2023-12-28,7.82,7.9,7.95,7.71,41782,32889410.0,3.07,1.15,0.09,2.33,3144615800.7000003
2023-12-29,7.93,8.05,8.07,7.92,36615,29403722.0,1.9,1.9,0.15,2.04,3204323695.65
2024-01-02,8.03,8.14,8.2,7.98,49025,39781191.0,2.73,1.12,0.09,2.74,3240148432.6200004
2024-01-03,8.13,8.2,8.32,8.09,39851,32679361.0,2.83,0.74,0.06,2.22,3264031590.6
2024-01-04,8.16,8.26,8.26,8.12,30907,25352328.0,1.71,0.73,0.06,1.73,3287914748.58
2024-01-05,8.29,8.08,8.29,8.04,39607,32283463.0,3.03,-2.18,-0.18,2.21,3216265274.64
2024-01-08,8.1,7.93,8.13,7.93,28394,22797919.0,2.48,-1.86,-0.15,1.59,3156557379.69
2024-01-09,7.99,8.01,8.09,7.9,35452,28362945.0,2.4,1.01,0.08,1.98,3188401590.33
2024-01-10,7.98,7.92,8.07,7.89,35040,27975363.0,2.25,-1.12,-0.09,1.96,3152576853.36
2024-01-11,7.92,8.07,8.15,7.92,47669,38431434.0,2.9,1.89,0.15,2.66,3212284748.31
2024-01-12,8.07,7.93,8.14,7.93,37147,29780852.0,2.6,-1.73,-0.14,2.07,3156557379.69
2024-01-15,7.88,7.85,7.99,7.83,33306,26301592.0,2.02,-1.01,-0.08,1.86,3124713169.0499997
2024-01-16,7.88,7.78,7.91,7.6,66503,51432251.0,3.95,-0.89,-0.07,3.71,3096849484.7400002
2024-01-17,7.77,7.53,7.82,7.52,44099,33697555.0,3.86,-3.21,-0.25,2.46,2997336326.4900002
2024-01-18,7.53,7.41,7.56,7.21,41660,30670818.0,4.65,-1.59,-0.12,2.33,2949570010.53
2024-01-19,7.46,7.27,7.5,7.24,51953,38200279.0,3.51,-1.89,-0.14,2.9,2893842641.91
2024-01-22,7.33,6.8,7.37,6.74,48610,34134628.0,8.67,-6.46,-0.47,2.71,2706757904.4
2024-01-23,6.81,6.78,6.82,6.55,66401,44365345.0,3.97,-0.29,-0.02,3.71,2698796851.7400002
2024-01-24,6.84,7.46,7.46,6.84,66289,48527338.0,9.14,10.03,0.68,3.7,2969472642.18
2024-01-25,7.99,8.21,8.21,7.42,280150,220674797.0,10.59,10.05,0.75,15.64,3268012116.9300003
2024-01-26,8.36,7.92,8.4,7.76,439395,355558688.0,7.8,-3.53,-0.29,24.53,3152576853.36
2024-01-29,7.62,7.58,7.95,7.49,254195,196859384.0,5.81,-4.29,-0.34,14.19,3017238958.14
2024-01-30,7.56,7.12,7.56,7.11,184946,134122877.0,5.94,-6.07,-0.46,10.33,2834134746.96
2024-01-31,7.23,7.83,7.83,7.21,77239,59579912.0,8.71,9.97,0.71,4.31,3116752116.39
2024-02-01,7.81,7.44,7.81,7.29,243198,180937014.0,6.64,-4.98,-0.39,13.58,2961511589.52
2024-02-02,7.31,6.7,7.33,6.7,218097,150230392.0,8.47,-9.95,-0.74,12.18,2666952641.1
2024-02-05,6.62,6.03,6.62,6.03,105554,64393614.0,8.81,-10.0,-0.67,5.89,2400257376.9900002
2024-02-06,5.45,5.6,5.89,5.43,226240,125238504.0,7.63,-7.13,-0.43,12.63,2229094744.7999997
2024-02-07,5.68,5.31,5.75,5.2,189617,102889994.0,9.82,-5.18,-0.29,10.59,2113659481.2299998
2024-02-08,5.21,5.62,5.64,5.21,140540,76791062.0,8.1,5.84,0.31,7.85,2237055797.46
2024-02-19,5.68,5.81,5.87,5.68,141428,81472902.0,3.38,3.38,0.19,7.9,2312685797.73
2024-02-20,5.75,6.39,6.39,5.65,109872,67080736.0,12.74,9.98,0.58,6.13,2543556324.87
2024-02-21,6.39,6.31,6.51,6.2,219559,139092331.0,4.85,-1.25,-0.08,12.26,2511712114.23
2024-02-22,6.25,6.49,6.78,6.2,199423,128772623.0,9.19,2.85,0.18,11.13,2583361588.17
2024-02-23,6.45,6.54,6.55,6.39,158018,102429351.0,2.47,0.77,0.05,8.82,2603264219.82
2024-02-26,6.57,6.62,6.83,6.48,177290,117289600.0,5.35,1.22,0.08,9.9,2635108430.46
2024-02-27,6.61,6.71,6.71,6.52,138270,92028882.0,2.87,1.36,0.09,7.72,2670933167.43
2024-02-28,6.8,6.25,6.94,6.23,192129,127657359.0,10.58,-6.86,-0.46,10.73,2487828956.25
2024-02-29,6.14,6.44,6.45,6.14,108709,69008314.0,4.96,3.04,0.19,6.07,2563458956.52
2024-03-01,6.45,6.45,6.51,6.34,77969,50169138.0,2.64,0.16,0.01,4.35,2567439482.85
2024-03-04,6.48,6.57,6.65,6.4,98805,64440791.0,3.88,1.86,0.12,5.52,2615205798.81
2024-03-05,6.52,6.36,6.52,6.33,81596,52190474.0,2.89,-3.2,-0.21,4.56,2531614745.88
2024-03-06,6.37,6.31,6.44,6.28,79042,50132653.0,2.52,-0.79,-0.05,4.41,2511712114.23
2024-03-07,6.33,6.3,6.45,6.26,77910,49383207.0,3.01,-0.16,-0.01,4.35,2507731587.9
2024-03-08,6.31,6.35,6.47,6.26,74587,47372183.0,3.33,0.79,0.05,4.16,2527634219.5499997
2024-03-11,6.32,6.44,6.45,6.31,73561,46996574.0,2.2,1.42,0.09,4.11,2563458956.52
2024-03-12,6.45,6.59,6.59,6.45,105099,68735230.0,2.17,2.33,0.15,5.87,2623166851.47
2024-03-13,6.59,6.6,6.6,6.46,75988,49659132.0,2.12,0.15,0.01,4.24,2627147377.7999997
2024-03-14,6.66,6.62,6.79,6.53,123908,82500073.0,3.94,0.3,0.02,6.92,2635108430.46
2024-03-15,6.55,6.65,6.65,6.52,84951,55998981.0,1.96,0.45,0.03,4.74,2647050009.4500003
2024-03-18,6.67,7.32,7.32,6.67,198351,139784817.0,9.77,10.08,0.67,11.07,2913745273.56
2024-03-19,7.89,7.23,7.89,7.21,459536,347552645.0,9.29,-1.23,-0.09,25.66,2877920536.59
2024-03-20,7.21,7.43,7.55,7.12,329641,242421755.0,5.95,2.77,0.2,18.4,2957531063.19
2024-03-21,7.49,7.3,7.52,7.23,210207,154357030.0,3.9,-1.75,-0.13,11.74,2905784220.9
2024-03-22,7.33,7.1,7.35,7.03,151006,107761816.0,4.38,-2.74,-0.2,8.43,2826173694.2999997
2024-03-25,7.0,6.8,7.07,6.8,120660,83396045.0,3.8,-4.23,-0.3,6.74,2706757904.4
2024-03-26,6.77,7.05,7.09,6.68,137671,94724422.0,6.03,3.68,0.25,7.69,2806271062.65
2024-03-27,6.97,6.78,7.0,6.76,96476,66087857.0,3.4,-3.83,-0.27,5.39,2698796851.7400002
2024-03-28,6.77,6.88,6.96,6.76,80521,55441717.0,2.95,1.47,0.1,4.5,2738602115.04
2024-03-29,6.91,6.94,6.97,6.83,78440,54216330.0,2.03,0.87,0.06,4.38,2762485273.02
2024-04-01,6.93,7.04,7.04,6.9,86705,60512706.0,2.02,1.44,0.1,4.84,2802290536.32
2024-04-02,7.04,6.94,7.05,6.9,71588,49709797.0,2.13,-1.42,-0.1,4.0,2762485273.02
2024-04-03,6.92,6.85,6.94,6.76,68142,46580168.0,2.59,-1.3,-0.09,3.8,2726660536.0499997
2024-04-08,6.85,6.54,6.85,6.53,80210,53200580.0,4.67,-4.53,-0.31,4.48,2603264219.82
2024-04-09,6.54,6.71,6.74,6.54,57232,38092998.0,3.06,2.6,0.17,3.2,2670933167.43
2024-04-10,6.72,6.48,6.75,6.41,70945,46412667.0,5.07,-3.43,-0.23,3.96,2579381061.84
2024-04-11,6.42,6.42,6.57,6.4,45714,29633844.0,2.62,-0.93,-0.06,2.55,2555497903.86
2024-04-12,6.46,6.35,6.48,6.34,42628,27232842.0,2.18,-1.09,-0.07,2.38,2527634219.5499997
2024-04-15,6.28,6.03,6.39,5.9,79720,48406434.0,7.72,-5.04,-0.32,4.45,2400257376.9900002
2024-04-16,6.0,5.59,6.01,5.59,78320,44749139.0,6.97,-7.3,-0.44,4.37,2225114218.47
2024-04-17,5.65,6.02,6.02,5.65,77134,45640429.0,6.62,7.69,0.43,4.31,2396276850.66
2024-04-18,6.05,5.87,6.07,5.85,63476,37729126.0,3.65,-2.49,-0.15,3.54,2336568955.71
2024-04-19,5.8,5.83,5.94,5.75,47421,27650302.0,3.24,-0.68,-0.04,2.65,2320646850.39
2024-04-22,5.84,5.78,5.88,5.66,36533,21086362.0,3.77,-0.86,-0.05,2.04,2300744218.7400002
2024-04-23,5.78,5.88,5.92,5.78,51791,30311756.0,2.42,1.73,0.1,2.89,2340549482.04
2024-04-24,5.85,5.92,5.95,5.84,37696,22259796.0,1.87,0.68,0.04,2.1,2356471587.36
2024-04-25,5.92,5.99,6.03,5.9,46612,27897859.0,2.2,1.18,0.07,2.6,2384335271.67
2024-04-26,5.96,6.06,6.09,5.95,46105,27768060.0,2.34,1.17,0.07,2.57,2412198955.98
2024-04-29,6.1,6.25,6.27,6.08,55564,34569435.0,3.14,3.14,0.19,3.1,2487828956.25
2024-04-30,6.22,6.27,6.3,6.17,53654,33471076.0,2.08,0.32,0.02,3.0,2495790008.91
2024-05-06,6.3,6.41,6.47,6.3,47696,30572685.0,2.71,2.23,0.14,2.66,2551517377.53
2024-05-07,6.43,6.51,6.51,6.4,55750,36049235.0,1.72,1.56,0.1,3.11,2591322640.83
2024-05-08,6.55,6.52,6.66,6.44,70585,46148098.0,3.38,0.15,0.01,3.94,2595303167.16
2024-05-09,6.52,6.59,6.64,6.47,70498,46329985.0,2.61,1.07,0.07,3.94,2623166851.47
2024-05-10,6.6,6.46,6.63,6.43,57019,36990402.0,3.03,-1.97,-0.13,3.18,2571420009.18
2024-05-13,6.37,6.29,6.45,6.28,53056,33715254.0,2.63,-2.63,-0.17,2.96,2503751061.57
2024-05-14,6.28,6.36,6.4,6.22,39727,25254902.0,2.86,1.11,0.07,2.22,2531614745.88
2024-05-15,6.39,6.25,6.4,6.25,33451,21078428.0,2.36,-1.73,-0.11,1.87,2487828956.25
2024-05-16,6.26,6.3,6.35,6.26,32155,20297519.0,1.44,0.8,0.05,1.8,2507731587.9
2024-05-17,6.29,6.33,6.35,6.25,30550,19207924.0,1.59,0.48,0.03,1.71,2519673166.89
2024-05-20,6.35,6.32,6.39,6.27,36460,23045944.0,1.9,-0.16,-0.01,2.04,2515692640.56
2024-05-21,6.28,6.19,6.31,6.16,42554,26427723.0,2.37,-2.06,-0.13,2.38,2463945798.27
2024-05-22,6.2,6.24,6.28,6.18,31922,19900173.0,1.62,0.81,0.05,1.78,2483848429.92
2024-05-23,6.26,6.1,6.26,6.07,38873,23796462.0,3.04,-2.24,-0.14,2.17,2428121061.2999997
2024-05-24,6.05,6.09,6.15,6.05,28612,17475621.0,1.64,-0.16,-0.01,1.6,2424140534.97
2024-05-27,6.08,6.02,6.09,5.9,45981,27532027.0,3.12,-1.15,-0.07,2.57,2396276850.66
2024-05-28,6.02,5.95,6.03,5.93,21069,12581237.0,1.66,-1.16,-0.07,1.18,2368413166.35
2024-05-29,5.89,5.91,5.99,5.88,28658,16964194.0,1.85,-0.67,-0.04,1.6,2352491061.03
2024-05-30,5.9,5.89,5.95,5.86,20168,11902824.0,1.52,-0.34,-0.02,1.13,2344530008.37
2024-05-31,5.9,5.98,5.99,5.87,28586,16968845.0,2.04,1.53,0.09,1.6,2380354745.34
2024-06-03,5.93,5.76,5.96,5.71,43693,25390999.0,4.18,-3.68,-0.22,2.44,2292783166.08
2024-06-04,5.75,5.65,5.75,5.6,42927,24259007.0,2.6,-1.91,-0.11,2.4,2248997376.4500003
2024-06-05,5.66,5.52,5.67,5.51,36422,20397239.0,2.83,-2.3,-0.13,2.03,2197250534.16
2024-06-06,5.52,5.21,5.56,5.15,74464,39318721.0,7.43,-5.62,-0.31,4.16,2073854217.93
2024-06-07,5.28,5.44,5.46,5.26,53368,28715056.0,3.84,4.41,0.23,2.98,2165406323.52
2024-06-11,5.44,5.42,5.46,5.29,35906,19328628.0,3.13,-0.37,-0.02,2.0,2157445270.86
2024-06-12,5.42,5.56,5.61,5.39,37478,20783792.0,4.06,2.58,0.14,2.09,2213172639.48
2024-06-13,5.6,5.55,5.65,5.51,30780,17105177.0,2.52,-0.18,-0.01,1.72,2209192113.15
2024-06-14,5.52,5.48,5.59,5.42,26366,14474327.0,3.06,-1.26,-0.07,1.47,2181328428.84
2024-06-17,5.44,5.37,5.48,5.36,23228,12539507.0,2.19,-2.01,-0.11,1.3,2137542639.21
2024-06-18,5.31,5.41,5.43,5.31,26155,14118663.0,2.23,0.74,0.04,1.46,2153464744.53
2024-06-19,5.44,5.36,5.46,5.34,25778,13853751.0,2.22,-0.92,-0.05,1.44,2133562112.88
2024-06-20,5.36,5.28,5.46,5.27,37526,20062077.0,3.54,-1.49,-0.08,2.1,2101717902.24
2024-06-21,5.22,5.23,5.3,5.2,24579,12883451.0,1.89,-0.95,-0.05,1.37,2081815270.5900002
2024-06-24,5.23,5.0,5.23,4.96,44351,22377321.0,5.16,-4.4,-0.23,2.48,1990263165.0
2024-06-25,5.0,5.03,5.09,4.97,27317,13719126.0,2.4,0.6,0.03,1.53,2002204743.99
2024-06-26,4.94,5.21,5.22,4.94,41685,21244649.0,5.57,3.58,0.18,2.33,2073854217.93
2024-06-27,5.25,5.13,5.25,5.12,24635,12769638.0,2.5,-1.54,-0.08,1.38,2042010007.29
2024-06-28,5.11,5.09,5.2,5.08,26300,13527015.0,2.34,-0.78,-0.04,1.47,2026087901.97
2024-07-01,5.05,5.17,5.18,5.02,31061,15882926.0,3.14,1.57,0.08,1.73,2057932112.61
2024-07-02,5.13,5.24,5.28,5.13,34736,18203877.0,2.9,1.35,0.07,1.94,2085795796.92
2024-07-03,5.27,5.2,5.29,5.19,19313,10094692.0,1.91,-0.76,-0.04,1.08,2069873691.6000001
2024-07-04,5.2,4.93,5.22,4.91,54479,27294102.0,5.96,-5.19,-0.27,3.04,1962399480.6899998
2024-07-05,4.9,5.11,5.13,4.84,44349,22220187.0,5.88,3.65,0.18,2.48,2034048954.63
2024-07-08,5.1,4.96,5.13,4.92,33906,16932750.0,4.11,-2.94,-0.15,1.89,1974341059.68
2024-07-09,4.92,4.86,4.94,4.71,49062,23753256.0,4.64,-2.02,-0.1,2.74,1934535796.38
2024-07-10,4.87,4.81,4.92,4.77,29051,14089808.0,3.09,-1.03,-0.05,1.62,1914633164.7299998
2024-07-11,4.88,5.05,5.07,4.86,50726,25356869.0,4.37,4.99,0.24,2.83,2010165796.6499999
2024-07-12,5.04,5.06,5.17,5.03,39862,20357419.0,2.77,0.2,0.01,2.23,2014146322.9799998
2024-07-15,5.1,4.93,5.11,4.9,27458,13566419.0,4.15,-2.57,-0.13,1.53,1962399480.6899998
2024-07-16,4.88,4.89,4.95,4.87,25831,12644923.0,1.62,-0.81,-0.04,1.44,1946477375.37
2024-07-17,4.9,4.98,5.0,4.85,34556,17077809.0,3.07,1.84,0.09,1.93,1982302112.3400002
2024-07-18,4.96,4.98,5.0,4.84,33783,16619996.0,3.21,0.0,0.0,1.89,1982302112.3400002
2024-07-19,4.97,4.97,4.99,4.88,23977,11859521.0,2.21,-0.2,-0.01,1.34,1978321586.01
2024-07-22,4.96,5.03,5.05,4.9,30230,15098933.0,3.02,1.21,0.06,1.69,2002204743.99
2024-07-23,5.05,5.53,5.53,4.95,117772,62760958.0,11.53,9.94,0.5,6.58,2201231060.4900002
2024-07-24,5.42,5.55,6.0,5.25,305015,168085303.0,13.56,0.36,0.02,17.03,2209192113.15
2024-07-25,5.32,5.38,5.48,5.29,185455,99396538.0,3.42,-3.06,-0.17,10.35,2141523165.54
2024-07-26,5.37,5.41,5.44,5.3,137244,73747679.0,2.6,0.56,0.03,7.66,2153464744.53
2024-07-29,5.37,5.48,5.65,5.32,171795,94017073.0,6.1,1.29,0.07,9.59,2181328428.84
2024-07-30,5.39,5.66,5.84,5.38,213659,119347359.0,8.39,3.28,0.18,11.93,2252977902.78
2024-07-31,5.58,5.75,5.8,5.52,178481,101822661.0,4.95,1.59,0.09,9.96,2288802639.75
2024-08-01,5.71,5.69,5.88,5.66,152876,88015916.0,3.83,-1.04,-0.06,8.54,2264919481.77
2024-08-02,5.6,5.59,5.79,5.58,129237,73494104.0,3.69,-1.76,-0.1,7.22,2225114218.47
2024-08-05,5.51,5.43,5.63,5.43,93300,51577662.0,3.58,-2.86,-0.16,5.21,2161425797.19
2024-08-06,5.43,5.67,5.67,5.43,110573,61747191.0,4.42,4.42,0.24,6.17,2256958429.11
2024-08-07,5.66,5.55,5.7,5.54,72587,40550853.0,2.82,-2.12,-0.12,4.05,2209192113.15
2024-08-08,5.51,5.66,5.71,5.51,108604,61274882.0,3.6,1.98,0.11,6.06,2252977902.78
2024-08-09,5.63,5.46,5.66,5.45,85809,47408448.0,3.71,-3.53,-0.2,4.79,2173367376.18
2024-08-12,5.49,5.65,5.68,5.47,123257,69137648.0,3.85,3.48,0.19,6.88,2248997376.4500003
2024-08-13,5.59,5.57,5.61,5.46,79501,43932690.0,2.65,-1.42,-0.08,4.44,2217153165.81
2024-08-14,5.51,5.4,5.54,5.36,71050,38491079.0,3.23,-3.05,-0.17,3.97,2149484218.2000003
2024-08-15,5.38,5.38,5.5,5.35,61216,33101275.0,2.78,-0.37,-0.02,3.42,2141523165.54
2024-08-16,5.51,5.92,5.92,5.51,109077,63760205.0,7.62,10.04,0.54,6.09,2356471587.36
2024-08-19,6.51,6.51,6.51,6.22,402254,261340222.0,4.9,9.97,0.59,22.46,2591322640.83
2024-08-20,6.38,6.0,6.57,5.86,506075,309945304.0,10.91,-7.83,-0.51,28.25,2388315798.0
2024-08-21,5.9,6.18,6.27,5.8,389775,236749876.0,7.83,3.0,0.18,21.76,2459965271.94
2024-08-22,6.12,5.68,6.18,5.57,319684,186604256.0,9.87,-8.09,-0.5,17.85,2260938955.44
2024-08-23,5.55,5.23,5.57,5.12,256989,136747878.0,7.92,-7.92,-0.45,14.35,2081815270.5900002
2024-08-26,5.05,5.21,5.25,4.92,167315,84833013.0,6.31,-0.38,-0.02,9.34,2073854217.93
2024-08-27,5.15,5.73,5.73,5.15,153561,86633702.0,11.13,9.98,0.52,8.57,2280841587.09
2024-08-28,5.51,5.44,5.67,5.41,274300,150591393.0,4.54,-5.06,-0.29,15.31,2165406323.52
2024-08-29,5.37,5.48,5.59,5.26,194031,105069321.0,6.07,0.74,0.04,10.83,2181328428.84
2024-08-30,5.41,5.54,5.62,5.38,180001,99490785.0,4.38,1.09,0.06,10.05,2205211586.82
2024-09-02,5.56,5.49,5.67,5.44,155772,86348949.0,4.15,-0.9,-0.05,8.7,2185308955.17
2024-09-03,5.48,5.58,5.68,5.4,168289,93310265.0,5.1,1.64,0.09,9.4,2221133692.14
2024-09-04,5.51,5.85,6.1,5.49,334761,194901045.0,10.93,4.84,0.27,18.69,2328607903.0499997
2024-09-05,5.85,6.13,6.35,5.71,390214,233537682.0,10.94,4.79,0.28,21.79,2440062640.29
2024-09-06,6.09,5.87,6.19,5.84,276041,164204637.0,5.71,-4.24,-0.26,15.41,2336568955.71
2024-09-09,6.0,6.03,6.24,5.8,293258,176369273.0,7.5,2.73,0.16,16.37,2400257376.9900002
2024-09-10,5.87,5.74,5.93,5.62,251741,144891749.0,5.14,-4.81,-0.29,14.05,2284822113.42
2024-09-11,5.66,5.54,5.66,5.49,125418,69646681.0,2.96,-3.48,-0.2,7.0,2205211586.82
2024-09-12,5.52,5.57,5.85,5.52,135092,76231929.0,5.96,0.54,0.03,7.54,2217153165.81
2024-09-13,5.55,5.61,5.82,5.47,155820,87764910.0,6.28,0.72,0.04,8.7,2233075271.13
2024-09-18,5.59,5.36,5.62,5.29,125188,67609349.0,5.88,-4.46,-0.25,6.99,2133562112.88
2024-09-19,5.4,5.66,5.67,5.36,166031,92347129.0,5.78,5.6,0.3,9.27,2252977902.78
2024-09-20,5.6,5.59,5.66,5.52,96367,53686373.0,2.47,-1.24,-0.07,5.38,2225114218.47
2024-09-23,5.61,5.56,5.62,5.52,76969,42847623.0,1.79,-0.54,-0.03,4.3,2213172639.48
2024-09-24,5.56,5.76,5.76,5.52,135849,76811121.0,4.32,3.6,0.2,7.58,2292783166.08
2024-09-25,5.76,5.76,5.92,5.75,166864,97087268.0,2.95,0.0,0.0,9.32,2292783166.08
2024-09-26,5.8,5.93,5.93,5.72,134813,78849543.0,3.65,2.95,0.17,7.53,2360452113.69
2024-09-27,6.0,6.18,6.22,5.96,143636,87450823.0,4.38,4.22,0.25,8.02,2459965271.94
2024-09-30,6.55,6.8,6.8,6.32,309525,204470073.0,7.77,10.03,0.62,17.28,2706757904.4
2024-10-08,7.48,7.17,7.48,6.73,328691,233813813.0,11.03,5.44,0.37,18.35,2854037378.61
2024-10-09,7.02,6.45,7.03,6.45,204921,137045507.0,8.09,-10.04,-0.72,11.44,2567439482.85
2024-10-10,6.45,6.5,6.67,6.37,138501,90790224.0,4.65,0.78,0.05,7.73,2587342114.5
2024-10-11,6.5,6.52,6.83,6.37,200294,130998453.0,7.08,0.31,0.02,11.18,2595303167.16
2024-10-14,6.54,6.58,6.58,6.28,145741,93897196.0,4.6,0.92,0.06,8.14,2619186325.14
2024-10-15,6.53,6.65,6.76,6.42,173978,115111394.0,5.17,1.06,0.07,9.71,2647050009.4500003
2024-10-16,6.58,6.62,6.8,6.45,146998,97571353.0,5.26,-0.45,-0.03,8.21,2635108430.46
2024-10-17,6.57,6.5,6.64,6.42,123356,80667270.0,3.32,-1.81,-0.12,6.89,2587342114.5
2024-10-18,6.47,6.56,6.6,6.36,125987,81797322.0,3.69,0.92,0.06,7.03,2611225272.48
2024-10-21,6.52,6.6,6.62,6.46,127095,83168915.0,2.44,0.61,0.04,7.1,2627147377.7999997
2024-10-22,6.6,6.74,6.76,6.54,151439,101398811.0,3.33,2.12,0.14,8.45,2682874746.42
2024-10-23,6.7,6.97,6.98,6.67,236192,161112801.0,4.6,3.41,0.23,13.19,2774426852.0099998
2024-10-24,6.82,6.86,7.11,6.77,233622,162373532.0,4.88,-1.58,-0.11,13.04,2730641062.38
2024-10-25,6.84,6.9,6.93,6.77,145444,100012333.0,2.33,0.58,0.04,8.12,2746563167.7000003
2024-10-28,6.92,7.2,7.45,6.91,292934,210042254.0,7.83,4.35,0.3,16.35,2865978957.6
2024-10-29,7.3,6.97,7.31,6.96,175591,124511255.0,4.86,-3.19,-0.23,9.8,2774426852.0099998
2024-10-30,6.98,7.67,7.67,6.98,190809,143444608.0,9.9,10.04,0.7,10.65,3053063695.11
2024-10-31,7.94,8.0,8.4,7.85,651253,525817003.0,7.17,4.3,0.33,36.36,3184421064.0
2024-11-01,7.94,7.94,8.59,7.21,528638,413668049.0,17.25,-0.75,-0.06,29.51,3160537906.02
2024-11-04,7.6,7.98,8.16,7.48,319627,250038469.0,8.56,0.5,0.04,17.84,3176460011.34
2024-11-05,7.85,8.0,8.0,7.71,296655,233035542.0,3.63,0.25,0.02,16.56,3184421064.0
2024-11-06,7.98,7.78,7.98,7.68,237983,186257695.0,3.75,-2.75,-0.22,13.29,3096849484.7400002
2024-11-07,7.66,7.79,7.87,7.61,185527,143898933.0,3.34,0.13,0.01,10.36,3100830011.07
2024-11-08,7.88,7.73,7.9,7.7,173278,134929953.0,2.57,-0.77,-0.06,9.67,3076946853.09
2024-11-11,7.83,7.99,8.12,7.82,261105,207910933.0,3.88,3.36,0.26,14.58,3180440537.67
2024-11-12,8.0,8.48,8.79,7.99,548185,469468337.0,10.01,6.13,0.49,30.61,3375486327.84
2024-11-13,8.28,8.15,8.51,8.03,344300,282932198.0,5.66,-3.89,-0.33,19.22,3244128958.9500003
2024-11-14,8.09,7.63,8.1,7.6,227963,177724033.0,6.13,-6.38,-0.52,12.73,3037141589.79
2024-11-15,7.6,7.28,7.63,7.25,162784,121122071.0,4.98,-4.59,-0.35,9.09,2897823168.2400002
2024-11-18,7.25,7.03,7.36,6.98,120790,86112753.0,5.22,-3.43,-0.25,6.74,2798310009.9900002
2024-11-19,7.11,7.22,7.23,7.01,103591,73827711.0,3.13,2.7,0.19,5.78,2873940010.2599998
2024-11-20,7.16,7.36,7.39,7.13,117359,85629475.0,3.6,1.94,0.14,6.55,2929667378.88
2024-11-21,7.36,7.33,7.39,7.25,93115,68118220.0,1.9,-0.41,-0.03,5.2,2917725799.89
2024-11-22,7.34,7.0,7.35,7.0,95394,68373507.0,4.77,-4.5,-0.33,5.33,2786368431.0
2024-11-25,7.7,7.7,7.7,7.59,199967,153908813.0,1.57,10.0,0.7,11.16,3065005274.1
2024-11-26,8.4,7.53,8.4,7.52,447802,357465573.0,11.43,-2.21,-0.17,25.0,2997336326.4900002
2024-11-27,7.42,7.35,7.5,7.06,255387,185048995.0,5.84,-2.39,-0.18,14.26,2925686852.5499997
2024-11-28,7.36,7.5,7.84,7.28,275818,206362615.0,7.62,2.04,0.15,15.4,2985394747.5
2024-11-29,7.4,7.54,7.69,7.35,202635,151731833.0,4.53,0.53,0.04,11.31,3001316852.82
2024-12-02,7.62,7.85,8.05,7.61,233683,183676043.0,5.84,4.11,0.31,13.05,3124713169.0499997
2024-12-03,7.85,7.93,8.1,7.68,206382,162552699.0,5.35,1.02,0.08,11.52,3156557379.69
2024-12-04,7.92,7.76,7.98,7.67,154266,120179924.0,3.91,-2.14,-0.17,8.61,3088888432.08
2024-12-05,7.68,7.77,7.84,7.67,90503,70170655.0,2.19,0.13,0.01,5.05,3092868958.41
2024-12-06,7.83,7.9,7.96,7.67,173719,136246380.0,3.73,1.67,0.13,9.7,3144615800.7000003
2024-12-09,8.13,8.01,8.35,7.93,269446,219665069.0,5.32,1.39,0.11,15.04,3188401590.33
2024-12-10,8.16,7.93,8.22,7.91,204881,164604204.0,3.87,-1.0,-0.08,11.44,3156557379.69
2024-12-11,7.88,8.0,8.05,7.85,115715,92167980.0,2.52,0.88,0.07,6.46,3184421064.0
2024-12-12,7.95,8.24,8.27,7.91,271425,222014955.0,4.5,3.0,0.24,15.15,3279953695.92
2024-12-13,8.19,8.1,8.4,8.02,218153,178668160.0,4.61,-1.7,-0.14,12.18,3224226327.2999997
2024-12-16,8.12,8.24,8.5,8.11,206455,171166717.0,4.81,1.73,0.14,11.53,3279953695.92
2024-12-17,8.25,8.02,8.27,7.82,178817,142528947.0,5.46,-2.67,-0.22,9.98,3192382116.66
2024-12-18,7.91,8.2,8.4,7.75,202242,162923484.0,8.1,2.24,0.18,11.29,3264031590.6
2024-12-19,8.09,7.86,8.09,7.71,171930,135181006.0,4.63,-4.15,-0.34,9.6,3128693695.38
2024-12-20,7.8,7.84,7.96,7.73,125205,98052307.0,2.93,-0.25,-0.02,6.99,3120732642.72
2024-12-23,7.84,7.31,7.84,7.29,140019,104649897.0,7.02,-6.76,-0.53,7.82,2909764747.23
2024-12-24,7.35,7.34,7.44,7.15,77220,56217754.0,3.97,0.41,0.03,4.31,2921706326.22
2024-12-25,7.49,7.23,7.59,7.16,89398,65283017.0,5.86,-1.5,-0.11,4.99,2877920536.59
2024-12-26,7.19,7.21,7.29,7.15,54422,39378710.0,1.94,-0.28,-0.02,3.04,2869959483.93
2024-12-27,7.2,7.25,7.36,7.18,67894,49434099.0,2.5,0.55,0.04,3.79,2885881589.25
2024-12-30,7.26,7.11,7.27,7.09,58690,41842745.0,2.48,-1.93,-0.14,3.28,2830154220.63
2024-12-31,7.2,7.01,7.2,7.0,57140,40430607.0,2.81,-1.41,-0.1,3.19,2790348957.33
2025-01-02,7.0,6.89,7.1,6.84,56567,39484891.0,3.71,-1.71,-0.12,3.16,2742582641.37
2025-01-03,6.92,6.57,6.96,6.56,67695,45429134.0,5.81,-4.64,-0.32,3.78,2615205798.81
2025-01-06,6.56,6.64,6.73,6.41,58119,38512096.0,4.87,1.07,0.07,3.24,2643069483.12
2025-01-07,6.63,6.66,6.66,6.41,71072,46292005.0,3.77,0.3,0.02,3.97,2651030535.78
2025-01-08,6.58,6.72,6.86,6.56,83499,56077642.0,4.5,0.9,0.06,4.66,2674913693.7599998
2025-01-09,6.66,6.87,7.08,6.6,98035,67455031.0,7.14,2.23,0.15,5.47,2734621588.71
2025-01-10,6.7,6.55,6.82,6.55,63827,42750773.0,3.93,-4.66,-0.32,3.56,2607244746.15
2025-01-13,6.5,6.55,6.57,6.36,48029,31149159.0,3.21,0.0,0.0,2.68,2607244746.15
2025-01-14,6.58,6.81,6.81,6.57,60493,40671550.0,3.66,3.97,0.26,3.38,2710738430.73
2025-01-15,6.82,6.81,6.85,6.74,42582,28962242.0,1.62,0.0,0.0,2.38,2710738430.73
2025-01-16,6.83,6.82,6.91,6.74,44340,30295193.0,2.5,0.15,0.01,2.48,2714718957.06
2025-01-17,6.84,6.85,6.87,6.76,32555,22230185.0,1.61,0.44,0.03,1.82,2726660536.0499997
2025-01-20,6.9,7.04,7.1,6.8,82980,57920563.0,4.38,2.77,0.19,4.63,2802290536.32
2025-01-21,7.05,6.96,7.08,6.9,47048,32734795.0,2.56,-1.14,-0.08,2.63,2770446325.68
2025-01-22,6.96,6.86,6.96,6.83,37161,25539980.0,1.87,-1.44,-0.1,2.07,2730641062.38
2025-01-23,6.87,6.79,7.0,6.79,41090,28369479.0,3.06,-1.02,-0.07,2.29,2702777378.07
2025-01-24,6.79,6.86,6.87,6.71,38901,26460702.0,2.36,1.03,0.07,2.17,2730641062.38
2025-01-27,6.89,6.87,6.99,6.81,31826,21970288.0,2.62,0.15,0.01,1.78,2734621588.71
2025-02-05,6.9,7.03,7.04,6.9,52089,36413719.0,2.04,2.33,0.16,2.91,2798310009.9900002
2025-02-06,7.06,7.14,7.15,6.97,64131,45245464.0,2.56,1.56,0.11,3.58,2842095799.62
2025-02-07,7.16,7.41,7.54,7.11,141965,104619775.0,6.02,3.78,0.27,7.93,2949570010.53
2025-02-10,7.43,7.71,7.78,7.35,152359,115505631.0,5.8,4.05,0.3,8.51,3068985800.43
2025-02-11,7.62,7.53,7.67,7.5,95011,71832284.0,2.2,-2.33,-0.18,5.3,2997336326.4900002
2025-02-12,7.46,7.49,7.55,7.43,80527,60198702.0,1.59,-0.53,-0.04,4.5,2981414221.17
2025-02-13,7.48,7.37,7.5,7.36,65078,48313757.0,1.87,-1.6,-0.12,3.63,2933647905.21
2025-02-14,7.35,7.79,7.9,7.35,299800,231391098.0,7.46,5.7,0.42,16.74,3100830011.07
2025-02-17,7.83,7.94,8.16,7.8,309331,246994502.0,4.62,1.93,0.15,7.77,3160537906.02
2025-02-18,7.79,7.52,7.88,7.48,186466,143726897.0,5.04,-5.29,-0.42,4.68,2993355800.16
2025-02-19,7.52,7.55,7.61,7.44,107430,80795609.0,2.26,0.4,0.03,2.7,3005297379.15
2025-02-20,7.52,7.78,7.87,7.5,146167,113185515.0,4.9,3.05,0.23,3.67,3096849484.7400002
2025-02-21,7.77,7.68,7.81,7.61,104268,79825864.0,2.57,-1.29,-0.1,2.62,3057044221.44
2025-02-24,7.62,7.65,7.75,7.57,73576,56217983.0,2.34,-0.39,-0.03,1.85,3045102642.4500003
2025-02-25,7.58,7.58,7.74,7.5,63965,48617750.0,3.14,-0.92,-0.07,1.61,3017238958.14
2025-02-26,7.62,7.61,7.64,7.54,57770,43840423.0,1.32,0.4,0.03,1.45,3029180537.13
2025-02-27,7.58,7.6,7.63,7.45,73951,55803488.0,2.37,-0.13,-0.01,1.86,3025200010.7999997
2025-02-28,7.59,7.33,7.62,7.3,72752,54199904.0,4.21,-3.55,-0.27,1.83,2917725799.89
2025-03-03,7.35,7.44,7.52,7.32,50942,37877564.0,2.73,1.5,0.11,1.28,2961511589.52
2025-03-04,7.38,7.58,7.6,7.36,55081,41504213.0,3.23,1.88,0.14,1.38,3017238958.14
2025-03-05,7.55,7.49,7.57,7.39,44566,33204667.0,2.37,-1.19,-0.09,1.12,2981414221.17
2025-03-06,7.53,7.59,7.61,7.47,65157,49189018.0,1.87,1.34,0.1,1.64,3021219484.47
2025-03-07,7.6,7.46,7.65,7.44,59621,44953123.0,2.77,-1.71,-0.13,1.5,2969472642.18
2025-03-10,7.64,7.66,7.9,7.53,120892,92501490.0,4.96,2.68,0.2,3.04,3049083168.78
2025-03-11,7.5,7.55,7.7,7.46,81724,61700342.0,3.13,-1.44,-0.11,2.05,3005297379.15
2025-03-12,7.54,7.39,7.6,7.38,99833,74249253.0,2.91,-2.12,-0.16,2.51,2941608957.87
2025-03-13,7.4,7.38,7.44,7.28,73100,53732809.0,2.17,-0.14,-0.01,1.84,2937628431.54
2025-03-14,7.36,7.47,7.48,7.27,69965,51606138.0,2.85,1.22,0.09,1.76,2973453168.5099998
2025-03-17,7.47,7.42,7.5,7.4,60749,45208913.0,1.34,-0.67,-0.05,1.53,2953550536.86
2025-03-18,7.46,7.4,7.47,7.37,45930,34030565.0,1.35,-0.27,-0.02,1.15,2945589484.2000003
2025-03-19,7.41,7.36,7.47,7.35,43553,32213509.0,1.62,-0.54,-0.04,1.09,2929667378.88
2025-03-20,7.36,7.37,7.47,7.29,59414,43768071.0,2.45,0.14,0.01,1.49,2933647905.21
2025-03-21,7.35,7.23,7.4,7.21,52362,38123453.0,2.58,-1.9,-0.14,1.32,2877920536.59
2025-03-24,7.23,7.03,7.24,6.9,52137,36755060.0,4.7,-2.77,-0.2,1.31,2798310009.9900002
2025-03-25,7.06,7.0,7.06,6.9,36341,25351794.0,2.28,-0.43,-0.03,0.91,2786368431.0
2025-03-26,6.97,7.09,7.13,6.97,33828,23956835.0,2.29,1.29,0.09,0.85,2822193167.97
2025-03-27,7.08,7.11,7.15,6.97,38629,27339907.0,2.54,0.28,0.02,0.97,2830154220.63
2025-03-28,7.1,7.29,7.58,7.03,167317,122615610.0,7.74,2.53,0.18,4.2,2901803694.57
2025-03-31,7.0,6.81,7.1,6.7,141687,97152007.0,5.49,-6.58,-0.48,3.56,2710738430.73
2025-04-01,6.8,7.02,7.14,6.8,109372,76986147.0,4.99,3.08,0.21,2.75,2794329483.66
2025-04-02,7.0,7.0,7.08,6.94,47809,33528081.0,1.99,-0.28,-0.02,1.2,2786368431.0
2025-04-03,6.92,6.95,7.06,6.9,48542,33853389.0,2.29,-0.71,-0.05,1.22,2766465799.35
2025-04-07,6.66,6.26,6.66,6.26,65596,41624232.0,5.76,-9.93,-0.69,1.65,2491809482.58
2025-04-08,6.2,6.03,6.28,5.88,96933,58639350.0,6.39,-3.67,-0.23,2.44,2400257376.9900002
2025-04-09,5.98,6.11,6.17,5.56,90977,53450331.0,10.12,1.33,0.08,2.29,2432101587.63
2025-04-10,6.19,6.29,6.37,6.16,78130,49307536.0,3.44,2.95,0.18,1.96,2503751061.57
2025-04-11,6.26,6.28,6.42,6.24,45697,28888903.0,2.86,-0.16,-0.01,1.15,2499770535.2400002
2025-04-14,6.3,6.36,6.42,6.3,42835,27340182.0,1.91,1.27,0.08,1.08,2531614745.88
2025-04-15,6.36,6.41,6.45,6.35,43956,28108900.0,1.57,0.79,0.05,1.1,2551517377.53
2025-04-16,6.41,6.26,6.41,6.16,42547,26718192.0,3.9,-2.34,-0.15,1.07,2491809482.58
2025-04-17,6.26,6.36,6.39,6.22,34355,21792761.0,2.72,1.6,0.1,0.86,2531614745.88
2025-04-18,6.4,6.37,6.53,6.3,39293,25047505.0,3.62,0.16,0.01,0.99,2535595272.21
2025-04-21,6.3,6.47,6.48,6.28,40491,25949309.0,3.14,1.57,0.1,1.02,2575400535.5099998
2025-04-22,6.49,6.48,6.52,6.43,34437,22273483.0,1.39,0.15,0.01,0.87,2579381061.84
2025-04-23,6.5,6.49,6.54,6.47,30969,20127990.0,1.08,0.15,0.01,0.78,2583361588.17
2025-04-24,6.5,6.45,6.53,6.41,36571,23656003.0,1.85,-0.62,-0.04,0.92,2567439482.85
2025-04-25,6.52,6.46,6.58,6.42,35649,23111709.0,2.48,0.16,0.01,0.9,2571420009.18
2025-04-28,6.46,6.33,6.46,6.28,29189,18514748.0,2.79,-2.01,-0.13,0.73,2519673166.89
2025-04-29,6.39,6.53,6.62,6.29,52263,33945517.0,5.21,3.16,0.2,1.31,2599283693.4900002
2025-04-30,6.48,6.49,6.58,6.47,48640,31701694.0,1.68,-0.61,-0.04,1.22,2583361588.17
2025-05-06,6.55,6.56,6.56,6.48,51364,33517057.0,1.23,1.08,0.07,1.29,2611225272.48
2025-05-07,6.6,6.63,6.7,6.59,59308,39361976.0,1.68,1.07,0.07,1.49,2639088956.79
2025-05-08,6.6,6.66,6.68,6.57,39843,26533480.0,1.66,0.45,0.03,1.0,2651030535.78
2025-05-09,6.67,6.63,6.69,6.58,33219,22014817.0,1.65,-0.45,-0.03,0.83,2639088956.79
2025-05-12,6.69,6.69,6.69,6.6,33858,22508697.0,1.36,0.9,0.06,0.85,2662972114.77
2025-05-13,6.71,6.68,6.74,6.66,30640,20520856.0,1.2,-0.15,-0.01,0.77,2658991588.44
2025-05-14,6.69,6.67,6.72,6.6,29584,19649969.0,1.8,-0.15,-0.01,0.74,2655011062.11
2025-05-15,6.68,6.59,6.68,6.56,32994,21831294.0,1.8,-1.2,-0.08,0.83,2623166851.47
2025-05-16,6.59,6.73,6.94,6.58,96713,65349157.0,5.46,2.12,0.14,2.43,2678894220.09
2025-05-19,6.73,6.71,6.73,6.61,53562,35790515.0,1.78,-0.3,-0.02,1.35,2670933167.43
2025-05-20,6.7,6.83,6.83,6.67,50772,34399961.0,2.38,1.79,0.12,1.28,2718699483.39
2025-05-21,6.8,6.79,6.98,6.78,55741,38197551.0,2.93,-0.59,-0.04,1.4,2702777378.07
2025-05-22,6.73,6.65,6.79,6.63,48265,32317054.0,2.36,-2.06,-0.14,1.21,2647050009.4500003
2025-05-23,6.68,6.63,6.79,6.63,58516,39309242.0,2.41,-0.3,-0.02,1.47,2639088956.79
2025-05-26,6.62,6.67,6.69,6.55,43794,29032540.0,2.11,0.6,0.04,1.1,2655011062.11
2025-05-27,6.61,6.78,6.8,6.6,49861,33513753.0,3.0,1.65,0.11,1.25,2698796851.7400002
2025-05-28,6.77,6.66,6.82,6.63,40433,27044182.0,2.8,-1.77,-0.12,1.02,2651030535.78
2025-05-29,6.65,6.82,6.84,6.62,60380,40913857.0,3.3,2.4,0.16,1.52,2714718957.06
2025-05-30,6.82,6.77,6.9,6.75,38328,26126633.0,2.2,-0.73,-0.05,0.96,2694816325.41
2025-06-03,6.75,6.87,6.9,6.73,39682,27201900.0,2.51,1.48,0.1,1.0,2734621588.71
2025-06-04,6.88,6.91,6.94,6.83,47830,32927583.0,1.6,0.58,0.04,1.2,2750543694.03
2025-06-05,6.92,6.84,6.94,6.8,42556,29143658.0,2.03,-1.01,-0.07,1.07,2722680009.72
2025-06-06,6.84,6.86,6.89,6.79,35452,24238700.0,1.46,0.29,0.02,0.89,2730641062.38
2025-06-09,6.84,6.92,6.97,6.84,49052,34008101.0,1.9,0.87,0.06,1.23,2754524220.36
2025-06-10,6.92,6.85,6.97,6.76,50695,34806512.0,3.03,-1.01,-0.07,1.27,2726660536.0499997
2025-06-11,6.86,6.83,6.91,6.82,34501,23653754.0,1.31,-0.29,-0.02,0.87,2718699483.39
2025-06-12,6.8,6.83,6.84,6.75,32234,21913555.0,1.32,0.0,0.0,0.81,2718699483.39
2025-06-13,6.81,6.67,6.85,6.66,44816,30112640.0,2.78,-2.34,-0.16,1.13,2655011062.11
2025-06-16,6.74,6.72,6.82,6.65,37653,25401607.0,2.55,0.75,0.05,0.95,2674913693.7599998
2025-06-17,6.74,6.72,6.85,6.68,41652,28156540.0,2.53,0.0,0.0,1.05,2674913693.7599998
2025-06-18,6.67,6.6,6.71,6.58,33644,22285803.0,1.93,-1.79,-0.12,0.85,2627147377.7999997
2025-06-19,6.58,6.42,6.63,6.39,41439,26846390.0,3.64,-2.73,-0.18,1.04,2555497903.86
2025-06-20,6.41,6.37,6.46,6.33,32750,20971230.0,2.02,-0.78,-0.05,0.82,2535595272.21
2025-06-23,6.3,6.52,6.56,6.3,40486,26177677.0,4.08,2.35,0.15,1.02,2595303167.16
2025-06-24,6.57,6.68,6.69,6.51,37436,24832735.0,2.76,2.45,0.16,0.94,2658991588.44
2025-06-25,6.7,6.7,6.73,6.62,31645,21145995.0,1.65,0.3,0.02,0.79,2666952641.1
2025-06-26,6.67,6.66,6.73,6.63,28213,18843726.0,1.49,-0.6,-0.04,0.71,2651030535.78
2025-06-27,6.66,6.75,6.85,6.65,46075,31079267.0,3.0,1.35,0.09,1.16,2686855272.75
2025-06-30,6.8,6.83,6.85,6.74,49033,33430355.0,1.63,1.19,0.08,1.23,2718699483.39
2025-07-01,6.83,6.9,6.92,6.8,56499,38811519.0,1.76,1.02,0.07,1.42,2746563167.7000003
2025-07-02,6.95,6.89,6.95,6.84,38231,26305277.0,1.59,-0.14,-0.01,0.96,2742582641.37
2025-07-03,6.91,6.92,6.94,6.86,37072,25607857.0,1.16,0.44,0.03,0.93,2754524220.36
2025-07-04,6.95,6.89,6.97,6.86,40471,27959900.0,1.59,-0.43,-0.03,1.02,2742582641.37
2025-07-07,6.86,6.94,6.98,6.85,42163,29199290.0,1.89,0.73,0.05,1.06,2762485273.02
2025-07-08,6.93,6.97,7.03,6.9,45145,31461063.0,1.87,0.43,0.03,1.13,2774426852.0099998
2025-07-09,7.01,7.0,7.05,6.95,42976,30105719.0,1.43,0.43,0.03,1.08,2786368431.0
2025-07-10,6.99,7.01,7.07,6.99,38752,27226962.0,1.14,0.14,0.01,0.97,2790348957.33
2025-07-11,7.04,7.02,7.06,6.95,43270,30362495.0,1.57,0.14,0.01,1.09,2794329483.66
2025-07-14,6.96,6.99,7.13,6.95,61690,43244467.0,2.56,-0.43,-0.03,1.55,2782387904.67
2025-07-15,6.95,6.95,7.03,6.82,56754,39234677.0,3.0,-0.57,-0.04,1.43,2766465799.35
2025-07-16,7.0,7.05,7.06,6.93,50071,35151081.0,1.87,1.44,0.1,1.26,2806271062.65
2025-07-17,7.06,7.13,7.15,7.03,52526,37307821.0,1.7,1.13,0.08,1.32,2838115273.29
2025-07-18,7.14,7.13,7.15,7.03,45902,32497682.0,1.68,0.0,0.0,1.15,2838115273.29
2025-07-21,7.12,7.23,7.25,7.09,59761,42914710.0,2.24,1.4,0.1,1.5,2877920536.59
2025-07-22,7.22,7.17,7.24,7.12,64552,46266474.0,1.66,-0.83,-0.06,1.62,2854037378.61
2025-07-23,7.18,7.13,7.18,7.09,49417,35242775.0,1.26,-0.56,-0.04,1.24,2838115273.29
2025-07-24,7.12,7.17,7.24,7.11,47087,33750815.0,1.82,0.56,0.04,1.18,2854037378.61
2025-07-25,7.15,7.24,7.27,7.14,62851,45385724.0,1.81,0.98,0.07,1.58,2881901062.92
2025-07-28,7.25,7.23,7.32,7.22,43082,31255349.0,1.38,-0.14,-0.01,1.08,2877920536.59
2025-07-29,7.24,7.25,7.27,7.17,52195,37663471.0,1.38,0.28,0.02,1.31,2885881589.25
2025-07-30,7.24,7.22,7.28,7.14,54867,39625617.0,1.93,-0.41,-0.03,1.38,2873940010.2599998
2025-07-31,7.17,7.18,7.26,7.14,50059,36063992.0,1.66,-0.55,-0.04,1.26,2858017904.94
2025-08-01,7.18,7.24,7.32,7.14,72474,52672269.0,2.51,0.84,0.06,1.82,2881901062.92
2025-08-04,7.18,7.28,7.3,7.12,61374,44340561.0,2.49,0.55,0.04,1.54,2897823168.2400002
2025-08-05,7.28,7.32,7.36,7.24,45107,32950335.0,1.65,0.55,0.04,1.13,2913745273.56
2025-08-06,7.34,7.26,7.4,7.21,61595,44788117.0,2.6,-0.82,-0.06,1.55,2889862115.58
2025-08-07,7.26,7.23,7.43,7.22,80736,58943312.0,2.89,-0.41,-0.03,2.03,2877920536.59
2025-08-08,7.23,7.26,7.29,7.15,59879,43262252.0,1.94,0.41,0.03,1.5,2889862115.58
