交易日期,开盘价,收盘价,最高价,最低价,成交量,成交额,振幅,涨跌幅,涨跌额,换手率,流通市值
2016-07-28,14.39,17.27,17.27,14.39,54,92970.0,24.02,44.04,5.28,0.03,2721523966.92
2016-07-29,19.0,19.0,19.0,19.0,47,89775.0,0.0,10.02,1.73,0.02,2994149124.0
2016-08-01,20.9,20.9,20.9,20.9,32,66880.0,0.0,10.0,1.9,0.02,3293564036.3999996
2016-08-02,22.99,22.99,22.99,22.99,56,128744.0,0.0,10.0,2.09,0.03,3622920440.04
2016-08-03,25.29,25.29,25.29,25.29,47,118863.0,0.0,10.0,2.3,0.02,3985370070.8399997
2016-08-04,27.82,27.82,27.82,27.82,112,311584.0,0.0,10.0,2.53,0.06,4384064664.72
2016-08-05,30.6,30.6,30.6,30.6,201,615060.0,0.0,9.99,2.78,0.1,4822155957.6
2016-08-08,33.66,33.66,33.66,33.66,114,384902.0,0.0,10.0,3.06,0.06,5304371553.36
2016-08-09,37.03,37.03,37.03,37.03,70,259210.0,0.0,10.01,3.37,0.04,5835439055.88
2016-08-10,40.73,40.73,40.73,40.73,145,591725.0,0.0,9.99,3.7,0.07,6418510201.08
2016-08-11,44.8,44.8,44.8,44.8,276,1236480.0,0.0,9.99,4.07,0.14,7059888460.799999
2016-08-12,49.28,49.28,49.28,49.28,621,3058612.0,0.0,10.0,4.48,0.31,7765877306.88
2016-08-15,54.21,54.21,54.21,54.21,420,2276820.0,0.0,10.0,4.93,0.21,8542780211.16
2016-08-16,59.63,59.63,59.63,59.63,352,2097605.0,0.0,10.0,5.42,0.18,9396900645.48
2016-08-17,65.59,65.59,65.59,65.59,2027,13295093.0,0.0,9.99,5.96,1.01,10336117949.640001
2016-08-18,72.15,72.15,72.15,72.15,1786,12883681.0,0.0,10.0,6.56,0.89,11369887331.400002
2016-08-19,79.37,79.37,79.37,79.37,515,4087555.0,0.0,10.01,7.22,0.26,12507663998.52
2016-08-22,87.31,87.31,87.31,83.58,99315,858434480.0,4.7,10.0,7.94,49.66,13758903158.76
2016-08-23,88.0,90.86,92.9,87.13,117491,1058126096.0,6.61,4.07,3.55,58.75,14318336284.56
2016-08-24,89.0,89.21,92.7,87.91,75237,679413216.0,5.27,-1.82,-1.65,37.62,14058318071.16
2016-08-25,90.98,92.16,95.18,88.06,94047,862865168.0,7.98,3.31,2.95,47.02,14523199119.359999
2016-08-26,91.0,84.76,91.48,83.6,83626,729319648.0,8.55,-8.03,-7.4,41.81,13357056828.960001
2016-08-29,82.05,79.69,82.77,78.3,53060,427685648.0,5.27,-5.98,-5.07,26.53,12558091773.24
2016-08-30,79.69,80.38,81.48,79.36,32977,265017886.0,2.66,0.87,0.69,16.49,12666826662.48
2016-08-31,80.39,80.82,82.3,76.2,45623,364040048.0,7.59,0.55,0.44,22.81,12736164852.72
2016-09-01,79.88,81.95,86.08,79.57,58287,484658400.0,8.05,1.4,1.13,29.14,12914237932.2
2016-09-02,80.44,81.99,83.55,79.98,35767,291404336.0,4.36,0.05,0.04,17.88,12920541404.039999
2016-09-05,82.73,77.69,82.96,76.81,39365,313260512.0,7.5,-5.24,-4.3,19.68,12242918181.24
2016-09-06,77.1,79.09,79.65,77.03,26422,206879232.0,3.37,1.8,1.4,13.21,12463539695.640001
2016-09-07,78.61,76.46,79.08,76.2,28554,220957992.0,3.64,-3.33,-2.63,14.28,12049086422.16
2016-09-08,76.22,75.66,77.4,74.78,22685,172736225.0,3.43,-1.05,-0.8,11.34,11923016985.359999
2016-09-09,75.0,72.58,75.75,72.52,28211,207486671.0,4.27,-4.07,-3.08,14.11,11437649653.68
2016-09-12,70.0,70.8,71.7,69.71,17436,123446556.0,2.74,-2.45,-1.78,8.72,11157145156.8
2016-09-13,71.48,71.59,72.5,70.37,16127,115075967.0,3.01,1.12,0.79,8.06,11281638725.640001
2016-09-14,70.95,72.12,72.24,70.33,16184,116069032.0,2.67,0.74,0.53,8.09,11365159727.52
2016-09-19,72.98,72.95,74.01,72.25,20307,148608811.0,2.44,1.15,0.83,10.15,11495956768.2
2016-09-20,72.12,70.97,72.92,70.51,17137,122696454.0,3.3,-2.71,-1.98,8.57,11183934912.119999
2016-09-21,70.11,70.84,71.55,70.11,11410,80874560.0,2.03,-0.18,-0.13,5.71,11163448628.640001
2016-09-22,70.68,70.32,71.58,70.08,11646,82383485.0,2.12,-0.73,-0.52,5.82,11081503494.72
2016-09-23,69.6,67.63,70.32,67.61,19809,136675365.0,3.85,-3.83,-2.69,9.9,10657595013.48
2016-09-26,67.0,64.06,67.3,63.81,23471,154046613.0,5.16,-5.28,-3.57,11.74,10095010151.76
2016-09-27,63.75,65.73,65.79,63.4,14093,91291520.0,3.73,2.61,1.67,7.05,10358180101.08
2016-09-28,65.31,64.63,65.7,64.55,9302,60534461.0,1.75,-1.67,-1.1,4.65,10184834625.48
2016-09-29,64.7,66.02,66.79,64.51,19801,130852200.0,3.53,2.15,1.39,9.9,10403880271.92
2016-09-30,65.04,66.27,66.6,64.6,13078,85995068.0,3.03,0.38,0.25,6.54,10443276970.92
2016-10-10,67.0,69.34,70.25,66.0,22691,155997019.0,6.41,4.63,3.07,11.35,10927068434.640001
2016-10-11,69.78,69.02,69.92,68.23,16529,114132550.0,2.44,-0.46,-0.32,8.26,10876640659.92
2016-10-12,68.35,69.46,69.97,68.01,15258,105701519.0,2.84,0.64,0.44,7.63,10945978850.16
2016-10-13,69.1,70.34,71.2,69.0,21650,151818004.0,3.17,1.27,0.88,10.83,11084655230.640001
2016-10-14,69.75,73.16,73.33,69.57,24901,177100123.0,5.35,4.01,2.82,12.45,11529049995.359999
2016-10-17,74.18,74.08,77.77,73.82,48070,365315232.0,5.4,1.26,0.92,24.04,11674029847.68
2016-10-18,73.1,73.48,74.5,71.6,25945,189816609.0,3.91,-0.81,-0.6,12.97,11579477770.08
2016-10-19,73.38,72.29,74.58,71.81,19035,138883629.0,3.77,-1.62,-1.19,9.52,11391949482.84
2016-10-20,71.85,69.85,72.76,69.8,23561,166410190.0,4.09,-3.38,-2.44,11.78,11007437700.599998
2016-10-21,70.2,70.71,70.86,69.02,14088,98771899.0,2.63,1.23,0.86,7.04,11142962345.16
2016-10-24,70.21,71.22,71.58,69.68,12638,89403028.0,2.69,0.72,0.51,6.32,11223331611.119999
2016-10-25,70.88,71.52,73.32,70.63,19159,138333569.0,3.78,0.42,0.3,9.58,11270607649.92
2016-10-26,71.0,73.42,73.69,70.5,23570,170113269.0,4.46,2.66,1.9,11.78,11570022562.32
2016-10-27,73.02,73.58,73.96,72.05,21315,155908795.0,2.6,0.22,0.16,10.66,11595236449.68
2016-10-28,73.2,70.97,73.69,70.8,19566,140931317.0,3.93,-3.55,-2.61,9.78,11183934912.119999
2016-10-31,69.55,67.05,69.58,66.0,20191,135946031.0,5.04,-5.52,-3.92,10.1,10566194671.8
2016-11-01,66.95,68.63,69.26,66.91,15491,105610654.0,3.5,2.36,1.58,7.75,10815181809.48
2016-11-02,68.87,69.3,70.3,68.31,17048,118196660.0,2.9,0.98,0.67,8.52,10920764962.8
2016-11-03,69.1,70.01,71.49,68.33,19343,136252207.0,4.56,1.02,0.71,9.67,11032651587.960001
2016-11-04,69.95,73.33,73.4,69.65,29395,211650795.0,5.36,4.74,3.32,14.7,11555839750.68
2016-11-07,73.49,72.48,74.8,71.78,29860,218090108.0,4.12,-1.16,-0.85,14.93,11421890974.08
2016-11-08,72.6,76.02,76.15,72.22,49602,367606864.0,5.42,4.88,3.54,24.8,11979748231.92
2016-11-09,75.28,79.46,81.77,75.28,62287,486148592.0,8.54,4.53,3.44,31.14,12521846810.16
2016-11-10,79.05,81.61,82.49,77.71,75378,600874224.0,6.02,2.71,2.15,37.69,12860658421.56
2016-11-11,80.4,77.56,80.5,77.5,45904,362700064.0,3.68,-4.96,-4.05,22.95,12222431897.76
2016-11-14,77.0,77.4,77.45,75.6,24240,185536479.0,2.39,-0.21,-0.16,12.12,12197218010.400002
2016-11-15,77.3,77.74,78.13,76.14,17897,138229939.0,2.57,0.44,0.34,8.95,12250797521.039999
2016-11-16,78.01,74.54,78.1,74.5,21071,160212241.0,4.63,-4.12,-3.2,10.54,11746519773.84
2016-11-17,73.77,73.76,74.49,73.22,14961,110533930.0,1.7,-1.05,-0.78,7.48,11623602072.960001
2016-11-18,73.88,74.8,75.99,73.88,17215,129385585.0,2.86,1.41,1.04,8.61,11787492340.8
2016-11-21,75.04,76.78,77.0,75.04,23057,175720821.0,2.62,2.65,1.98,11.53,12099514196.880001
2016-11-22,77.48,77.19,78.96,76.6,30426,236557837.0,3.07,0.53,0.41,15.21,12164124783.24
2016-11-23,77.28,74.66,77.28,74.21,20334,153871608.0,3.98,-3.28,-2.53,10.17,11765430189.359999
2016-11-24,74.7,74.1,75.36,73.6,15757,117436577.0,2.36,-0.75,-0.56,7.88,11677181583.599998
2016-11-25,74.1,73.09,74.1,69.81,21237,152823108.0,5.79,-1.36,-1.01,10.62,11518018919.640001
2016-11-28,73.08,73.19,73.88,71.8,14132,102824325.0,2.85,0.14,0.1,7.07,11533777599.24
2016-11-29,72.55,73.62,74.6,72.52,16216,119811821.0,2.84,0.59,0.43,8.11,11601539921.52
2016-11-30,73.04,76.06,76.3,72.16,23464,175819183.0,5.62,3.31,2.44,11.73,11986051703.76
2016-12-01,76.2,80.61,80.95,74.96,48764,380897328.0,7.88,5.98,4.55,24.38,12703071625.56
2016-12-02,82.35,83.92,88.67,81.0,80085,680521024.0,9.51,4.11,3.31,40.04,13224683920.32
2016-12-05,83.0,82.52,87.5,81.41,45190,377258384.0,7.26,-1.67,-1.4,22.59,13004062405.92
2016-12-06,82.72,81.49,84.12,80.6,32910,270540256.0,4.27,-1.25,-1.03,16.45,12841748006.039999
2016-12-07,80.48,82.1,82.22,78.04,33424,267579439.0,5.13,0.75,0.61,16.71,12937875951.599998
2016-12-08,81.5,82.96,83.55,80.65,32695,269046416.0,3.53,1.05,0.86,16.35,13073400596.16
2016-12-09,82.52,82.81,83.88,81.31,28214,233590709.0,3.1,-0.18,-0.15,14.11,13049762576.76
2016-12-12,81.87,76.88,82.58,75.0,29170,232075064.0,9.15,-7.16,-5.93,14.58,12115272876.48
2016-12-13,75.5,75.61,77.99,72.27,18973,142237949.0,7.44,-1.65,-1.27,9.49,11915137645.56
2016-12-14,75.48,75.3,76.8,74.05,12630,95422219.0,3.64,-0.41,-0.31,6.31,11866285738.8
2016-12-15,75.1,79.55,80.48,74.31,20444,158447667.0,8.19,5.64,4.25,10.22,12536029621.8
2016-12-16,79.55,80.17,81.65,78.4,20905,167167047.0,4.09,0.78,0.62,10.45,12633733435.32
2016-12-19,79.0,78.72,80.05,77.6,19449,153486001.0,3.06,-1.81,-1.45,9.72,12405232581.119999
2016-12-20,77.8,78.39,78.69,76.3,13050,101292125.0,3.04,-0.42,-0.33,6.53,12353228938.44
2016-12-21,79.11,79.58,81.9,79.11,17387,139460619.0,3.56,1.52,1.19,8.69,12540757225.68
2016-12-22,78.65,79.95,80.3,78.01,13579,107252625.0,2.88,0.46,0.37,6.79,12599064340.2
2016-12-23,79.21,78.72,81.69,78.6,13353,106700439.0,3.86,-1.54,-1.23,6.68,12405232581.119999
2016-12-26,75.62,82.34,82.46,75.62,25147,202213906.0,8.69,4.6,3.62,12.57,12975696782.640001
2016-12-27,82.4,81.88,83.25,80.85,18415,150649211.0,2.91,-0.56,-0.46,9.21,12903206856.48
2016-12-28,81.31,81.12,82.6,80.5,12949,105129251.0,2.56,-0.93,-0.76,6.47,12783440891.52
2016-12-29,81.5,78.91,81.8,77.37,16411,129653536.0,5.46,-2.72,-2.21,8.21,12435174072.359999
2016-12-30,77.45,79.25,80.3,77.45,9153,72268848.0,3.61,0.43,0.34,4.58,12488753583.0
2017-01-03,79.4,79.04,79.59,78.0,7684,60644563.0,2.01,-0.26,-0.21,3.84,12455660355.84
2017-01-04,79.23,81.94,81.98,77.0,23289,187583289.0,6.3,3.67,2.9,11.64,12912662064.24
2017-01-05,81.48,81.7,82.82,81.01,13646,111739650.0,2.21,-0.29,-0.24,6.82,12874841233.2
2017-01-06,81.8,82.07,82.78,80.5,15407,126145835.0,2.79,0.45,0.37,7.7,12933148347.72
2017-01-09,82.2,78.97,82.48,77.71,16489,131882319.0,5.81,-3.78,-3.1,8.24,12444629280.119999
2017-01-10,78.9,78.72,79.48,77.56,8641,67732822.0,2.43,-0.32,-0.25,4.32,12405232581.119999
2017-01-11,77.5,75.71,78.49,71.0,20110,149269698.0,9.51,-3.82,-3.01,10.06,11930896325.16
2017-01-12,74.9,75.15,75.79,73.85,8051,60177444.0,2.56,-0.74,-0.56,4.03,11842647719.400002
2017-01-13,75.0,73.82,75.3,72.61,7016,51975857.0,3.58,-1.77,-1.33,3.51,11633057280.72
2017-01-16,73.21,71.77,73.96,66.45,11854,83454226.0,10.17,-2.78,-2.05,5.93,11310004348.92
2017-01-17,70.04,73.86,74.0,69.11,9344,66742186.0,6.81,2.91,2.09,4.67,11639360752.56
2017-01-18,72.8,72.67,73.47,72.01,4704,34290090.0,1.98,-1.61,-1.19,2.35,11451832465.32
2017-01-19,71.99,72.62,73.2,70.01,4390,31795400.0,4.39,-0.07,-0.05,2.2,11443953125.52
2017-01-20,72.3,74.11,74.4,71.52,7754,57090139.0,3.97,2.05,1.49,3.88,11678757451.56
2017-01-23,73.97,73.07,74.5,72.66,4364,32129149.0,2.48,-1.4,-1.04,2.18,11514867183.72
2017-01-24,71.9,72.31,73.0,71.23,3382,24448631.0,2.42,-1.04,-0.76,1.69,11395101218.76
2017-01-25,72.01,70.57,72.8,69.43,8851,62694138.0,4.66,-2.41,-1.74,4.43,11120900193.72
2017-01-26,70.55,69.72,70.55,68.3,7597,52653281.0,3.19,-1.2,-0.85,3.8,10986951417.119999
2017-02-03,69.68,70.67,72.0,68.67,4015,28167582.0,4.78,1.36,0.95,2.01,11136658873.32
2017-02-06,70.11,71.16,71.45,70.11,4286,30487725.0,1.9,0.69,0.49,2.14,11213876403.359999
2017-02-07,71.44,70.68,71.44,69.55,4692,33105374.0,2.66,-0.67,-0.48,2.35,11138234741.28
2017-02-08,70.68,74.56,75.08,70.08,10400,76077458.0,7.07,5.49,3.88,5.2,11749671509.76
2017-02-09,74.04,76.06,76.5,74.04,8542,64509541.0,3.3,2.01,1.5,4.27,11986051703.76
2017-02-10,76.08,76.15,78.5,74.54,10057,77342067.0,5.21,0.12,0.09,5.03,12000234515.400002
2017-02-13,76.15,77.31,77.88,74.9,16340,125587908.0,3.91,1.52,1.16,8.17,12183035198.76
2017-02-14,77.16,77.55,79.0,76.55,13863,108047762.0,3.17,0.31,0.24,6.93,12220856029.8
2017-02-15,77.53,76.62,79.0,75.9,9360,72178158.0,4.0,-1.2,-0.93,4.68,12074300309.52
2017-02-16,76.0,75.11,77.5,74.85,9597,72753528.0,3.46,-1.97,-1.51,4.8,11836344247.56
2017-02-17,75.1,75.08,75.88,73.62,5356,40146466.0,3.01,-0.04,-0.03,2.68,11831616643.68
2017-02-20,74.99,75.13,76.15,74.63,4348,32765681.0,2.02,0.07,0.05,2.17,11839495983.48
2017-02-21,75.0,82.64,82.64,75.0,27072,215696142.0,10.17,10.0,7.51,13.54,13022972821.44
2017-02-22,84.0,86.52,87.99,82.64,58739,503256976.0,6.47,4.7,3.88,29.37,13634409589.92
2017-02-23,85.2,95.17,95.17,85.2,83823,778651152.0,11.52,10.0,8.65,41.91,14997535375.32
2017-02-24,95.96,103.79,104.69,94.05,84989,844782848.0,11.18,9.06,8.62,42.49,16355933556.84
2017-02-27,95.0,93.41,103.79,93.41,75835,718035952.0,10.0,-10.0,-10.38,37.92,14720182614.359999
2017-02-28,89.62,94.07,96.65,89.62,42620,399528432.0,7.53,0.71,0.66,21.31,14824189899.72
2017-03-01,93.6,97.35,102.99,93.05,34867,338741072.0,10.57,3.49,3.28,17.43,15341074590.599998
2017-03-02,97.35,98.17,98.35,94.1,18901,183425689.0,4.37,0.84,0.82,9.45,15470295763.32
2017-03-03,97.7,88.35,97.7,88.35,40719,363865840.0,9.52,-10.0,-9.82,20.36,13922793426.599998
2017-03-06,87.0,93.01,96.84,86.9,114552,1027710400.0,11.25,5.27,4.66,57.28,14657147895.960001
2017-03-07,92.7,92.88,99.22,90.0,56911,542514272.0,9.91,-0.14,-0.13,28.46,14636661612.48
2017-03-08,93.0,92.9,94.85,90.55,24432,225997010.0,4.63,0.02,0.02,12.22,14639813348.400002
2017-03-09,93.56,87.1,93.77,86.28,86253,775330176.0,8.06,-6.24,-5.8,43.13,13725809931.599998
2017-03-10,86.8,88.32,91.25,84.0,76111,680639696.0,8.32,1.4,1.22,38.06,13918065822.72
2017-03-13,88.48,91.0,91.23,85.11,54394,487655376.0,6.93,3.03,2.68,27.2,14340398436.0
2017-03-14,91.14,90.0,93.38,89.59,70419,646655952.0,4.16,-1.1,-1.0,35.21,14182811640.0
2017-03-15,91.0,90.07,91.5,89.07,21807,197878198.0,2.7,0.08,0.07,10.9,14193842715.72
2017-03-16,90.01,90.99,91.57,89.95,14762,133758203.0,1.8,1.02,0.92,7.38,14338822568.039999
2017-03-17,91.9,88.53,92.2,88.36,14665,131952038.0,4.22,-2.7,-2.46,7.33,13951159049.880001
2017-03-20,88.52,97.38,97.38,88.01,58796,557568640.0,10.58,10.0,8.85,29.4,15345802194.48
2017-03-21,98.26,107.12,107.12,95.0,92077,940371744.0,12.45,10.0,9.74,46.04,16880697587.52
2017-03-22,105.93,109.68,117.83,102.04,60688,658560976.0,14.74,2.39,2.56,30.34,17284119785.280003
2017-03-23,111.75,113.26,118.3,107.02,35971,406655696.0,10.28,3.26,3.58,17.99,17848280514.96
2017-03-24,113.1,124.58,124.59,110.76,46885,566721024.0,12.21,9.99,11.32,23.44,19632163045.68
2017-03-27,137.04,137.04,137.04,137.04,9284,127225195.0,0.0,10.0,12.46,4.64,21595694523.84
2017-03-29,125.01,138.8,146.9,125.01,31252,418736896.0,15.97,1.28,1.76,15.63,21873047284.800003
2017-03-30,131.0,124.92,134.38,124.92,35249,442369728.0,6.82,-10.0,-13.88,17.62,19685742556.32
2017-03-31,115.9,125.67,137.4,112.43,29829,357208672.0,19.99,0.6,0.75,14.91,19803932653.32
2017-04-05,119.0,124.53,125.6,113.21,12184,146808151.0,9.86,-0.91,-1.14,6.09,19624283705.88
2017-04-06,123.99,125.5,127.99,121.05,12909,161943797.0,5.57,0.78,0.97,6.45,19777142898.0
2017-04-07,123.85,112.95,124.97,112.95,22412,263232527.0,9.58,-10.0,-12.55,11.21,17799428608.2
2017-04-10,114.09,106.76,116.0,105.0,11960,131182990.0,9.74,-5.48,-6.19,5.98,16823966340.960001
2017-04-11,110.27,96.08,111.98,96.08,11771,120045938.0,14.89,-10.0,-10.68,5.89,15140939359.68
2017-04-12,86.47,86.47,86.47,86.47,3485,30134795.0,0.0,-10.0,-9.61,1.74,13626530250.119999
2017-04-13,77.82,95.12,95.12,77.82,175893,1411574192.0,20.01,10.0,8.65,87.95,14989656035.52
2017-04-14,85.61,85.61,85.61,85.61,43991,376606944.0,0.0,-10.0,-9.51,22.0,13491005605.56
2017-04-17,77.05,77.05,77.05,77.05,4891,37685155.0,0.0,-10.0,-8.56,2.45,12142062631.8
2017-04-18,69.35,69.35,74.55,69.35,109019,762235040.0,6.75,-9.99,-7.7,54.51,10928644302.599998
2017-04-19,67.82,68.73,69.6,65.62,58922,403213616.0,5.74,-0.89,-0.62,29.46,10830940489.08
2017-04-20,68.77,65.25,68.77,63.18,60139,397663760.0,8.13,-5.06,-3.48,30.07,10282538439.0
2017-04-21,64.93,60.91,65.57,60.5,51813,324997168.0,7.77,-6.65,-4.34,25.91,9598611744.359999
2017-04-24,60.98,61.6,63.69,57.82,55147,333552416.0,9.64,1.13,0.69,27.57,9707346633.6
2017-04-25,61.02,62.49,63.95,60.33,47862,298538080.0,5.88,1.44,0.89,23.93,9847598882.04
2017-04-26,61.52,64.48,65.8,61.21,56900,364497952.0,7.35,3.18,1.99,28.45,10161196606.08
2017-04-27,63.87,65.58,66.69,61.16,62881,402158400.0,8.58,1.71,1.1,31.44,10334542081.68
2017-04-28,64.6,64.27,65.59,63.93,39051,252079257.0,2.53,-2.0,-1.31,19.53,10128103378.92
2017-05-02,63.7,62.73,64.5,62.33,29669,187519693.0,3.38,-2.4,-1.54,14.83,9885419713.08
2017-05-03,61.88,64.71,64.88,61.01,40085,252367138.0,6.17,3.16,1.98,20.04,10197441569.16
2017-05-04,64.83,66.62,69.0,62.89,67832,446229600.0,9.44,2.95,1.91,33.92,10498432349.52
2017-05-05,65.3,63.53,67.77,63.32,46638,306837376.0,6.68,-4.64,-3.09,23.32,10011489149.880001
2017-05-08,62.38,59.88,62.97,59.5,31129,191143857.0,5.46,-5.75,-3.65,15.56,9436297344.48
2017-05-09,58.5,60.69,61.48,58.01,25609,153476195.0,5.79,1.35,0.81,12.8,9563942649.24
2017-05-10,60.72,60.21,62.77,59.81,34687,212732875.0,4.88,-0.79,-0.48,17.34,9488300987.16
2017-05-11,59.77,61.45,61.86,58.0,30252,180642856.0,6.41,2.06,1.24,15.13,9683708614.2
2017-05-12,61.1,60.69,62.04,60.31,23371,142735493.0,2.82,-1.24,-0.76,11.69,9563942649.24
2017-05-15,60.0,58.17,60.95,58.1,27955,166364679.0,4.7,-4.15,-2.52,13.98,9166823923.32
2017-05-16,57.98,57.44,57.99,53.22,43297,240566091.0,8.2,-1.25,-0.73,21.65,9051785562.24
2017-05-17,56.9,57.62,58.8,56.5,29944,173115514.0,4.0,0.31,0.18,14.97,9080151185.52
2017-05-18,56.8,54.96,57.79,54.3,24632,138820229.0,6.06,-4.62,-2.66,12.32,8660970308.16
2017-05-19,54.96,53.27,55.44,53.13,24782,134077526.0,4.2,-3.07,-1.69,12.39,8394648622.92
2017-05-22,53.33,48.29,53.72,48.0,32528,165962546.0,10.74,-9.35,-4.98,16.26,7609866378.84
2017-05-23,48.3,44.74,49.0,44.48,34921,163123076.0,9.36,-7.35,-3.55,17.46,7050433253.04
2017-05-24,44.88,45.19,45.5,43.06,25309,113295578.0,5.45,1.01,0.45,12.65,7121347311.24
2017-05-25,45.18,44.85,45.78,43.02,25255,112299805.0,6.11,-0.75,-0.34,12.63,7067767800.6
2017-05-26,44.9,45.3,46.3,44.52,25809,117166555.0,3.97,1.0,0.45,12.9,7138681858.799999
2017-05-31,46.5,45.14,48.15,45.0,32874,153304600.0,6.95,-0.35,-0.16,16.44,7113467971.440001
2017-06-01,44.78,40.66,44.78,40.63,28975,124454662.0,9.19,-9.92,-4.48,14.49,6407479125.36
2017-06-02,40.45,43.67,44.5,40.45,33414,141333629.0,9.96,7.4,3.01,16.71,6881815381.320001
2017-06-05,44.0,43.6,44.8,43.16,25863,113875552.0,3.76,-0.16,-0.07,12.93,6870784305.6
2017-06-06,43.81,44.25,44.98,43.44,25400,112308352.0,3.53,1.49,0.65,12.7,6973215723.0
2017-06-07,44.2,46.19,47.93,44.02,33604,154333499.0,8.84,4.38,1.94,16.8,7278934107.24
2017-06-08,45.99,46.97,47.89,45.2,39349,183560239.0,5.82,1.69,0.78,19.67,7401851808.12
2017-06-09,46.86,47.52,49.35,45.58,41724,197778539.0,8.03,1.17,0.55,20.86,7488524545.92
2017-06-12,46.88,44.23,46.95,44.11,28741,131246789.0,5.98,-6.92,-3.29,14.37,6970063987.08
2017-06-13,44.23,45.89,46.17,44.05,24568,111772717.0,4.79,3.75,1.66,12.28,7231658068.440001
2017-06-14,46.01,47.78,47.95,46.01,37189,175388002.0,4.23,4.12,1.89,18.59,7529497112.88
2017-06-15,47.86,52.56,52.56,47.86,46234,235428610.0,9.84,10.0,4.78,23.12,8282761997.76
2017-06-16,54.8,52.64,55.2,52.51,69455,372692432.0,5.12,0.15,0.08,34.73,8295368941.440001
2017-06-19,52.79,52.01,53.8,51.5,30927,162174825.0,4.37,-1.2,-0.63,15.46,8196089259.96
2017-06-20,52.95,53.28,54.89,52.38,44781,239388348.0,4.83,2.44,1.27,22.39,8396224490.88
2017-06-21,53.55,51.21,54.2,50.38,40095,206987072.0,7.17,-3.89,-2.07,20.05,8070019823.16
2017-06-22,51.99,48.84,52.16,48.0,26432,133300372.0,8.12,-4.63,-2.37,13.22,7696539116.64
2017-06-23,49.89,49.59,49.91,47.5,26788,130553546.0,4.93,1.54,0.75,13.39,7814729213.64
2017-06-26,49.46,50.12,50.3,48.78,20795,103384168.0,3.07,1.07,0.53,10.4,7898250215.5199995
2017-06-27,50.12,50.39,51.49,49.65,22949,115790142.0,3.67,0.54,0.27,11.47,7940798650.440001
2017-06-28,50.26,49.03,50.26,48.55,18611,91451318.0,3.39,-2.7,-1.36,9.31,7726480607.88
2017-06-29,49.09,48.74,49.72,48.7,15200,74652961.0,2.08,-0.59,-0.29,7.6,7680780437.04
2017-06-30,48.2,48.2,48.71,47.27,18077,86737711.0,2.95,-1.11,-0.54,9.04,7595683567.200001
2017-07-03,47.65,48.2,48.7,47.46,12983,62357549.0,2.57,0.0,0.0,6.49,7595683567.200001
2017-07-04,48.18,47.85,48.68,47.75,10260,49360212.0,1.93,-0.73,-0.35,5.13,7540528188.6
2017-07-05,48.0,48.27,48.45,47.64,14804,71168090.0,1.69,0.88,0.42,7.4,7606714642.92
2017-07-06,48.01,48.54,49.28,48.01,23812,115890015.0,2.63,0.56,0.27,11.91,7649263077.84
2017-07-07,49.05,50.21,50.7,48.62,29919,149048058.0,4.29,3.44,1.67,14.96,7912433027.16
2017-07-10,51.0,48.18,51.18,47.88,27096,133511499.0,6.57,-4.04,-2.03,13.55,7592531831.28
2017-07-11,47.55,44.89,47.75,43.92,31227,143649613.0,7.95,-6.83,-3.29,15.61,7074071272.440001
2017-07-12,44.58,45.19,45.43,43.5,18809,83695347.0,4.3,0.67,0.3,9.4,7121347311.24
2017-07-13,45.2,44.27,45.2,44.01,12657,56213809.0,2.63,-2.04,-0.92,6.33,6976367458.92
2017-07-14,44.0,43.92,44.8,43.7,10820,47745756.0,2.48,-0.79,-0.35,5.41,6921212080.320001
2017-07-17,43.9,39.53,43.92,39.53,19955,81050562.0,10.0,-10.0,-4.39,9.98,6229406045.88
2017-07-18,37.9,39.02,39.45,37.9,14317,55422995.0,3.92,-1.29,-0.51,7.16,6149036779.92
2017-07-19,38.5,38.64,38.99,37.88,17043,65443930.0,2.84,-0.97,-0.38,8.52,6089153797.440001
2017-07-20,39.0,39.27,40.48,39.0,20312,80782849.0,3.83,1.63,0.63,10.16,6188433478.92
2017-07-21,39.2,39.04,40.21,38.46,13013,51382965.0,4.46,-0.59,-0.23,6.51,6152188515.84
2017-07-24,38.5,40.23,40.49,38.48,16359,64614073.0,5.15,3.05,1.19,8.18,6339716803.08
2017-07-25,40.0,42.66,42.76,39.51,28726,118664024.0,8.08,6.04,2.43,14.36,6722652717.36
2017-07-26,42.2,41.36,42.27,41.0,19471,80848495.0,2.98,-3.05,-1.3,9.74,6517789882.559999
2017-07-27,41.33,41.76,42.4,40.55,18829,78767084.0,4.47,0.97,0.4,9.41,6580824600.96
2017-07-28,41.77,40.58,42.15,40.5,11992,49448337.0,3.95,-2.83,-1.18,3.7,6394872181.679999
2017-07-31,40.45,40.23,40.97,40.1,8190,33179065.0,2.14,-0.86,-0.35,2.53,6339716803.08
2017-08-01,40.4,40.5,40.78,40.0,9743,39330187.0,1.94,0.67,0.27,3.01,6382265238.0
2017-08-02,40.12,39.24,40.7,39.15,12863,51399174.0,3.83,-3.11,-1.26,3.97,6183705875.04
2017-08-03,39.24,43.16,43.16,39.01,31978,134077467.0,10.58,9.99,3.92,9.87,6801446115.36
2017-08-04,42.5,40.98,43.19,40.88,26540,111711574.0,5.35,-5.05,-2.18,8.19,6457906900.08
2017-08-07,41.8,40.55,41.98,40.15,15768,64690575.0,4.47,-1.05,-0.43,4.87,6390144577.799999
2017-08-08,41.17,40.9,41.22,40.08,12817,52122747.0,2.81,0.86,0.35,3.96,6445299956.4
2017-08-09,40.53,40.66,40.97,40.3,9250,37551796.0,1.64,-0.59,-0.24,2.85,6407479125.36
2017-08-10,40.67,39.75,40.76,39.7,10759,43083768.0,2.61,-2.24,-0.91,3.32,6264075141.0
2017-08-11,39.2,39.55,40.55,39.2,10088,40311680.0,3.4,-0.5,-0.2,3.11,6232557781.799999
2017-08-14,39.55,40.35,40.7,39.54,10329,41679151.0,2.93,2.02,0.8,3.19,6358627218.6
2017-08-15,40.45,40.85,41.36,40.2,11439,46550609.0,2.87,1.24,0.5,3.53,6437420616.6
2017-08-16,40.7,42.09,42.55,40.46,23608,98705696.0,5.12,3.04,1.24,7.29,6632828243.64
2017-08-17,41.94,42.13,43.3,41.56,25321,107593259.0,4.13,0.1,0.04,7.82,6639131715.4800005
2017-08-18,41.57,41.61,42.07,41.04,16628,69068041.0,2.44,-1.23,-0.52,5.13,6557186581.559999
2017-08-21,41.84,42.31,43.0,41.76,15026,63478646.0,2.98,1.68,0.7,4.64,6667497338.76
2017-08-22,41.91,41.29,42.32,41.12,15292,63634399.0,2.84,-2.41,-1.02,4.72,6506758806.84
2017-08-23,41.39,41.19,41.83,40.86,10317,42639902.0,2.35,-0.24,-0.1,3.18,6491000127.24
2017-08-24,41.75,41.05,42.3,41.02,15759,65670681.0,3.11,-0.34,-0.14,4.86,6468937975.799999
2017-08-25,41.61,45.16,45.16,41.3,22606,100064350.0,9.4,10.01,4.11,6.98,7116619707.36
2017-08-28,47.95,46.32,48.85,45.9,64187,302064880.0,6.53,2.57,1.16,19.81,7299420390.72
2017-08-29,45.91,45.6,46.91,45.5,41159,189891431.0,3.04,-1.55,-0.72,12.7,7185957897.6
2017-08-30,45.39,44.78,46.4,44.63,22170,100013109.0,3.88,-1.8,-0.82,6.84,7056736724.88
2017-08-31,44.74,45.91,46.27,44.51,24572,112135749.0,3.93,2.52,1.13,7.58,7234809804.36
2017-09-01,45.68,45.23,46.19,45.1,19353,87900401.0,2.37,-1.48,-0.68,5.97,7127650783.08
2017-09-04,44.88,45.61,46.27,44.8,18317,83712795.0,3.25,0.84,0.38,5.65,7187533765.559999
2017-09-05,45.78,45.39,45.78,45.17,12658,57427794.0,1.34,-0.48,-0.22,3.91,7152864670.440001
2017-09-06,45.44,46.45,46.59,44.86,25644,117675500.0,3.81,2.34,1.06,7.92,7319906674.200001
2017-09-07,46.43,46.83,47.78,45.9,37155,174771779.0,4.05,0.82,0.38,11.47,7379789656.679999
2017-09-08,46.9,47.79,48.5,46.9,33759,161289503.0,3.42,2.05,0.96,10.42,7531072980.84
2017-09-11,48.3,46.97,48.3,46.9,21120,99710548.0,2.93,-1.72,-0.82,6.52,7401851808.12
2017-09-12,46.3,45.57,46.88,45.24,25397,116416509.0,3.49,-2.98,-1.4,7.84,7181230293.72
2017-09-13,45.86,45.74,45.99,45.23,9315,42508093.0,1.67,0.37,0.17,2.88,7208020049.04
2017-09-14,45.65,45.36,45.98,45.23,10251,46754861.0,1.64,-0.83,-0.38,3.16,7148137066.559999
2017-09-15,45.26,44.83,45.75,44.7,11659,52496386.0,2.31,-1.17,-0.53,3.6,7064616064.679999
2017-09-18,44.55,45.05,45.39,44.4,6108,27480837.0,2.21,0.49,0.22,1.89,7099285159.799999
2017-09-19,45.05,46.95,48.0,45.05,27228,127564597.0,6.55,4.22,1.9,8.4,7398700072.200001
2017-09-20,46.48,49.36,50.0,46.09,44950,215747158.0,8.33,5.13,2.41,13.87,7778484250.559999
2017-09-21,49.39,48.11,50.66,48.0,41298,204516416.0,5.39,-2.53,-1.25,12.75,7581500755.559999
2017-09-22,48.5,51.16,52.03,48.11,57859,293028736.0,8.15,6.34,3.05,17.86,8062140483.36
2017-09-25,50.14,51.45,53.58,49.3,63741,331066016.0,8.37,0.57,0.29,19.67,8107840654.200001
2017-09-26,50.0,48.36,50.0,46.35,38223,184776737.0,7.09,-6.01,-3.09,11.8,7620897454.559999
2017-09-27,48.0,53.2,53.2,48.0,32986,168292173.0,10.75,10.01,4.84,10.18,8383617547.200001
2017-09-28,56.0,53.92,57.2,53.48,86012,475867200.0,6.99,1.35,0.72,26.55,8497080040.320001
2017-09-29,53.99,56.64,58.2,52.5,74586,414595408.0,10.57,5.04,2.72,23.02,8925716125.44
2017-10-09,57.14,58.8,59.99,55.22,64382,374364240.0,8.42,3.81,2.16,19.87,9266103604.8
2017-10-10,57.03,56.64,57.9,56.15,42492,241501129.0,2.98,-3.67,-2.16,13.11,8925716125.44
2017-10-11,55.54,53.02,55.54,51.56,42535,227140871.0,7.03,-6.39,-3.62,13.13,8355251923.92
2017-10-12,53.03,53.17,55.45,52.68,31158,168347604.0,5.22,0.28,0.15,9.62,8378889943.320001
2017-10-13,53.48,52.57,53.69,51.8,20853,109447480.0,3.55,-1.13,-0.6,6.44,8284337865.72
2017-10-16,52.16,50.32,53.43,50.09,25172,130043230.0,6.35,-4.28,-2.25,7.77,7929767574.72
2017-10-17,50.6,51.06,51.6,50.31,19646,100295570.0,2.56,1.47,0.74,6.06,8046381803.76
2017-10-18,51.06,48.71,52.11,48.0,24295,122432082.0,8.05,-4.6,-2.35,7.5,7676052833.16
2017-10-19,48.22,48.08,49.19,47.0,20037,95901512.0,4.5,-1.29,-0.63,6.18,7576773151.679999
2017-10-20,48.13,48.53,48.65,47.5,12399,59746189.0,2.39,0.94,0.45,3.83,7647687209.88
2017-10-23,48.8,49.94,50.5,48.76,19855,99052539.0,3.59,2.91,1.41,6.13,7869884592.24
2017-10-24,50.15,49.62,50.15,48.2,13429,65925152.0,3.9,-0.64,-0.32,4.14,7819456817.5199995
2017-10-25,49.04,49.92,50.18,49.04,10385,51647851.0,2.3,0.6,0.3,3.21,7866732856.320001
2017-10-26,49.8,50.5,51.43,49.78,17977,91099784.0,3.31,1.16,0.58,5.55,7958133198.0
2017-10-27,49.83,48.95,50.48,48.8,11865,58771182.0,3.33,-3.07,-1.55,3.66,7713873664.200001
2017-10-30,48.95,45.39,49.48,45.08,16606,77136696.0,8.99,-7.27,-3.56,5.13,7152864670.440001
2017-10-31,45.27,45.7,46.55,45.1,9357,42903980.0,3.19,0.68,0.31,2.89,7201716577.200001
2017-11-01,46.01,45.91,46.28,45.5,8570,39449707.0,1.71,0.46,0.21,2.65,7234809804.36
2017-11-02,46.28,44.97,46.52,44.0,15912,71205771.0,5.49,-2.05,-0.94,4.91,7086678216.12
2017-11-03,43.08,43.25,44.47,41.66,21451,91881307.0,6.25,-3.82,-1.72,6.62,6815628927.0
2017-11-06,42.99,44.14,44.29,42.58,12667,55215020.0,3.95,2.06,0.89,3.91,6955881175.440001
2017-11-07,44.16,43.35,44.17,43.01,10284,44684703.0,2.63,-1.79,-0.79,3.17,6831387606.6
2017-11-08,43.37,44.47,44.99,43.37,16125,71811124.0,3.74,2.58,1.12,4.98,7007884818.12
2017-11-09,44.1,44.61,44.86,44.04,9055,40170249.0,1.84,0.31,0.14,2.79,7029946969.559999
2017-11-10,44.61,47.0,47.28,44.2,25112,115829270.0,6.9,5.36,2.39,7.75,7406579412.0
2017-11-13,46.75,46.29,47.25,45.58,17560,81396555.0,3.55,-1.51,-0.71,5.42,7294692786.84
2017-11-14,45.85,44.74,46.19,44.62,15042,68060513.0,3.39,-3.35,-1.55,4.64,7050433253.04
2017-11-15,44.75,49.21,49.21,44.75,30508,143344172.0,9.97,9.99,4.47,9.42,7754846231.16
2017-11-16,48.92,49.69,52.2,48.43,52795,265847369.0,7.66,0.98,0.48,16.3,7830487893.24
2017-11-17,49.64,50.31,51.85,48.82,37736,190752417.0,6.1,1.25,0.62,11.65,7928191706.76
2017-11-20,49.24,55.34,55.34,49.0,50990,266137499.0,12.6,10.0,5.03,15.74,8720853290.640001
2017-11-21,55.27,55.92,57.56,53.61,59667,331671968.0,7.14,1.05,0.58,18.42,8812253632.32
2017-11-22,54.3,53.53,55.6,52.7,42929,232171187.0,5.19,-4.27,-2.39,13.25,8435621189.88
2017-11-23,52.74,52.21,54.45,50.51,36076,189459956.0,7.36,-2.47,-1.32,11.13,8227606619.16
2017-11-24,52.0,52.77,54.25,51.98,35670,190525678.0,4.35,1.07,0.56,11.01,8315855224.92
2017-11-27,52.0,47.49,52.0,47.49,30342,148235477.0,8.55,-10.01,-5.28,9.36,7483796942.04
2017-11-28,45.64,48.39,48.88,45.64,23593,111429716.0,6.82,1.9,0.9,7.28,7625625058.440001
2017-11-29,48.5,46.03,48.92,45.93,20858,98094798.0,6.18,-4.88,-2.36,6.44,7253720219.88
2017-11-30,46.4,45.58,47.49,45.33,17301,80278453.0,4.69,-0.98,-0.45,5.34,7182806161.679999
2017-12-01,45.54,46.96,48.0,45.01,19918,93148326.0,6.56,3.03,1.38,6.15,7400275940.16
2017-12-04,46.0,44.08,46.63,43.8,21022,94724205.0,6.03,-6.13,-2.88,6.49,6946425967.679999
2017-12-05,43.74,42.7,45.07,42.2,16859,73645506.0,6.51,-3.13,-1.38,5.2,6728956189.200001
2017-12-06,42.28,44.13,44.33,42.28,16761,73124320.0,4.8,3.35,1.43,5.17,6954305307.4800005
2017-12-07,43.95,48.54,48.54,43.95,33627,157086096.0,10.4,9.99,4.41,10.38,7649263077.84
2017-12-25,48.54,46.67,51.88,46.62,30940,150988320.0,10.84,-3.85,-1.87,9.55,7354575769.320001
2017-12-26,47.49,48.76,49.4,47.0,31247,151138343.0,5.14,4.48,2.09,9.64,7683932172.96
2017-12-27,48.4,47.08,48.4,46.62,25102,118712742.0,3.65,-3.45,-1.68,7.75,7419186355.679999
2017-12-28,46.11,46.02,47.45,45.92,17486,81167334.0,3.25,-2.25,-1.06,5.4,7252144351.92
2017-12-29,45.2,46.36,47.24,45.17,14212,65795143.0,4.5,0.74,0.34,4.39,7305723862.559999
2018-01-02,46.1,46.25,47.15,45.88,10339,47927940.0,2.74,-0.24,-0.11,3.19,7288389315.0
2018-01-03,46.18,46.85,47.19,44.01,27216,124629934.0,6.88,1.3,0.6,8.4,7382941392.6
2018-01-04,46.9,45.95,46.98,45.91,14712,68153116.0,2.28,-1.92,-0.9,4.54,7241113276.200001
2018-01-05,45.73,45.27,46.74,45.22,12083,55439595.0,3.31,-1.48,-0.68,3.73,7133954254.92
2018-01-08,45.27,45.24,45.27,44.16,11943,53311419.0,2.45,-0.07,-0.03,3.69,7129226651.04
2018-01-09,45.24,47.72,48.85,44.57,27929,131496889.0,9.46,5.48,2.48,8.62,7520041905.12
2018-01-10,46.99,48.26,48.85,46.5,28968,138051902.0,4.92,1.13,0.54,8.94,7605138774.96
2018-01-11,47.67,49.9,50.83,46.96,36766,182085987.0,8.02,3.4,1.64,11.35,7863581120.4
2018-01-12,49.12,48.83,49.78,48.52,19386,95037628.0,2.53,-2.14,-1.07,5.98,7694963248.679999
2018-01-15,48.51,45.77,48.83,45.62,19248,90204781.0,6.57,-6.27,-3.06,5.94,7212747652.92
2018-01-16,45.12,45.96,46.99,45.12,12238,56590897.0,4.09,0.42,0.19,3.78,7242689144.16
2018-01-17,46.33,46.81,47.5,46.21,14245,66846941.0,2.81,1.85,0.85,4.4,7376637920.76
2018-01-18,46.5,45.67,46.6,45.56,12071,55435164.0,2.22,-2.44,-1.14,3.73,7196988973.320001
2018-01-19,45.75,45.59,46.8,45.47,9700,44675551.0,2.91,-0.18,-0.08,2.99,7184382029.64
2018-01-22,45.6,45.9,45.94,43.88,11800,52941387.0,4.52,0.68,0.31,3.64,7233233936.4
2018-01-23,46.44,45.2,46.44,45.1,8135,37167394.0,2.92,-1.53,-0.7,2.51,7122923179.200001
2018-01-24,45.09,45.69,45.8,44.51,9786,44399167.0,2.85,1.08,0.49,3.02,7200140709.24
2018-01-25,45.01,44.01,45.01,43.8,18129,80347402.0,2.65,-3.68,-1.68,5.6,6935394891.96
2018-01-26,43.81,43.28,44.36,43.13,10141,44339537.0,2.79,-1.66,-0.73,3.13,6820356530.88
2018-01-29,43.11,42.05,43.28,41.71,11530,48866909.0,3.63,-2.84,-1.23,3.56,6626524771.799999
2018-01-30,42.05,42.4,42.89,42.01,6532,27791990.0,2.09,0.83,0.35,2.02,6681680150.4
2018-01-31,42.39,40.53,42.39,40.01,9735,39892022.0,5.61,-4.41,-1.87,3.0,6386992841.88
2018-02-01,40.53,38.11,41.06,38.01,12095,47236734.0,7.53,-5.97,-2.42,3.73,6005632795.559999
2018-02-02,38.11,36.98,38.71,36.01,8594,32120089.0,7.08,-2.97,-1.13,2.65,5827559716.08
2018-02-05,36.31,37.52,37.96,36.04,6695,25013430.0,5.19,1.46,0.54,2.07,5912656585.92
2018-02-06,36.2,33.82,36.8,33.77,11381,40493121.0,8.08,-9.86,-3.7,3.51,5329585440.72
2018-02-07,35.54,36.44,36.69,33.12,9276,32227809.0,10.56,7.75,2.62,2.86,5742462846.24
2018-02-08,35.75,37.8,38.5,35.51,13989,52729560.0,8.21,3.73,1.36,4.32,5956780888.799999
2018-02-09,36.67,36.15,37.8,35.58,7861,28781414.0,5.87,-4.37,-1.65,2.43,5696762675.4
2018-02-12,36.15,36.94,37.49,36.15,5085,18795352.0,3.71,2.19,0.79,1.57,5821256244.24
2018-02-13,37.1,36.31,37.37,36.28,6073,22257029.0,2.95,-1.71,-0.63,1.87,5721976562.76
2018-02-14,36.22,36.43,36.62,35.88,3603,13092403.0,2.04,0.33,0.12,1.11,5740886978.28
2018-02-22,37.3,36.8,37.71,36.4,5693,21130255.0,3.6,1.02,0.37,1.76,5799194092.799999
2018-02-23,36.65,37.11,37.33,36.6,4750,17582516.0,1.98,0.84,0.31,1.47,5848045999.559999
2018-02-26,37.11,38.26,38.85,37.11,12064,46028686.0,4.69,3.1,1.15,3.72,6029270814.96
2018-02-27,38.3,39.29,40.2,38.27,13265,52294787.0,5.04,2.69,1.03,4.09,6191585214.84
2018-02-28,38.03,38.88,39.68,38.02,8436,32842456.0,4.22,-1.04,-0.41,2.6,6126974628.4800005
2018-03-01,38.62,39.52,40.11,38.52,10529,41767783.0,4.09,1.65,0.64,3.25,6227830177.92
2018-03-02,38.75,38.82,40.34,38.7,8600,33822600.0,4.15,-1.77,-0.7,2.65,6117519420.72
2018-03-05,39.8,39.13,39.8,38.8,6301,24638496.0,2.58,0.8,0.31,1.94,6166371327.4800005
2018-03-06,39.01,39.94,40.91,39.01,13245,53120619.0,4.86,2.07,0.81,4.09,6294016632.24
2018-03-07,39.77,39.58,39.99,39.27,7751,30679343.0,1.8,-0.9,-0.36,2.39,6237285385.679999
2018-03-08,39.56,39.6,39.89,39.3,6524,25772976.0,1.49,0.05,0.02,2.01,6240437121.6
2018-03-09,39.4,42.18,43.1,39.4,22315,92181405.0,9.34,6.52,2.58,6.89,6647011055.28
2018-03-12,42.0,41.86,42.6,41.35,16359,68446519.0,2.96,-0.76,-0.32,5.05,6596583280.559999
2018-03-13,41.62,40.96,41.64,40.65,11527,47392403.0,2.37,-2.15,-0.9,3.56,6454755164.16
2018-03-14,40.89,40.6,41.48,40.3,7447,30529718.0,2.88,-0.88,-0.36,2.3,6398023917.6
2018-03-15,40.3,39.52,40.75,38.27,14208,56033318.0,6.11,-2.66,-1.08,4.39,6227830177.92
2018-03-16,39.12,39.19,39.89,39.1,5609,22144202.0,2.0,-0.84,-0.33,1.73,6175826535.24
2018-03-19,39.21,39.48,40.47,39.03,7164,28513542.0,3.67,0.74,0.29,2.21,6221526706.08
2018-03-20,39.5,39.38,39.62,38.55,6508,25433733.0,2.71,-0.25,-0.1,2.01,6205768026.4800005
2018-03-21,39.59,39.38,40.66,39.32,11426,45853449.0,3.4,0.0,0.0,3.53,6205768026.4800005
2018-03-22,39.6,39.61,40.3,39.02,8416,33296027.0,3.25,0.58,0.23,2.6,6242012989.559999
2018-03-23,38.7,35.96,38.83,35.65,16611,61360237.0,8.03,-9.21,-3.65,5.13,5666821184.16
2018-03-26,35.93,37.19,37.54,34.02,9626,34982006.0,9.79,3.42,1.23,2.97,5860652943.24
2018-03-27,37.8,38.31,38.8,37.43,10919,41911211.0,3.68,3.01,1.12,3.37,6037150154.76
2018-03-28,38.0,38.37,39.76,37.59,12334,47760464.0,5.66,0.16,0.06,3.81,6046605362.5199995
2018-03-29,38.8,38.93,39.5,38.46,9429,36715047.0,2.71,1.46,0.56,2.91,6134853968.28
2018-03-30,39.2,40.31,42.0,39.2,19914,80596759.0,7.19,3.54,1.38,6.15,6352323746.76
2018-04-02,39.86,40.9,41.98,39.86,20683,84760937.0,5.26,1.46,0.59,6.38,6445299956.4
2018-04-03,40.11,44.99,44.99,39.5,42474,180438748.0,13.42,10.0,4.09,13.11,7089829952.04
2018-04-04,45.8,43.13,45.98,43.0,43744,194153803.0,6.62,-4.13,-1.86,13.5,6796718511.4800005
2018-04-09,43.13,43.26,44.5,41.5,23881,103381866.0,6.96,0.3,0.13,7.37,6817204794.96
2018-04-10,43.28,42.0,43.3,41.0,18554,77832474.0,5.32,-2.91,-1.26,5.73,6618645432.0
2018-04-11,40.87,42.01,43.12,40.87,14492,61376635.0,5.36,0.02,0.01,4.47,6620221299.96
2018-04-12,42.26,42.15,43.09,41.74,13302,56306966.0,3.21,0.33,0.14,4.11,6642283451.4
2018-04-13,42.52,42.19,42.8,41.9,11173,47345043.0,2.14,0.09,0.04,3.45,6648586923.24
2018-04-16,41.51,40.97,42.08,40.58,10875,44834305.0,3.56,-2.89,-1.22,3.36,6456331032.12
2018-04-17,41.22,41.12,42.45,40.63,12664,52675657.0,4.44,0.37,0.15,3.91,6479969051.5199995
2018-04-18,41.39,40.79,41.85,37.5,18371,73509358.0,10.58,-0.8,-0.33,5.67,6427965408.84
2018-04-19,40.5,39.67,40.82,39.5,11107,44422315.0,3.24,-2.75,-1.12,3.43,6251468197.320001
2018-04-20,39.85,38.23,39.97,38.05,8982,35097886.0,4.84,-3.63,-1.44,2.77,6024543211.08
2018-04-23,37.7,39.82,39.99,37.5,13699,53854851.0,6.51,4.16,1.59,4.23,6275106216.72
2018-04-24,39.57,40.37,40.88,39.5,10941,43967062.0,3.47,1.38,0.55,3.38,6361778954.5199995
2018-04-25,40.3,42.58,44.41,40.0,32712,140431565.0,10.92,5.47,2.21,10.1,6710045773.679999
2018-04-26,41.57,40.81,41.88,40.51,19369,79694017.0,3.22,-4.16,-1.77,5.98,6431117144.76
2018-04-27,41.0,42.36,42.8,41.0,20409,85993562.0,4.41,3.8,1.55,6.3,6675376678.559999
2018-05-02,41.67,39.98,42.47,39.55,14821,60565173.0,6.89,-5.62,-2.38,4.57,6300320104.08
2018-05-03,39.0,40.77,40.93,39.0,10819,43523132.0,4.83,1.98,0.79,3.34,6424813672.92
2018-05-04,29.2,31.94,31.94,29.04,29122,91817636.0,7.11,-21.66,-8.83,6.42,5033322264.24
2018-05-07,32.2,31.67,33.0,30.87,64945,205659633.0,6.67,-0.85,-0.27,14.32,4990773829.320001
2018-05-08,30.96,30.89,31.51,30.69,33314,103257603.0,2.59,-2.46,-0.78,7.34,4867856128.440001
2018-05-09,30.53,31.25,31.68,30.53,31425,97930334.0,3.72,1.17,0.36,6.93,4924587375.0
2018-05-10,31.0,31.84,33.0,30.76,44258,141240513.0,7.17,1.89,0.59,9.76,5017563584.64
2018-05-11,31.68,30.84,31.8,30.58,26495,82164962.0,3.83,-3.14,-1.0,5.84,4859976788.64
2018-05-14,31.23,31.73,32.38,31.01,32580,103480844.0,4.44,2.89,0.89,7.18,5000229037.08
2018-05-15,31.4,31.91,32.38,30.9,24944,78487038.0,4.66,0.57,0.18,5.5,5028594660.36
2018-05-16,31.3,30.83,31.73,30.72,19391,60359606.0,3.17,-3.38,-1.08,4.28,4858400920.679999
2018-05-17,30.43,30.91,31.14,30.43,11468,35424920.0,2.3,0.26,0.08,2.53,4871007864.36
2018-05-18,31.1,31.46,32.2,30.39,23179,72613919.0,5.86,1.78,0.55,5.11,4957680602.16
2018-05-21,31.54,32.11,34.0,31.52,46657,151283480.0,7.88,2.07,0.65,10.29,5060112019.559999
2018-05-22,32.58,35.32,35.32,32.0,89713,306686752.0,10.34,10.0,3.21,19.78,5565965634.72
2018-05-23,34.0,34.38,35.5,33.88,88438,304758592.0,4.59,-2.66,-0.94,19.5,5417834046.4800005
2018-05-24,33.9,34.12,34.45,33.6,34767,118224626.0,2.47,-0.76,-0.26,7.66,5376861479.5199995
2018-05-25,34.0,33.12,34.11,32.85,32220,107219571.0,3.69,-2.93,-1.0,7.1,5219274683.5199995
2018-05-28,32.98,34.57,35.66,32.97,56461,194724772.0,8.12,4.38,1.45,12.45,5447775537.72
2018-05-29,33.92,33.84,34.99,33.33,34189,116755672.0,4.8,-2.11,-0.73,7.54,5332737176.64
2018-05-30,32.01,30.46,32.59,30.46,36236,113986267.0,6.29,-9.99,-3.38,7.99,4800093806.16
2018-05-31,31.0,30.79,31.35,29.68,22036,67619030.0,5.48,1.08,0.33,4.86,4852097448.84
2018-06-01,30.33,30.32,31.3,29.96,15526,47486885.0,4.35,-1.53,-0.47,3.42,4778031654.72
2018-06-04,30.82,30.76,30.95,30.1,12559,38501073.0,2.8,1.45,0.44,2.77,4847369844.96
2018-06-05,30.95,31.7,31.98,30.7,18356,57847655.0,4.16,3.06,0.94,4.05,4995501433.2
2018-06-06,31.85,32.57,32.96,31.5,26275,85283172.0,4.61,2.74,0.87,5.79,5132601945.72
2018-06-07,32.58,31.91,33.14,31.8,22056,71588638.0,4.11,-2.03,-0.66,4.86,5028594660.36
2018-06-08,31.94,32.58,33.47,31.94,30290,99300938.0,4.79,2.1,0.67,6.68,5134177813.679999
2018-06-11,32.2,31.12,32.24,30.81,20369,63814362.0,4.39,-4.48,-1.46,4.49,4904101091.52
2018-06-12,31.02,31.89,31.95,30.2,18687,58333327.0,5.62,2.47,0.77,4.12,5025442924.440001
2018-06-13,31.69,31.58,32.98,31.24,22065,71277004.0,5.46,-0.97,-0.31,4.86,4976591017.679999
2018-06-14,30.7,32.69,33.5,30.66,30146,97018885.0,8.99,3.51,1.11,6.65,5151512361.24
2018-06-15,33.01,31.98,33.35,31.16,27131,87660254.0,6.7,-2.17,-0.71,5.98,5039625736.08
2018-06-19,30.9,28.78,31.44,28.78,23506,70545448.0,8.32,-10.01,-3.2,5.18,4535347988.88
2018-06-20,28.18,28.76,29.43,27.04,20647,58762938.0,8.3,-0.07,-0.02,4.55,4532196252.96
2018-06-21,28.76,25.97,29.11,25.93,22096,60381640.0,11.06,-9.7,-2.79,4.87,4092529092.12
2018-06-22,25.9,26.33,26.74,25.25,12689,33354933.0,5.74,1.39,0.36,2.8,4149260338.68
2018-06-25,26.5,26.59,27.47,26.5,10716,28853545.0,3.68,0.99,0.26,2.36,4190232905.64
2018-06-26,26.1,26.98,27.28,25.64,10609,28428647.0,6.17,1.47,0.39,2.34,4251691756.08
2018-06-27,26.98,26.86,27.4,26.61,11583,31276597.0,2.93,-0.44,-0.12,2.55,4232781340.56
2018-06-28,27.3,26.9,27.94,26.78,11987,32681637.0,4.32,0.15,0.04,2.64,4239084812.3999996
2018-06-29,27.18,27.58,27.67,26.5,15460,42183371.0,4.35,2.53,0.68,3.41,4346243833.679999
2018-07-02,27.88,26.86,28.02,26.51,12496,34245264.0,5.47,-2.61,-0.72,2.75,4232781340.56
2018-07-03,26.66,28.26,28.3,26.59,18024,49563633.0,6.37,5.21,1.4,3.97,4453402854.96
2018-07-04,28.2,27.12,28.5,26.98,18080,50023930.0,5.38,-4.03,-1.14,3.99,4273753907.52
2018-07-05,27.01,25.58,27.42,25.13,13093,34786209.0,8.44,-5.68,-1.54,2.89,4031070241.68
2018-07-06,25.7,25.59,26.5,25.09,13380,34730554.0,5.51,0.04,0.01,2.95,4032646109.64
2018-07-09,26.68,26.37,26.68,25.63,9440,24764371.0,4.1,3.05,0.78,2.08,4155563810.52
2018-07-10,27.14,27.41,28.0,26.77,18192,49893599.0,4.66,3.94,1.04,4.01,4319454078.36
2018-07-11,26.68,26.62,26.93,25.6,14363,37933888.0,4.85,-2.88,-0.79,3.17,4194960509.52
2018-07-12,27.4,27.76,28.18,27.26,20679,57261229.0,3.46,4.28,1.14,4.56,4374609456.96
2018-07-13,27.65,27.31,27.74,27.07,12626,34552487.0,2.41,-1.62,-0.45,2.78,4303695398.76
2018-07-16,27.31,27.99,28.22,27.22,17984,50289400.0,3.66,2.49,0.68,3.96,4410854420.04
2018-07-17,27.89,27.99,28.4,27.56,14226,39755396.0,3.0,0.0,0.0,3.14,4410854420.04
2018-07-18,27.57,27.12,27.98,26.98,12966,35555705.0,3.57,-3.11,-0.87,2.86,4273753907.52
2018-07-19,27.25,26.51,27.55,26.45,12631,33965503.0,4.06,-2.25,-0.61,2.78,4177625961.96
2018-07-20,26.56,26.93,27.11,26.15,9370,25089994.0,3.62,1.58,0.42,2.07,4243812416.2799997
2018-07-23,26.8,27.3,27.76,26.8,9524,26077770.0,3.56,1.37,0.37,2.1,4302119530.8
2018-07-24,27.46,27.69,27.8,27.12,10482,28859600.0,2.49,1.43,0.39,2.31,4363578381.24
2018-07-25,27.69,27.26,27.98,27.06,11513,31514874.0,3.32,-1.55,-0.43,2.54,4295816058.96
2018-07-26,27.27,26.58,27.34,26.4,9677,25861280.0,3.45,-2.49,-0.68,2.13,4188657037.68
2018-07-27,26.74,26.17,26.74,26.14,6563,17273877.0,2.26,-1.54,-0.41,1.45,4124046451.32
2018-07-30,26.15,25.8,26.46,25.66,6827,17716247.0,3.06,-1.41,-0.37,1.51,4065739336.8
2018-07-31,25.99,26.04,26.3,25.7,6881,17908914.0,2.33,0.93,0.24,1.52,4103560167.8399997
2018-08-01,26.04,25.45,26.26,25.43,6206,16041343.0,3.19,-2.27,-0.59,1.37,4010583958.2
2018-08-02,25.46,23.74,25.46,22.92,14041,33567002.0,9.98,-6.72,-1.71,3.1,3741110537.04
2018-08-03,23.66,22.62,23.97,22.52,8736,20183756.0,6.11,-4.72,-1.12,1.93,3564613325.52
2018-08-06,22.62,21.86,22.99,21.6,9180,20259236.0,6.15,-3.36,-0.76,2.02,3444847360.56
2018-08-07,21.86,22.52,22.99,21.61,8537,18989780.0,6.31,3.02,0.66,1.88,3548854645.92
2018-08-08,22.77,22.29,22.85,22.22,7097,16015229.0,2.8,-1.02,-0.23,1.56,3512609682.8399997
2018-08-09,22.35,22.97,23.3,22.12,10920,25038581.0,5.29,3.05,0.68,2.41,3619768704.12
2018-08-10,23.05,24.14,24.52,22.77,12920,30274070.0,7.62,5.09,1.17,2.85,3804145255.44
2018-08-13,23.5,24.45,24.97,23.35,16665,40626778.0,6.71,1.28,0.31,3.67,3852997162.2
2018-08-14,24.24,23.85,24.35,23.78,9171,21977236.0,2.33,-2.45,-0.6,2.02,3758445084.6000004
2018-08-15,23.66,23.3,24.18,23.28,7534,17871993.0,3.77,-2.31,-0.55,1.66,3671772346.8
2018-08-16,23.11,23.73,24.49,22.7,13993,33488522.0,7.68,1.85,0.43,3.08,3739534669.08
2018-08-17,24.2,23.42,24.2,23.38,9227,21937797.0,3.46,-1.31,-0.31,2.03,3690682762.32
2018-08-20,23.42,25.72,25.72,23.2,29781,73821139.0,10.76,9.82,2.3,6.57,4053132393.12
2018-08-21,25.48,26.26,26.99,25.0,36558,94603444.0,7.74,2.1,0.54,8.06,4138229262.96
2018-08-22,25.86,25.3,26.0,25.3,17392,44570063.0,2.67,-3.66,-0.96,3.83,3986945938.8
2018-08-23,25.3,26.59,27.83,25.05,35123,94183562.0,10.99,5.1,1.29,7.74,4190232905.64
2018-08-24,26.52,25.73,26.52,25.61,24109,62431861.0,3.42,-3.23,-0.86,5.32,4054708261.08
2018-08-27,25.94,26.14,26.78,25.41,22798,59749690.0,5.32,1.59,0.41,5.03,4119318847.44
2018-08-28,25.8,25.95,26.7,25.76,16875,44056982.0,3.6,-0.73,-0.19,3.72,4089377356.2
2018-08-29,25.97,25.75,26.29,25.53,11452,29563825.0,2.93,-0.77,-0.2,2.52,4057859997.0
2018-08-30,25.75,25.32,25.99,24.8,14115,35733834.0,4.62,-1.67,-0.43,3.11,3990097674.7200003
2018-08-31,25.33,26.08,26.7,25.23,29289,76536209.0,5.81,3.0,0.76,6.46,4109863639.68
2018-09-03,25.8,25.12,25.8,24.0,24169,59593634.0,6.9,-3.68,-0.96,5.33,3958580315.52
2018-09-04,24.0,25.05,25.22,24.0,17695,43788864.0,4.86,-0.28,-0.07,3.9,3947549239.8
2018-09-05,25.0,25.06,26.12,24.7,22458,57274235.0,5.67,0.04,0.01,4.95,3949125107.7599998
2018-09-06,24.57,25.87,26.99,24.57,28231,73653944.0,9.66,3.23,0.81,6.22,4076770412.52
2018-09-07,25.56,25.42,26.77,25.1,22877,59303234.0,6.46,-1.74,-0.45,5.04,4005856354.32
2018-09-10,25.74,25.37,26.38,25.3,22417,57918763.0,4.25,-0.2,-0.05,4.94,3997977014.52
2018-09-11,25.7,27.65,27.86,24.88,52112,138642100.0,11.75,8.99,2.28,11.49,4357274909.4
2018-09-12,26.89,26.74,27.28,26.65,35893,96669403.0,2.28,-3.29,-0.91,7.91,4213870925.04
2018-09-13,27.18,27.77,27.93,26.5,38777,106118977.0,5.35,3.85,1.03,8.55,4376185324.92
2018-09-14,27.78,26.72,27.83,26.54,27358,74194368.0,4.65,-3.78,-1.05,6.03,4210719189.12
2018-09-17,26.29,27.14,27.68,26.06,23855,64678247.0,6.06,1.57,0.42,5.26,4276905643.44
2018-09-18,26.5,27.27,27.5,26.44,22693,61279044.0,3.91,0.48,0.13,5.0,4297391926.92
2018-09-19,27.09,27.29,27.66,26.7,23223,63340558.0,3.52,0.07,0.02,5.12,4300543662.84
2018-09-20,27.16,26.46,27.4,26.19,23578,62991015.0,4.43,-3.04,-0.83,5.2,4169746622.1600003
2018-09-21,26.27,26.4,26.73,25.95,13178,34704840.0,2.95,-0.23,-0.06,2.91,4160291414.3999996
2018-09-25,26.39,26.21,26.65,26.06,8914,23446943.0,2.23,-0.72,-0.19,1.97,4130349923.1600003
2018-09-26,26.21,26.18,26.53,26.0,12744,33518580.0,2.02,-0.11,-0.03,2.81,4125622319.2799997
2018-09-27,26.18,24.2,26.25,23.8,22660,56674072.0,9.36,-7.56,-1.98,5.0,3813600463.2
2018-09-28,24.48,24.42,24.7,24.24,8316,20335089.0,1.9,0.91,0.22,1.83,3848269558.32
2018-10-08,24.0,23.34,24.25,23.18,8898,21019071.0,4.38,-4.42,-1.08,1.96,3678075818.64
2018-10-09,23.38,23.52,23.83,23.2,6544,15393168.0,2.7,0.77,0.18,1.44,3706441441.92
2018-10-10,23.44,23.69,23.75,23.35,7076,16696856.0,1.7,0.72,0.17,1.56,3733231197.2400002
2018-10-11,22.88,21.32,23.0,21.32,14732,32144754.0,7.09,-10.0,-2.37,3.25,3359750490.7200003
2018-10-12,20.95,21.13,21.49,19.84,10642,22024113.0,7.74,-0.89,-0.19,2.35,3329808999.48
2018-10-15,21.0,21.25,22.08,20.8,11123,24018367.0,6.06,0.57,0.12,2.45,3348719415.0
2018-10-16,21.26,20.49,21.79,19.2,10846,22514367.0,12.19,-3.58,-0.76,2.39,3228953450.04
2018-10-17,20.92,20.91,21.13,20.18,9018,18744570.0,4.64,2.05,0.42,1.99,3295139904.36
2018-10-18,21.54,21.26,22.09,21.01,16503,35563348.0,5.16,1.67,0.35,3.64,3350295282.96
2018-10-19,20.3,21.87,22.28,19.31,18227,38389020.0,13.97,2.87,0.61,4.02,3446423228.52
2018-10-22,21.88,22.79,23.18,21.73,20212,45509323.0,6.63,4.21,0.92,4.46,3591403080.8399997
2018-10-23,22.7,21.95,22.7,21.8,12722,28236025.0,3.95,-3.69,-0.84,2.8,3459030172.2
2018-10-24,21.96,21.75,22.12,21.54,7346,16027873.0,2.64,-0.91,-0.2,1.62,3427512813.0
2018-10-25,21.0,22.38,23.33,19.58,14630,31636414.0,17.24,2.9,0.63,3.23,3526792494.48
2018-10-26,22.21,22.3,23.08,22.21,13293,30068992.0,3.89,-0.36,-0.08,2.93,3514185550.8
2018-10-29,22.13,21.95,22.66,21.95,9725,21676002.0,3.18,-1.57,-0.35,2.14,3459030172.2
2018-10-30,21.88,21.93,22.28,21.02,10394,22567145.0,5.74,-0.09,-0.02,2.29,3455878436.2799997
2018-10-31,21.78,22.08,22.5,21.78,8390,18580643.0,3.28,0.68,0.15,1.85,3479516455.68
2018-11-01,22.21,22.51,22.95,22.21,14571,32997967.0,3.35,1.95,0.43,3.21,3547278777.96
2018-11-02,23.11,22.8,23.3,22.61,18685,42746957.0,3.07,1.29,0.29,4.12,3592978948.8
2018-11-05,22.8,22.85,23.07,22.53,13820,31506327.0,2.37,0.22,0.05,3.05,3600858288.6000004
2018-11-06,22.8,22.88,22.9,22.13,11900,26818043.0,3.37,0.13,0.03,2.62,3605585892.48
2018-11-07,22.8,23.5,24.21,22.65,24418,57263579.0,6.82,2.71,0.62,5.38,3703289706.0
2018-11-08,23.41,23.35,23.9,22.96,19215,44842942.0,4.0,-0.64,-0.15,4.24,3679651686.6000004
2018-11-09,23.08,23.75,24.16,23.02,22956,54586414.0,4.88,1.71,0.4,5.06,3742686405.0
2018-11-12,23.8,24.07,24.2,23.5,19288,46079802.0,2.95,1.35,0.32,4.25,3793114179.7200003
2018-11-13,23.61,23.93,24.6,23.56,21111,50659637.0,4.32,-0.58,-0.14,4.65,3771052028.2799997
2018-11-14,23.93,23.62,24.37,23.48,12886,30757804.0,3.72,-1.3,-0.31,2.84,3722200121.52
2018-11-15,23.72,24.23,24.38,23.5,19407,46560609.0,3.73,2.58,0.61,4.28,3818328067.08
2018-11-16,24.31,24.58,24.66,24.2,22842,55834451.0,1.9,1.44,0.35,5.04,3873483445.68
2018-11-19,24.38,24.27,24.72,24.08,12817,31118718.0,2.6,-1.26,-0.31,2.83,3824631538.92
2018-11-20,24.25,23.59,24.43,23.5,11327,27075837.0,3.83,-2.8,-0.68,2.5,3717472517.64
2018-11-21,23.13,24.18,24.7,23.13,19808,47585152.0,6.66,2.5,0.59,4.37,3810448727.2799997
2018-11-22,24.18,24.46,25.3,24.1,22623,56011415.0,4.96,1.16,0.28,4.99,3854573030.1600003
2018-11-23,24.42,22.72,24.68,22.44,18307,42928296.0,9.16,-7.11,-1.74,4.04,3580372005.12
2018-11-26,22.94,24.68,24.85,22.69,32005,76671204.0,9.51,8.63,1.96,7.06,3889242125.2799997
2018-11-27,24.67,25.86,26.49,24.35,42156,108140854.0,8.67,4.78,1.18,9.29,4075194544.56
2018-11-28,26.0,25.63,26.29,25.19,29760,76307498.0,4.25,-0.89,-0.23,6.56,4038949581.48
2018-11-29,26.05,24.1,26.2,24.03,23114,57714053.0,8.47,-5.97,-1.53,5.1,3797841783.6000004
2018-11-30,24.52,24.62,24.82,23.88,17203,41974963.0,3.9,2.16,0.52,3.79,3879786917.52
2018-12-03,25.41,25.36,25.7,24.88,22564,57148439.0,3.33,3.01,0.74,4.97,3996401146.56
2018-12-04,25.18,24.94,25.28,24.7,14804,37029357.0,2.29,-1.66,-0.42,3.26,3930214692.2400002
2018-12-05,24.45,24.63,24.8,24.01,11215,27457644.0,3.17,-1.24,-0.31,2.47,3881362785.48
2018-12-06,24.27,23.58,24.27,23.51,14222,33883678.0,3.09,-4.26,-1.05,3.14,3715896649.68
2018-12-07,23.6,24.01,24.4,23.6,12751,30797919.0,3.39,1.82,0.43,2.81,3783658971.96
2018-12-10,23.92,24.17,24.88,23.72,13793,33616735.0,4.83,0.67,0.16,3.04,3808872859.32
2018-12-11,24.27,25.18,25.18,24.27,20214,50311703.0,3.76,4.18,1.01,4.46,3968035523.2799997
2018-12-12,25.13,24.4,25.17,24.31,15389,37793092.0,3.42,-3.1,-0.78,3.39,3845117822.3999996
2018-12-13,24.57,25.16,25.52,24.3,20777,51955300.0,5.0,3.11,0.76,4.58,3964883787.36
2018-12-14,24.88,24.1,25.22,24.1,13988,34388964.0,4.45,-4.21,-1.06,3.08,3797841783.6000004
2018-12-17,24.1,23.91,24.22,23.34,9456,22514522.0,3.65,-0.79,-0.19,2.08,3767900292.36
2018-12-18,23.78,23.99,24.27,23.49,7038,16844895.0,3.26,0.33,0.08,1.55,3780507236.04
2018-12-19,24.1,23.73,24.55,23.61,9875,23796813.0,3.92,-1.08,-0.26,2.18,3739534669.08
2018-12-20,23.6,23.93,24.03,23.4,7751,18417805.0,2.65,0.84,0.2,1.71,3771052028.2799997
2018-12-21,23.86,23.96,24.2,23.59,7660,18357757.0,2.55,0.13,0.03,1.69,3775779632.1600003
2018-12-24,24.03,26.36,26.36,24.03,19563,50527700.0,9.72,10.02,2.4,4.31,4153987942.56
2018-12-25,29.0,29.0,29.0,29.0,20904,60620701.0,0.0,10.02,2.64,4.61,4570017084.0
2018-12-26,31.9,31.9,31.9,31.9,11917,38013954.0,0.0,10.0,2.9,2.63,5027018792.4
2018-12-27,31.99,33.47,34.79,31.03,144380,480166944.0,11.79,4.92,1.57,31.83,5274430062.12
2018-12-28,31.69,34.09,35.99,31.68,121862,407718880.0,12.88,1.85,0.62,26.87,5372133875.64
2019-01-02,33.3,36.0,37.38,32.63,110889,388877696.0,13.93,5.6,1.91,24.45,5673124656.0
2019-01-03,35.02,32.4,35.97,32.4,100380,336885792.0,9.92,-10.0,-3.6,22.13,5105812190.4
2019-01-04,30.18,30.8,31.8,29.93,75239,230926600.0,5.77,-4.94,-1.6,16.59,4853673316.8
2019-01-07,30.97,30.8,32.43,30.53,77194,243981484.0,6.17,0.0,0.0,17.02,4853673316.8
2019-01-08,30.54,31.06,31.42,29.66,72928,223374091.0,5.71,0.84,0.26,16.08,4894645883.76
2019-01-09,30.32,30.76,32.4,29.96,77947,244080808.0,7.86,-0.97,-0.3,17.18,4847369844.96
2019-01-10,30.96,33.84,33.84,30.81,102253,334462912.0,9.85,10.01,3.08,22.54,5332737176.64
2019-01-11,33.69,32.92,36.5,32.82,113147,395324016.0,10.87,-2.72,-0.92,24.94,5187757324.320001
2019-01-14,33.35,35.0,35.99,30.9,84168,271128928.0,15.46,6.32,2.08,18.56,5515537860.0
2019-01-15,33.0,32.76,34.44,32.74,69636,233186591.0,4.86,-6.4,-2.24,15.35,5162543436.96
2019-01-16,32.94,32.2,33.45,32.18,41070,134334670.0,3.88,-1.71,-0.56,9.05,5074294831.200001
2019-01-17,31.7,31.28,32.16,31.16,40404,127511017.0,3.11,-2.86,-0.92,8.91,4929314978.88
2019-01-18,31.5,31.78,32.1,31.2,40243,127855670.0,2.88,1.6,0.5,8.87,5008108376.88
2019-01-21,31.6,32.67,33.57,31.21,46433,150768754.0,7.43,2.8,0.89,10.24,5148360625.320001
2019-01-22,32.67,32.25,32.8,31.51,33322,107279898.0,3.95,-1.29,-0.42,7.35,5082174171.0
2019-01-23,31.59,30.92,31.96,30.54,35692,111116039.0,4.4,-4.12,-1.33,7.87,4872583732.320001
2019-01-24,30.85,31.2,31.7,30.3,28095,87172442.0,4.53,0.91,0.28,6.19,4916708035.2
2019-01-25,31.22,29.7,31.3,29.66,28570,86842536.0,5.26,-4.81,-1.5,6.3,4680327841.2
2019-01-28,29.99,29.72,30.08,29.11,17812,52964189.0,3.27,0.07,0.02,3.93,4683479577.12
2019-01-29,29.11,28.7,29.68,26.8,24010,68747355.0,9.69,-3.43,-1.02,5.29,4522741045.2
2019-01-30,28.7,28.03,29.49,27.9,20045,57563825.0,5.54,-2.33,-0.67,4.42,4417157891.88
2019-01-31,27.7,27.28,28.57,27.2,24102,67259223.0,4.89,-2.68,-0.75,5.31,4298967794.88
2019-02-01,27.63,28.56,29.47,27.63,25914,73820698.0,6.74,4.69,1.28,5.71,4500678893.76
2019-02-11,28.9,30.03,30.45,28.62,30651,91147862.0,6.41,5.15,1.47,6.76,4732331483.88
2019-02-12,30.05,30.25,31.3,29.62,36099,110023164.0,5.59,0.73,0.22,7.96,4767000579.0
2019-02-13,30.3,30.6,31.0,29.7,37547,114688116.0,4.3,1.16,0.35,8.28,4822155957.6
2019-02-14,30.3,30.38,30.78,30.01,25456,77221973.0,2.52,-0.72,-0.22,5.61,4787486862.48
2019-02-15,30.15,30.82,31.4,29.91,37767,116416408.0,4.9,1.45,0.44,8.33,4856825052.72
2019-02-18,30.98,31.74,31.88,30.86,42214,132527174.0,3.31,2.99,0.92,9.31,5001804905.04
2019-02-19,32.0,31.14,32.07,30.8,37235,116365897.0,4.0,-1.89,-0.6,8.21,4907252827.440001
2019-02-20,31.08,31.0,31.1,30.1,25411,77815809.0,3.21,-0.45,-0.14,5.6,4885190676.0
2019-02-21,31.0,33.92,34.1,31.0,99886,331705872.0,10.0,9.42,2.92,22.02,5345344120.320001
2019-02-22,32.9,34.64,35.17,32.6,87083,295165952.0,7.58,2.12,0.72,19.2,5458806613.440001
2019-02-25,34.61,35.69,36.49,34.12,83152,293049888.0,6.84,3.03,1.05,18.33,5624272749.24
2019-02-26,35.28,33.68,35.28,33.66,67451,231427955.0,4.54,-5.63,-2.01,14.87,5307523289.28
2019-02-27,33.2,32.55,33.85,32.27,41781,137951979.0,4.69,-3.36,-1.13,9.21,5129450209.799999
2019-02-28,33.02,33.04,33.32,32.56,24065,79418977.0,2.33,1.51,0.49,5.31,5206667739.84
2019-03-01,33.45,32.87,33.45,32.46,19790,64905709.0,3.0,-0.51,-0.17,4.36,5179877984.5199995
2019-03-04,35.45,33.8,36.15,33.56,57369,198282022.0,7.88,2.83,0.93,12.65,5326433704.799999
2019-03-05,34.49,37.18,37.18,34.13,91967,329246880.0,9.02,10.0,3.38,20.28,5859077075.28
2019-03-06,38.4,40.2,40.9,36.9,115214,448757088.0,10.76,8.12,3.02,25.4,6334989199.200001
2019-03-07,38.78,38.95,39.7,38.08,84044,326746912.0,4.03,-3.11,-1.25,18.53,6138005704.200001
2019-03-08,37.0,35.37,38.2,35.3,56067,205578493.0,7.45,-9.19,-3.58,12.36,5573844974.5199995
2019-03-11,36.01,37.39,37.6,35.39,45834,167392255.0,6.25,5.71,2.02,10.1,5892170302.440001
2019-03-12,38.32,37.37,38.7,36.81,55003,207245913.0,5.05,-0.05,-0.02,12.13,5889018566.5199995
2019-03-13,37.2,35.3,37.2,34.72,35747,129340289.0,6.64,-5.54,-2.07,7.88,5562813898.799999
2019-03-14,35.83,35.45,36.13,34.5,27583,97325917.0,4.62,0.42,0.15,6.08,5586451918.200001
2019-03-15,35.8,35.73,35.9,35.19,19834,70650356.0,2.0,0.79,0.28,4.37,5630576221.08
2019-03-18,36.0,36.46,36.5,35.07,25525,91539909.0,4.0,2.04,0.73,5.63,5745614582.16
2019-03-19,36.11,36.17,36.8,35.82,20830,75655795.0,2.69,-0.8,-0.29,4.59,5699914411.320001
2019-03-20,35.79,35.18,36.45,34.56,21293,75361805.0,5.23,-2.74,-0.99,4.69,5543903483.28
2019-03-21,35.2,35.06,35.5,34.58,22739,79991342.0,2.62,-0.34,-0.12,5.01,5524993067.76
2019-03-22,35.01,34.89,35.18,33.85,23668,81719704.0,3.79,-0.48,-0.17,5.22,5498203312.440001
2019-03-25,34.29,34.57,35.25,34.05,19808,69078437.0,3.44,-0.92,-0.32,4.37,5447775537.72
2019-03-26,34.57,34.01,35.25,34.0,17785,61653728.0,3.62,-1.62,-0.56,3.92,5359526931.96
2019-03-27,34.21,35.62,35.65,34.21,28315,99224779.0,4.23,4.73,1.61,6.24,5613241673.5199995
2019-03-28,36.23,37.65,39.18,36.0,71689,271249360.0,8.93,5.7,2.03,15.8,5933142869.4
2019-03-29,36.89,36.91,37.2,34.79,51291,185550362.0,6.4,-1.97,-0.74,11.31,5816528640.36
2019-04-01,36.2,37.74,37.99,35.71,59212,219364565.0,6.18,2.25,0.83,13.05,5947325681.04
2019-04-02,37.0,36.58,37.69,36.43,50259,186372150.0,3.34,-3.07,-1.16,11.08,5764524997.679999
2019-04-03,35.97,35.32,36.02,35.0,36547,129523586.0,2.79,-3.44,-1.26,8.06,5565965634.72
2019-04-04,35.42,34.71,35.79,34.58,29621,103514245.0,3.43,-1.73,-0.61,6.53,5469837689.16
2019-04-08,34.95,34.27,35.06,33.91,20776,71452919.0,3.31,-1.27,-0.44,4.58,5400499498.92
2019-04-09,34.2,36.5,36.5,34.06,43495,154870415.0,7.12,6.51,2.23,9.59,5751918054.0
2019-04-10,36.4,35.26,36.4,35.0,25850,91734070.0,3.84,-3.4,-1.24,5.7,5556510426.96
2019-04-11,35.26,34.17,35.39,34.0,20925,72029621.0,3.94,-3.09,-1.09,4.61,5384740819.320001
2019-04-12,34.17,34.4,34.68,34.01,11911,40827465.0,1.96,0.67,0.23,2.63,5420985782.4
2019-04-15,34.93,34.17,35.57,34.15,17187,60123210.0,4.13,-0.67,-0.23,3.79,5384740819.320001
2019-04-16,33.8,35.37,35.47,32.57,36343,125622153.0,8.49,3.51,1.2,8.01,5573844974.5199995
2019-04-17,35.37,34.8,36.3,34.69,28165,99628988.0,4.55,-1.61,-0.57,6.21,5484020500.799999
2019-04-18,34.73,34.76,35.39,34.65,18605,65094242.0,2.13,-0.11,-0.04,4.1,5477717028.96
2019-04-19,34.59,35.13,35.29,33.88,20899,72395194.0,4.06,1.06,0.37,4.61,5536024143.4800005
2019-04-22,35.22,35.16,36.1,35.06,24582,87371219.0,2.96,0.09,0.03,5.42,5540751747.36
2019-04-23,34.8,33.87,34.8,33.8,17899,61218568.0,2.84,-3.67,-1.29,3.95,5337464780.5199995
2019-04-24,33.87,34.11,34.16,33.56,11683,39615050.0,1.77,0.71,0.24,2.58,5375285611.559999
2019-04-25,34.11,31.75,34.4,31.0,21661,71604000.0,9.97,-6.92,-2.36,4.78,5003380773.0
2019-04-26,31.5,31.7,32.35,31.05,16290,52133352.0,4.09,-0.16,-0.05,3.59,4995501433.2
2019-04-29,31.75,29.32,32.17,29.0,19663,59622095.0,10.0,-7.51,-2.38,4.33,4620444858.72
2019-04-30,28.6,29.06,29.84,28.46,14540,42447533.0,4.71,-0.89,-0.26,3.21,4579472291.76
2019-05-06,28.05,26.15,28.05,26.15,22293,59996411.0,6.54,-10.01,-2.91,4.91,4120894715.3999996
2019-05-07,26.1,26.46,27.6,25.78,16500,43566010.0,6.96,1.19,0.31,3.64,4169746622.1600003
2019-05-08,25.75,26.5,27.05,25.51,15358,40627874.0,5.82,0.15,0.04,3.39,4176050094.0
2019-05-09,26.3,26.82,27.11,26.2,14507,38843113.0,3.43,1.21,0.32,3.2,4226477868.7200003
2019-05-10,27.0,28.4,28.59,26.29,26905,74423234.0,8.58,5.89,1.58,5.93,4475465006.4
2019-05-13,20.78,22.19,22.25,20.1,21394,44406690.0,7.57,-21.87,-6.21,3.38,3496851003.2400002
2019-05-14,21.57,22.37,23.5,20.62,51174,111874295.0,12.98,0.81,0.18,8.09,3525216626.52
2019-05-15,22.52,21.85,22.88,21.72,33362,73606104.0,5.19,-2.32,-0.52,5.28,3443271492.6000004
2019-05-16,22.04,21.17,22.04,21.05,25019,53279467.0,4.53,-3.11,-0.68,3.96,3336112471.32
2019-05-17,21.08,20.41,21.43,19.84,31048,64647390.0,7.51,-3.59,-0.76,4.91,3216346506.36
2019-05-20,20.61,20.87,21.4,19.82,28413,58852585.0,7.74,2.25,0.46,4.49,3288836432.52
2019-05-21,20.69,20.84,21.58,20.13,26714,56005276.0,6.95,-0.14,-0.03,4.23,3284108828.64
2019-05-22,20.84,21.02,21.49,20.45,25585,54009651.0,4.99,0.86,0.18,4.05,3312474451.92
2019-05-23,20.9,19.63,20.9,19.5,27390,54969970.0,6.66,-6.61,-1.39,4.33,3093428805.48
2019-05-24,19.77,19.28,20.17,19.2,15038,29606878.0,4.94,-1.78,-0.35,2.38,3038273426.88
2019-05-27,19.68,20.55,20.74,19.46,31944,64664584.0,6.64,6.59,1.27,5.05,3238408657.8
2019-05-28,20.62,20.83,21.58,20.57,30132,63378453.0,4.91,1.36,0.28,4.77,3282532960.68
2019-05-29,20.89,20.81,21.07,20.3,20657,42993867.0,3.7,-0.1,-0.02,3.27,3279381224.7599998
2019-05-30,20.62,20.24,20.95,19.69,24156,48565770.0,6.05,-2.74,-0.57,3.82,3189556751.04
2019-05-31,20.29,20.19,20.64,20.03,19166,39126389.0,3.01,-0.25,-0.05,3.03,3181677411.2400002
2019-06-03,20.75,20.68,21.15,19.68,35752,73425996.0,7.28,2.43,0.49,5.66,3258894941.2799997
2019-06-04,20.92,22.75,22.75,20.58,81015,179984025.0,10.49,10.01,2.07,12.81,3585099609.0
2019-06-05,24.03,24.14,24.6,23.39,139909,335129808.0,5.32,6.11,1.39,22.13,3804145255.44
2019-06-06,23.5,21.82,23.5,21.75,75724,168667501.0,7.25,-9.61,-2.32,11.98,3438543888.7200003
2019-06-10,22.0,22.48,22.95,21.63,67906,152163808.0,6.05,3.02,0.66,10.74,3542551174.08
2019-06-11,21.99,23.08,23.08,21.21,83374,185633699.0,8.32,2.67,0.6,13.19,3637103251.68
2019-06-12,22.85,22.74,23.55,22.38,64388,147686553.0,5.07,-1.47,-0.34,10.18,3583523741.04
2019-06-13,22.53,22.5,22.98,22.14,39675,89201229.0,3.69,-1.06,-0.24,6.28,3545702910.0
2019-06-14,22.3,21.2,22.6,21.0,40354,87802576.0,7.11,-5.78,-1.3,6.38,3340840075.2
2019-06-17,21.21,21.43,21.77,21.03,22410,48009354.0,3.49,1.08,0.23,3.54,3377085038.2799997
2019-06-18,21.41,21.73,22.25,21.22,28527,61874615.0,4.81,1.4,0.3,4.51,3424361077.08
2019-06-19,22.24,21.99,22.5,21.8,34425,76293909.0,3.22,1.2,0.26,5.45,3465333644.04
2019-06-20,21.89,21.71,21.96,21.21,33777,73013040.0,3.41,-1.27,-0.28,5.34,3421209341.1600003
2019-06-21,21.92,22.28,22.4,21.8,41437,91714978.0,2.76,2.63,0.57,6.55,3511033814.88
2019-06-24,22.21,21.83,22.24,21.62,28146,61546717.0,2.78,-2.02,-0.45,4.45,3440119756.68
2019-06-25,21.85,22.7,22.86,21.6,47712,106321124.0,5.77,3.99,0.87,7.55,3577220269.2
2019-06-26,22.2,22.5,23.35,22.1,54943,125684948.0,5.51,-0.88,-0.2,8.69,3545702910.0
2019-06-27,22.48,23.07,23.1,22.2,53701,122101626.0,4.0,2.53,0.57,8.49,3635527383.7200003
2019-06-28,23.1,22.4,23.3,22.3,36323,82029086.0,4.33,-2.9,-0.67,5.75,3529944230.3999996
2019-07-01,23.03,22.94,23.3,22.8,54060,124502313.0,2.23,2.41,0.54,8.55,3615041100.2400002
2019-07-02,22.81,22.3,22.81,22.05,36189,81183260.0,3.31,-2.79,-0.64,5.72,3514185550.8
2019-07-03,22.01,21.43,22.18,21.4,33857,73366249.0,3.5,-3.9,-0.87,5.36,3377085038.2799997
2019-07-04,21.6,21.21,21.66,21.01,20462,43544056.0,3.03,-1.03,-0.22,3.24,3342415943.1600003
2019-07-05,21.27,21.3,21.43,21.12,12692,27058796.0,1.46,0.42,0.09,2.01,3356598754.8
2019-07-08,21.2,20.1,21.28,20.02,22682,46189027.0,5.92,-5.63,-1.2,3.59,3167494599.6000004
2019-07-09,20.05,20.12,20.37,19.8,13499,27054969.0,2.84,0.1,0.02,2.14,3170646335.52
2019-07-10,20.2,19.8,20.3,19.68,14579,29089462.0,3.08,-1.59,-0.32,2.31,3120218560.8
2019-07-11,19.8,19.84,20.16,19.68,10826,21554513.0,2.42,0.2,0.04,1.71,3126522032.64
2019-07-12,19.91,19.58,19.96,19.58,10074,19855623.0,1.92,-1.31,-0.26,1.59,3085549465.68
2019-07-15,19.6,19.92,19.98,19.2,14951,29290321.0,3.98,1.74,0.34,2.36,3139128976.32
2019-07-16,19.84,19.95,20.15,19.71,13608,27150277.0,2.21,0.15,0.03,2.15,3143856580.2
2019-07-17,19.96,20.0,20.26,19.8,11247,22539601.0,2.31,0.25,0.05,1.78,3151735920.0
2019-07-18,19.99,19.31,19.99,19.23,14743,28722861.0,3.8,-3.45,-0.69,2.33,3043001030.7599998
2019-07-19,19.3,19.26,19.7,19.21,9545,18562550.0,2.54,-0.26,-0.05,1.51,3035121690.96
2019-07-22,19.4,17.51,19.52,17.5,23235,41681559.0,10.49,-9.09,-1.75,3.68,2759344797.96
2019-07-23,17.54,18.48,18.6,17.54,29218,53305097.0,6.05,5.54,0.97,4.62,2912203990.08
2019-07-24,18.69,19.07,19.3,18.69,24248,46291571.0,3.3,3.19,0.59,3.84,3005180199.7200003
2019-07-25,18.99,18.65,19.46,18.62,21105,39972848.0,4.4,-2.2,-0.42,3.34,2938993745.3999996
2019-07-26,19.12,18.4,19.12,18.35,16211,30151638.0,4.13,-1.34,-0.25,2.56,2899597046.3999996
2019-07-29,18.39,18.79,19.06,18.39,16662,31187952.0,3.64,2.12,0.39,1.06,2961055896.8399997
2019-07-30,18.78,18.72,18.97,18.61,12041,22617474.0,1.92,-0.37,-0.07,0.77,2950024821.12
2019-07-31,18.85,18.74,18.97,18.45,12911,24246520.0,2.78,0.11,0.02,0.82,2953176557.04
2019-08-01,18.7,18.57,18.73,18.08,15550,28663028.0,3.47,-0.91,-0.17,0.99,2926386801.7200003
2019-08-02,18.02,18.05,18.3,17.8,16234,29267866.0,2.69,-2.8,-0.52,1.04,2844441667.8
2019-08-05,18.02,18.18,18.59,17.82,14940,27383570.0,4.27,0.72,0.13,0.95,2864927951.2799997
2019-08-06,17.65,17.46,17.93,16.66,23726,40927694.0,6.99,-3.96,-0.72,1.52,2751465458.1600003
2019-08-07,17.78,17.84,18.05,17.43,21153,37723253.0,3.55,2.18,0.38,1.35,2811348440.64
2019-08-08,17.72,17.9,18.17,17.72,14140,25352940.0,2.52,0.34,0.06,0.9,2820803648.3999996
2019-08-09,18.1,17.48,18.21,17.17,16828,29777535.0,5.81,-2.35,-0.42,1.08,2754617194.08
2019-08-12,17.48,17.8,17.85,17.16,14072,24826852.0,3.95,1.83,0.32,0.9,2805044968.8
2019-08-13,17.74,18.21,18.68,17.5,27519,50036682.0,6.63,2.3,0.41,1.76,2869655555.1600003
2019-08-14,18.41,18.04,18.58,18.03,24111,43999984.0,3.02,-0.93,-0.17,1.54,2842865799.8399997
2019-08-15,17.53,18.04,18.4,16.98,24492,43116660.0,7.87,0.0,0.0,1.56,2842865799.8399997
2019-08-16,18.06,17.98,18.34,17.95,19568,35397929.0,2.16,-0.33,-0.06,1.25,2833410592.08
2019-08-19,18.2,18.64,18.73,18.15,31156,57653085.0,3.23,3.67,0.66,1.99,2937417877.44
2019-08-20,18.76,18.63,19.35,18.55,30333,57207642.0,4.29,-0.05,-0.01,1.94,2935842009.48
2019-08-21,18.7,18.5,18.75,18.43,16617,30835120.0,1.72,-0.7,-0.13,1.06,2915355726.0
2019-08-22,18.45,18.64,18.78,18.42,20691,38461359.0,1.95,0.76,0.14,1.32,2937417877.44
2019-08-23,18.73,18.89,19.14,18.51,33660,63502831.0,3.38,1.34,0.25,2.15,2976814576.44
2019-08-26,18.36,18.23,18.41,18.05,19709,35994532.0,1.91,-3.49,-0.66,1.26,2872807291.08
2019-08-27,18.35,18.95,18.95,18.28,25734,47974064.0,3.68,3.95,0.72,1.64,2986269784.2
2019-08-28,18.55,18.39,18.66,18.12,33221,60926758.0,2.85,-2.96,-0.56,2.12,2898021178.44
2019-08-29,18.4,18.18,18.54,18.16,17155,31485935.0,2.07,-1.14,-0.21,1.1,2864927951.2799997
2019-08-30,18.31,17.63,18.43,17.51,21703,38838565.0,5.06,-3.03,-0.55,1.39,2778255213.48
2019-09-02,17.53,17.98,18.07,17.53,12342,22098470.0,3.06,1.99,0.35,0.79,2833410592.08
2019-09-03,18.2,18.49,18.56,18.09,23340,42883273.0,2.61,2.84,0.51,1.49,2913779858.04
2019-09-04,18.47,18.69,18.83,18.36,23889,44468652.0,2.54,1.08,0.2,1.53,2945297217.2400002
2019-09-05,18.85,19.4,20.4,18.73,53990,104871043.0,8.94,3.8,0.71,3.45,3057183842.3999996
2019-09-06,20.01,21.34,21.34,20.01,57839,121778331.0,6.86,10.0,1.94,3.7,3362902226.64
2019-09-09,23.47,23.47,23.47,23.47,15855,37212694.0,0.0,9.98,2.13,1.01,3698562102.12
2019-09-10,25.82,25.82,25.82,25.82,17127,44220778.0,0.0,10.01,2.35,1.09,4068891072.7200003
2019-09-11,26.7,24.15,27.7,24.15,214764,552127680.0,13.75,-6.47,-1.67,13.72,3805721123.3999996
2019-09-12,23.2,26.57,26.57,22.9,201199,504131120.0,15.2,10.02,2.42,12.85,4187081169.7200003
2019-09-16,26.57,26.03,28.39,25.2,217578,583071424.0,12.01,-2.03,-0.54,13.9,4101984299.88
2019-09-17,25.25,27.24,27.88,24.26,194075,500472048.0,13.91,4.65,1.21,12.4,4292664323.04
2019-09-18,26.6,26.67,28.69,26.49,194441,535313376.0,8.08,-2.09,-0.57,12.42,4202839849.32
2019-09-19,25.8,27.1,27.47,25.51,136247,358915568.0,7.35,1.61,0.43,8.7,4270602171.6000004
2019-09-20,26.61,25.96,27.51,25.82,117561,311512256.0,6.24,-4.21,-1.14,7.51,4090953224.1600003
2019-09-23,25.21,25.17,25.86,24.79,77487,195690311.0,4.12,-3.04,-0.79,4.95,3966459655.32
2019-09-24,25.56,25.04,25.56,24.82,74153,186997241.0,2.94,-0.52,-0.13,4.74,3945973371.8399997
2019-09-25,25.17,24.56,26.4,24.2,93630,239406232.0,8.79,-1.92,-0.48,5.98,3870331709.7599998
2019-09-26,23.7,22.67,24.8,22.37,95368,223675332.0,9.89,-7.7,-1.89,6.09,3572492665.32
2019-09-27,22.67,22.33,23.17,22.22,58560,132545294.0,4.19,-1.5,-0.34,3.74,3518913154.68
2019-09-30,22.52,22.09,23.05,22.0,43920,98647862.0,4.7,-1.07,-0.24,2.81,3481092323.64
2019-10-08,22.2,21.72,22.58,21.61,37304,82138420.0,4.39,-1.67,-0.37,2.38,3422785209.12
2019-10-09,21.87,22.08,22.21,21.38,38117,83516376.0,3.82,1.66,0.36,2.44,3479516455.68
2019-10-10,22.2,22.23,22.47,21.87,44538,98776910.0,2.72,0.68,0.15,2.85,3503154475.08
2019-10-11,22.35,21.71,22.35,21.51,40823,89164978.0,3.78,-2.34,-0.52,2.61,3421209341.1600003
2019-10-14,22.03,22.25,22.4,21.85,44049,97613946.0,2.53,2.49,0.54,2.81,3506306211.0
2019-10-15,22.22,21.35,22.22,21.21,41632,89667347.0,4.54,-4.04,-0.9,2.66,3364478094.6000004
2019-10-16,21.55,21.29,21.86,21.06,29197,62582993.0,3.75,-0.28,-0.06,1.87,3355022886.8399997
2019-10-17,21.34,21.19,21.74,21.08,25313,53965045.0,3.1,-0.47,-0.1,1.62,3339264207.2400002
2019-10-18,21.29,20.99,21.39,20.6,31760,66737420.0,3.73,-0.94,-0.2,2.03,3307746848.04
2019-10-21,20.85,20.8,20.98,20.06,26567,54401914.0,4.38,-0.91,-0.19,1.7,3277805356.8
2019-10-22,20.59,20.89,21.38,20.59,24911,52221187.0,3.8,0.43,0.09,1.59,3291988168.44
2019-10-23,21.06,20.67,21.15,20.56,25432,53104658.0,2.82,-1.05,-0.22,1.62,3257319073.32
2019-10-24,20.76,20.71,20.97,20.47,22853,47444625.0,2.42,0.19,0.04,1.46,3263622545.1600003
2019-10-25,20.47,20.83,20.89,20.2,26450,54415266.0,3.33,0.58,0.12,1.69,3282532960.68
2019-10-28,20.87,21.23,21.38,20.87,34888,73901950.0,2.45,1.92,0.4,2.23,3345567679.08
2019-10-29,21.23,20.1,21.24,20.1,40261,82400536.0,5.37,-5.32,-1.13,2.57,3167494599.6000004
2019-10-30,19.96,19.73,20.54,19.65,33121,66409827.0,4.43,-1.84,-0.37,2.12,3109187485.08
2019-10-31,19.73,21.7,21.7,19.73,43317,92287945.0,9.98,9.98,1.97,2.77,3419633473.2
2019-11-01,21.8,22.92,23.87,21.7,145066,331341344.0,10.0,5.62,1.22,9.27,3611889364.32
2019-11-04,22.25,23.55,23.67,21.8,101918,227593766.0,8.16,2.75,0.63,6.51,3711169045.8
2019-11-05,22.96,22.68,23.36,22.53,69569,159463444.0,3.52,-3.69,-0.87,4.44,3574068533.2799997
2019-11-06,22.68,22.9,23.4,22.26,66327,152280966.0,5.03,0.97,0.22,4.24,3608737628.3999996
2019-11-07,22.6,22.88,23.18,22.11,49446,112178815.0,4.67,-0.09,-0.02,3.16,3605585892.48
2019-11-08,23.35,22.08,23.37,22.08,44197,99786592.0,5.64,-3.5,-0.8,2.82,3479516455.68
2019-11-11,21.9,21.31,22.0,21.1,39171,83796419.0,4.08,-3.49,-0.77,2.5,3358174622.7599998
2019-11-12,21.13,21.53,21.96,21.12,36183,77724674.0,3.94,1.03,0.22,2.31,3392843717.88
2019-11-13,21.4,21.06,21.53,20.9,26150,55409390.0,2.93,-2.18,-0.47,1.67,3318777923.7599998
2019-11-14,21.3,23.17,23.17,21.0,74071,166716484.0,10.3,10.02,2.11,4.73,3651286063.32
2019-11-15,23.9,22.75,23.9,22.61,114479,267227655.0,5.57,-1.81,-0.42,7.31,3585099609.0
2019-11-18,22.82,22.85,23.38,22.5,53506,122385668.0,3.87,0.44,0.1,3.42,3600858288.6000004
2019-11-19,22.82,23.59,23.85,22.55,85259,198777566.0,5.69,3.24,0.74,5.45,3717472517.64
2019-11-20,23.37,22.86,23.6,22.65,59984,138458490.0,4.03,-3.09,-0.73,3.83,3602434156.56
2019-11-21,22.58,23.15,23.26,22.39,52065,119190216.0,3.81,1.27,0.29,3.33,3648134327.3999996
2019-11-22,22.95,23.3,23.65,22.65,60927,141539346.0,4.32,0.65,0.15,3.89,3671772346.8
2019-11-25,23.24,22.04,23.54,21.81,44663,100891955.0,7.42,-5.41,-1.26,2.85,3473212983.8399997
2019-11-26,22.0,21.75,22.45,21.66,32533,71714139.0,3.58,-1.32,-0.29,2.08,3427512813.0
2019-11-27,21.65,22.0,22.1,21.08,29853,64607542.0,4.69,1.15,0.25,1.91,3466909512.0
2019-11-28,21.84,21.54,22.17,21.35,28293,61255720.0,3.73,-2.09,-0.46,1.81,3394419585.8399997
2019-11-29,21.4,21.5,21.85,21.08,23535,50356953.0,3.57,-0.19,-0.04,1.5,3388116114.0
2019-12-02,21.5,21.51,21.68,21.31,20122,43274483.0,1.72,0.05,0.01,1.29,3389691981.96
2019-12-03,21.23,21.53,21.59,21.16,17043,36451854.0,2.0,0.09,0.02,1.09,3392843717.88
2019-12-04,21.27,21.18,21.48,20.97,22820,48375496.0,2.37,-1.63,-0.35,1.46,3337688339.2799997
2019-12-05,21.38,21.77,22.3,21.27,39644,86817563.0,4.86,2.79,0.59,2.53,3430664548.92
2019-12-06,21.55,21.9,22.0,21.4,29325,63545903.0,2.76,0.6,0.13,1.87,3451150832.3999996
2019-12-09,21.91,22.13,22.14,21.7,28502,62393521.0,2.01,1.05,0.23,1.82,3487395795.48
2019-12-10,22.03,22.03,22.19,21.78,27052,59515576.0,1.85,-0.45,-0.1,1.73,3471637115.88
2019-12-11,22.09,22.09,22.68,22.05,38339,85533550.0,2.86,0.27,0.06,2.45,3481092323.64
2019-12-12,22.09,21.69,22.1,21.55,29393,64122222.0,2.49,-1.81,-0.4,1.88,3418057605.2400002
2019-12-13,21.86,21.72,22.07,21.31,32836,70959237.0,3.5,0.14,0.03,2.1,3422785209.12
2019-12-16,20.89,21.24,21.35,20.4,55889,116510591.0,4.37,-2.21,-0.48,3.57,3347143547.04
2019-12-17,21.05,22.8,23.3,20.99,98126,220707188.0,10.88,7.34,1.56,6.27,3592978948.8
2019-12-18,22.56,22.65,23.18,22.55,71070,161875600.0,2.76,-0.66,-0.15,4.54,3569340929.3999996
2019-12-19,22.64,22.55,22.99,22.38,40236,91007023.0,2.69,-0.44,-0.1,2.57,3553582249.8
2019-12-20,22.8,21.6,22.8,21.6,41920,92926914.0,5.32,-4.21,-0.95,2.68,3403874793.6000004
2019-12-23,21.5,20.59,21.5,20.58,43295,90719540.0,4.26,-4.68,-1.01,2.77,3244712129.64
2019-12-24,20.66,20.89,21.0,20.66,21823,45430317.0,1.65,1.46,0.3,1.39,3291988168.44
2019-12-25,21.1,20.88,21.1,20.7,21000,43832511.0,1.91,-0.05,-0.01,1.34,3290412300.48
2019-12-26,21.45,21.04,21.45,20.68,27999,58859147.0,3.69,0.77,0.16,1.79,3315626187.8399997
2019-12-27,21.04,20.7,21.22,20.7,26854,56082341.0,2.47,-1.62,-0.34,1.72,3262046677.2
2019-12-30,20.58,20.55,20.66,19.95,22373,45436260.0,3.43,-0.72,-0.15,1.43,3238408657.8
2019-12-31,20.5,20.85,20.92,20.41,19023,39523164.0,2.48,1.46,0.3,1.22,3285684696.6000004
2020-01-02,21.08,21.14,21.18,20.85,27564,58062205.0,1.58,1.39,0.29,1.76,3331384867.44
2020-01-03,21.15,21.0,21.36,20.85,27925,58836093.0,2.41,-0.66,-0.14,1.78,3309322716.0
2020-01-06,21.04,21.55,21.55,20.56,34504,73154449.0,4.71,2.62,0.55,2.2,3395995453.8
2020-01-07,21.59,21.42,21.59,21.32,34888,74768306.0,1.25,-0.6,-0.13,2.23,3375509170.32
2020-01-08,21.23,20.71,21.38,20.6,43741,91422137.0,3.64,-3.31,-0.71,2.79,3263622545.1600003
2020-01-09,20.85,20.95,21.09,20.82,34847,72886996.0,1.3,1.16,0.24,2.23,3301443376.2
2020-01-10,21.0,20.82,21.05,20.79,22092,46143049.0,1.24,-0.62,-0.13,1.41,3280957092.7200003
2020-01-13,20.86,21.08,21.1,20.43,26585,55371875.0,3.22,1.25,0.26,1.7,3321929659.68
2020-01-14,21.27,20.8,21.27,20.8,24108,50608468.0,2.23,-1.33,-0.28,1.54,3277805356.8
2020-01-15,20.81,20.77,20.97,20.53,17734,36723892.0,2.12,-0.14,-0.03,1.13,3273077752.92
2020-01-16,20.89,20.53,20.9,20.5,17826,36741854.0,1.93,-1.16,-0.24,1.14,3235256921.88
2020-01-17,20.4,20.26,20.68,20.25,21685,44257972.0,2.09,-1.32,-0.27,1.39,3192708486.96
2020-01-20,20.25,20.35,20.45,20.05,14870,30081006.0,1.97,0.44,0.09,0.95,3206891298.6000004
2020-01-21,20.37,20.0,20.39,20.0,18481,37080446.0,1.92,-1.72,-0.35,1.18,3151735920.0
2020-01-22,20.02,19.7,20.02,19.65,19427,38394591.0,1.85,-1.5,-0.3,1.24,3104459881.2
2020-01-23,19.09,18.32,19.09,18.18,38456,71462086.0,4.62,-7.01,-1.38,2.46,2886990102.7200003
2020-02-03,16.49,16.49,16.49,16.49,3118,5141582.0,0.0,-9.99,-1.83,0.2,2598606266.04
2020-02-04,14.84,15.42,15.65,14.84,37901,58274993.0,4.91,-6.49,-1.07,2.42,2429988394.32
2020-02-05,15.75,16.48,16.59,15.58,37354,60649313.0,6.55,6.87,1.06,2.39,2597030398.08
2020-02-06,16.7,16.55,16.75,16.21,26188,43212938.0,3.28,0.42,0.07,1.67,2608061473.8
2020-02-07,16.7,16.62,16.7,16.3,23900,39433459.0,2.42,0.42,0.07,1.53,2619092549.52
2020-02-10,16.55,17.0,17.3,16.5,23769,40243120.0,4.81,2.29,0.38,1.52,2678975532.0
2020-02-11,18.0,18.7,18.7,17.56,33511,62116603.0,6.71,10.0,1.7,2.14,2946873085.2
2020-02-12,19.28,18.45,19.28,17.98,69783,128819343.0,6.95,-1.34,-0.25,4.46,2907476386.2
2020-02-13,18.15,17.85,18.25,17.8,37010,66432683.0,2.44,-3.25,-0.6,2.36,2812924308.6000004
2020-02-14,17.71,17.8,18.06,17.53,22421,40027685.0,2.97,-0.28,-0.05,1.43,2805044968.8
2020-02-17,17.71,18.38,18.55,17.7,32183,58696216.0,4.78,3.26,0.58,2.06,2896445310.48
2020-02-18,18.44,18.64,18.69,18.29,37177,68834283.0,2.18,1.41,0.26,2.38,2937417877.44
2020-02-19,18.65,18.55,18.89,18.36,36260,67442952.0,2.84,-0.48,-0.09,2.32,2923235065.8
2020-02-20,18.55,18.65,18.7,18.27,33318,61707961.0,2.32,0.54,0.1,2.13,2938993745.3999996
2020-02-21,18.72,18.94,19.2,18.51,44515,84102824.0,3.7,1.55,0.29,2.84,2984693916.2400002
2020-02-24,19.63,20.09,20.35,19.25,75827,150036937.0,5.81,6.07,1.15,4.84,3165918731.64
2020-02-25,19.4,19.88,20.08,18.62,66204,129316877.0,7.27,-1.05,-0.21,4.23,3132825504.48
2020-02-26,19.44,18.99,19.65,18.88,37789,72950031.0,3.87,-4.48,-0.89,2.41,2992573256.04
2020-02-27,19.11,19.75,20.5,18.66,51633,100439045.0,9.69,4.0,0.76,3.3,3112339221.0
2020-02-28,18.8,18.2,19.27,17.99,37091,69508176.0,6.48,-7.85,-1.55,2.37,2868079687.2
2020-03-02,18.49,19.5,19.88,18.49,40449,77932999.0,7.64,7.14,1.3,2.58,3072942522.0
2020-03-03,20.16,19.37,20.44,19.1,55543,110402375.0,6.87,-0.67,-0.13,3.55,3052456238.52
2020-03-04,19.03,19.38,19.65,18.88,35066,67564432.0,3.98,0.05,0.01,2.24,3054032106.48
2020-03-05,20.03,19.59,20.42,19.45,42709,84595524.0,5.01,1.08,0.21,2.73,3087125333.64
2020-03-06,19.21,19.86,20.1,19.01,48811,96697199.0,5.56,1.38,0.27,3.12,3129673768.56
2020-03-09,19.9,21.85,21.85,19.87,119920,257205428.0,9.97,10.02,1.99,7.66,3443271492.6000004
2020-03-10,22.51,24.04,24.04,22.51,215417,505714192.0,7.0,10.02,2.19,13.76,3788386575.8399997
2020-03-11,26.34,26.43,26.44,25.51,177202,466532640.0,3.87,9.94,2.39,11.32,4165019018.2799997
2020-03-12,24.5,24.93,26.1,23.79,238452,585106688.0,8.74,-5.68,-1.5,15.23,3928638824.2799997
2020-03-13,22.5,22.71,24.12,22.48,161641,374337264.0,6.58,-8.9,-2.22,10.33,3578796137.1600003
2020-03-16,22.89,20.44,22.9,20.44,126606,271072928.0,10.83,-10.0,-2.27,8.09,3221074110.2400002
2020-03-17,20.5,20.05,20.85,19.0,90478,181646393.0,9.05,-1.91,-0.39,5.78,3159615259.8
2020-03-18,20.33,19.13,20.88,19.1,83221,167402849.0,8.88,-4.59,-0.92,5.32,3014635407.48
2020-03-19,18.83,20.17,20.37,18.83,85985,168576628.0,8.05,5.44,1.04,5.49,3178525675.32
2020-03-20,20.3,19.76,20.5,19.56,63352,126154493.0,4.66,-2.03,-0.41,4.05,3113915088.96
2020-03-23,19.0,21.59,21.74,18.8,147922,307497728.0,14.88,9.26,1.83,9.45,3402298925.64
2020-03-24,22.4,22.67,23.58,21.01,169890,381477888.0,11.9,5.0,1.08,10.85,3572492665.32
2020-03-25,22.6,22.24,23.29,22.03,111622,251698144.0,5.56,-1.9,-0.43,7.13,3504730343.04
2020-03-26,21.52,21.24,21.92,20.8,90277,192653179.0,5.04,-4.5,-1.0,5.77,3347143547.04
2020-03-27,21.71,20.6,21.88,20.58,59587,126270854.0,6.12,-3.01,-0.64,3.81,3246287997.6000004
2020-03-30,20.6,20.96,21.35,19.5,69285,140611192.0,8.98,1.75,0.36,4.43,3303019244.1600003
2020-03-31,20.95,19.86,21.22,19.72,56617,115882481.0,7.16,-5.25,-1.1,3.62,3129673768.56
2020-04-01,19.7,19.9,20.68,19.4,53412,107956771.0,6.45,0.2,0.04,3.41,3135977240.3999996
2020-04-02,20.12,20.82,20.9,19.82,63646,130356318.0,5.43,4.62,0.92,4.07,3280957092.7200003
2020-04-03,20.54,20.08,20.75,20.01,49573,100700204.0,3.55,-3.55,-0.74,3.17,3164342863.68
2020-04-07,20.49,20.68,20.98,20.23,51181,105125878.0,3.74,2.99,0.6,3.27,3258894941.2799997
2020-04-08,20.62,20.9,21.18,20.36,55188,115211046.0,3.97,1.06,0.22,3.53,3293564036.3999996
2020-04-09,21.18,20.87,21.9,20.79,64193,136558726.0,5.31,-0.14,-0.03,4.1,3288836432.52
2020-04-10,20.34,19.73,20.52,19.7,55122,110658125.0,3.93,-5.46,-1.14,3.52,3109187485.08
2020-04-13,19.02,18.67,19.57,18.52,43146,81117708.0,5.32,-5.37,-1.06,2.76,2942145481.32
2020-04-14,18.79,18.95,19.08,18.69,29127,55025916.0,2.09,1.5,0.28,1.86,2986269784.2
2020-04-15,18.88,18.62,19.12,18.6,25202,47472938.0,2.74,-1.74,-0.33,1.61,2934266141.52
2020-04-16,18.57,18.53,18.68,18.08,24046,44243627.0,3.22,-0.48,-0.09,1.54,2920083329.88
2020-04-17,18.5,18.17,18.88,18.13,33794,62557874.0,4.05,-1.94,-0.36,2.16,2863352083.32
2020-04-20,18.17,18.3,18.46,18.02,21914,39965284.0,2.42,0.72,0.13,1.4,2883838366.8
2020-04-21,18.2,18.63,18.68,18.03,31315,57765204.0,3.55,1.8,0.33,2.0,2935842009.48
2020-04-22,18.48,18.53,18.53,18.19,22426,41190112.0,1.83,-0.54,-0.1,1.43,2920083329.88
2020-04-23,18.53,18.03,18.6,18.01,27457,50092656.0,3.18,-2.7,-0.5,1.75,2841289931.88
2020-04-24,18.2,17.9,18.55,17.85,23259,42231399.0,3.88,-0.72,-0.13,1.49,2820803648.3999996
2020-04-27,17.91,17.91,18.24,17.6,20965,37541699.0,3.58,0.06,0.01,1.34,2822379516.36
2020-04-28,18.1,17.47,18.1,16.18,32342,55525341.0,10.72,-2.46,-0.44,2.07,2753041326.12
2020-04-29,17.66,16.8,17.66,16.71,28067,47836051.0,5.44,-3.84,-0.67,1.79,2647458172.8
2020-04-30,16.97,17.48,17.6,16.95,29805,51681119.0,3.87,4.05,0.68,1.9,2754617194.08
2020-05-06,17.52,18.2,18.21,17.35,32220,57400488.0,4.92,4.12,0.72,2.06,2868079687.2
2020-05-07,18.61,18.38,19.18,18.24,45090,84192579.0,5.16,0.99,0.18,2.88,2896445310.48
2020-05-08,18.7,18.65,18.74,18.36,33512,62300189.0,2.07,1.47,0.27,2.14,2938993745.3999996
2020-05-11,18.91,18.49,18.91,18.33,26175,48639803.0,3.11,-0.86,-0.16,1.67,2913779858.04
2020-05-12,18.54,18.35,18.58,18.08,18495,33788038.0,2.7,-0.76,-0.14,1.18,2891717706.6000004
2020-05-13,18.35,18.52,18.56,18.25,15077,27806914.0,1.69,0.93,0.17,0.96,2918507461.92
2020-05-14,18.39,18.35,18.76,18.2,16336,30197213.0,3.02,-0.92,-0.17,1.04,2891717706.6000004
2020-05-15,18.65,18.45,18.65,18.3,18963,34985450.0,1.91,0.54,0.1,1.21,2907476386.2
2020-05-18,18.45,17.72,18.5,17.68,30090,54095151.0,4.44,-3.96,-0.73,1.92,2792438025.12
2020-05-19,17.9,17.89,18.1,17.8,13934,24975319.0,1.69,0.96,0.17,0.89,2819227780.44
2020-05-20,17.83,17.94,18.05,17.45,17459,31092669.0,3.35,0.28,0.05,1.12,2827107120.2400002
2020-05-21,17.96,17.49,18.08,17.4,16458,29092524.0,3.79,-2.51,-0.45,1.05,2756193062.04
2020-05-22,17.49,17.19,17.7,17.05,14525,25188186.0,3.72,-1.72,-0.3,0.93,2708917023.2400002
2020-05-25,17.0,16.88,17.19,16.73,15374,26013909.0,2.68,-1.8,-0.31,0.98,2660065116.48
2020-05-26,17.15,18.57,18.57,16.9,30814,55976538.0,9.89,10.01,1.69,1.97,2926386801.7200003
2020-05-27,18.73,18.16,19.27,18.03,58227,108170069.0,6.68,-2.21,-0.41,3.72,2861776215.36
2020-05-28,18.26,18.0,18.31,17.52,29628,52871753.0,4.35,-0.88,-0.16,1.89,2836562328.0
2020-05-29,17.85,18.24,18.6,17.58,37143,68038502.0,5.67,1.33,0.24,2.37,2874383159.04
2020-06-01,18.3,18.8,18.85,18.2,43313,80885052.0,3.56,3.07,0.56,2.77,2962631764.8
2020-06-02,18.79,18.89,19.0,18.49,39445,74207069.0,2.71,0.48,0.09,2.52,2976814576.44
2020-06-03,18.9,18.77,19.66,18.5,58429,111270741.0,6.14,-0.64,-0.12,3.73,2957904160.92
2020-06-04,18.5,18.36,18.7,18.35,30481,56301427.0,1.86,-2.18,-0.41,1.95,2893293574.56
2020-06-05,18.48,18.45,18.65,18.19,18818,34663634.0,2.51,0.49,0.09,1.2,2907476386.2
2020-06-08,18.6,18.46,19.05,18.43,27037,50537711.0,3.36,0.05,0.01,1.73,2909052254.1600003
2020-06-09,18.36,18.31,18.44,18.16,17151,31385591.0,1.52,-0.81,-0.15,1.1,2885414234.7599998
2020-06-10,18.45,18.34,18.66,18.32,17713,32633831.0,1.86,0.16,0.03,1.13,2890141838.64
2020-06-11,18.34,18.43,18.59,18.19,20553,37757266.0,2.18,0.49,0.09,1.31,2904324650.2799997
2020-06-12,17.94,18.18,18.28,17.6,21138,37975056.0,3.69,-1.36,-0.25,1.35,2864927951.2799997
2020-06-15,17.98,17.9,18.35,17.9,19978,36189279.0,2.48,-1.54,-0.28,1.28,2820803648.3999996
2020-06-16,18.05,18.37,18.46,18.02,24474,44749021.0,2.46,2.63,0.47,1.56,2894869442.52
2020-06-17,18.27,18.15,18.37,17.99,20731,37586415.0,2.07,-1.2,-0.22,1.32,2860200347.3999996
2020-06-18,18.26,18.99,19.75,18.03,71062,135727147.0,9.48,4.63,0.84,4.54,2992573256.04
2020-06-19,18.53,18.82,19.11,18.53,35789,67194626.0,3.05,-0.9,-0.17,2.29,2965783500.7200003
2020-06-22,18.7,19.0,19.28,18.5,35427,67240272.0,4.14,0.96,0.18,2.26,2994149124.0
2020-06-23,19.15,18.71,19.15,18.67,24690,46395444.0,2.53,-1.53,-0.29,1.58,2948448953.1600003
2020-06-24,18.76,18.29,18.79,18.0,29467,54158565.0,4.22,-2.24,-0.42,1.88,2882262498.8399997
2020-06-29,18.07,18.28,18.58,18.02,18302,33426931.0,3.06,-0.05,-0.01,1.17,2880686630.88
2020-06-30,18.37,18.69,18.78,18.28,26649,49262436.0,2.74,2.24,0.41,1.7,2945297217.2400002
2020-07-01,18.57,18.6,18.64,18.4,21575,39967503.0,1.28,-0.48,-0.09,1.38,2931114405.6000004
2020-07-02,18.65,18.78,18.9,18.51,35444,66406356.0,2.1,0.97,0.18,2.26,2959480028.88
2020-07-03,18.74,19.08,19.18,18.7,44072,83623089.0,2.56,1.6,0.3,2.82,3006756067.68
2020-07-06,19.1,19.72,19.8,19.09,60577,118222172.0,3.72,3.35,0.64,3.87,3107611617.12
2020-07-07,19.87,20.15,21.25,19.5,85535,174811742.0,8.87,2.18,0.43,5.46,3175373939.3999996
2020-07-08,20.17,20.39,20.45,20.0,58424,118356661.0,2.23,1.19,0.24,3.73,3213194770.44
2020-07-09,20.39,20.7,20.87,20.1,71263,146395524.0,3.78,1.52,0.31,4.55,3262046677.2
2020-07-10,20.57,20.15,20.75,20.14,51744,105489509.0,2.95,-2.66,-0.55,3.31,3175373939.3999996
2020-07-13,20.08,21.05,21.08,20.05,61567,127546525.0,5.11,4.47,0.9,3.93,3317202055.8
2020-07-14,21.35,21.87,22.99,21.11,89262,195319943.0,8.93,3.9,0.82,5.7,3446423228.52
2020-07-15,21.58,20.55,21.8,20.51,58190,122194745.0,5.9,-6.04,-1.32,3.72,3238408657.8
2020-07-16,20.56,19.84,20.83,19.6,38323,77953538.0,5.99,-3.45,-0.71,2.45,3126522032.64
2020-07-17,19.88,19.94,20.25,19.62,27221,54256968.0,3.18,0.5,0.1,1.74,3142280712.2400002
2020-07-20,20.0,20.57,20.57,20.0,27764,56320141.0,2.86,3.16,0.63,1.77,3241560393.7200003
2020-07-21,20.45,20.48,20.8,20.1,23953,49009125.0,3.4,-0.44,-0.09,1.53,3227377582.08
2020-07-22,20.4,20.24,20.64,20.23,28102,57309309.0,2.0,-1.17,-0.24,1.8,3189556751.04
2020-07-23,20.05,19.7,20.13,19.3,32532,64143476.0,4.1,-2.67,-0.54,2.08,3104459881.2
2020-07-24,19.7,19.69,20.76,19.32,43649,87912887.0,7.31,-0.05,-0.01,2.79,3102884013.2400002
2020-07-27,19.5,19.2,19.79,18.71,26711,51079189.0,5.49,-2.49,-0.49,1.71,3025666483.2
2020-07-28,19.17,19.25,19.42,19.03,16717,32176506.0,2.03,0.26,0.05,1.07,3033545823.0
2020-07-29,19.2,19.9,19.95,19.0,25794,50645350.0,4.94,3.38,0.65,1.65,3135977240.3999996
2020-07-30,20.23,19.65,20.3,19.5,20234,40015838.0,4.02,-1.26,-0.25,1.29,3096580541.3999996
2020-07-31,19.65,19.81,20.23,19.52,20431,40607639.0,3.61,0.81,0.16,1.31,3121794428.7599998
2020-08-03,19.97,20.57,20.58,19.97,33168,67493864.0,3.08,3.84,0.76,2.12,3241560393.7200003
2020-08-04,20.68,20.25,20.68,20.1,26358,53567501.0,2.82,-1.56,-0.32,1.68,3191132619.0
2020-08-05,20.26,20.67,21.23,20.25,40567,84179670.0,4.84,2.07,0.42,2.59,3257319073.32
2020-08-06,20.7,21.09,21.49,20.46,46620,97667989.0,4.98,2.03,0.42,2.98,3323505527.64
2020-08-07,20.94,20.21,21.1,19.98,36613,74560652.0,5.31,-4.17,-0.88,2.34,3184829147.1600003
2020-08-10,20.05,20.61,20.91,20.05,28035,57870131.0,4.26,1.98,0.4,1.79,3247863865.56
2020-08-11,20.53,20.25,20.85,20.21,27448,56185899.0,3.11,-1.75,-0.36,1.75,3191132619.0
2020-08-12,20.08,20.35,20.35,19.47,25702,50921081.0,4.35,0.49,0.1,1.64,3206891298.6000004
2020-08-13,20.4,20.38,20.84,20.2,25138,51637959.0,3.14,0.15,0.03,1.61,3211618902.48
2020-08-14,20.4,21.12,21.3,20.2,50298,105176463.0,5.4,3.63,0.74,3.21,3328233131.52
2020-08-17,21.3,21.45,21.65,20.97,57948,123850573.0,3.22,1.56,0.33,3.7,3380236774.2
2020-08-18,21.42,21.61,21.61,21.01,46364,98845516.0,2.8,0.75,0.16,2.96,3405450661.56
2020-08-19,21.56,20.84,21.56,20.77,34475,72819992.0,3.66,-3.56,-0.77,2.2,3284108828.64
2020-08-20,20.53,20.79,20.98,20.53,16674,34695835.0,2.16,-0.24,-0.05,1.07,3276229488.8399997
2020-08-21,21.0,21.1,21.38,20.91,26111,55188182.0,2.26,1.49,0.31,1.67,3325081395.6000004
2020-08-24,21.11,20.76,21.33,20.6,26433,55142165.0,3.46,-1.61,-0.34,1.69,3271501884.96
2020-08-25,20.88,20.81,21.33,20.61,31179,65457714.0,3.47,0.24,0.05,1.99,3279381224.7599998
2020-08-26,20.82,19.95,20.9,19.83,36958,74662766.0,5.14,-4.13,-0.86,2.36,3143856580.2
2020-08-27,19.95,20.18,20.35,19.81,18936,38077314.0,2.71,1.15,0.23,1.21,3180101543.2799997
2020-08-28,20.22,19.86,20.43,19.72,32049,63883356.0,3.52,-1.59,-0.32,2.05,3129673768.56
2020-08-31,19.93,19.81,20.2,19.79,26019,52004415.0,2.06,-0.25,-0.05,1.66,3121794428.7599998
2020-09-01,19.96,20.06,20.11,19.68,21097,42011580.0,2.17,1.26,0.25,1.35,3161191127.7599998
2020-09-02,20.2,19.92,20.2,19.61,25828,51186072.0,2.94,-0.7,-0.14,1.65,3139128976.32
2020-09-03,19.88,19.24,19.98,19.17,32846,63890226.0,4.07,-3.41,-0.68,2.1,3031969955.04
2020-09-04,19.01,19.33,19.42,18.87,20090,38443610.0,2.86,0.47,0.09,1.28,3046152766.68
2020-09-07,19.25,18.84,19.6,18.6,22134,42487681.0,5.17,-2.53,-0.49,1.41,2968935236.64
2020-09-08,19.09,19.16,19.33,18.6,17231,32963812.0,3.87,1.7,0.32,1.1,3019363011.36
2020-09-09,18.9,18.64,19.18,18.57,21752,40999327.0,3.18,-2.71,-0.52,1.39,2937417877.44
2020-09-10,18.84,17.81,18.92,17.69,26654,48587148.0,6.6,-4.45,-0.83,1.7,2806620836.7599998
2020-09-11,17.78,18.39,18.48,17.6,21171,38228107.0,4.94,3.26,0.58,1.35,2898021178.44
2020-09-14,18.56,18.46,18.75,18.26,13285,24570960.0,2.66,0.38,0.07,0.85,2909052254.1600003
2020-09-15,18.72,18.41,18.72,18.0,16726,30501842.0,3.9,-0.27,-0.05,1.07,2901172914.36
2020-09-16,18.35,18.1,18.35,17.9,15602,28182231.0,2.44,-1.68,-0.31,1.0,2852321007.6000004
2020-09-17,18.04,18.15,18.39,17.84,11487,20822754.0,3.04,0.28,0.05,0.73,2860200347.3999996
2020-09-18,18.16,18.28,18.37,18.02,12335,22498251.0,1.93,0.72,0.13,0.79,2880686630.88
2020-09-21,18.29,18.13,18.3,18.03,11134,20216693.0,1.48,-0.82,-0.15,0.71,2857048611.48
2020-09-22,17.96,17.91,18.18,17.85,9733,17503818.0,1.82,-1.21,-0.22,0.62,2822379516.36
2020-09-23,17.93,18.06,18.1,17.78,14087,25306218.0,1.79,0.84,0.15,0.9,2846017535.7599998
2020-09-24,18.0,17.55,18.09,17.53,14554,25845954.0,3.1,-2.82,-0.51,0.93,2765648269.8
2020-09-25,17.6,17.53,17.77,17.36,10407,18241993.0,2.34,-0.11,-0.02,0.66,2762496533.88
2020-09-28,17.56,17.25,17.72,17.25,11243,19596581.0,2.68,-1.6,-0.28,0.72,2718372231.0
2020-09-29,17.26,17.65,17.99,17.26,18106,32025059.0,4.23,2.32,0.4,1.16,2781406949.3999996
2020-09-30,17.65,17.99,18.55,17.58,28007,50713789.0,5.5,1.93,0.34,1.79,2834986460.04
2020-10-09,18.18,18.23,18.37,18.1,13588,24770811.0,1.5,1.33,0.24,0.87,2872807291.08
2020-10-12,18.27,18.5,18.5,18.27,18746,34505845.0,1.26,1.48,0.27,1.2,2915355726.0
2020-10-13,18.5,18.66,18.88,18.3,19536,36528975.0,3.14,0.86,0.16,1.25,2940569613.36
2020-10-14,18.66,18.65,18.83,18.44,10730,19958378.0,2.09,-0.05,-0.01,0.69,2938993745.3999996
2020-10-15,18.51,18.26,18.72,18.23,11707,21490242.0,2.63,-2.09,-0.39,0.75,2877534894.96
2020-10-16,18.26,18.35,18.39,18.13,9525,17392698.0,1.42,0.49,0.09,0.61,2891717706.6000004
2020-10-19,18.35,18.51,18.76,18.35,13047,24115026.0,2.23,0.87,0.16,0.83,2916931593.96
2020-10-20,18.5,18.7,18.72,18.25,11451,21304750.0,2.54,1.03,0.19,0.73,2946873085.2
2020-10-21,18.72,18.97,19.13,18.65,27021,51242114.0,2.57,1.44,0.27,1.73,2989421520.12
2020-10-22,18.92,18.86,19.13,18.67,11846,22389011.0,2.42,-0.58,-0.11,0.76,2972086972.56
2020-10-23,18.86,18.91,19.11,18.74,12634,23947366.0,1.96,0.27,0.05,0.81,2979966312.36
2020-10-26,18.92,19.13,19.21,18.68,15897,30269816.0,2.8,1.16,0.22,1.02,3014635407.48
2020-10-27,19.07,19.19,19.36,18.94,14398,27620718.0,2.2,0.31,0.06,0.92,3024090615.2400002
2020-10-28,19.22,19.01,19.23,18.87,12812,24334920.0,1.88,-0.94,-0.18,0.82,2995724991.96
2020-10-29,18.8,18.69,18.99,18.6,16294,30575569.0,2.05,-1.68,-0.32,1.04,2945297217.2400002
2020-10-30,18.78,19.19,19.67,18.69,29854,57511224.0,5.24,2.68,0.5,1.91,3024090615.2400002
2020-11-02,19.45,19.57,19.9,19.2,25402,49805803.0,3.65,1.98,0.38,1.62,3083973597.7200003
2020-11-03,19.6,20.25,20.39,19.47,32629,65446654.0,4.7,3.47,0.68,2.08,3191132619.0
2020-11-04,20.45,19.76,20.47,19.66,24896,49521529.0,4.0,-2.42,-0.49,1.59,3113915088.96
2020-11-05,20.0,20.4,20.48,19.8,35357,71590686.0,3.44,3.24,0.64,2.26,3214770638.3999996
2020-11-06,20.38,20.1,20.75,20.0,27768,56331106.0,3.68,-1.47,-0.3,1.77,3167494599.6000004
2020-11-09,20.3,20.24,20.56,20.11,30557,62102529.0,2.24,0.7,0.14,1.95,3189556751.04
2020-11-10,20.0,20.2,20.6,19.91,28156,56990790.0,3.41,-0.2,-0.04,1.8,3183253279.2
2020-11-11,20.15,20.4,20.7,19.76,22699,45606036.0,4.65,0.99,0.2,1.45,3214770638.3999996
2020-11-12,20.53,20.06,20.54,19.9,19499,39190825.0,3.14,-1.67,-0.34,1.25,3161191127.7599998
2020-11-13,19.98,20.13,20.19,19.64,14941,29829568.0,2.74,0.35,0.07,0.95,3172222203.48
2020-11-16,20.12,19.85,20.31,19.72,18653,37224679.0,2.93,-1.39,-0.28,1.19,3128097900.6000004
2020-11-17,19.8,19.14,19.8,18.75,30251,57741937.0,5.29,-3.58,-0.71,1.93,3016211275.44
2020-11-18,19.03,18.98,19.19,18.8,16512,31282226.0,2.04,-0.84,-0.16,1.05,2990997388.08
2020-11-19,18.99,18.99,19.07,18.68,11826,22374551.0,2.05,0.05,0.01,0.76,2992573256.04
2020-11-20,19.0,19.06,19.29,18.83,15151,28891454.0,2.42,0.37,0.07,0.97,3003604331.7599998
2020-11-23,19.08,18.65,19.35,18.56,17552,32922695.0,4.14,-2.15,-0.41,1.12,2938993745.3999996
2020-11-24,18.5,18.72,18.85,18.49,10107,18876444.0,1.93,0.38,0.07,0.65,2950024821.12
2020-11-25,18.73,20.22,20.55,18.5,75306,148735981.0,10.95,8.01,1.5,4.81,3186405015.12
2020-11-26,20.08,19.82,20.29,19.57,47831,95044142.0,3.56,-1.98,-0.4,3.06,3123370296.7200003
2020-11-27,19.71,19.26,19.75,19.06,31232,60206300.0,3.48,-2.83,-0.56,2.0,3035121690.96
2020-11-30,19.28,19.74,20.18,19.11,41659,81660084.0,5.56,2.49,0.48,2.66,3110763353.04
2020-12-01,19.56,20.02,20.46,19.47,44761,89783363.0,5.02,1.42,0.28,2.86,3154887655.92
2020-12-02,20.0,20.32,20.6,19.67,47732,96581412.0,4.65,1.5,0.3,3.05,3202163694.7200003
2020-12-03,20.17,20.04,20.46,19.95,32521,65564905.0,2.51,-1.38,-0.28,2.08,3158039391.8399997
2020-12-04,20.18,20.44,20.74,20.07,37570,76710762.0,3.34,2.0,0.4,2.4,3221074110.2400002
2020-12-07,20.39,20.06,20.88,20.02,37690,76859888.0,4.21,-1.86,-0.38,2.41,3161191127.7599998
2020-12-08,20.09,20.73,20.79,19.88,47564,97608726.0,4.54,3.34,0.67,3.04,3266774281.08
2020-12-09,20.67,19.83,20.7,19.7,37607,75884467.0,4.82,-4.34,-0.9,2.4,3124946164.68
2020-12-10,19.64,20.76,20.89,19.3,65388,133385630.0,8.02,4.69,0.93,4.18,3271501884.96
2020-12-11,20.73,20.7,20.96,20.1,46922,96519334.0,4.14,-0.29,-0.06,3.0,3262046677.2
2020-12-14,20.4,20.23,20.52,19.88,30936,62221962.0,3.09,-2.27,-0.47,1.98,3187980883.08
2020-12-15,20.18,19.87,20.7,19.87,31542,63770835.0,4.1,-1.78,-0.36,2.02,3131249636.52
2020-12-16,19.89,17.88,19.9,17.88,80880,147521750.0,10.17,-10.02,-1.99,5.17,2817651912.48
2020-12-17,17.52,17.57,17.76,16.6,42007,72306056.0,6.49,-1.73,-0.31,2.68,2768800005.7200003
2020-12-18,17.58,17.55,17.7,16.99,27036,46662680.0,4.04,-0.11,-0.02,1.73,2765648269.8
2020-12-21,17.32,17.28,17.37,17.0,18236,31463242.0,2.11,-1.54,-0.27,1.17,2723099834.88
2020-12-22,17.02,16.87,17.27,16.81,20272,34472377.0,2.66,-2.37,-0.41,1.3,2658489248.52
2020-12-23,16.68,17.02,17.1,16.68,11157,18900589.0,2.49,0.89,0.15,0.71,2682127267.92
2020-12-24,16.93,17.11,17.25,16.72,13098,22171833.0,3.11,0.53,0.09,0.84,2696310079.56
2020-12-25,16.95,16.9,17.14,16.82,11235,19097882.0,1.87,-1.23,-0.21,0.72,2663216852.3999996
2020-12-28,16.84,16.41,16.9,16.36,15007,24820786.0,3.2,-2.9,-0.49,0.96,2585999322.36
2020-12-29,16.39,17.27,17.68,16.25,33245,57381017.0,8.71,5.24,0.86,2.12,2721523966.92
2020-12-30,17.1,17.0,17.14,16.82,17010,28874310.0,1.85,-1.56,-0.27,1.09,2678975532.0
2020-12-31,17.0,17.15,17.3,16.91,13632,23337231.0,2.29,0.88,0.15,0.87,2702613551.3999996
2021-01-04,17.09,17.27,17.45,16.9,15584,26771203.0,3.21,0.7,0.12,1.0,2721523966.92
2021-01-05,17.18,17.38,17.57,17.12,15397,26722163.0,2.61,0.64,0.11,0.98,2738858514.48
2021-01-06,17.39,16.88,17.39,16.73,15852,26872719.0,3.8,-2.88,-0.5,1.01,2660065116.48
2021-01-07,16.75,16.33,16.85,16.0,24298,39666454.0,5.04,-3.26,-0.55,1.55,2573392378.68
2021-01-08,16.33,16.42,16.95,16.08,16717,27694098.0,5.33,0.55,0.09,1.07,2587575190.32
2021-01-11,16.38,16.17,16.45,16.01,12384,20029174.0,2.68,-1.52,-0.25,0.79,2548178491.32
2021-01-12,16.01,16.28,16.48,16.01,10672,17356441.0,2.91,0.68,0.11,0.68,2565513038.88
2021-01-13,16.35,16.13,16.38,15.8,14645,23376556.0,3.56,-0.92,-0.15,0.94,2541875019.48
2021-01-14,16.13,16.41,16.73,15.93,16477,26970142.0,4.96,1.74,0.28,1.05,2585999322.36
2021-01-15,16.34,16.43,16.65,16.27,10838,17824388.0,2.32,0.12,0.02,0.69,2589151058.2799997
2021-01-18,16.33,16.54,16.72,16.32,10783,17887860.0,2.43,0.67,0.11,0.69,2606485605.8399997
2021-01-19,16.54,16.56,16.68,16.44,11712,19390802.0,1.45,0.12,0.02,0.75,2609637341.7599998
2021-01-20,16.5,16.26,16.53,16.22,10758,17556297.0,1.87,-1.81,-0.3,0.69,2562361302.96
2021-01-21,16.49,16.19,16.49,16.0,10213,16552705.0,3.01,-0.43,-0.07,0.65,2551330227.2400002
2021-01-22,16.25,15.96,16.25,15.9,13430,21501990.0,2.16,-1.42,-0.23,0.86,2515085264.1600003
2021-01-25,15.87,15.63,16.03,15.56,12203,19162225.0,2.94,-2.07,-0.33,0.78,2463081621.48
2021-01-26,15.49,15.62,15.9,15.29,14243,22150354.0,3.9,-0.06,-0.01,0.91,2461505753.52
2021-01-27,15.6,15.99,16.38,15.41,22618,36003193.0,6.21,2.37,0.37,1.45,2519812868.04
2021-01-28,15.81,15.54,16.03,15.53,9895,15574670.0,3.13,-2.81,-0.45,0.63,2448898809.8399997
2021-01-29,15.57,15.43,15.71,15.1,12758,19637468.0,3.93,-0.71,-0.11,0.82,2431564262.2799997
2021-02-01,15.29,15.52,15.62,15.25,7061,10912795.0,2.4,0.58,0.09,0.45,2445747073.92
2021-02-02,15.51,15.44,15.62,15.3,9306,14347947.0,2.06,-0.52,-0.08,0.59,2433140130.24
2021-02-03,15.45,14.8,15.45,14.79,12843,19290253.0,4.27,-4.15,-0.64,0.82,2332284580.8
2021-02-25,15.52,16.28,16.28,15.52,18826,30216179.0,5.14,10.0,1.48,1.2,2565513038.88
2021-02-26,17.87,17.09,17.87,16.83,97572,169792663.0,6.39,4.98,0.81,6.23,2693158343.64
2021-03-01,16.46,16.55,16.7,16.0,57090,93289102.0,4.1,-3.16,-0.54,3.65,2608061473.8
2021-03-02,16.46,17.13,17.57,16.23,70369,118948345.0,8.1,3.5,0.58,4.5,2699461815.48
2021-03-03,16.9,17.1,17.27,16.62,36783,62276755.0,3.79,-0.18,-0.03,2.35,2694734211.6000004
2021-03-04,16.9,16.5,16.9,16.49,26295,43717083.0,2.4,-3.51,-0.6,1.68,2600182134.0
2021-03-05,16.4,16.55,16.61,16.3,17980,29637565.0,1.88,0.3,0.05,1.15,2608061473.8
2021-03-08,16.54,15.93,16.69,15.92,23713,38892695.0,4.65,-3.75,-0.62,1.52,2510357660.2799997
2021-03-09,15.93,15.62,16.13,14.86,21240,33131584.0,7.97,-1.95,-0.31,1.36,2461505753.52
2021-03-10,15.7,15.29,15.82,15.14,14495,22244811.0,4.35,-2.11,-0.33,0.93,2409502110.8399997
2021-03-11,15.18,15.39,15.54,15.01,13725,20997842.0,3.47,0.65,0.1,0.88,2425260790.44
2021-03-12,15.51,15.54,15.55,15.16,17001,26147235.0,2.53,0.97,0.15,1.09,2448898809.8399997
2021-03-15,15.58,15.2,15.58,15.1,13526,20705034.0,3.09,-2.19,-0.34,0.86,2395319299.2
2021-03-16,15.43,15.57,15.88,15.33,19778,30829286.0,3.62,2.43,0.37,1.26,2453626413.7200003
2021-03-17,15.57,15.58,15.7,15.4,10461,16222297.0,1.93,0.06,0.01,0.67,2455202281.68
2021-03-18,15.45,15.5,15.61,15.16,21001,32049492.0,2.89,-0.51,-0.08,1.34,2442595338.0
2021-03-19,15.26,15.38,15.57,15.17,12669,19488819.0,2.58,-0.77,-0.12,0.81,2423684922.48
2021-03-22,15.33,15.55,15.67,15.26,20198,31171732.0,2.67,1.11,0.17,1.29,2450474677.8
2021-03-23,15.62,15.45,15.66,15.35,15009,23227215.0,1.99,-0.64,-0.1,0.96,2434715998.2
2021-03-24,15.36,15.26,15.5,15.21,11247,17250103.0,1.88,-1.23,-0.19,0.72,2404774506.96
2021-03-25,15.2,15.37,15.53,15.16,12337,18938402.0,2.42,0.72,0.11,0.79,2422109054.52
2021-03-26,15.34,15.56,15.6,15.34,16187,25100857.0,1.69,1.24,0.19,1.03,2452050545.76
2021-03-29,15.48,15.68,15.87,15.48,16355,25651451.0,2.51,0.77,0.12,1.04,2470960961.2799997
2021-03-30,15.65,15.49,15.65,15.28,17629,27201318.0,2.36,-1.21,-0.19,1.13,2441019470.04
2021-03-31,15.21,15.38,15.49,15.21,7906,12140080.0,1.81,-0.71,-0.11,0.51,2423684922.48
2021-04-01,15.68,15.6,15.97,15.47,18748,29377733.0,3.25,1.43,0.22,1.2,2458354017.6
2021-04-02,15.41,15.81,15.85,15.41,18628,29292958.0,2.82,1.35,0.21,1.19,2491447244.76
2021-04-06,15.81,15.88,15.96,15.71,16357,25966639.0,1.58,0.44,0.07,1.05,2502478320.48
2021-04-07,15.92,16.1,16.22,15.76,21323,34091784.0,2.9,1.39,0.22,1.36,2537147415.6000004
2021-04-08,16.16,15.79,16.26,15.78,19889,31691829.0,2.98,-1.93,-0.31,1.27,2488295508.8399997
2021-04-09,15.8,15.57,15.92,15.43,14555,22719979.0,3.1,-1.39,-0.22,0.93,2453626413.7200003
2021-04-12,15.67,15.36,15.69,15.33,10303,15930733.0,2.31,-1.35,-0.21,0.66,2420533186.56
2021-04-13,15.48,15.45,15.48,15.23,10315,15805642.0,1.63,0.59,0.09,0.66,2434715998.2
2021-04-14,15.42,15.35,15.43,15.2,9819,15048715.0,1.49,-0.65,-0.1,0.63,2418957318.6
2021-04-15,15.29,15.35,15.41,15.22,7401,11354208.0,1.24,0.0,0.0,0.47,2418957318.6
2021-04-16,15.35,15.5,15.57,15.31,10612,16430685.0,1.69,0.98,0.15,0.68,2442595338.0
2021-04-19,15.52,15.68,15.71,15.46,16777,26251164.0,1.61,1.16,0.18,1.07,2470960961.2799997
2021-04-20,15.68,15.45,15.74,15.42,15678,24365558.0,2.04,-1.47,-0.23,1.0,2434715998.2
2021-04-21,15.42,15.32,15.42,15.21,15732,24034642.0,1.36,-0.84,-0.13,1.01,2414229714.7200003
2021-04-22,15.2,15.28,15.44,15.18,17798,27220573.0,1.7,-0.26,-0.04,1.14,2407926242.88
2021-04-23,15.34,15.02,15.38,15.02,17518,26491169.0,2.36,-1.7,-0.26,1.12,2366953675.92
2021-04-26,15.05,14.83,15.07,14.81,15295,22791191.0,1.73,-1.26,-0.19,0.98,2337012184.68
2021-04-27,14.92,14.1,14.92,13.91,26007,37246610.0,6.81,-4.92,-0.73,1.66,2221973823.6
2021-04-28,14.1,13.92,14.15,13.9,14819,20690426.0,1.77,-1.28,-0.18,0.95,2193608200.32
2021-04-29,13.93,14.01,14.17,13.72,11171,15622850.0,3.23,0.65,0.09,0.71,2207791011.96
2021-04-30,13.91,12.91,13.91,12.74,34674,45496687.0,8.35,-7.85,-1.1,2.22,2034445536.3600001
2021-05-06,12.9,12.75,13.06,12.75,13326,17153953.0,2.4,-1.24,-0.16,0.85,2009231649.0
2021-05-07,12.8,12.71,12.87,12.68,9289,11862937.0,1.49,-0.31,-0.04,0.59,2002928177.16
2021-05-10,12.71,12.81,13.07,12.66,11171,14357347.0,3.23,0.79,0.1,0.71,2018686856.76
2021-05-11,12.84,13.0,13.16,12.84,12739,16561280.0,2.5,1.48,0.19,0.81,2048628348.0
2021-05-12,13.01,13.11,13.15,12.89,8555,11142130.0,2.0,0.85,0.11,0.55,2065962895.56
2021-05-13,13.12,12.96,13.24,12.93,10910,14257773.0,2.36,-1.14,-0.15,0.7,2042324876.16
2021-05-14,12.97,13.12,13.12,12.97,10072,13144654.0,1.16,1.23,0.16,0.64,2067538763.52
2021-05-17,13.22,13.25,13.25,12.88,17425,22712280.0,2.82,0.99,0.13,1.11,2088025047.0
2021-05-18,13.28,13.72,14.58,13.14,46150,63705229.0,10.87,3.55,0.47,2.95,2162090841.12
2021-05-19,13.4,13.73,14.14,13.4,30624,42321365.0,5.39,0.07,0.01,1.96,2163666709.08
2021-05-20,13.43,13.25,13.62,13.23,21108,28092401.0,2.84,-3.5,-0.48,1.35,2088025047.0
2021-05-21,13.27,13.14,13.38,13.11,10946,14483032.0,2.04,-0.83,-0.11,0.7,2070690499.44
2021-05-24,13.18,13.16,13.23,13.01,9784,12841349.0,1.67,0.15,0.02,0.63,2073842235.3600001
2021-05-25,13.16,13.05,13.16,13.0,11575,15108853.0,1.22,-0.84,-0.11,0.74,2056507687.8000002
2021-05-26,13.05,13.15,13.37,12.96,12404,16302168.0,3.14,0.77,0.1,0.79,2072266367.4
2021-05-27,13.14,13.34,13.45,13.12,17928,23932017.0,2.51,1.44,0.19,1.15,2102207858.6399999
2021-05-28,13.34,13.14,13.44,13.11,14860,19639048.0,2.47,-1.5,-0.2,0.95,2070690499.44
2021-05-31,13.16,13.21,13.29,13.06,10004,13196240.0,1.75,0.53,0.07,0.64,2081721575.16
2021-06-01,13.19,13.38,13.44,13.19,13742,18358364.0,1.89,1.29,0.17,0.88,2108511330.48
2021-06-02,13.38,13.13,13.45,13.08,16027,21162198.0,2.77,-1.87,-0.25,1.02,2069114631.48
2021-06-03,13.13,13.17,13.52,13.13,19879,26496148.0,2.97,0.3,0.04,1.27,2075418103.32
2021-06-04,13.16,13.19,13.39,13.1,18132,23988390.0,2.2,0.15,0.02,1.16,2078569839.24
2021-06-07,13.32,13.61,13.66,13.22,31395,42268915.0,3.34,3.18,0.42,2.01,2144756293.56
2021-06-08,13.55,13.76,13.89,13.49,27127,37236058.0,2.94,1.1,0.15,1.73,2168394312.96
2021-06-09,13.76,13.64,13.85,13.57,16780,22932948.0,2.03,-0.87,-0.12,1.07,2149483897.44
2021-06-10,13.61,14.05,14.18,13.61,29512,41210753.0,4.18,3.01,0.41,1.89,2214094483.8
2021-06-11,13.97,14.13,14.41,13.71,41231,58410594.0,4.98,0.57,0.08,2.63,2226701427.48
2021-06-15,14.56,13.8,14.7,13.78,31045,43556558.0,6.51,-2.34,-0.33,1.98,2174697784.8
2021-06-16,13.75,13.88,14.3,13.66,22854,31842206.0,4.64,0.58,0.08,1.46,2187304728.48
2021-06-17,13.87,13.95,14.12,13.56,20275,28039810.0,4.03,0.5,0.07,1.3,2198335804.2
2021-06-18,13.8,14.09,14.16,13.8,21412,30051775.0,2.58,1.0,0.14,1.37,2220397955.64
2021-06-21,14.1,14.37,14.4,14.09,26703,38131207.0,2.2,1.99,0.28,1.71,2264522258.52
2021-06-22,14.41,14.47,14.56,14.08,38123,54685715.0,3.34,0.7,0.1,2.44,2280280938.12
2021-06-23,14.4,14.07,14.41,14.06,29026,41231127.0,2.42,-2.76,-0.4,1.85,2217246219.7200003
2021-06-24,14.18,13.75,14.18,13.74,22059,30664758.0,3.13,-2.27,-0.32,1.41,2166818445.0
2021-06-25,13.68,13.5,13.79,13.37,19584,26516644.0,3.05,-1.82,-0.25,1.25,2127421746.0
2021-06-28,13.43,14.85,14.85,13.42,56369,80818116.0,10.59,10.0,1.35,3.6,2340163920.6
2021-06-29,14.61,14.16,14.69,14.0,60650,86507636.0,4.65,-4.65,-0.69,3.87,2231429031.36
2021-06-30,14.16,14.08,14.3,13.9,28377,39978479.0,2.82,-0.56,-0.08,1.81,2218822087.68
2021-07-01,14.11,13.84,14.14,13.75,20511,28528430.0,2.77,-1.7,-0.24,1.31,2181001256.64
2021-07-02,13.85,13.83,13.94,13.75,12976,17971218.0,1.37,-0.07,-0.01,0.83,2179425388.68
2021-07-05,13.82,14.02,14.07,13.82,17122,23906268.0,1.81,1.37,0.19,1.09,2209366879.92
2021-07-06,13.96,13.61,13.96,13.45,18245,24875535.0,3.64,-2.92,-0.41,1.17,2144756293.56
2021-07-07,13.63,13.84,14.04,13.46,19561,26843695.0,4.26,1.69,0.23,1.25,2181001256.64
2021-07-08,13.7,13.58,13.78,13.5,11799,16048044.0,2.02,-1.88,-0.26,0.75,2140028689.68
2021-07-09,13.63,13.69,13.77,13.53,11307,15421520.0,1.77,0.81,0.11,0.72,2157363237.24
2021-07-12,13.77,14.05,14.12,13.69,26088,36562941.0,3.14,2.63,0.36,1.67,2214094483.8
2021-07-13,14.1,14.0,14.1,13.85,18579,25896764.0,1.78,-0.36,-0.05,1.19,2206215144.0
2021-07-14,13.9,13.61,14.01,13.61,17288,23772218.0,2.86,-2.79,-0.39,1.1,2144756293.56
2021-07-15,13.61,13.24,13.68,13.04,18575,24599015.0,4.7,-2.72,-0.37,1.19,2086449179.04
2021-07-16,13.19,13.21,13.3,13.14,8721,11523147.0,1.21,-0.23,-0.03,0.56,2081721575.16
2021-07-19,13.21,13.31,13.36,12.92,15850,20846079.0,3.33,0.76,0.1,1.01,2097480254.76
2021-07-20,13.28,13.42,13.63,13.2,14071,18857662.0,3.23,0.83,0.11,0.9,2114814802.32
2021-07-21,13.38,13.34,13.53,13.3,11379,15244110.0,1.71,-0.6,-0.08,0.73,2102207858.6399999
2021-07-22,13.36,13.21,13.38,13.12,9417,12449086.0,1.95,-0.97,-0.13,0.6,2081721575.16
2021-07-23,13.21,12.93,13.29,12.91,13139,17125363.0,2.88,-2.12,-0.28,0.84,2037597272.28
2021-07-26,12.91,12.7,13.0,12.49,14402,18390254.0,3.94,-1.78,-0.23,0.92,2001352309.1999998
2021-07-27,12.7,12.72,13.1,12.64,13513,17360825.0,3.62,0.16,0.02,0.86,2004504045.1200001
2021-07-28,12.72,13.03,13.28,12.22,26437,34055987.0,8.33,2.44,0.31,1.69,2053355951.8799999
2021-07-29,13.09,13.33,13.44,13.09,21371,28420057.0,2.69,2.3,0.3,1.37,2100631990.68
2021-07-30,13.28,13.75,13.8,13.2,29427,40169851.0,4.5,3.15,0.42,1.88,2166818445.0
2021-08-02,13.75,13.9,14.36,13.48,34649,48147224.0,6.4,1.09,0.15,2.21,2190456464.4
2021-08-03,13.76,13.79,14.08,13.72,21993,30546768.0,2.59,-0.79,-0.11,1.41,2173121916.8399997
2021-08-04,13.91,13.95,14.05,13.73,18206,25265567.0,2.32,1.16,0.16,1.16,2198335804.2
2021-08-05,13.93,13.74,13.93,13.7,13325,18366904.0,1.65,-1.51,-0.21,0.85,2165242577.04
2021-08-06,13.72,13.6,13.8,13.4,11406,15468691.0,2.91,-1.02,-0.14,0.73,2143180425.6
2021-08-09,13.61,13.78,13.96,13.61,10368,14279596.0,2.57,1.32,0.18,0.66,2171546048.88
2021-08-10,13.7,13.91,13.94,13.52,14948,20667232.0,3.05,0.94,0.13,0.96,2192032332.36
2021-08-11,13.93,14.0,14.15,13.66,20363,28344220.0,3.52,0.65,0.09,1.3,2206215144.0
2021-08-12,14.0,14.16,14.47,13.9,31922,45436094.0,4.07,1.14,0.16,2.04,2231429031.36
2021-08-13,14.09,13.77,14.11,13.0,25670,35382233.0,7.84,-2.75,-0.39,1.64,2169970180.92
2021-08-16,13.72,13.6,13.87,13.53,16102,22063644.0,2.47,-1.23,-0.17,1.03,2143180425.6
2021-08-17,13.62,13.08,13.62,13.05,18169,24138156.0,4.19,-3.82,-0.52,1.16,2061235291.68
2021-08-18,13.08,13.0,13.12,12.88,20809,27021192.0,1.83,-0.61,-0.08,1.33,2048628348.0
2021-08-19,12.97,13.25,13.56,12.95,22326,29627286.0,4.69,1.92,0.25,1.43,2088025047.0
2021-08-20,13.13,13.05,13.22,12.9,15465,20102840.0,2.42,-1.51,-0.2,0.99,2056507687.8000002
2021-08-23,13.02,13.25,13.28,13.02,11207,14798038.0,1.99,1.53,0.2,0.72,2088025047.0
2021-08-24,13.25,13.14,13.33,13.09,10028,13217679.0,1.81,-0.83,-0.11,0.64,2070690499.44
2021-08-25,13.1,13.21,13.23,13.07,7578,9971765.0,1.22,0.53,0.07,0.48,2081721575.16
2021-08-26,13.17,12.89,13.24,12.88,13988,18227934.0,2.73,-2.42,-0.32,0.89,2031293800.44
2021-08-27,12.87,12.78,12.9,12.73,10569,13525099.0,1.32,-0.85,-0.11,0.68,2013959252.8799999
2021-08-30,12.82,12.67,12.92,12.56,11632,14784807.0,2.82,-0.86,-0.11,0.74,1996624705.32
2021-08-31,12.69,12.62,12.69,12.43,11704,14698252.0,2.05,-0.39,-0.05,0.75,1988745365.52
2021-09-01,12.62,12.81,12.86,12.55,12782,16259238.0,2.46,1.51,0.19,0.82,2018686856.76
2021-09-02,12.73,12.79,12.88,12.66,9388,11993074.0,1.72,-0.16,-0.02,0.6,2015535120.84
2021-09-03,12.83,12.99,13.07,12.79,13980,18101849.0,2.19,1.56,0.2,0.89,2047052480.04
2021-09-06,13.05,13.07,13.09,12.91,9108,11858433.0,1.39,0.62,0.08,0.58,2059659423.72
2021-09-07,13.08,13.09,13.09,12.97,9598,12521355.0,0.92,0.15,0.02,0.61,2062811159.6399999
2021-09-08,13.06,13.25,13.26,13.06,12798,16860689.0,1.53,1.22,0.16,0.82,2088025047.0
2021-09-09,13.24,13.23,13.4,13.16,9992,13241225.0,1.81,-0.15,-0.02,0.64,2084873311.0800002
2021-09-10,13.25,13.29,13.35,13.03,13589,17920507.0,2.42,0.45,0.06,0.87,2094328518.84
2021-09-13,13.3,13.32,13.32,13.1,14630,19346704.0,1.66,0.23,0.03,0.93,2099056122.72
2021-09-14,13.32,13.12,13.39,13.05,10625,14052526.0,2.55,-1.5,-0.2,0.68,2067538763.52
2021-09-15,13.08,13.13,13.24,13.0,9081,11897393.0,1.83,0.08,0.01,0.58,2069114631.48
2021-09-16,12.88,12.52,12.99,12.46,30346,38432072.0,4.04,-4.65,-0.61,1.94,1972986685.9199998
2021-09-17,12.52,12.54,12.55,12.3,12648,15681385.0,2.0,0.16,0.02,0.81,1976138421.84
2021-09-22,12.49,12.43,12.5,12.32,6835,8484026.0,1.44,-0.88,-0.11,0.44,1958803874.28
2021-09-23,12.47,12.63,12.79,12.43,10751,13593929.0,2.9,1.61,0.2,0.69,1990321233.48
2021-09-24,12.69,12.27,12.69,12.26,10794,13391045.0,3.4,-2.85,-0.36,0.69,1933589986.9199998
2021-09-27,12.3,12.2,12.49,12.02,10868,13329030.0,3.83,-0.57,-0.07,0.69,1922558911.1999998
2021-09-28,12.19,12.12,12.19,12.06,6558,7943331.0,1.07,-0.66,-0.08,0.42,1909951967.52
2021-09-29,12.1,12.08,12.33,12.06,7475,9078681.0,2.23,-0.33,-0.04,0.48,1903648495.68
2021-09-30,12.19,12.31,12.31,12.15,5580,6828365.0,1.32,1.9,0.23,0.36,1939893458.76
2021-10-08,12.5,12.59,12.71,12.41,10733,13483751.0,2.44,2.27,0.28,0.69,1984017761.6399999
2021-10-11,12.55,12.67,12.73,12.45,7928,9999702.0,2.22,0.64,0.08,0.51,1996624705.32
2021-10-12,12.7,12.65,12.7,12.45,7351,9241489.0,1.97,-0.16,-0.02,0.47,1993472969.4
2021-10-13,12.65,12.78,12.98,12.57,10187,13032758.0,3.24,1.03,0.13,0.65,2013959252.8799999
2021-10-14,12.73,12.65,12.79,12.6,6143,7793108.0,1.49,-1.02,-0.13,0.39,1993472969.4
2021-10-15,12.75,12.52,12.78,12.51,4840,6101913.0,2.13,-1.03,-0.13,0.31,1972986685.9199998
2021-10-18,12.53,12.4,12.55,12.35,7340,9104402.0,1.6,-0.96,-0.12,0.47,1954076270.4
2021-10-19,12.39,12.43,12.53,12.36,4829,6007058.0,1.37,0.24,0.03,0.31,1958803874.28
2021-10-20,12.49,12.33,12.55,12.26,8263,10251574.0,2.33,-0.8,-0.1,0.53,1943045194.68
2021-10-21,12.26,12.08,12.33,12.06,9690,11783454.0,2.19,-2.03,-0.25,0.62,1903648495.68
2021-10-22,12.08,12.31,12.39,12.06,8817,10810908.0,2.73,1.9,0.23,0.56,1939893458.76
2021-10-25,12.37,12.19,12.45,12.14,5702,6950674.0,2.52,-0.97,-0.12,0.36,1920983043.24
2021-10-26,12.19,12.08,12.19,12.07,4453,5394574.0,0.98,-0.9,-0.11,0.28,1903648495.68
2021-10-27,12.08,11.53,12.08,11.49,14360,16712106.0,4.88,-4.55,-0.55,0.92,1816975757.8799999
2021-10-28,11.68,11.68,11.72,11.43,7755,8964919.0,2.52,1.3,0.15,0.5,1840613777.28
2021-10-29,11.67,11.78,11.8,11.5,7887,9224726.0,2.57,0.86,0.1,0.5,1856372456.8799999
2021-11-01,11.77,11.76,11.88,11.52,7951,9312855.0,3.06,-0.17,-0.02,0.51,1853220720.96
2021-11-02,11.69,11.45,11.79,11.45,8893,10296097.0,2.89,-2.64,-0.31,0.57,1804368814.1999998
2021-11-03,11.45,11.56,11.62,11.45,5497,6341105.0,1.48,0.96,0.11,0.35,1821703361.76
2021-11-04,11.45,11.73,11.8,11.45,7521,8786248.0,3.03,1.47,0.17,0.48,1848493117.0800002
2021-11-05,11.65,11.78,11.94,11.65,8317,9833040.0,2.47,0.43,0.05,0.53,1856372456.8799999
2021-11-08,11.73,11.78,11.86,11.7,5394,6345082.0,1.36,0.0,0.0,0.34,1856372456.8799999
2021-11-09,11.78,11.86,11.91,11.61,12265,14447526.0,2.55,0.68,0.08,0.78,1868979400.56
2021-11-10,11.86,11.86,11.86,11.67,11527,13553528.0,1.6,0.0,0.0,0.74,1868979400.56
2021-11-11,11.86,11.93,12.04,11.71,17733,21151284.0,2.78,0.59,0.07,1.13,1880010476.28
2021-11-12,12.01,12.09,12.18,11.91,15240,18383353.0,2.26,1.34,0.16,0.97,1905224363.6399999
2021-11-15,12.09,12.28,12.38,12.08,14296,17502783.0,2.48,1.57,0.19,0.91,1935165854.8799999
2021-11-16,12.28,12.35,12.55,12.2,15552,19294743.0,2.85,0.57,0.07,0.99,1946196930.6
2021-11-17,12.35,12.58,12.62,12.32,16454,20516331.0,2.43,1.86,0.23,1.05,1982441893.68
2021-11-18,12.53,12.25,12.58,12.21,13435,16591555.0,2.94,-2.62,-0.33,0.86,1930438251.0
2021-11-19,12.26,12.55,12.64,12.24,14460,18055503.0,3.27,2.45,0.3,0.92,1977714289.8000002
2021-11-22,12.51,12.53,12.63,12.46,10202,12795133.0,1.35,-0.16,-0.02,0.65,1974562553.8799999
2021-11-23,12.52,12.6,12.62,12.46,10778,13531676.0,1.28,0.56,0.07,0.69,1985593629.6
2021-11-24,12.56,12.78,12.88,12.52,16709,21288947.0,2.86,1.43,0.18,1.07,2013959252.8799999
2021-11-25,12.79,12.79,12.87,12.68,8036,10252938.0,1.49,0.08,0.01,0.51,2015535120.84
2021-11-26,12.86,12.55,12.86,12.46,11797,14817854.0,3.13,-1.88,-0.24,0.75,1977714289.8000002
2021-11-29,12.4,12.31,12.45,12.27,8453,10435231.0,1.43,-1.91,-0.24,0.54,1939893458.76
2021-11-30,12.38,12.47,12.68,12.37,14300,17929828.0,2.52,1.3,0.16,0.91,1965107346.1200001
2021-12-01,12.54,12.73,12.8,12.41,10711,13576081.0,3.13,2.09,0.26,0.68,2006079913.0800002
2021-12-02,12.74,12.44,12.78,12.42,10561,13264404.0,2.83,-2.28,-0.29,0.67,1960379742.24
2021-12-03,12.44,12.46,12.64,12.35,7258,9069718.0,2.33,0.16,0.02,0.46,1963531478.16
2021-12-06,12.51,11.98,12.51,11.97,16568,20045757.0,4.33,-3.85,-0.48,1.06,1887889816.0800002
2021-12-07,12.13,11.91,12.13,11.88,10279,12284105.0,2.09,-0.58,-0.07,0.66,1876858740.3600001
2021-12-08,11.92,11.98,12.04,11.88,9201,11008341.0,1.34,0.59,0.07,0.59,1887889816.0800002
2021-12-09,12.0,12.01,12.05,11.92,11163,13390724.0,1.09,0.25,0.03,0.71,1892617419.96
2021-12-10,12.02,12.02,12.05,11.88,8613,10318118.0,1.42,0.08,0.01,0.55,1894193287.9199998
2021-12-13,12.07,12.18,12.22,11.99,12052,14621242.0,1.91,1.33,0.16,0.77,1919407175.28
2021-12-14,12.18,12.29,12.42,12.06,14739,18054244.0,2.96,0.9,0.11,0.94,1936741722.84
2021-12-15,12.3,12.22,12.34,12.18,8759,10731730.0,1.3,-0.57,-0.07,0.56,1925710647.1200001
2021-12-16,12.28,12.39,12.39,12.18,13168,16223839.0,1.72,1.39,0.17,0.84,1952500402.44
2021-12-17,12.56,12.45,12.73,12.4,22936,28766478.0,2.66,0.48,0.06,1.47,1961955610.1999998
2021-12-20,12.3,12.63,12.74,12.23,18031,22670954.0,4.1,1.45,0.18,1.15,1990321233.48
2021-12-21,12.75,12.65,12.76,12.52,17050,21539329.0,1.9,0.16,0.02,1.09,1993472969.4
2021-12-22,12.66,12.63,12.7,12.59,12129,15343182.0,0.87,-0.16,-0.02,0.77,1990321233.48
2021-12-23,12.56,12.43,12.63,12.39,12313,15358023.0,1.9,-1.58,-0.2,0.79,1958803874.28
2021-12-24,12.49,12.24,12.54,12.2,12304,15150030.0,2.74,-1.53,-0.19,0.79,1928862383.04
2021-12-27,12.1,12.23,12.33,12.07,8777,10725808.0,2.12,-0.08,-0.01,0.56,1927286515.0800002
2021-12-28,12.2,12.49,12.52,12.14,11374,14135072.0,3.11,2.13,0.26,0.73,1968259082.04
2021-12-29,12.49,12.44,12.53,12.31,8879,11020214.0,1.76,-0.4,-0.05,0.57,1960379742.24
2021-12-30,12.44,12.54,12.75,12.44,14805,18664262.0,2.49,0.8,0.1,0.95,1976138421.84
2021-12-31,12.55,12.61,12.65,12.5,12929,16293748.0,1.2,0.56,0.07,0.83,1987169497.56
2022-01-04,12.53,12.78,12.82,12.5,22374,28467282.0,2.54,1.35,0.17,1.43,2013959252.8799999
2022-01-05,12.64,12.59,12.9,12.49,29615,37459670.0,3.21,-1.49,-0.19,1.89,1984017761.6399999
2022-01-06,12.51,12.69,12.76,12.51,15895,20158532.0,1.99,0.79,0.1,1.02,1999776441.24
2022-01-07,12.72,12.38,12.8,12.35,26088,32870066.0,3.55,-2.44,-0.31,1.67,1950924534.48
2022-01-10,12.17,12.92,12.99,12.05,44711,56692516.0,7.59,4.36,0.54,2.86,2036021404.32
2022-01-11,12.85,13.04,13.16,12.82,55919,72756810.0,2.63,0.93,0.12,3.57,2054931819.84
2022-01-12,12.98,13.37,13.46,12.93,61396,81577614.0,4.06,2.53,0.33,3.92,2106935462.52
2022-01-13,13.65,13.41,13.69,13.17,47950,64036520.0,3.89,0.3,0.04,3.06,2113238934.3600001
2022-01-14,13.21,12.97,13.54,12.96,37801,49979978.0,4.33,-3.28,-0.44,2.42,2043900744.1200001
2022-01-17,13.09,13.54,13.65,13.09,40653,54627142.0,4.32,4.39,0.57,2.6,2133725217.84
2022-01-18,13.56,13.25,13.65,13.23,36952,49638697.0,3.1,-2.14,-0.29,2.36,2088025047.0
2022-01-19,13.05,13.39,13.54,13.05,33202,44284303.0,3.7,1.06,0.14,2.12,2110087198.44
2022-01-20,13.43,12.71,13.46,12.65,43495,55920630.0,6.05,-5.08,-0.68,2.78,2002928177.16
2022-01-21,12.76,13.14,13.6,12.7,59338,77889245.0,7.08,3.38,0.43,3.79,2070690499.44
2022-01-24,12.69,12.72,13.17,12.68,33725,43385940.0,3.73,-3.2,-0.42,2.15,2004504045.1200001
2022-01-25,12.73,11.75,12.79,11.71,47662,57256411.0,8.49,-7.63,-0.97,3.05,1851644853.0
2022-01-26,11.7,11.76,11.89,11.6,41448,48678522.0,2.47,0.09,0.01,2.65,1853220720.96
2022-01-27,11.76,10.91,11.79,10.8,48022,53670397.0,8.42,-7.23,-0.85,3.07,1719271944.3600001
2022-01-28,11.0,11.34,11.51,10.83,31712,35451782.0,6.23,3.94,0.43,2.03,1787034266.6399999
2022-02-09,10.77,10.77,10.77,10.77,462,497574.0,0.0,-5.03,-0.57,0.03,1697209792.9199998
2022-02-10,10.23,10.23,10.23,10.23,488,499224.0,0.0,-5.01,-0.54,0.03,1612112923.0800002
2022-02-11,9.72,9.72,9.72,9.72,1054,1024488.0,0.0,-4.99,-0.51,0.07,1531743657.1200001
2022-02-14,9.23,9.23,9.72,9.23,97401,90076148.0,5.04,-5.04,-0.49,6.22,1454526127.0800002
2022-02-15,9.0,8.87,9.07,8.77,139428,123217222.0,3.25,-3.9,-0.36,8.91,1397794880.52
2022-02-16,8.86,9.07,9.23,8.79,89194,79692331.0,4.96,2.25,0.2,5.7,1429312239.72
2022-02-17,8.99,8.81,9.01,8.8,57480,51084079.0,2.32,-2.87,-0.26,3.67,1388339672.76
2022-02-18,8.71,8.9,8.94,8.6,51229,45082577.0,3.86,1.02,0.09,3.27,1402522484.4
2022-02-21,9.14,9.14,9.34,9.05,63106,57796676.0,3.26,2.7,0.24,4.03,1440343315.44
2022-02-22,9.6,9.6,9.6,9.6,8987,8627933.0,0.0,5.03,0.46,0.57,1512833241.6
2022-02-23,9.98,9.48,9.98,9.44,106636,103272498.0,5.63,-1.25,-0.12,6.81,1493922826.0800002
2022-02-24,9.6,9.92,9.95,9.56,121070,119422200.0,4.11,4.64,0.44,7.74,1563261016.32
2022-02-25,9.72,9.79,9.95,9.63,73025,71460051.0,3.23,-1.31,-0.13,4.67,1542774732.84
2022-02-28,9.55,9.49,9.62,9.3,45141,42590811.0,3.27,-3.06,-0.3,2.88,1495498694.04
2022-03-01,9.43,9.7,9.76,9.43,36053,34512353.0,3.48,2.21,0.21,2.3,1528591921.1999998
2022-03-02,9.65,9.67,9.75,9.49,21918,21071567.0,2.68,-0.31,-0.03,1.4,1523864317.32
2022-03-03,9.6,9.49,9.7,9.49,24947,23888948.0,2.17,-1.86,-0.18,1.59,1495498694.04
2022-03-04,9.47,9.52,9.64,9.42,21803,20808209.0,2.32,0.32,0.03,1.39,1500226297.9199998
2022-03-07,9.48,9.62,9.76,9.44,24057,23108769.0,3.36,1.05,0.1,1.54,1515984977.52
2022-03-08,9.7,9.44,9.99,9.23,36352,34867802.0,7.9,-1.87,-0.18,2.32,1487619354.24
2022-03-09,9.46,9.17,9.46,8.97,31337,28793928.0,5.19,-2.86,-0.27,2.0,1445070919.32
2022-03-10,9.35,9.43,9.63,9.26,25699,24388512.0,4.03,2.84,0.26,1.64,1486043486.28
2022-03-11,9.27,9.44,9.45,9.14,20744,19201818.0,3.29,0.11,0.01,1.33,1487619354.24
2022-03-14,9.91,9.91,9.91,9.91,9414,9328917.0,0.0,4.98,0.47,0.6,1561685148.3600001
2022-03-15,10.28,10.05,10.41,9.9,95573,97258964.0,5.15,1.41,0.14,6.11,1583747299.8000002
2022-03-16,10.55,10.55,10.55,10.46,59453,62720744.0,0.9,4.98,0.5,3.8,1662540697.8000002
2022-03-17,11.08,11.08,11.08,10.82,104238,115077977.0,2.46,5.02,0.53,6.66,1746061699.68
2022-03-18,10.97,11.63,11.63,10.85,57272,65088299.0,7.04,4.96,0.55,3.66,1832734437.48
2022-03-21,11.79,12.13,12.21,11.35,83042,97796391.0,7.39,4.3,0.5,5.31,1911527835.48
2022-03-22,11.9,11.94,12.5,11.66,59138,71170005.0,6.92,-1.57,-0.19,3.78,1881586344.24
2022-03-23,12.0,11.85,12.39,11.55,66862,79695146.0,7.04,-0.75,-0.09,4.27,1867403532.6
2022-03-24,11.71,12.24,12.25,11.71,61986,74157268.0,4.56,3.29,0.39,3.96,1928862383.04
2022-03-28,12.0,11.02,12.0,11.02,131840,148065954.0,8.01,-9.97,-1.22,8.42,1736606491.9199998
2022-03-29,10.92,12.12,12.12,10.63,161069,189870699.0,13.52,9.98,1.1,10.29,1909951967.52
2022-03-30,11.76,11.55,12.68,11.25,164467,193845636.0,11.8,-4.7,-0.57,10.51,1820127493.8000002
2022-03-31,11.28,10.88,11.38,10.8,109143,120569391.0,5.02,-5.8,-0.67,6.97,1714544340.48
2022-04-01,10.57,10.41,11.24,10.4,88416,94165394.0,7.72,-4.32,-0.47,5.65,1640478546.3600001
2022-04-06,10.27,10.76,10.93,10.27,76570,82130770.0,6.34,3.36,0.35,4.89,1695633924.96
2022-04-07,10.72,10.37,10.89,10.36,49444,52035295.0,4.93,-3.62,-0.39,3.16,1634175074.52
2022-04-08,10.36,10.25,10.51,10.15,43505,44827332.0,3.47,-1.16,-0.12,2.78,1615264659.0
2022-04-11,10.25,9.99,10.53,9.72,48245,48727247.0,7.9,-2.54,-0.26,3.08,1574292092.04
2022-04-12,9.98,10.0,10.05,9.74,29058,28749737.0,3.1,0.1,0.01,1.86,1575867960.0
2022-04-13,9.93,9.68,10.33,9.6,41546,41043690.0,7.3,-3.2,-0.32,2.65,1525440185.28
2022-04-14,9.75,9.6,9.85,9.55,33657,32531078.0,3.1,-0.83,-0.08,2.15,1512833241.6
2022-04-15,9.5,9.3,9.58,9.24,41357,38656587.0,3.54,-3.13,-0.3,2.64,1465557202.8000002
2022-04-18,9.32,9.54,9.58,9.1,30776,28867341.0,5.16,2.58,0.24,1.97,1503378033.84
2022-04-19,9.68,9.45,9.69,9.36,21659,20557461.0,3.46,-0.94,-0.09,1.38,1489195222.1999998
2022-04-20,9.52,9.39,9.59,9.35,22892,21686052.0,2.54,-0.63,-0.06,1.46,1479740014.44
2022-04-21,9.29,9.06,9.38,8.97,30736,28075988.0,4.37,-3.51,-0.33,1.96,1427736371.76
2022-04-22,9.06,9.03,9.14,8.84,18592,16690639.0,3.31,-0.33,-0.03,1.19,1423008767.8799999
2022-04-25,8.88,8.17,8.91,8.13,34902,29666897.0,8.64,-9.52,-0.86,2.23,1287484123.32
2022-04-26,8.3,8.29,8.4,8.0,30935,25396480.0,4.9,1.47,0.12,1.98,1306394538.84
2022-04-27,8.16,8.12,8.19,7.71,47954,38283784.0,5.79,-2.05,-0.17,3.06,1279604783.52
2022-04-28,8.0,8.12,8.12,7.71,42179,33064394.0,5.05,0.0,0.0,2.69,1279604783.52
2022-04-29,8.0,8.42,8.43,7.96,32410,26767651.0,5.79,3.69,0.3,2.07,1326880822.32
2022-05-05,8.39,8.51,8.57,8.33,31182,26434762.0,2.85,1.07,0.09,1.99,1341063633.96
2022-05-06,8.35,8.51,8.53,8.17,22224,18604389.0,4.23,0.0,0.0,1.42,1341063633.96
2022-05-09,8.58,8.63,8.74,8.45,17209,14869787.0,3.41,1.41,0.12,1.1,1359974049.48
2022-05-10,8.5,8.8,8.97,8.49,27412,24074579.0,5.56,1.97,0.17,1.75,1386763804.8000002
2022-05-11,8.77,8.67,9.0,8.63,30826,27330016.0,4.2,-1.48,-0.13,1.97,1366277521.32
2022-05-12,8.62,8.84,8.9,8.6,16384,14394669.0,3.46,1.96,0.17,1.05,1393067276.6399999
2022-05-13,8.82,9.03,9.25,8.82,27768,25082828.0,4.86,2.15,0.19,1.77,1423008767.8799999
2022-05-16,9.0,8.93,9.07,8.83,17849,15928433.0,2.66,-1.11,-0.1,1.14,1407250088.28
2022-05-17,8.89,8.9,8.99,8.73,20387,18026256.0,2.91,-0.34,-0.03,1.3,1402522484.4
2022-05-18,8.97,9.79,9.79,8.78,57126,54488309.0,11.35,10.0,0.89,3.65,1542774732.84
2022-05-19,9.69,10.0,10.6,9.6,121657,122180237.0,10.21,2.15,0.21,7.77,1575867960.0
2022-05-20,10.07,11.0,11.0,10.0,116400,123298602.0,10.0,10.0,1.0,7.44,1733454756.0
2022-05-23,11.0,11.33,12.1,10.77,120233,135480903.0,12.09,3.0,0.33,7.68,1785458398.68
2022-05-24,11.39,10.73,11.39,10.67,72005,78457901.0,6.35,-5.3,-0.6,4.6,1690906321.0800002
2022-05-25,10.61,11.2,11.4,10.61,65158,72494958.0,7.36,4.38,0.47,4.16,1764972115.1999998
2022-05-26,11.19,12.32,12.32,11.01,83952,100474959.0,11.7,10.0,1.12,5.36,1941469326.72
2022-05-27,12.9,13.55,13.55,12.3,158551,208048914.0,10.15,9.98,1.23,10.13,2135301085.8000002
2022-05-30,13.43,13.99,14.61,12.8,150797,207028675.0,13.36,3.25,0.44,9.63,2204639276.04
2022-05-31,13.5,14.89,15.11,13.47,119908,173358847.0,11.72,6.43,0.9,7.66,2346467392.44
2022-06-01,14.75,14.91,15.58,14.51,98589,148180084.0,7.19,0.13,0.02,6.3,2349619128.36
2022-06-02,15.05,16.4,16.4,14.92,107161,170460418.0,9.93,9.99,1.49,6.85,2584423454.3999996
2022-06-06,16.38,17.17,17.53,15.98,109413,184488592.0,9.45,4.7,0.77,6.99,2705765287.32
2022-06-07,16.91,17.22,17.53,16.65,91541,156066788.0,5.13,0.29,0.05,5.85,2713644627.12
2022-06-08,17.5,17.09,17.52,16.5,78419,133579039.0,5.92,-0.75,-0.13,5.01,2693158343.64
2022-06-09,16.97,16.67,17.35,16.33,76251,127344886.0,5.97,-2.46,-0.42,4.87,2626971889.32
2022-06-10,16.67,17.35,17.46,16.3,61275,104776090.0,6.96,4.08,0.68,3.91,2734130910.6000004
2022-06-13,17.35,17.07,17.95,16.83,56072,96741229.0,6.46,-1.61,-0.28,3.58,2690006607.7200003
2022-06-14,17.07,17.07,17.19,16.49,47590,80343961.0,4.1,0.0,0.0,3.04,2690006607.7200003
2022-06-15,16.98,17.23,17.89,16.9,50478,87956579.0,5.8,0.94,0.16,3.22,2715220495.08
2022-06-16,16.95,16.95,17.73,16.7,44979,77749655.0,5.98,-1.63,-0.28,2.87,2671096192.2
2022-06-17,17.03,16.98,17.16,16.56,44703,75179690.0,3.54,0.18,0.03,2.86,2675823796.08
2022-06-20,16.87,17.36,17.95,16.84,52790,90986845.0,6.54,2.24,0.38,3.37,2735706778.56
2022-06-21,17.38,16.91,17.39,16.79,35997,60971157.0,3.46,-2.59,-0.45,2.3,2664792720.36
2022-06-22,16.92,17.21,17.85,16.64,52278,90559191.0,7.16,1.77,0.3,3.34,2712068759.1600003
2022-06-23,17.66,18.93,18.93,16.76,59219,106924229.0,12.61,9.99,1.72,3.78,2983118048.2799997
2022-06-24,19.8,17.98,20.78,17.72,124672,235852279.0,16.16,-5.02,-0.95,7.97,2833410592.08
2022-06-27,18.19,19.78,19.78,17.79,75060,141744037.0,11.07,10.01,1.8,4.8,3117066824.88
2022-06-28,20.19,21.28,21.68,19.81,105913,221686033.0,9.45,7.58,1.5,6.77,3353447018.88
2022-06-29,21.06,19.8,21.16,19.56,102358,205853976.0,7.52,-6.95,-1.48,6.54,3120218560.8
2022-06-30,19.76,20.55,21.19,18.61,102538,202401650.0,13.03,3.79,0.75,6.55,3238408657.8
2022-07-01,21.29,22.2,22.61,21.25,116606,258622398.0,6.62,8.03,1.65,7.45,3498426871.2
2022-07-04,21.98,20.77,22.11,20.4,69232,145573299.0,7.7,-6.44,-1.43,4.42,3273077752.92
2022-07-05,20.7,21.09,21.8,20.35,57315,120756177.0,6.98,1.54,0.32,3.66,3323505527.64
2022-07-06,20.9,20.35,21.6,20.35,39269,81371526.0,5.93,-3.51,-0.74,2.51,3206891298.6000004
2022-07-07,20.25,20.43,21.08,19.95,34149,69684673.0,5.55,0.39,0.08,2.18,3219498242.2799997
2022-07-08,20.45,20.36,20.8,19.91,25177,50918426.0,4.36,-0.34,-0.07,1.61,3208467166.56
2022-07-11,21.8,20.47,21.8,19.14,46840,93557184.0,13.06,0.54,0.11,2.99,3225801714.12
2022-07-12,20.79,18.96,20.87,18.53,44735,87310863.0,11.43,-7.38,-1.51,2.86,2987845652.1600003
2022-07-13,18.99,19.63,20.12,18.99,31864,62691317.0,5.96,3.53,0.67,2.04,3093428805.48
2022-07-14,19.86,19.62,20.47,19.3,33203,66104370.0,5.96,-0.05,-0.01,2.12,3091852937.52
2022-07-15,19.45,18.8,20.0,18.2,61554,116108678.0,9.17,-4.18,-0.82,3.93,2962631764.8
2022-07-18,18.8,19.05,19.33,18.53,31018,58996324.0,4.26,1.33,0.25,1.98,3002028463.8
2022-07-19,19.44,18.56,19.44,18.22,35626,66244938.0,6.4,-2.57,-0.49,2.28,2924810933.7599998
2022-07-20,18.65,18.28,18.72,16.7,55479,100132121.0,10.88,-1.51,-0.28,3.54,2880686630.88
2022-07-21,18.0,18.0,18.35,17.54,28011,50392522.0,4.43,-1.53,-0.28,1.79,2836562328.0
2022-07-22,18.49,18.01,18.49,17.62,22297,40086762.0,4.83,0.06,0.01,1.42,2838138195.96
2022-07-25,17.88,17.6,18.12,17.4,22663,39972607.0,4.0,-2.28,-0.41,1.45,2773527609.6000004
2022-07-26,17.6,17.99,18.18,17.54,27348,49061913.0,3.64,2.22,0.39,1.75,2834986460.04
2022-07-27,18.06,18.2,18.98,17.82,48695,89560714.0,6.45,1.17,0.21,3.11,2868079687.2
2022-07-28,18.36,18.91,19.18,18.13,54468,102375649.0,5.77,3.9,0.71,3.48,2979966312.36
2022-07-29,18.55,18.27,19.15,18.0,48294,88641557.0,6.08,-3.38,-0.64,3.09,2879110762.92
2022-08-01,18.49,17.45,18.55,17.33,35931,63860011.0,6.68,-4.49,-0.82,2.3,2749889590.2
2022-08-02,17.6,16.97,17.6,16.59,44693,75437940.0,5.79,-2.75,-0.48,2.86,2674247928.12
2022-08-03,17.03,16.51,17.3,16.18,35067,58806883.0,6.6,-2.71,-0.46,2.24,2601758001.96
2022-08-04,16.39,16.93,17.13,16.11,32933,55396785.0,6.18,2.54,0.42,2.1,2667944456.2799997
2022-08-05,17.13,17.61,17.88,16.86,48070,84204024.0,6.02,4.02,0.68,3.07,2775103477.56
2022-08-08,17.4,19.37,19.37,17.4,58523,109266432.0,11.19,9.99,1.76,3.74,3052456238.52
2022-08-09,19.56,19.67,19.86,18.98,51885,101085635.0,4.54,1.55,0.3,3.31,3099732277.32
2022-08-10,19.48,20.09,20.35,19.37,37703,75015296.0,4.98,2.14,0.42,2.41,3165918731.64
2022-08-11,20.09,20.2,20.45,19.85,29586,59552179.0,2.99,0.55,0.11,1.89,3183253279.2
2022-08-12,20.13,20.74,20.75,19.99,36091,73631727.0,3.76,2.67,0.54,2.31,3268350149.04
2022-08-15,20.51,20.01,20.97,19.97,43067,87730072.0,4.82,-3.52,-0.73,2.75,3153311787.96
2022-08-16,20.1,20.0,20.48,19.81,31504,63252700.0,3.35,-0.05,-0.01,2.01,3151735920.0
2022-08-17,20.39,19.74,20.48,19.48,36265,71693032.0,5.0,-1.3,-0.26,2.32,3110763353.04
2022-08-18,19.71,19.36,19.74,19.13,33194,64320452.0,3.09,-1.93,-0.38,2.12,3050880370.56
2022-08-19,19.42,18.46,19.46,18.41,36049,67543682.0,5.42,-4.65,-0.9,2.3,2909052254.1600003
2022-08-22,18.51,18.09,18.63,17.9,33448,60506795.0,3.95,-2.0,-0.37,2.14,2850745139.64
2022-08-23,18.07,17.78,18.18,17.4,36290,64326035.0,4.31,-1.71,-0.31,2.32,2801893232.88
2022-08-24,17.9,17.1,17.95,16.75,33636,57482202.0,6.75,-3.82,-0.68,2.15,2694734211.6000004
2022-08-25,17.1,16.95,17.24,16.19,36938,61111442.0,6.14,-0.88,-0.15,2.36,2671096192.2
2022-08-26,17.12,16.8,17.29,16.41,37228,62873625.0,5.19,-0.88,-0.15,2.38,2647458172.8
2022-08-29,16.5,16.82,16.9,16.25,25439,42420644.0,3.87,0.12,0.02,1.63,2650609908.7200003
2022-08-30,16.81,16.66,17.0,16.39,27600,45907272.0,3.63,-0.95,-0.16,1.76,2625396021.36
2022-08-31,16.7,16.5,17.18,15.95,41950,68990737.0,7.38,-0.96,-0.16,2.68,2600182134.0
2022-09-01,16.11,16.13,16.55,15.7,34577,55459144.0,5.15,-2.24,-0.37,2.21,2541875019.48
2022-09-02,16.23,16.58,16.66,15.16,36494,59401255.0,9.3,2.79,0.45,2.33,2612789077.68
2022-09-05,16.61,16.23,17.06,16.2,23092,38048399.0,5.19,-2.11,-0.35,1.48,2557633699.08
2022-09-06,16.23,16.79,16.92,15.98,29076,48137471.0,5.79,3.45,0.56,1.86,2645882304.8399997
2022-09-07,16.72,16.51,16.9,16.33,17808,29454569.0,3.39,-1.67,-0.28,1.14,2601758001.96
2022-09-08,16.49,16.57,16.93,16.26,25329,42175555.0,4.06,0.36,0.06,1.62,2611213209.7200003
2022-09-09,16.5,16.55,16.64,16.16,16070,26301401.0,2.9,-0.12,-0.02,1.03,2608061473.8
2022-09-13,16.5,16.79,17.01,16.5,20630,34519728.0,3.08,1.45,0.24,1.32,2645882304.8399997
2022-09-14,16.79,17.3,17.89,16.5,54242,93605811.0,8.28,3.04,0.51,3.47,2726251570.8
2022-09-15,17.3,16.38,17.5,16.09,43091,71287057.0,8.15,-5.32,-0.92,2.75,2581271718.48
2022-09-16,16.43,16.2,16.56,15.78,33946,54962241.0,4.76,-1.1,-0.18,2.17,2552906095.2
2022-09-19,16.21,16.06,17.1,15.42,54690,88469127.0,10.37,-0.86,-0.14,3.49,2530843943.7599998
2022-09-20,15.61,15.79,16.1,15.5,34145,53630612.0,3.74,-1.68,-0.27,2.18,2488295508.8399997
2022-09-21,15.83,15.74,15.95,15.57,21287,33507766.0,2.41,-0.32,-0.05,1.36,2480416169.04
2022-09-22,15.54,15.75,15.89,15.48,19599,30710498.0,2.6,0.06,0.01,1.25,2481992037.0
2022-09-23,15.51,15.39,15.83,15.17,20568,31754862.0,4.19,-2.29,-0.36,1.31,2425260790.44
2022-09-26,15.35,15.52,15.68,15.2,21061,32653755.0,3.12,0.84,0.13,1.35,2445747073.92
2022-09-27,15.48,15.72,15.74,15.41,14048,21943362.0,2.13,1.29,0.2,0.9,2477264433.12
2022-09-28,15.75,15.19,15.76,15.05,22965,35063066.0,4.52,-3.37,-0.53,1.47,2393743431.24
2022-09-29,15.21,15.1,15.31,14.75,19327,29104087.0,3.69,-0.59,-0.09,1.23,2379560619.6
2022-09-30,15.1,15.61,15.62,14.82,28229,43241136.0,5.3,3.38,0.51,1.8,2459929885.56
2022-10-10,15.68,15.25,16.02,14.81,31625,48090728.0,7.75,-2.31,-0.36,2.02,2403198639.0
2022-10-11,15.26,13.92,15.26,13.73,59005,83020434.0,10.03,-8.72,-1.33,3.77,2193608200.32
2022-10-12,13.89,14.82,14.99,13.8,47148,67768234.0,8.55,6.47,0.9,3.01,2335436316.7200003
2022-10-13,14.73,14.99,15.74,14.67,38301,58162377.0,7.22,1.15,0.17,2.45,2362226072.04
2022-10-14,14.99,15.75,15.9,14.91,38227,59480921.0,6.6,5.07,0.76,2.44,2481992037.0
2022-10-17,15.28,15.52,15.78,15.28,27179,41959509.0,3.17,-1.46,-0.23,1.74,2445747073.92
2022-10-18,15.41,16.15,16.49,15.33,53015,85468104.0,7.47,4.06,0.63,3.39,2545026755.3999996
2022-10-19,16.04,15.88,16.2,15.82,28572,45602528.0,2.35,-1.67,-0.27,1.83,2502478320.48
2022-10-20,15.7,16.22,16.52,15.52,37210,59645854.0,6.3,2.14,0.34,2.38,2556057831.12
2022-10-21,16.22,16.09,16.47,15.63,31995,51539105.0,5.18,-0.8,-0.13,2.04,2535571547.64
2022-10-24,16.12,16.2,16.43,15.89,37342,60398163.0,3.36,0.68,0.11,2.39,2552906095.2
2022-10-25,16.25,15.98,16.35,15.95,20345,32768566.0,2.47,-1.36,-0.22,1.3,2518237000.08
2022-10-26,16.05,16.27,16.85,15.91,23552,38209603.0,5.88,1.81,0.29,1.5,2563937170.92
2022-10-27,16.16,16.24,16.59,16.16,17395,28367078.0,2.64,-0.18,-0.03,1.11,2559209567.04
2022-10-28,16.18,15.8,16.33,15.66,27559,43946516.0,4.13,-2.71,-0.44,1.76,2489871376.8
2022-10-31,16.0,16.5,16.73,15.91,61263,100703296.0,5.19,4.43,0.7,3.91,2600182134.0
2022-11-01,16.52,17.05,17.15,16.51,47473,80126203.0,3.88,3.33,0.55,3.03,2686854871.8
2022-11-02,17.08,16.84,17.21,16.72,33745,57089448.0,2.87,-1.23,-0.21,2.16,2653761644.64
2022-11-03,16.8,16.66,16.96,16.5,22378,37382436.0,2.73,-1.07,-0.18,1.43,2625396021.36
2022-11-04,16.6,17.16,17.48,16.6,40737,69946992.0,5.28,3.0,0.5,2.6,2704189419.36
2022-11-07,17.16,16.95,17.36,16.86,24685,41996309.0,2.91,-1.22,-0.21,1.58,2671096192.2
2022-11-08,16.97,17.28,17.3,16.62,29883,50757024.0,4.01,1.95,0.33,1.91,2723099834.88
2022-11-09,17.2,16.85,17.21,16.68,27607,46709131.0,3.07,-2.49,-0.43,1.76,2655337512.6000004
2022-11-10,18.04,18.54,18.54,17.5,133388,243885129.0,6.17,10.03,1.69,8.52,2921659197.8399997
2022-11-11,19.0,18.08,19.03,17.71,155465,285082325.0,7.12,-2.48,-0.46,9.93,2849169271.68
2022-11-14,17.86,17.32,18.09,17.13,84110,147522275.0,5.31,-4.2,-0.76,5.37,2729403306.7200003
2022-11-15,17.3,17.42,17.56,16.93,49249,85190178.0,3.64,0.58,0.1,3.15,2745161986.32
2022-11-16,17.4,17.11,17.7,17.05,35917,62049361.0,3.73,-1.78,-0.31,2.29,2696310079.56
2022-11-17,17.01,17.23,17.3,16.7,46991,79903652.0,3.51,0.7,0.12,3.0,2715220495.08
2022-11-18,17.12,16.97,17.32,16.8,32956,56118530.0,3.02,-1.51,-0.26,2.11,2674247928.12
2022-11-21,16.99,16.82,17.0,16.56,23324,39151638.0,2.59,-0.88,-0.15,1.49,2650609908.7200003
2022-11-22,17.38,17.35,17.65,16.9,75537,130776786.0,4.46,3.15,0.53,4.83,2734130910.6000004
2022-11-23,16.9,17.0,17.07,16.76,35237,59609842.0,1.79,-2.02,-0.35,2.25,2678975532.0
2022-11-24,17.0,17.57,17.74,17.0,57578,100809899.0,4.35,3.35,0.57,3.68,2768800005.7200003
2022-11-25,17.28,17.44,17.7,17.26,28904,50383677.0,2.5,-0.74,-0.13,1.85,2748313722.2400002
2022-11-28,17.02,17.14,17.3,16.73,28696,48678545.0,3.27,-1.72,-0.3,1.83,2701037683.44
2022-11-29,17.0,16.99,17.4,16.79,29254,49812505.0,3.56,-0.88,-0.15,1.88,2677399664.04
2022-11-30,16.99,16.84,17.0,16.65,22018,36972818.0,2.06,-0.88,-0.15,1.41,2653761644.64
2022-12-01,16.9,17.31,17.58,16.9,48343,83955377.0,4.04,2.79,0.47,3.11,2727827438.7599998
2022-12-02,17.31,17.13,17.48,17.09,21388,36876837.0,2.25,-1.04,-0.18,1.37,2699461815.48
2022-12-05,17.15,17.55,17.65,17.15,34689,60521471.0,2.92,2.45,0.42,2.23,2765648269.8
2022-12-06,17.55,18.19,18.24,17.38,51579,92009962.0,4.9,3.65,0.64,3.31,2866503819.2400002
2022-12-07,18.21,17.8,18.33,17.71,36172,64912600.0,3.41,-2.14,-0.39,2.32,2805044968.8
2022-12-08,17.78,17.64,17.98,17.61,22063,39348898.0,2.08,-0.9,-0.16,1.42,2779831081.44
2022-12-09,17.78,17.4,17.78,17.31,21599,37749429.0,2.66,-1.36,-0.24,1.39,2742010250.3999996
2022-12-12,17.43,17.45,17.65,17.33,16583,28902253.0,1.84,0.29,0.05,1.07,2749889590.2
2022-12-13,17.4,17.15,17.5,17.07,20083,34618853.0,2.46,-1.72,-0.3,1.29,2702613551.3999996
2022-12-14,17.29,17.2,17.67,17.11,17118,29757839.0,3.27,0.29,0.05,1.1,2710492891.2
2022-12-15,17.16,17.37,17.44,17.0,9602,16573191.0,2.56,0.99,0.17,0.62,2737282646.52
2022-12-16,17.43,17.49,17.77,17.11,16525,28817189.0,3.8,0.69,0.12,1.06,2756193062.04
2022-12-19,17.41,17.2,17.49,17.02,27034,46461712.0,2.69,-1.66,-0.29,1.74,2710492891.2
2022-12-20,17.18,17.16,17.34,16.8,19841,33843410.0,3.14,-0.23,-0.04,1.27,2704189419.36
2022-12-21,17.3,16.85,17.75,16.71,29367,50444193.0,6.06,-1.81,-0.31,1.89,2655337512.6000004
2022-12-22,17.16,16.68,17.28,15.17,26265,43497356.0,12.52,-1.01,-0.17,1.69,2628547757.2799997
2022-12-23,16.42,16.56,16.8,15.94,27112,44208967.0,5.16,-0.72,-0.12,1.74,2609637341.7599998
2022-12-26,16.78,16.93,17.14,16.67,18305,30948287.0,2.84,2.23,0.37,1.18,2667944456.2799997
2022-12-27,17.15,16.7,17.2,16.47,20445,34213522.0,4.31,-1.36,-0.23,1.31,2631699493.2
2022-12-28,16.7,16.6,16.85,16.09,19215,31421382.0,4.55,-0.6,-0.1,1.23,2615940813.6000004
2022-12-29,16.46,16.28,16.62,16.21,14445,23663864.0,2.47,-1.93,-0.32,0.93,2565513038.88
2022-12-30,16.28,16.3,16.39,16.1,9070,14688950.0,1.78,0.12,0.02,0.58,2568664774.8
2023-01-03,16.32,17.31,17.6,16.16,39740,67856159.0,8.83,6.2,1.01,2.55,2727827438.7599998
2023-01-04,17.3,17.58,17.61,17.21,27964,48728765.0,2.31,1.56,0.27,1.8,2770375873.68
2023-01-05,17.56,17.91,18.05,17.37,34454,61247879.0,3.87,1.88,0.33,2.21,2822379516.36
2023-01-06,18.0,17.91,18.07,17.6,23374,41557685.0,2.62,0.0,0.0,1.5,2822379516.36
2023-01-09,17.51,17.79,17.99,17.51,12816,22728432.0,2.68,-0.67,-0.12,0.82,2803469100.8399997
2023-01-10,17.73,17.65,17.78,17.51,9659,17077407.0,1.52,-0.79,-0.14,0.62,2781406949.3999996
2023-01-11,17.65,17.54,18.25,17.5,16213,28779455.0,4.25,-0.62,-0.11,1.04,2764072401.8399997
2023-01-12,17.9,17.46,17.9,17.3,14443,25297535.0,3.42,-0.46,-0.08,0.93,2751465458.1600003
2023-01-13,17.47,17.63,17.84,17.16,25906,45410000.0,3.89,0.97,0.17,1.66,2778255213.48
2023-01-16,17.68,17.29,17.77,17.21,25538,44599814.0,3.18,-1.93,-0.34,1.64,2724675702.8399997
2023-01-17,17.32,17.07,17.44,16.99,18822,32287383.0,2.6,-1.27,-0.22,1.21,2690006607.7200003
2023-01-18,17.2,17.18,17.35,17.01,17982,30945317.0,1.99,0.64,0.11,1.16,2707341155.2799997
2023-01-19,17.23,17.2,17.44,17.11,19400,33434278.0,1.92,0.12,0.02,1.25,2710492891.2
2023-01-20,17.19,17.59,17.75,17.19,38378,67224457.0,3.26,2.27,0.39,2.47,2771951741.64
2023-01-30,17.59,17.49,17.7,17.3,31362,54979355.0,2.27,-0.57,-0.1,2.01,2756193062.04
2023-01-31,16.9,17.09,17.24,16.25,44171,74250189.0,5.66,-2.29,-0.4,2.84,2693158343.64
2023-02-01,17.23,17.1,17.24,16.93,27768,47405365.0,1.81,0.06,0.01,1.78,2694734211.6000004
2023-02-02,17.06,16.88,17.16,16.85,21595,36670652.0,1.81,-1.29,-0.22,1.39,2660065116.48
2023-02-03,16.8,16.96,17.01,16.67,19430,32765125.0,2.01,0.47,0.08,1.25,2672672060.1600003
2023-02-06,17.02,16.85,17.21,16.77,21304,36175862.0,2.59,-0.65,-0.11,1.37,2655337512.6000004
2023-02-07,16.77,16.9,17.0,16.66,15614,26232976.0,2.02,0.3,0.05,1.0,2663216852.3999996
2023-02-08,17.0,16.58,17.05,16.56,16651,27786955.0,2.9,-1.89,-0.32,1.07,2612789077.68
2023-02-09,16.58,17.09,17.14,16.31,27141,45727135.0,5.01,3.08,0.51,1.74,2693158343.64
2023-02-10,17.23,16.84,17.28,16.79,27464,46800757.0,2.87,-1.46,-0.25,1.76,2653761644.64
2023-02-13,16.79,16.73,16.89,16.6,20595,34453832.0,1.72,-0.65,-0.11,1.32,2636427097.08
2023-02-14,16.72,16.68,16.83,16.45,23467,38903203.0,2.27,-0.3,-0.05,1.51,2628547757.2799997
2023-02-15,16.64,16.85,16.94,16.62,22454,37750736.0,1.92,1.02,0.17,1.44,2655337512.6000004
2023-02-16,16.75,16.58,17.09,16.22,31897,53009188.0,5.16,-1.6,-0.27,2.05,2612789077.68
2023-02-17,16.56,16.4,16.67,16.14,26531,43314468.0,3.2,-1.09,-0.18,1.7,2584423454.3999996
2023-02-20,16.4,16.29,16.43,16.15,14434,23436195.0,1.71,-0.67,-0.11,0.93,2567088906.8399997
2023-02-21,16.35,16.28,16.43,16.16,13525,21997416.0,1.66,-0.06,-0.01,0.87,2565513038.88
2023-02-22,16.29,16.16,16.29,16.08,14066,22717478.0,1.29,-0.74,-0.12,0.9,2546602623.36
2023-02-23,16.21,16.12,16.24,15.94,15569,24990206.0,1.86,-0.25,-0.04,1.0,2540299151.52
2023-02-24,16.21,16.42,16.5,16.1,25493,41682411.0,2.48,1.86,0.3,1.64,2587575190.32
2023-02-27,16.3,17.2,17.54,16.3,64975,111201611.0,7.55,4.75,0.78,4.17,2710492891.2
2023-02-28,17.23,16.92,17.5,16.8,48413,82997808.0,4.07,-1.63,-0.28,3.11,2666368588.32
2023-03-01,16.81,17.91,18.61,16.81,153815,276019708.0,10.64,5.85,0.99,9.88,2822379516.36
2023-03-02,17.72,17.79,18.28,17.67,92712,166165627.0,3.41,-0.67,-0.12,5.96,2803469100.8399997
2023-03-03,17.83,17.9,18.15,17.57,62166,111477114.0,3.26,0.62,0.11,3.99,2820803648.3999996
2023-03-06,17.95,17.9,18.68,17.69,66699,120185711.0,5.53,0.0,0.0,4.28,2820803648.3999996
2023-03-07,17.67,17.8,18.0,17.15,70232,123457472.0,4.75,-0.56,-0.1,4.51,2805044968.8
2023-03-08,17.75,17.93,17.98,17.63,41416,73866028.0,1.97,0.73,0.13,2.66,2825531252.2799997
2023-03-09,18.05,18.08,18.11,17.67,43350,77654456.0,2.45,0.84,0.15,2.78,2849169271.68
2023-03-10,18.08,18.15,18.35,17.9,47744,86615060.0,2.49,0.39,0.07,3.07,2860200347.3999996
2023-03-13,18.25,18.19,18.6,17.9,48514,88336226.0,3.86,0.22,0.04,3.12,2866503819.2400002
2023-03-14,18.05,17.88,18.19,17.79,33179,59514243.0,2.2,-1.7,-0.31,2.13,2817651912.48
2023-03-15,18.03,17.81,18.04,17.72,26325,47037118.0,1.79,-0.39,-0.07,1.69,2806620836.7599998
2023-03-16,17.77,17.43,17.93,17.35,26595,46681551.0,3.26,-2.13,-0.38,1.71,2746737854.2799997
2023-03-17,17.5,17.81,18.05,17.18,32402,57430899.0,4.99,2.18,0.38,2.08,2806620836.7599998
2023-03-20,17.99,17.37,17.99,17.29,30005,52487365.0,3.93,-2.47,-0.44,1.93,2737282646.52
2023-03-21,17.35,17.7,17.93,17.08,34976,61154402.0,4.89,1.9,0.33,2.25,2789286289.2
2023-03-22,17.76,18.32,18.36,17.62,57722,104803661.0,4.18,3.5,0.62,3.71,2886990102.7200003
2023-03-23,18.24,18.1,18.45,17.64,49568,89126452.0,4.42,-1.2,-0.22,3.18,2852321007.6000004
2023-03-24,18.2,18.18,18.25,17.75,36553,65896581.0,2.76,0.44,0.08,2.35,2864927951.2799997
2023-03-27,18.13,18.83,18.97,18.0,77487,144740495.0,5.34,3.58,0.65,4.98,2967359368.68
2023-03-28,18.7,18.6,19.19,18.36,52068,97318258.0,4.41,-1.22,-0.23,3.34,2931114405.6000004
2023-03-29,19.13,18.3,19.35,18.0,71539,132047751.0,7.26,-1.61,-0.3,4.6,2883838366.8
2023-03-30,18.3,17.62,18.3,17.6,41446,73985206.0,3.83,-3.72,-0.68,2.66,2776679345.52
2023-03-31,17.61,19.38,19.38,17.39,88128,164458247.0,11.29,9.99,1.76,5.66,3054032106.48
2023-04-03,19.5,20.01,20.87,19.15,185525,367729610.0,8.88,3.25,0.63,11.92,3153311787.96
2023-04-04,19.78,19.89,20.04,19.35,94117,185378066.0,3.45,-0.6,-0.12,6.05,3134401372.44
2023-04-06,19.6,20.5,20.71,19.45,109091,219104202.0,6.33,3.07,0.61,7.01,3230529318.0
2023-04-07,20.04,20.27,20.33,19.72,66405,132956478.0,2.98,-1.12,-0.23,4.27,3194284354.92
2023-04-10,20.18,19.17,20.18,18.88,76485,148025053.0,6.41,-5.43,-1.1,4.91,3020938879.32
2023-04-11,19.17,18.81,19.18,18.57,39811,74898265.0,3.18,-1.88,-0.36,2.56,2964207632.7599998
2023-04-12,18.81,19.14,19.18,18.64,44716,84831087.0,2.87,1.75,0.33,2.87,3016211275.44
2023-04-13,19.14,18.36,19.14,18.21,46290,86066703.0,4.86,-4.08,-0.78,2.97,2893293574.56
2023-04-14,18.3,18.56,18.78,18.21,35515,65868411.0,3.1,1.09,0.2,2.28,2924810933.7599998
2023-04-17,18.47,19.45,19.71,18.47,86571,167421366.0,6.68,4.8,0.89,5.56,3065063182.2
2023-04-18,19.11,21.4,21.4,19.11,101776,210206440.0,11.77,10.03,1.95,6.54,3372357434.3999996
2023-04-19,22.01,23.54,23.54,22.0,270192,618702181.0,7.2,10.0,2.14,17.36,3709593177.8399997
2023-04-20,24.02,24.19,25.35,23.61,231348,562106061.0,7.39,2.76,0.65,14.86,3812024595.2400002
2023-04-21,23.7,23.1,24.17,22.78,141532,332273260.0,5.75,-4.51,-1.09,9.09,3640254987.6000004
2023-04-24,22.83,24.38,25.18,22.83,188063,450126117.0,10.17,5.54,1.28,12.08,3841966086.48
2023-04-25,24.0,26.82,26.82,23.88,215073,564592526.0,12.06,10.01,2.44,13.81,4226477868.7200003
2023-04-26,28.1,29.5,29.5,28.1,199508,580172495.0,5.22,9.99,2.68,12.81,4648810482.0
2023-04-27,28.81,27.22,29.43,26.55,220511,615760800.0,9.76,-7.73,-2.28,14.16,4289512587.12
2023-04-28,27.0,29.94,29.94,26.96,117616,339971233.0,10.95,9.99,2.72,7.55,4718148672.24
2023-05-04,30.95,31.82,32.25,29.25,167930,524789531.0,10.02,6.28,1.88,10.79,5014411848.72
2023-05-05,31.82,32.0,33.8,30.2,154672,498897088.0,11.31,0.57,0.18,9.93,5042777472.0
2023-05-08,32.36,34.82,35.2,32.2,169916,572255490.0,9.38,8.81,2.82,10.91,5487172236.72
2023-05-09,33.63,34.59,35.16,33.06,131980,453886231.0,6.03,-0.66,-0.23,8.48,5450927273.64
2023-05-10,33.4,34.31,35.11,32.66,98181,331918898.0,7.08,-0.81,-0.28,6.31,5406802970.76
2023-05-11,34.69,34.2,34.75,32.75,77368,262103800.0,5.83,-0.32,-0.11,4.97,5389468423.200001
2023-05-12,34.0,35.1,36.16,33.8,70567,247720478.0,6.9,2.63,0.9,4.53,5531296539.6
2023-05-15,36.12,35.08,36.16,33.34,90166,313808667.0,8.03,-0.06,-0.02,5.79,5528144803.679999
2023-05-16,35.62,34.0,35.95,32.23,90767,307404029.0,10.6,-3.08,-1.08,5.83,5357951064.0
2023-05-17,34.09,33.39,34.83,32.76,61398,206413358.0,6.09,-1.79,-0.61,3.94,5261823118.440001
2023-05-18,33.35,35.39,35.76,32.51,76937,265054940.0,9.73,5.99,2.0,4.94,5576996710.440001
2023-05-19,35.39,38.93,38.93,35.02,153467,584259658.0,11.05,10.0,3.54,9.86,6134853968.28
2023-05-22,39.7,38.88,41.25,36.4,170003,662977686.0,12.46,-0.13,-0.05,10.92,6126974628.4800005
2023-05-23,37.87,34.99,37.87,34.99,84440,299608046.0,7.41,-10.01,-3.89,5.42,5513961992.04
2023-05-24,32.51,31.49,32.64,31.49,111603,353960853.0,3.29,-10.0,-3.5,7.17,4962408206.04
2023-05-25,31.49,29.19,31.49,28.4,157305,462269572.0,9.81,-7.3,-2.3,10.1,4599958575.24
2023-05-26,29.1,32.11,32.11,28.48,154869,477188225.0,12.44,10.0,2.92,9.95,5060112019.559999
2023-05-29,31.3,31.05,32.96,30.8,133359,420442672.0,6.73,-3.3,-1.06,8.52,4893070015.8
2023-05-30,30.49,29.86,30.97,29.2,136802,411615608.0,5.7,-3.83,-1.19,8.74,4705541728.559999
2023-05-31,30.0,30.05,30.21,28.88,104121,307389433.0,4.45,0.64,0.19,6.65,4735483219.8
2023-06-01,30.08,31.79,32.51,29.75,123495,386199853.0,9.18,5.79,1.74,7.89,5009684244.84
2023-06-02,32.0,31.35,33.12,30.82,83068,261596115.0,7.23,-1.38,-0.44,5.3,4940346054.6
2023-06-05,31.96,34.49,34.49,31.53,106284,352926552.0,9.44,10.02,3.14,6.79,5435168594.04
2023-06-06,34.83,34.24,36.62,33.82,184763,645700948.0,8.12,-0.72,-0.25,11.8,5395771895.04
2023-06-07,34.0,34.35,36.49,33.86,152539,530687871.0,7.68,0.32,0.11,9.74,5413106442.6
2023-06-08,33.5,32.91,34.36,32.5,109458,363738203.0,5.41,-4.19,-1.44,6.99,5186181456.36
2023-06-09,33.22,34.29,36.2,32.81,194072,671276330.0,10.3,4.19,1.38,12.39,5403651234.84
2023-06-12,35.6,34.3,36.0,33.14,166449,574288339.0,8.34,0.03,0.01,10.63,5405227102.799999
2023-06-13,34.13,35.8,37.67,33.63,184296,658301229.0,11.78,4.37,1.5,11.77,5641607296.799999
2023-06-14,38.75,39.38,39.38,37.8,117839,460466251.0,4.41,10.0,3.58,7.52,6205768026.4800005
2023-06-15,43.32,43.32,43.32,41.8,425742,1838631443.0,3.86,10.01,3.94,27.19,6826660002.72
2023-06-16,45.0,45.89,47.65,42.66,471159,2168813860.0,11.52,5.93,2.57,30.09,7231658068.440001
2023-06-19,47.78,41.3,48.01,41.3,418237,1825270212.0,14.62,-10.0,-4.59,26.71,6508334674.799999
2023-06-20,39.3,38.8,41.34,37.17,440764,1701461456.0,10.1,-6.05,-2.5,28.14,6114367684.799999
2023-06-21,40.01,38.92,41.29,38.87,288874,1160053542.0,6.24,0.31,0.12,18.45,6133278100.320001
2023-06-26,36.98,35.03,37.0,35.03,141121,499015047.0,5.06,-9.99,-3.89,9.01,5520265463.88
2023-06-27,32.79,31.56,33.0,31.53,234994,750097856.0,4.2,-9.91,-3.47,15.01,4973439281.76
2023-06-28,30.99,29.58,31.0,28.88,235023,700097865.0,6.72,-6.27,-1.98,15.01,4661417425.679999
2023-06-29,29.68,29.42,29.89,28.82,157202,461636155.0,3.62,-0.54,-0.16,10.04,4636203538.320001
2023-06-30,29.19,29.28,29.85,28.88,147799,434079553.0,3.3,-0.48,-0.14,9.44,4614141386.88
2023-07-03,29.28,30.75,31.15,29.18,252322,766682814.0,6.73,5.02,1.47,16.11,4845793977.0
2023-07-04,31.16,31.94,33.12,31.0,226232,722095441.0,6.89,3.87,1.19,14.45,5033322264.24
2023-07-05,31.94,30.52,32.0,30.5,129262,400716596.0,4.7,-4.45,-1.42,8.25,4809549013.92
2023-07-06,30.37,30.16,31.88,29.9,153491,471099532.0,6.49,-1.18,-0.36,9.8,4752817767.36
2023-07-07,31.13,30.72,31.5,30.07,142844,439189303.0,4.74,1.86,0.56,9.12,4841066373.12
2023-07-10,30.42,29.25,30.42,29.02,106351,312749859.0,4.56,-4.79,-1.47,6.79,4609413783.0
2023-07-11,29.13,28.3,29.64,28.3,119246,343503072.0,4.58,-3.25,-0.95,7.61,4459706326.8
2023-07-12,27.72,26.4,27.99,26.23,174731,467947352.0,6.22,-6.71,-1.9,11.16,4160291414.3999996
2023-07-13,26.29,27.4,27.68,25.81,143189,382917082.0,7.08,3.79,1.0,9.14,4317878210.4
2023-07-14,27.4,27.14,27.92,27.02,91013,249981235.0,3.28,-0.95,-0.26,5.81,4276905643.44
2023-07-17,27.4,26.53,27.49,26.32,75477,201087250.0,4.31,-2.25,-0.61,4.82,4180777697.88
2023-07-18,26.63,26.18,26.88,26.06,54419,143427352.0,3.09,-1.32,-0.35,3.47,4125622319.2799997
2023-07-19,26.53,26.47,27.16,26.28,82263,219034799.0,3.36,1.11,0.29,5.25,4171322490.12
2023-07-20,26.37,26.24,26.75,26.0,55975,147088962.0,2.83,-0.87,-0.23,3.57,4135077527.04
2023-07-21,26.05,26.42,26.73,25.92,73761,195101788.0,3.09,0.69,0.18,4.71,4163443150.32
2023-07-24,27.28,28.13,29.06,26.4,265318,731642769.0,10.07,6.47,1.71,16.94,4432916571.48
2023-07-25,27.5,27.37,28.12,26.96,186000,508893437.0,4.12,-2.7,-0.76,11.88,4313150606.52
2023-07-26,27.11,25.88,27.25,25.69,133030,347835246.0,5.7,-5.44,-1.49,8.49,4078346280.48
2023-07-27,25.51,24.73,25.63,24.4,134282,334685964.0,4.75,-4.44,-1.15,8.57,3897121465.08
2023-07-28,24.38,24.5,25.04,24.0,74849,183607023.0,4.21,-0.93,-0.23,4.78,3860876502.0
2023-07-31,24.36,24.44,25.02,24.16,61607,151458017.0,3.51,-0.24,-0.06,3.93,3851421294.2400002
2023-08-01,24.61,24.28,24.78,24.07,54668,133026281.0,2.91,-0.65,-0.16,3.49,3826207406.88
2023-08-02,24.2,24.21,24.43,24.0,53544,129524595.0,1.77,-0.29,-0.07,3.42,3815176331.1600003
2023-08-03,24.21,23.83,24.38,23.62,66752,159829548.0,3.14,-1.57,-0.38,4.26,3755293348.68
2023-08-04,23.88,24.44,24.47,23.88,89305,216637417.0,2.48,2.56,0.61,5.7,3851421294.2400002
2023-08-07,24.6,24.5,24.88,24.35,63073,155113590.0,2.17,0.25,0.06,4.03,3860876502.0
2023-08-08,24.4,24.67,24.95,24.2,59750,147544573.0,3.06,0.69,0.17,3.82,3887666257.32
2023-08-09,24.53,23.85,24.58,23.84,62387,150431295.0,3.0,-3.32,-0.82,3.98,3758445084.6000004
2023-08-10,23.92,23.9,24.22,23.78,35650,85513533.0,1.84,0.21,0.05,2.28,3766324424.3999996
2023-08-11,23.78,23.64,24.26,23.64,47535,113968826.0,2.59,-1.09,-0.26,3.04,3725351857.44
2023-08-14,23.2,24.17,24.18,23.03,50621,120781407.0,4.86,2.24,0.53,3.23,3808872859.32
2023-08-15,24.15,23.2,24.35,22.9,77007,180945253.0,6.0,-4.01,-0.97,4.92,3656013667.2
2023-08-16,22.9,22.53,23.13,22.48,65431,148676213.0,2.8,-2.89,-0.67,4.18,3550430513.88
2023-08-17,22.0,23.15,23.26,22.0,60888,139726419.0,5.59,2.75,0.62,3.89,3648134327.3999996
2023-08-18,23.22,22.21,23.28,22.21,48577,110012975.0,4.62,-4.06,-0.94,3.1,3500002739.1600003
2023-08-21,22.33,22.44,22.92,22.22,41325,93397426.0,3.15,1.04,0.23,2.64,3536247702.2400002
2023-08-22,22.7,23.15,23.15,22.23,61006,138732642.0,4.1,3.16,0.71,3.9,3648134327.3999996
2023-08-23,22.88,22.04,23.0,21.9,62753,140049519.0,4.75,-4.79,-1.11,4.01,3473212983.8399997
2023-08-24,22.0,22.37,22.64,21.99,52331,116979518.0,2.95,1.5,0.33,3.34,3525216626.52
2023-08-25,22.01,21.35,22.25,21.29,52097,112743596.0,4.29,-4.56,-1.02,3.33,3364478094.6000004
2023-08-28,22.36,21.28,22.36,21.23,54264,117376908.0,5.29,-0.33,-0.07,3.46,3353447018.88
2023-08-29,21.23,22.35,22.5,21.11,77672,171466612.0,6.53,5.03,1.07,4.96,3522064890.6000004
2023-08-30,22.65,23.37,24.13,22.4,143741,336790094.0,7.74,4.56,1.02,9.18,3682803422.52
2023-08-31,23.45,25.71,25.71,23.03,215970,537514597.0,11.47,10.01,2.34,13.79,4051556525.1600003
2023-09-01,25.71,26.14,27.38,24.75,364778,962777583.0,10.23,1.67,0.43,23.29,4119318847.44
2023-09-04,26.14,26.52,27.14,25.81,204964,541318373.0,5.09,1.45,0.38,13.09,4179201829.92
2023-09-05,26.35,25.91,26.57,25.66,130278,338780496.0,3.43,-2.3,-0.61,8.32,4083073884.36
2023-09-06,26.0,25.36,26.01,25.28,87895,224466505.0,2.82,-2.12,-0.55,5.61,3996401146.56
2023-09-07,25.62,25.44,26.7,24.81,139279,358689602.0,7.45,0.32,0.08,8.89,4009008090.2400002
2023-09-08,25.72,25.59,26.12,24.89,112046,286695300.0,4.83,0.59,0.15,7.15,4032646109.64
2023-09-11,25.8,26.1,26.66,25.4,125549,326915254.0,4.92,1.99,0.51,8.02,4113015375.6000004
2023-09-12,26.04,25.63,26.4,25.59,87966,227303505.0,3.1,-1.8,-0.47,5.62,4038949581.48
2023-09-13,25.77,25.08,26.11,24.88,78545,198351995.0,4.8,-2.15,-0.55,5.02,3952276843.68
2023-09-14,24.93,26.42,27.02,24.93,164417,426019388.0,8.33,5.34,1.34,10.5,4163443150.32
2023-09-15,26.92,28.1,28.78,26.42,248247,683467033.0,8.93,6.36,1.68,15.85,4428188967.6
2023-09-18,27.89,28.65,30.46,27.1,202340,586702354.0,11.96,1.96,0.55,12.92,4514861705.4
2023-09-19,28.92,27.25,28.92,26.66,124743,342650007.0,7.89,-4.89,-1.4,7.97,4294240191.0
2023-09-20,27.6,28.41,29.39,27.4,151608,431534769.0,7.3,4.26,1.16,9.68,4477040874.36
2023-09-21,28.36,28.03,29.26,27.65,118916,336842707.0,5.67,-1.34,-0.38,7.59,4417157891.88
2023-09-22,28.0,28.83,29.22,27.4,120760,343093393.0,6.49,2.85,0.8,7.71,4543227328.679999
2023-09-25,29.2,30.0,30.17,28.45,150153,440796432.0,5.97,4.06,1.17,9.59,4727603880.0
2023-09-26,29.5,28.86,31.48,28.68,158186,474301596.0,9.33,-3.8,-1.14,10.1,4547954932.559999
2023-09-27,29.1,28.89,29.77,28.11,106075,308812860.0,5.75,0.1,0.03,6.77,4552682536.440001
2023-09-28,29.1,29.9,30.56,28.0,142206,416081465.0,8.86,3.5,1.01,9.08,4711845200.4
2023-10-09,29.89,32.29,32.89,29.64,209307,666299584.0,10.87,7.99,2.39,13.37,5088477642.84
2023-10-10,32.29,35.52,35.52,32.16,233920,793756072.0,10.41,10.0,3.23,14.94,5597482993.92
2023-10-11,35.8,36.99,38.98,34.44,253370,918597287.0,12.78,4.14,1.47,16.18,5829135584.04
2023-10-12,36.25,36.8,37.73,36.02,144977,533960875.0,4.62,-0.51,-0.19,9.26,5799194092.799999
2023-10-13,36.6,36.45,37.05,35.33,153884,555522888.0,4.67,-0.95,-0.35,9.83,5744038714.200001
2023-10-16,35.86,35.51,37.34,35.3,118868,431032030.0,5.6,-2.58,-0.94,7.59,5595907125.96
2023-10-17,35.87,37.01,37.8,35.38,165766,606860064.0,6.81,4.22,1.5,10.58,5832287319.96
2023-10-18,36.77,37.18,37.86,35.14,135749,494453439.0,7.35,0.46,0.17,8.67,5859077075.28
2023-10-19,37.17,37.15,38.0,36.75,139545,521818959.0,3.36,-0.08,-0.03,8.91,5854349471.4
2023-10-20,37.0,33.47,37.0,33.44,126266,431506451.0,9.58,-9.91,-3.68,8.06,5274430062.12
2023-10-23,32.84,30.12,33.94,30.12,161009,508995514.0,11.41,-10.01,-3.35,10.28,4746514295.52
2023-10-24,30.6,32.84,33.13,30.4,213856,695741511.0,9.06,9.03,2.72,13.66,5175150380.64
2023-10-25,33.13,35.16,36.05,31.52,214891,732532942.0,13.79,7.06,2.32,13.72,5540751747.36
2023-10-26,35.0,34.61,36.0,33.52,145109,506241252.0,7.05,-1.56,-0.55,9.27,5454079009.559999
2023-10-27,34.4,34.61,35.32,33.8,107611,371930475.0,4.39,0.0,0.0,6.87,5454079009.559999
2023-10-30,33.89,33.18,34.08,32.45,101474,339409237.0,4.71,-4.13,-1.43,6.48,5228729891.28
2023-10-31,33.77,32.59,34.34,32.52,79516,264359190.0,5.49,-1.78,-0.59,5.08,5135753681.64
2023-11-01,32.96,35.85,35.85,32.66,172670,611403953.0,9.79,10.0,3.26,11.03,5649486636.6
2023-11-02,35.84,34.4,35.84,33.99,178818,621768159.0,5.16,-4.04,-1.45,11.42,5420985782.4
2023-11-03,34.7,36.29,36.6,34.31,158650,564670661.0,6.66,5.49,1.89,10.13,5718824826.84
2023-11-06,36.3,38.55,39.36,35.91,195345,734557285.0,9.51,6.23,2.26,12.47,6074970985.799999
2023-11-07,38.28,40.7,41.23,38.0,190645,762254916.0,8.38,5.58,2.15,12.17,6413782597.200001
2023-11-08,40.83,39.39,40.83,38.9,127786,506407753.0,4.74,-3.22,-1.31,8.16,6207343894.440001
2023-11-09,39.03,39.15,40.1,38.43,89202,349413669.0,4.24,-0.61,-0.24,5.7,6169523063.4
2023-11-10,39.16,38.39,39.59,37.83,76485,295548109.0,4.5,-1.94,-0.76,4.88,6049757098.440001
2023-11-13,38.38,38.07,38.66,37.7,65646,250074874.0,2.5,-0.83,-0.32,4.19,5999329323.72
2023-11-14,38.28,39.05,39.62,37.67,111909,432215801.0,5.12,2.57,0.98,7.15,6153764383.799999
2023-11-15,39.5,37.55,39.88,37.3,123584,475929274.0,6.61,-3.84,-1.5,7.89,5917384189.799999
2023-11-16,37.0,37.36,38.28,36.8,62431,234077028.0,3.94,-0.51,-0.19,3.99,5887442698.559999
2023-11-17,37.29,37.2,37.77,36.49,61830,229073399.0,3.43,-0.43,-0.16,3.95,5862228811.200001
2023-11-20,37.14,38.67,39.51,37.14,84233,322198221.0,6.37,3.95,1.47,5.38,6093881401.320001
2023-11-21,38.6,37.59,38.8,37.3,62319,236616447.0,3.88,-2.79,-1.08,3.98,5923687661.64
2023-11-22,38.0,39.21,41.0,37.7,178957,704969683.0,8.78,4.31,1.62,11.43,6178978271.16
2023-11-23,38.98,37.8,38.98,36.28,77342,289743665.0,6.89,-3.6,-1.41,4.94,5956780888.799999
2023-11-24,37.81,34.88,37.94,34.02,114538,401222482.0,10.37,-7.72,-2.92,7.31,5496627444.4800005
2023-11-27,34.9,33.58,35.73,33.23,76449,259821318.0,7.17,-3.73,-1.3,4.88,5291764609.679999
2023-11-28,33.65,33.3,34.15,32.9,50279,167767750.0,3.72,-0.83,-0.28,3.21,5247640306.799999
2023-11-29,33.4,33.79,34.5,33.4,53103,180719285.0,3.3,1.47,0.49,3.39,5324857836.84
2023-11-30,33.77,33.74,33.82,32.34,61397,202645141.0,4.38,-0.15,-0.05,3.92,5316978497.04
2023-12-01,33.33,34.65,35.24,33.33,64805,222491497.0,5.66,2.7,0.91,4.14,5460382481.4
2023-12-04,34.99,37.5,38.12,34.99,160276,597997082.0,9.03,8.23,2.85,10.23,5909504850.0
2023-12-05,37.45,36.45,37.88,35.45,94046,343063108.0,6.48,-2.8,-1.05,6.01,5744038714.200001
2023-12-06,36.0,36.65,37.84,35.7,64548,236686939.0,5.87,0.55,0.2,4.12,5775556073.4
2023-12-07,36.98,37.82,39.18,36.3,89910,338899754.0,7.86,3.19,1.17,5.74,5959932624.72
2023-12-08,37.91,37.39,38.3,36.81,54024,202882005.0,3.94,-1.14,-0.43,3.45,5892170302.440001
2023-12-11,36.8,38.05,38.08,36.55,44343,166499832.0,4.09,1.77,0.66,2.83,5996177587.799999
2023-12-12,37.83,37.85,38.88,37.8,52227,199840594.0,2.84,-0.53,-0.2,3.33,5964660228.6
2023-12-13,37.88,37.34,38.16,36.9,36817,137928473.0,3.33,-1.35,-0.51,2.35,5884290962.64
2023-12-14,37.3,38.3,38.45,37.07,57357,217533324.0,3.7,2.57,0.96,3.66,6035574286.799999
2023-12-15,38.1,37.32,38.5,37.1,43275,162882400.0,3.66,-2.56,-0.98,2.76,5881139226.72
2023-12-18,37.47,35.83,37.69,35.69,45282,164851070.0,5.36,-3.99,-1.49,2.89,5646334900.679999
2023-12-19,35.55,36.09,36.51,35.13,27127,97900757.0,3.85,0.73,0.26,1.73,5687307467.64
2023-12-20,36.3,37.63,38.4,36.3,80134,301843641.0,5.82,4.27,1.54,5.12,5929991133.4800005
2023-12-21,37.7,37.95,38.5,36.87,67420,255474031.0,4.33,0.85,0.32,4.31,5980418908.200001
2023-12-22,38.02,37.93,39.9,37.45,133531,522070587.0,6.46,-0.05,-0.02,8.53,5977267172.28
2023-12-25,37.93,37.99,38.16,34.14,107570,391295090.0,10.6,0.16,0.06,6.87,5986722380.04
2023-12-26,37.99,36.4,38.2,35.86,63511,234234090.0,6.16,-4.19,-1.59,4.06,5736159374.4
2023-12-27,36.87,36.88,37.49,35.82,45132,165305508.0,4.59,1.32,0.48,2.88,5811801036.4800005
2023-12-28,36.4,35.48,36.75,35.0,55356,198608108.0,4.75,-3.8,-1.4,3.53,5591179522.08
2023-12-29,35.9,37.71,38.28,35.5,74340,276678691.0,7.84,6.29,2.23,4.75,5942598077.16
2024-01-02,37.63,37.9,39.68,37.6,74045,285472111.0,5.52,0.5,0.19,4.73,5972539568.4
2024-01-03,37.95,37.0,37.99,35.87,51407,189237246.0,5.59,-2.37,-0.9,3.28,5830711452.0
2024-01-04,37.0,36.5,37.0,36.0,24195,88059066.0,2.7,-1.35,-0.5,1.54,5751918054.0
2024-01-05,36.85,35.31,36.85,35.12,39494,140845719.0,4.74,-3.26,-1.19,2.52,5564389766.76
2024-01-08,35.31,34.71,35.66,34.55,19638,68579381.0,3.14,-1.7,-0.6,1.25,5469837689.16
2024-01-09,34.86,35.02,36.29,34.73,31053,110133897.0,4.49,0.89,0.31,1.98,5518689595.92
2024-01-10,34.9,34.68,35.51,33.66,36402,125893709.0,5.28,-0.97,-0.34,2.32,5465110085.28
2024-01-11,35.2,37.29,37.98,35.2,70875,259499258.0,8.02,7.53,2.61,4.53,5876411622.84
2024-01-12,37.27,35.72,37.29,35.7,37572,137033313.0,4.26,-4.21,-1.57,2.4,5629000353.12
2024-01-15,35.75,35.61,36.31,34.99,23264,82965665.0,3.7,-0.31,-0.11,1.49,5611665805.559999
2024-01-16,35.61,35.61,35.84,34.23,31902,111673580.0,4.52,0.0,0.0,2.04,5611665805.559999
2024-01-17,35.61,34.27,35.61,34.25,22089,76644538.0,3.82,-3.76,-1.34,1.41,5400499498.92
2024-01-18,33.5,34.7,35.38,32.0,46312,156297713.0,9.86,1.25,0.43,2.96,5468261821.200001
2024-01-19,34.42,33.39,34.7,33.16,30714,103774893.0,4.44,-3.78,-1.31,1.96,5261823118.440001
2024-01-22,33.88,30.3,33.88,30.05,50705,159694798.0,11.47,-9.25,-3.09,3.24,4774879918.8
2024-01-23,30.3,31.63,32.22,29.9,52730,164514241.0,7.66,4.39,1.33,3.37,4984470357.48
2024-01-24,31.64,31.23,32.39,29.92,47144,145901730.0,7.81,-1.26,-0.4,3.01,4921435639.08
2024-01-25,31.39,31.99,32.41,30.63,32181,102018610.0,5.7,2.43,0.76,2.05,5041201604.04
2024-01-26,32.0,32.36,33.17,31.61,38443,125123572.0,4.88,1.16,0.37,2.45,5099508718.559999
2024-01-29,32.34,30.84,32.34,30.03,36796,113392255.0,7.14,-4.7,-1.52,2.35,4859976788.64
2024-01-30,30.6,30.0,31.18,29.71,23846,72609013.0,4.77,-2.72,-0.84,1.52,4727603880.0
2024-01-31,30.0,28.63,30.11,28.0,35829,103114674.0,7.03,-4.57,-1.37,2.29,4511709969.48
2024-02-01,28.29,28.4,28.61,26.7,47271,130674323.0,6.67,-0.8,-0.23,3.02,4475465006.4
2024-02-02,28.26,27.15,29.0,25.57,42370,116211684.0,12.08,-4.4,-1.25,2.71,4278481511.3999996
2024-02-05,27.15,25.5,27.15,24.44,47799,121607308.0,9.98,-6.08,-1.65,3.05,4018463298.0
2024-02-06,25.25,26.58,27.62,24.0,53629,139353234.0,14.2,4.24,1.08,3.42,4188657037.68
2024-02-07,26.75,25.25,27.02,24.85,40473,104920667.0,8.16,-5.0,-1.33,2.58,3979066599.0
2024-02-08,25.18,27.66,27.78,25.01,51187,136123363.0,10.97,9.54,2.41,3.27,4358850777.36
2024-02-19,30.4,30.43,30.43,29.0,51177,154628966.0,5.17,10.01,2.77,3.27,4795366202.28
2024-02-20,30.84,32.31,33.47,30.43,101941,331008562.0,9.99,6.18,1.88,6.51,5091629378.76
2024-02-21,30.55,31.66,32.76,30.21,83835,267322853.0,7.89,-2.01,-0.65,5.35,4989197961.36
2024-02-22,32.49,34.4,34.83,32.29,83792,280468986.0,8.02,8.65,2.74,5.35,5420985782.4
2024-02-23,35.0,35.16,36.25,33.95,86098,300400966.0,6.69,2.21,0.76,5.5,5540751747.36
2024-02-26,35.13,35.16,36.41,34.5,81816,290776271.0,5.43,0.0,0.0,5.22,5540751747.36
2024-02-27,34.63,36.36,37.09,34.46,72069,257788582.0,7.48,3.41,1.2,4.6,5729855902.559999
2024-02-28,36.36,36.5,40.0,35.88,177093,679092102.0,11.33,0.39,0.14,11.31,5751918054.0
2024-02-29,37.55,38.65,39.0,36.51,149885,570961146.0,6.82,5.89,2.15,9.57,6090729665.4
2024-03-01,38.19,38.94,39.46,37.73,118251,457948304.0,4.48,0.75,0.29,7.55,6136429836.24
2024-03-04,38.62,38.33,39.03,37.2,86690,331770201.0,4.7,-1.57,-0.61,5.54,6040301890.679999
2024-03-05,38.45,37.37,39.15,36.8,95333,361889652.0,6.13,-2.5,-0.96,6.09,5889018566.5199995
2024-03-06,37.0,37.0,37.67,35.57,83842,306128962.0,5.62,-0.99,-0.37,5.35,5830711452.0
2024-03-07,37.24,35.16,37.78,35.11,83326,302191442.0,7.22,-4.97,-1.84,5.32,5540751747.36
2024-03-08,35.17,35.68,35.98,34.59,71368,253391394.0,3.95,1.48,0.52,4.56,5622696881.28
2024-03-11,35.19,35.61,35.97,34.5,54904,193848603.0,4.12,-0.2,-0.07,3.51,5611665805.559999
2024-03-12,35.5,34.75,35.79,34.31,70516,246343332.0,4.16,-2.42,-0.86,4.5,5476141161.0
2024-03-13,36.3,36.77,38.15,34.91,185125,673155811.0,9.32,5.81,2.02,11.82,5794466488.92
2024-03-14,35.5,35.85,37.51,35.2,120615,434900806.0,6.28,-2.5,-0.92,7.7,5649486636.6
2024-03-15,36.23,36.97,37.39,36.23,142358,525034227.0,3.24,3.12,1.12,9.09,5825983848.12
2024-03-18,37.01,36.61,37.55,35.45,121095,441148509.0,5.68,-0.97,-0.36,7.73,5769252601.559999
2024-03-19,36.21,38.03,38.04,36.03,172330,644422124.0,5.49,3.88,1.42,11.0,5993025851.88
2024-03-20,38.12,41.83,41.83,37.52,276737,1110312003.0,11.33,9.99,3.8,17.67,6591855676.679999
2024-03-21,43.0,39.5,44.88,39.0,396579,1677380032.0,14.06,-5.57,-2.33,25.32,6224678442.0
2024-03-22,39.5,38.33,39.73,36.05,311367,1190245224.0,9.32,-2.96,-1.17,19.88,6040301890.679999
2024-03-25,38.71,35.34,38.73,35.12,191286,706456109.0,9.42,-7.8,-2.99,12.21,5569117370.64
2024-03-26,34.8,32.9,35.29,32.3,184291,616446668.0,8.46,-6.9,-2.44,11.77,5184605588.4
2024-03-27,33.0,33.29,34.0,31.25,155377,509887969.0,8.36,1.19,0.39,9.92,5246064438.84
2024-03-28,32.5,33.63,34.57,32.3,125332,423112523.0,6.82,1.02,0.34,8.0,5299643949.4800005
2024-03-29,33.4,32.73,33.85,32.4,77856,257000685.0,4.31,-2.68,-0.9,4.97,5157815833.08
2024-04-01,32.98,33.2,33.61,32.31,73956,243398228.0,3.97,1.44,0.47,4.72,5231881627.200001
2024-04-02,33.09,33.33,33.8,32.75,69330,230488039.0,3.16,0.39,0.13,4.43,5252367910.679999
2024-04-03,33.0,31.74,33.45,31.63,73241,236736007.0,5.46,-4.77,-1.59,4.68,5001804905.04
2024-04-08,31.74,32.69,33.45,31.35,69117,225237140.0,6.62,2.99,0.95,4.41,5151512361.24
2024-04-09,32.11,32.04,32.87,31.71,50678,162589138.0,3.55,-1.99,-0.65,3.24,5049080943.84
2024-04-10,31.6,30.92,32.03,30.75,48900,152471435.0,4.0,-3.5,-1.12,3.12,4872583732.320001
2024-04-11,30.58,31.1,31.74,30.45,37331,116612590.0,4.17,0.58,0.18,2.38,4900949355.6
2024-04-12,31.13,31.46,32.45,31.11,62344,198244346.0,4.31,1.16,0.36,3.98,4957680602.16
2024-04-15,31.2,29.58,31.46,28.7,74752,222468771.0,8.77,-5.98,-1.88,4.77,4661417425.679999
2024-04-16,28.86,27.51,29.37,27.02,71786,200446470.0,7.94,-7.0,-2.07,4.58,4335212757.96
2024-04-17,27.94,29.1,29.25,27.94,54569,157261152.0,4.76,5.78,1.59,3.48,4585775763.6
2024-04-18,29.0,29.11,29.65,28.12,45086,130676470.0,5.26,0.03,0.01,2.88,4587351631.559999
2024-04-19,28.8,28.42,29.1,27.9,41157,117246253.0,4.12,-2.37,-0.69,2.63,4478616742.320001
2024-04-22,28.0,28.54,28.97,27.16,46089,130020136.0,6.37,0.42,0.12,2.94,4497527157.84
2024-04-23,28.8,28.67,29.08,28.4,31091,89310020.0,2.38,0.46,0.13,1.99,4518013441.320001
2024-04-24,28.64,29.37,29.5,28.64,38868,113602028.0,3.0,2.44,0.7,2.48,4628324198.52
2024-04-25,29.36,29.82,30.0,29.11,40559,120277932.0,3.03,1.53,0.45,2.59,4699238256.72
2024-04-26,29.88,31.27,31.71,29.83,62160,192635848.0,6.3,4.86,1.45,3.97,4927739110.92
2024-04-29,32.0,33.07,33.32,31.78,69618,227701896.0,4.92,5.76,1.8,4.45,5211395343.72
2024-04-30,33.63,32.55,33.74,32.29,57964,189667211.0,4.38,-1.57,-0.52,3.7,5129450209.799999
2024-05-06,33.09,32.0,33.3,31.86,70927,228489410.0,4.42,-1.69,-0.55,4.53,5042777472.0
2024-05-07,31.7,31.9,32.75,31.68,47807,153959038.0,3.34,-0.31,-0.1,3.05,5027018792.4
2024-05-08,31.85,30.97,31.85,30.8,43322,135093945.0,3.29,-2.92,-0.93,2.77,4880463072.12
2024-05-09,30.49,30.78,31.49,30.49,35861,111084914.0,3.23,-0.61,-0.19,2.29,4850521580.88
2024-05-10,30.79,30.72,31.25,30.26,33630,103258418.0,3.22,-0.19,-0.06,2.15,4841066373.12
2024-05-13,30.34,30.01,30.7,29.5,39631,118953794.0,3.91,-2.31,-0.71,2.53,4729179747.96
2024-05-14,30.07,30.5,30.6,29.99,26717,81046045.0,2.03,1.63,0.49,1.71,4806397278.0
2024-05-15,30.1,30.28,30.58,30.03,17336,52390555.0,1.8,-0.72,-0.22,1.11,4771728182.88
2024-05-16,30.47,30.35,31.0,30.27,39367,120775079.0,2.41,0.23,0.07,2.51,4782759258.6
2024-05-17,30.82,32.0,32.39,30.17,73430,230567433.0,7.31,5.44,1.65,4.69,5042777472.0
2024-05-20,32.11,31.92,32.4,31.21,38371,122216806.0,3.72,-0.25,-0.08,2.45,5030170528.320001
2024-05-21,31.5,30.83,31.92,30.5,49430,152837558.0,4.45,-3.41,-1.09,3.16,4858400920.679999
2024-05-22,30.66,30.77,30.98,30.33,24816,76044976.0,2.11,-0.19,-0.06,1.58,4848945712.92
2024-05-23,30.97,30.0,31.02,29.87,27172,82096437.0,3.74,-2.5,-0.77,1.74,4727603880.0
2024-05-24,29.88,30.0,30.46,29.47,28326,84693182.0,3.3,0.0,0.0,1.81,4727603880.0
2024-05-27,30.0,29.56,30.19,28.72,37439,109415712.0,4.9,-1.47,-0.44,2.39,4658265689.76
2024-05-28,29.82,28.79,29.84,28.68,33913,99374547.0,3.92,-2.6,-0.77,2.17,4536923856.84
2024-05-29,28.55,29.09,29.1,28.54,32948,94960402.0,1.95,1.04,0.3,2.1,4584199895.64
2024-05-30,29.08,27.89,29.13,27.69,57528,162898004.0,4.95,-4.13,-1.2,3.67,4395095740.440001
2024-05-31,28.0,28.77,28.85,27.91,42403,121040631.0,3.37,3.16,0.88,2.71,4533772120.92
2024-06-03,28.83,27.69,28.85,27.45,56608,157859381.0,4.87,-3.75,-1.08,3.61,4363578381.24
2024-06-04,27.69,27.02,27.7,26.77,46119,124965707.0,3.36,-2.42,-0.67,2.94,4257995227.92
2024-06-05,26.78,26.5,27.09,26.31,31041,82669789.0,2.89,-1.92,-0.52,1.98,4176050094.0
2024-06-06,26.5,26.58,26.88,25.2,65789,170949585.0,6.34,0.3,0.08,4.17,4188657037.68
2024-06-07,26.58,26.56,26.7,25.89,40388,106416161.0,3.05,-0.08,-0.02,2.56,4185505301.7599998
2024-06-11,26.22,25.85,26.5,25.45,38958,100948647.0,3.95,-2.67,-0.71,2.47,4073618676.6000004
2024-06-12,24.87,25.86,26.35,24.87,53004,137440226.0,5.73,0.04,0.01,3.36,4075194544.56
2024-06-13,25.86,26.38,27.36,25.82,46779,123894870.0,5.96,2.01,0.52,2.97,4157139678.48
2024-06-14,26.38,28.53,29.0,26.01,84542,232678163.0,11.33,8.15,2.15,5.36,4495951289.88
2024-06-17,28.0,27.51,28.41,27.5,48148,134023031.0,3.19,-3.58,-1.02,3.06,4335212757.96
2024-06-18,27.45,28.24,28.48,27.38,39836,112202462.0,4.0,2.65,0.73,2.53,4450251119.04
2024-06-19,28.13,27.74,28.35,27.58,31034,86424975.0,2.73,-1.77,-0.5,1.97,4371457721.04
2024-06-20,27.43,26.55,27.94,26.21,40431,108364228.0,6.24,-4.29,-1.19,2.57,4183929433.8
2024-06-21,26.51,26.16,26.67,25.82,30675,80326516.0,3.2,-1.47,-0.39,1.95,4122470583.36
2024-06-24,26.25,25.46,26.25,25.3,30866,79305855.0,3.63,-2.68,-0.7,1.96,4012159826.1600003
2024-06-25,24.85,24.7,25.55,24.53,34794,86836603.0,4.01,-2.99,-0.76,2.21,3892393861.2
2024-06-26,24.7,26.52,26.54,24.52,64207,165752655.0,8.18,7.37,1.82,4.07,4179201829.92
2024-06-27,25.97,25.81,26.24,25.1,63148,162422224.0,4.3,-2.68,-0.71,4.01,4067315204.7599998
2024-06-28,26.0,26.51,27.3,25.75,87665,235392215.0,6.01,2.71,0.7,5.56,4177625961.96
2024-07-01,26.78,28.73,29.16,26.6,141749,407144735.0,9.66,8.37,2.22,8.99,4527468649.08
2024-07-02,28.59,29.15,30.0,27.97,131762,382819775.0,7.07,1.46,0.42,8.36,4593655103.4
2024-07-03,28.99,28.65,30.1,28.65,76361,223620607.0,4.97,-1.72,-0.5,4.85,4514861705.4
2024-07-04,28.91,28.25,29.55,28.11,54111,155753382.0,5.03,-1.4,-0.4,3.43,4451826987.0
2024-07-05,28.25,29.71,29.97,28.17,106384,313457359.0,6.37,5.17,1.46,6.75,4681903709.16
2024-07-08,29.24,28.16,29.6,28.01,71549,204926071.0,5.35,-5.22,-1.55,4.54,4437644175.36
2024-07-09,28.5,28.5,28.62,27.7,68687,193935273.0,3.27,1.21,0.34,4.36,4491223686.0
2024-07-10,28.54,28.1,28.85,27.98,52144,147718291.0,3.05,-1.4,-0.4,3.31,4428188967.6
2024-07-11,28.38,28.71,29.04,28.19,66350,190070541.0,3.02,2.17,0.61,4.21,4524316913.16
2024-07-12,28.8,28.0,28.8,27.49,56821,158785331.0,4.56,-2.47,-0.71,3.61,4412430288.0
2024-07-15,28.21,27.95,29.3,27.48,102630,291413058.0,6.5,-0.18,-0.05,6.51,4404550948.2
2024-07-16,27.84,26.98,27.88,26.4,64981,174845616.0,5.3,-3.47,-0.97,4.12,4251691756.08
2024-07-17,26.75,27.46,27.7,26.66,56697,155615063.0,3.85,1.78,0.48,3.6,4327333418.16
2024-07-18,27.5,26.92,27.5,26.03,52357,139184623.0,5.35,-1.97,-0.54,3.32,4242236548.32
2024-07-19,26.73,27.8,27.86,26.5,56443,154264052.0,5.05,3.27,0.88,3.58,4380912928.8
2024-07-22,27.94,27.5,27.94,27.12,37535,102789835.0,2.95,-1.08,-0.3,2.38,4333636890.0
2024-07-23,27.3,26.8,27.85,26.8,35891,97682612.0,3.82,-2.55,-0.7,2.28,4223326132.8
2024-07-24,26.41,26.7,27.17,26.41,24563,65760379.0,2.84,-0.37,-0.1,1.56,4207567453.2
2024-07-25,26.62,26.59,26.88,26.13,29804,79019605.0,2.81,-0.41,-0.11,1.89,4190232905.64
2024-07-26,26.57,26.1,26.67,25.74,37155,97144046.0,3.5,-1.84,-0.49,2.36,4113015375.6000004
2024-07-29,25.5,26.63,26.83,25.49,41466,109002171.0,5.13,2.03,0.53,2.63,4196536377.48
2024-07-30,26.37,26.66,26.89,25.66,43143,113396924.0,4.62,0.11,0.03,2.74,4201263981.36
2024-07-31,26.55,26.96,27.27,26.16,46245,124620842.0,4.16,1.13,0.3,2.93,4248540020.1600003
2024-08-01,27.7,26.63,27.7,26.59,38275,103239978.0,4.12,-1.22,-0.33,2.43,4196536377.48
2024-08-02,26.58,26.35,27.07,26.27,30642,81555494.0,3.0,-1.05,-0.28,1.94,4152412074.6000004
2024-08-05,26.08,24.8,26.66,24.5,50833,129895900.0,8.2,-5.88,-1.55,3.23,3908152540.8
2024-08-06,25.07,24.73,25.28,24.3,41599,102484912.0,3.95,-0.28,-0.07,2.64,3897121465.08
2024-08-07,24.33,25.13,25.13,24.33,35088,87043148.0,3.23,1.62,0.4,2.23,3960156183.48
2024-08-08,24.85,25.74,26.11,24.54,49838,127133183.0,6.25,2.43,0.61,3.16,4056284129.04
2024-08-09,25.71,25.15,26.23,25.15,41298,105931514.0,4.2,-2.29,-0.59,2.62,3963307919.3999996
2024-08-12,25.16,24.8,25.37,24.27,33313,81907365.0,4.37,-1.39,-0.35,2.11,3908152540.8
2024-08-13,24.49,23.68,24.49,22.32,103379,238875546.0,8.75,-4.52,-1.12,6.56,3731655329.2799997
2024-08-14,23.69,23.43,24.11,23.2,48330,114328030.0,3.84,-1.06,-0.25,3.07,3692258630.2799997
2024-08-15,23.3,23.2,23.78,23.12,41063,96126907.0,2.82,-0.98,-0.23,2.61,3656013667.2
2024-08-16,23.03,23.21,23.39,22.81,36019,83242335.0,2.5,0.04,0.01,2.29,3657589535.1600003
2024-08-19,23.28,23.3,23.75,23.01,26218,61349021.0,3.19,0.39,0.09,1.66,3671772346.8
2024-08-20,23.3,23.0,23.58,22.55,34254,78304624.0,4.42,-1.29,-0.3,2.17,3624496308.0
2024-08-21,22.7,23.53,24.0,22.63,51497,120657709.0,5.96,2.3,0.53,3.27,3708017309.88
2024-08-22,22.9,23.0,23.37,22.57,43945,100685416.0,3.4,-2.25,-0.53,2.79,3624496308.0
2024-08-23,22.71,23.0,23.0,22.6,25187,57385027.0,1.74,0.0,0.0,1.6,3624496308.0
2024-08-26,23.06,22.8,23.22,22.67,23223,53175928.0,2.39,-0.87,-0.2,1.47,3592978948.8
2024-08-27,22.6,22.6,22.83,22.11,35866,80153796.0,3.16,-0.88,-0.2,2.28,3561461589.6000004
2024-08-28,22.78,22.8,23.43,22.52,52263,120385111.0,4.03,0.88,0.2,3.32,3592978948.8
2024-08-29,22.62,23.12,23.15,22.0,36991,84413728.0,5.04,1.4,0.32,2.35,3643406723.52
2024-08-30,22.9,24.05,24.38,22.83,53348,127264505.0,6.7,4.02,0.93,3.39,3789962443.8
2024-09-02,23.88,24.29,24.75,23.88,43040,104798307.0,3.62,1.0,0.24,2.73,3827783274.8399997
2024-09-03,24.18,25.98,26.2,24.06,84009,212833418.0,8.81,6.96,1.69,5.33,4094104960.08
2024-09-04,25.98,26.17,26.5,25.6,67100,174930155.0,3.46,0.73,0.19,4.26,4124046451.32
2024-09-05,26.17,26.28,27.05,26.03,69539,184330295.0,3.9,0.42,0.11,4.41,4141380998.88
2024-09-06,26.27,26.0,26.49,25.87,31674,82698580.0,2.36,-1.07,-0.28,2.01,4097256696.0
2024-09-09,25.9,25.65,26.12,25.31,45758,117210058.0,3.12,-1.35,-0.35,2.9,4042101317.3999996
2024-09-10,25.45,25.92,26.03,24.98,45165,115508446.0,4.09,1.05,0.27,2.87,4084649752.32
2024-09-11,26.1,25.89,26.2,25.5,23236,59968216.0,2.7,-0.12,-0.03,1.47,4079922148.44
2024-09-12,26.03,25.87,26.2,25.73,38627,100291178.0,1.82,-0.08,-0.02,2.45,4076770412.52
2024-09-13,25.8,25.47,25.98,25.47,29152,74868671.0,1.97,-1.55,-0.4,1.85,4013735694.12
2024-09-18,25.35,24.14,25.46,22.93,81152,192638419.0,9.93,-5.22,-1.33,5.15,3804145255.44
2024-09-19,24.34,24.16,24.48,23.89,44894,108472373.0,2.44,0.08,0.02,2.85,3807296991.36
2024-09-20,24.06,24.28,24.56,23.97,32133,77878258.0,2.44,0.5,0.12,2.04,3826207406.88
2024-09-23,23.9,24.2,24.37,23.9,25781,62282177.0,1.94,-0.33,-0.08,1.64,3813600463.2
2024-09-24,24.4,25.22,25.41,23.82,49513,122642548.0,6.57,4.21,1.02,3.14,3974338995.12
2024-09-25,25.31,25.7,26.41,25.3,51170,131950172.0,4.4,1.9,0.48,3.25,4049980657.2
2024-09-26,25.6,26.22,26.25,25.18,47931,124355254.0,4.16,2.02,0.52,3.04,4131925791.12
2024-09-27,26.53,27.3,27.83,26.48,46846,126759398.0,5.15,4.12,1.08,2.97,4302119530.8
2024-09-30,27.59,29.4,29.5,26.73,151937,432452496.0,10.15,7.69,2.1,9.64,4633051802.4
2024-10-08,32.3,30.5,32.3,28.51,172194,522979644.0,12.89,3.74,1.1,10.93,4806397278.0
2024-10-09,29.62,27.78,29.62,27.45,108307,307987544.0,7.11,-8.92,-2.72,6.87,4377761192.88
2024-10-10,27.55,29.63,30.2,27.55,122124,357128574.0,9.54,6.66,1.85,7.75,4669296765.48
2024-10-11,29.65,29.15,29.9,28.33,65232,190035913.0,5.3,-1.62,-0.48,4.14,4593655103.4
2024-10-14,29.0,30.5,30.66,28.7,88784,265541103.0,6.72,4.63,1.35,5.63,4806397278.0
2024-10-15,30.6,29.95,30.84,29.95,89732,272933093.0,2.92,-1.8,-0.55,5.69,4719724540.2
2024-10-16,29.7,30.31,30.49,28.69,73337,217489824.0,6.01,1.2,0.36,4.65,4776455786.76
2024-10-17,30.29,30.32,31.22,29.88,86330,262986231.0,4.42,0.03,0.01,5.48,4778031654.72
2024-10-18,29.9,31.05,31.27,29.5,106226,325105627.0,5.84,2.41,0.73,6.74,4893070015.8
2024-10-21,31.3,33.0,33.79,31.03,164392,535757597.0,8.89,6.28,1.95,10.43,5200364268.0
2024-10-22,33.79,33.0,34.87,32.41,174062,583907415.0,7.45,0.0,0.0,11.05,5200364268.0
2024-10-23,33.3,33.9,35.2,32.62,153467,523606075.0,7.82,2.73,0.9,9.74,5342192384.4
2024-10-24,33.93,34.54,35.48,33.62,116048,404157870.0,5.49,1.89,0.64,7.36,5443047933.84
2024-10-25,35.11,35.22,35.5,34.56,106359,372256437.0,2.72,1.97,0.68,6.75,5550206955.12
2024-10-28,35.09,35.07,35.5,33.66,102496,355989402.0,5.22,-0.43,-0.15,6.5,5526568935.72
2024-10-29,34.6,34.39,35.89,34.39,84190,294213717.0,4.28,-1.94,-0.68,5.34,5419409914.440001
2024-10-30,33.91,34.45,34.72,33.71,63229,215912960.0,2.94,0.17,0.06,4.01,5428865122.200001
2024-10-31,34.42,34.14,34.96,33.9,61071,210071910.0,3.08,-0.9,-0.31,3.88,5380013215.440001
2024-11-01,33.97,32.72,34.49,32.47,83765,277920028.0,5.92,-4.16,-1.42,5.32,5156239965.12
2024-11-04,32.75,33.48,33.52,32.57,47938,158505847.0,2.9,2.32,0.76,3.04,5276005930.08
2024-11-05,33.68,33.76,34.05,33.13,49040,165188594.0,2.75,0.84,0.28,3.11,5320130232.96
2024-11-06,33.7,34.6,35.3,33.7,79989,277302450.0,4.74,2.49,0.84,5.08,5452503141.6
2024-11-07,34.61,35.29,35.39,34.1,59603,207251100.0,3.73,1.99,0.69,3.78,5561238030.84
2024-11-08,35.99,36.23,37.28,35.61,88183,321113718.0,4.73,2.66,0.94,5.6,5709369619.08
2024-11-11,36.68,38.88,39.85,36.58,141948,542530691.0,9.03,7.31,2.65,9.01,6126974628.4800005
2024-11-12,39.0,37.0,39.99,36.68,139857,531695295.0,8.51,-4.84,-1.88,8.87,5830711452.0
2024-11-13,37.03,37.2,37.49,35.81,64409,236379692.0,4.54,0.54,0.2,4.09,5862228811.200001
2024-11-14,36.94,35.87,37.15,35.6,43328,157239044.0,4.17,-3.58,-1.33,2.75,5652638372.5199995
2024-11-15,35.87,35.86,36.91,35.32,62454,226244597.0,4.43,-0.03,-0.01,3.96,5651062504.559999
2024-11-18,35.8,33.6,36.1,32.93,74610,254500148.0,8.84,-6.3,-2.26,4.73,5294916345.6
2024-11-19,33.3,34.46,34.57,33.3,51139,174296584.0,3.78,2.56,0.86,3.25,5430440990.16
2024-11-20,34.6,35.27,35.68,34.18,49602,174581071.0,4.35,2.35,0.81,3.15,5558086294.92
2024-11-21,35.24,34.45,35.52,33.71,55838,192976002.0,5.13,-2.32,-0.82,3.54,5428865122.200001
2024-11-22,34.5,33.99,35.3,33.75,49883,172611473.0,4.5,-1.34,-0.46,3.17,5356375196.04
2024-11-25,34.03,34.1,34.9,33.37,47085,160045081.0,4.5,0.32,0.11,2.99,5373709743.6
2024-11-26,34.52,35.72,36.25,34.2,85837,302293301.0,6.01,4.75,1.62,5.45,5629000353.12
2024-11-27,35.72,37.68,37.87,35.45,101967,374015401.0,6.77,5.49,1.96,6.47,5937870473.28
2024-11-28,37.66,37.91,38.5,37.45,65060,247171089.0,2.79,0.61,0.23,4.13,5974115436.36
2024-11-29,38.2,38.38,38.98,37.85,67958,260538231.0,2.98,1.24,0.47,4.31,6048181230.4800005
2024-12-02,38.9,38.0,38.9,36.49,78938,297275046.0,6.28,-0.99,-0.38,5.01,5988298248.0
2024-12-03,37.9,37.38,38.2,37.1,77018,290451735.0,2.89,-1.63,-0.62,4.89,5890594434.4800005
2024-12-04,37.25,37.64,37.83,36.57,63931,237935715.0,3.37,0.7,0.26,4.06,5931567001.440001
2024-12-05,37.62,37.7,38.2,37.15,57953,218468410.0,2.79,0.16,0.06,3.68,5941022209.200001
2024-12-06,37.61,36.7,37.61,36.33,59755,220582309.0,3.4,-2.65,-1.0,3.79,5783435413.200001
2024-12-09,36.89,36.2,37.37,35.08,86884,314038904.0,6.24,-1.36,-0.5,5.51,5704642015.200001
2024-12-10,37.02,35.97,37.18,34.48,126314,452407731.0,7.46,-0.64,-0.23,8.02,5668397052.12
2024-12-11,35.97,36.67,37.5,35.25,84129,305206118.0,6.26,1.95,0.7,5.34,5778707809.320001
2024-12-12,36.68,36.45,36.98,35.46,70075,252964043.0,4.15,-0.6,-0.22,4.45,5744038714.200001
2024-12-13,35.89,36.58,37.15,35.62,74315,271472473.0,4.2,0.36,0.13,4.72,5764524997.679999
2024-12-16,36.58,37.02,37.54,36.02,77800,287749078.0,4.16,1.2,0.44,4.94,5833863187.92
2024-12-17,37.01,35.42,37.37,35.16,66740,240983986.0,5.97,-4.32,-1.6,4.24,5581724314.320001
2024-12-18,35.24,38.22,38.6,35.09,140934,529223084.0,9.91,7.91,2.8,8.94,6022967343.12
2024-12-19,38.2,39.0,39.05,37.83,99661,384852064.0,3.19,2.04,0.78,6.32,6145885044.0
2024-12-20,39.0,39.2,39.81,38.31,79634,310792872.0,3.85,0.51,0.2,5.05,6177402403.200001
2024-12-23,39.8,37.77,40.37,37.71,79225,308492052.0,6.79,-3.65,-1.43,5.03,5952053284.92
2024-12-24,37.82,39.72,40.28,37.82,94332,371683921.0,6.51,5.16,1.95,5.99,6259347537.12
2024-12-25,39.1,39.44,39.88,38.7,53583,210340271.0,2.97,-0.7,-0.28,3.4,6215223234.24
2024-12-26,39.5,39.22,39.59,37.8,74306,287887872.0,4.54,-0.56,-0.22,4.72,6180554139.12
2024-12-27,39.6,39.4,40.22,39.01,87165,345939480.0,3.09,0.46,0.18,5.53,6208919762.4
2024-12-30,39.38,38.46,39.4,38.07,47682,183387433.0,3.38,-2.39,-0.94,3.03,6060788174.16
2024-12-31,38.5,38.0,38.77,37.03,44118,167545480.0,4.52,-1.2,-0.46,2.8,5988298248.0
2025-01-02,39.58,36.7,39.71,35.88,48961,184097434.0,10.08,-3.42,-1.3,3.11,5783435413.200001
2025-01-03,36.41,35.8,37.01,34.88,55745,200922283.0,5.8,-2.45,-0.9,3.54,5641607296.799999
2025-01-06,36.02,38.88,39.0,36.02,120041,454032320.0,8.32,8.6,3.08,7.62,6126974628.4800005
2025-01-07,39.15,39.34,39.35,38.31,67007,260278542.0,2.67,1.18,0.46,4.25,6199464554.64
2025-01-08,39.54,41.85,41.88,39.33,152741,621726594.0,6.48,6.38,2.51,9.69,6595007412.6
2025-01-09,41.6,42.01,42.21,40.99,80659,336353261.0,2.92,0.38,0.16,5.12,6620221299.96
2025-01-10,42.5,41.05,43.53,41.04,96076,407691444.0,5.93,-2.29,-0.96,6.1,6468937975.799999
2025-01-13,40.15,42.26,42.5,39.88,71033,292137238.0,6.38,2.95,1.21,4.51,6659617998.96
2025-01-14,42.26,42.82,43.34,41.7,68034,290332258.0,3.88,1.33,0.56,4.32,6747866604.72
2025-01-15,43.4,38.54,43.63,38.54,149310,605784828.0,11.89,-10.0,-4.28,9.47,6073395117.84
2025-01-16,38.15,39.2,39.86,35.8,134744,511527045.0,10.53,1.71,0.66,8.55,6177402403.200001
2025-01-17,39.2,36.26,39.2,35.9,114582,430467114.0,8.42,-7.5,-2.94,7.27,5714097222.96
2025-01-20,36.05,38.26,39.4,36.02,111686,424134605.0,9.32,5.52,2.0,7.09,6029270814.96
2025-01-21,38.0,37.7,39.36,36.98,73747,281026543.0,6.22,-1.46,-0.56,4.68,5941022209.200001
2025-01-22,37.77,37.19,38.1,36.86,44991,168049922.0,3.29,-1.35,-0.51,2.85,5860652943.24
2025-01-23,37.5,36.14,38.2,36.14,62323,230266459.0,5.54,-2.82,-1.05,3.95,5695186807.440001
2025-01-24,36.2,36.26,36.66,35.61,60850,220195685.0,2.91,0.33,0.12,3.86,5714097222.96
2025-01-27,36.52,36.45,37.28,36.0,42713,155895119.0,3.53,0.52,0.19,2.71,5744038714.200001
2025-02-05,39.85,40.1,40.1,37.88,140658,550427239.0,6.09,10.01,3.65,8.93,6319230519.6
2025-02-06,41.26,40.63,43.51,40.11,245101,1018215338.0,8.48,1.32,0.53,15.55,6402751521.4800005
2025-02-07,40.43,41.0,41.82,39.95,188379,774123637.0,4.6,0.91,0.37,11.95,6461058636.0
2025-02-10,44.0,41.61,44.0,41.49,280252,1193127324.0,6.12,1.49,0.61,17.78,6557186581.559999
2025-02-11,41.65,40.0,41.86,39.54,165467,664279730.0,5.58,-3.87,-1.61,10.5,6303471840.0
2025-02-12,40.25,42.06,43.47,39.6,201361,837414271.0,9.68,5.15,2.06,12.78,6628100639.76
2025-02-13,43.0,43.43,43.82,41.7,230620,991317309.0,5.04,3.26,1.37,14.63,6843994550.28
2025-02-14,42.5,44.8,46.0,41.4,226149,989027892.0,10.59,3.15,1.37,14.35,7059888460.799999
2025-02-17,45.6,48.6,49.28,45.11,263239,1249084611.0,9.31,8.48,3.8,16.7,7658718285.6
2025-02-18,46.82,44.47,47.95,44.3,188251,867360427.0,7.51,-8.5,-4.13,11.95,7007884818.12
2025-02-19,44.6,46.1,46.68,44.6,118139,542638852.0,4.68,3.67,1.63,7.5,7264751295.6
2025-02-20,45.66,47.13,47.58,44.53,148790,688219614.0,6.62,2.23,1.03,9.44,7427065695.4800005
2025-02-21,47.4,49.66,51.8,46.65,189980,928383540.0,10.93,5.37,2.53,12.06,7825760289.36
2025-02-24,49.0,48.91,50.48,47.82,122389,599842520.0,5.36,-1.51,-0.75,7.77,7707570192.36
2025-02-25,50.0,49.7,51.8,49.03,193157,971099517.0,5.66,1.62,0.79,12.26,7832063761.200001
2025-02-26,48.25,49.18,49.97,47.0,148150,715554123.0,5.98,-1.05,-0.52,9.4,7750118627.28
2025-02-27,49.4,51.76,52.36,49.37,241387,1228026704.0,6.08,5.25,2.58,15.32,8156692560.96
2025-02-28,52.0,49.5,54.88,48.65,266462,1378281763.0,12.04,-4.37,-2.26,16.91,7800546402.0
2025-03-03,49.0,46.88,50.58,45.45,174548,827689925.0,10.36,-5.29,-2.62,11.08,7387668996.4800005
2025-03-04,45.58,46.56,47.33,45.07,86002,397584034.0,4.82,-0.68,-0.32,5.46,7337241221.76
2025-03-05,47.3,48.05,48.05,45.91,119191,562752721.0,4.6,3.2,1.49,7.56,7572045547.799999
2025-03-06,49.02,49.95,51.66,48.15,194532,972987370.0,7.3,3.95,1.9,12.34,7871460460.200001
2025-03-07,50.9,50.29,51.52,49.2,220789,1112781962.0,4.64,0.68,0.34,14.01,7925039970.84
2025-03-10,49.11,48.64,49.97,47.49,139678,682503313.0,4.93,-3.28,-1.65,8.86,7665021757.440001
2025-03-11,47.0,47.66,47.98,46.68,116258,549037323.0,2.67,-2.01,-0.98,7.38,7510586697.36
2025-03-12,48.44,49.1,50.55,47.8,147983,732542110.0,5.77,3.02,1.44,9.39,7737511683.6
2025-03-13,48.3,46.33,48.75,45.18,144473,674646838.0,7.27,-5.64,-2.77,9.17,7300996258.679999
2025-03-14,45.9,47.18,47.28,45.49,78630,365252930.0,3.86,1.83,0.85,4.99,7434945035.28
2025-03-17,46.9,46.18,47.16,46.01,63036,293013814.0,2.44,-2.12,-1.0,4.0,7277358239.28
2025-03-18,45.9,48.03,48.52,45.9,114782,548229836.0,5.67,4.01,1.85,7.28,7568893811.88
2025-03-19,48.0,48.01,48.65,47.61,78637,378534525.0,2.17,-0.04,-0.02,4.99,7565742075.96
2025-03-20,48.4,47.81,49.43,47.75,115674,562847965.0,3.5,-0.42,-0.2,7.34,7534224716.76
2025-03-21,47.0,46.5,48.01,45.8,84475,394325570.0,4.62,-2.74,-1.31,5.36,7327786014.0
2025-03-24,46.0,45.47,46.97,44.05,77412,349767566.0,6.28,-2.22,-1.03,4.91,7165471614.12
2025-03-25,45.51,45.65,46.1,44.75,53799,244734231.0,2.97,0.4,0.18,3.41,7193837237.4
2025-03-26,45.99,46.94,47.18,45.31,58929,275506222.0,4.1,2.83,1.29,3.74,7397124204.24
2025-03-27,47.1,46.65,47.15,46.16,45481,212254251.0,2.11,-0.62,-0.29,2.89,7351424033.4
2025-03-28,46.54,46.6,47.5,46.23,50345,235658294.0,2.72,-0.11,-0.05,3.19,7343544693.6
2025-03-31,46.14,46.38,46.45,45.02,39880,182285497.0,3.07,-0.47,-0.22,2.53,7308875598.4800005
2025-04-01,46.39,47.69,48.4,46.38,72948,345939711.0,4.36,2.82,1.31,4.63,7515314301.24
2025-04-02,47.32,47.39,48.18,47.25,41927,199526017.0,1.95,-0.63,-0.3,2.66,7468038262.440001
2025-04-03,47.05,47.39,48.31,46.68,53798,255374351.0,3.44,0.0,0.0,3.41,7468038262.440001
2025-04-07,43.74,42.65,44.59,42.65,45321,195140334.0,4.09,-10.0,-4.74,2.88,6721076849.4
2025-04-08,41.77,38.39,42.77,38.39,105629,418134950.0,10.27,-9.99,-4.26,6.7,6049757098.440001
2025-04-09,38.0,39.4,40.16,35.51,80190,305430832.0,12.11,2.63,1.01,5.09,6208919762.4
2025-04-10,40.2,40.2,41.69,40.15,59858,243577379.0,3.91,2.03,0.8,3.8,6334989199.200001
2025-04-11,39.78,40.66,41.47,39.38,48111,194511399.0,5.2,1.14,0.46,3.05,6407479125.36
2025-04-14,40.71,40.45,41.82,40.44,50483,207065684.0,3.39,-0.52,-0.21,3.2,6374385898.200001
2025-04-15,40.45,39.78,40.67,39.5,32051,127658800.0,2.89,-1.66,-0.67,2.03,6268802744.88
2025-04-16,39.74,38.7,40.86,38.31,42505,167535899.0,6.41,-2.71,-1.08,2.7,6098609005.200001
2025-04-17,38.01,38.41,38.95,38.01,38464,147956841.0,2.43,-0.75,-0.29,2.44,6052908834.36
2025-04-18,38.3,38.64,38.91,37.55,39471,151014802.0,3.54,0.6,0.23,2.5,6089153797.440001
2025-04-21,38.77,38.53,39.37,38.28,51929,200936027.0,2.82,-0.28,-0.11,3.3,6071819249.88
2025-04-22,38.3,36.91,38.45,36.32,68695,254408083.0,5.53,-4.2,-1.62,4.36,5816528640.36
2025-04-23,37.01,37.0,37.55,36.8,57341,213044393.0,2.03,0.24,0.09,3.64,5830711452.0
2025-04-24,37.12,37.19,38.6,36.81,106217,400388556.0,4.84,0.51,0.19,6.74,5860652943.24
2025-04-25,36.51,33.47,37.2,33.47,117220,406296291.0,10.03,-10.0,-3.72,7.44,5274430062.12
2025-04-28,34.5,32.31,35.28,32.2,167934,560101088.0,9.2,-3.47,-1.16,10.66,5091629378.76
2025-04-29,31.99,29.3,31.99,29.08,265072,797757072.0,9.01,-9.32,-3.01,16.82,4617293122.8
2025-04-30,31.22,32.23,32.23,30.89,114112,359183162.0,4.57,10.0,2.93,7.24,5079022435.08
2025-05-06,34.0,34.49,35.45,33.33,271933,937786453.0,6.58,7.01,2.26,17.26,5435168594.04
2025-05-07,34.71,33.78,34.75,33.35,170109,575974643.0,4.06,-2.06,-0.71,10.79,5323281968.88
2025-05-08,33.97,34.5,34.86,33.72,142691,489228580.0,3.37,2.13,0.72,9.05,5436744462.0
2025-05-09,34.61,33.79,34.69,33.44,83153,281504973.0,3.62,-2.06,-0.71,5.28,5324857836.84
2025-05-12,33.83,33.86,34.05,33.52,78688,265740483.0,1.57,0.21,0.07,4.99,5335888912.559999
2025-05-13,34.23,34.03,34.5,33.51,92945,316441681.0,2.92,0.5,0.17,5.9,5362678667.88
2025-05-14,34.3,34.38,34.85,33.97,108914,374105397.0,2.59,1.03,0.35,6.91,5417834046.4800005
2025-05-15,34.19,33.75,34.85,33.61,78727,267583331.0,3.61,-1.83,-0.63,5.0,5318554365.0
2025-05-16,33.56,33.39,33.69,32.9,70824,236289774.0,2.34,-1.07,-0.36,4.49,5261823118.440001
2025-05-19,33.36,33.61,33.85,33.0,61870,207147281.0,2.55,0.66,0.22,3.93,5296492213.559999
2025-05-20,33.61,35.44,35.46,33.21,132928,458713110.0,6.69,5.44,1.83,8.44,5584876050.24
2025-05-21,35.29,36.88,37.38,35.25,193145,707836042.0,6.01,4.06,1.44,12.26,5811801036.4800005
2025-05-22,36.5,36.64,36.83,35.51,126268,457099204.0,3.58,-0.65,-0.24,8.01,5773980205.440001
2025-05-23,36.59,35.2,36.68,35.2,108085,386830696.0,4.04,-3.93,-1.44,6.86,5547055219.200001
2025-05-26,35.21,34.87,35.88,34.64,73208,255698925.0,3.52,-0.94,-0.33,4.65,5495051576.5199995
2025-05-27,35.04,34.69,35.16,34.42,61380,213288076.0,2.12,-0.52,-0.18,3.89,5466685953.24
2025-05-28,34.5,37.15,37.78,34.5,168683,611399283.0,9.46,7.09,2.46,10.7,5854349471.4
2025-05-29,36.99,37.1,37.75,36.83,111413,414180403.0,2.48,-0.13,-0.05,7.07,5846470131.6
2025-05-30,36.83,38.17,38.54,36.75,148619,562737405.0,4.82,2.88,1.07,9.43,6015088003.320001
2025-06-03,37.39,38.04,38.31,37.31,93907,354871967.0,2.62,-0.34,-0.13,5.96,5994601719.84
2025-06-04,37.88,38.26,39.02,37.88,106516,409815073.0,3.0,0.58,0.22,6.76,6029270814.96
2025-06-05,38.2,38.39,38.65,37.85,82806,316560317.0,2.09,0.34,0.13,5.25,6049757098.440001
2025-06-06,38.46,39.45,39.9,38.4,115442,453154917.0,3.91,2.76,1.06,7.33,6216799102.200001
2025-06-09,39.67,41.03,41.38,39.65,119755,486943102.0,4.39,4.01,1.58,7.6,6465786239.88
2025-06-10,40.93,39.79,41.15,39.23,121676,489227948.0,4.68,-3.02,-1.24,7.72,6270378612.84
2025-06-11,39.56,40.16,40.8,39.56,73714,297706720.0,3.12,0.93,0.37,4.68,6328685727.36
2025-06-12,40.25,42.56,43.33,39.8,127381,533517560.0,8.79,5.98,2.4,8.08,6706894037.76
2025-06-13,42.4,43.51,43.75,42.06,143429,616313025.0,3.97,2.23,0.95,9.1,6856601493.96
2025-06-16,43.54,45.39,45.49,43.23,125598,560201517.0,5.19,4.32,1.88,7.97,7152864670.440001
2025-06-17,46.4,40.85,47.65,40.85,282760,1240853512.0,14.98,-10.0,-4.54,17.94,6437420616.6
2025-06-18,40.4,39.01,40.53,38.51,172285,676584392.0,4.94,-4.5,-1.84,10.93,6147460911.96
2025-06-19,38.88,38.08,39.45,37.96,79498,306906143.0,3.82,-2.38,-0.93,5.04,6000905191.679999
2025-06-20,38.09,37.05,38.36,36.34,82546,308488070.0,5.3,-2.7,-1.03,5.24,5838590791.799999
2025-06-23,37.73,39.57,39.95,37.09,130211,499748887.0,7.72,6.8,2.52,8.26,6235709517.72
2025-06-24,39.4,39.35,40.23,39.18,86018,340075212.0,2.65,-0.56,-0.22,5.46,6201040422.6
2025-06-25,39.5,39.12,39.7,38.72,57190,223762800.0,2.49,-0.58,-0.23,3.63,6164795459.5199995
2025-06-26,39.15,38.34,39.21,38.26,67858,262193798.0,2.43,-1.99,-0.78,4.31,6041877758.64
2025-06-27,38.08,38.66,39.09,38.08,51910,201047269.0,2.63,0.83,0.32,3.29,6092305533.36
2025-06-30,39.12,39.48,40.07,39.12,79050,312665699.0,2.46,2.12,0.82,5.02,6221526706.08
2025-07-01,41.68,40.27,41.68,40.0,112390,456288817.0,4.26,2.0,0.79,7.13,6346020274.92
2025-07-02,39.8,38.99,39.95,38.79,65701,257683334.0,2.88,-3.18,-1.28,4.17,6144309176.04
2025-07-03,38.86,38.9,39.3,38.6,36271,141446225.0,1.8,-0.23,-0.09,2.3,6130126364.4
2025-07-04,38.9,37.88,39.26,37.85,59865,230390068.0,3.62,-2.62,-1.02,3.8,5969387832.4800005
2025-07-07,37.87,38.15,38.18,36.95,46596,175551381.0,3.25,0.71,0.27,2.96,6011936267.4
2025-07-08,38.1,38.19,38.3,37.71,42510,161810280.0,1.55,0.1,0.04,2.7,6018239739.24
2025-07-09,38.24,38.04,38.47,37.78,42727,162327446.0,1.81,-0.39,-0.15,2.71,5994601719.84
2025-07-10,38.05,37.82,38.58,37.65,47672,180728252.0,2.44,-0.58,-0.22,3.03,5959932624.72
2025-07-11,37.76,37.89,38.05,37.45,38732,146605306.0,1.59,0.19,0.07,2.46,5970963700.440001
2025-07-14,37.8,37.6,37.88,37.36,34811,130767556.0,1.37,-0.77,-0.29,2.21,5925263529.6
2025-07-15,37.9,38.33,38.88,37.3,78847,302096629.0,4.2,1.94,0.73,5.0,6040301890.679999
2025-07-16,38.35,38.72,39.44,38.1,69847,271059438.0,3.5,1.02,0.39,4.43,6101760741.12
2025-07-17,38.5,38.62,38.72,38.32,46219,178091608.0,1.03,-0.26,-0.1,2.93,6086002061.5199995
2025-07-18,39.01,38.38,39.04,38.33,48078,185921847.0,1.84,-0.62,-0.24,3.05,6048181230.4800005
2025-07-21,38.57,38.65,39.05,38.48,41818,161824235.0,1.49,0.7,0.27,2.65,6090729665.4
2025-07-22,38.63,37.83,38.64,37.68,50838,193196775.0,2.48,-2.12,-0.82,3.23,5961508492.679999
2025-07-23,37.47,37.72,38.15,37.0,48028,180993106.0,3.04,-0.29,-0.11,3.05,5944173945.12
2025-07-24,37.75,37.63,37.93,37.45,40410,152095891.0,1.27,-0.24,-0.09,2.56,5929991133.4800005
2025-07-25,37.63,38.57,38.79,37.61,77407,296693696.0,3.14,2.5,0.94,4.91,6078122721.72
2025-07-28,38.68,38.54,39.33,38.31,74136,287618937.0,2.64,-0.08,-0.03,4.7,6073395117.84
2025-07-29,38.51,38.06,38.51,37.75,59401,225607451.0,1.97,-1.25,-0.48,3.77,5997753455.76
2025-07-30,38.06,37.45,38.08,37.13,45359,170104533.0,2.5,-1.6,-0.61,2.88,5901625510.200001
2025-07-31,37.01,38.46,39.59,37.01,122692,472150805.0,6.89,2.7,1.01,7.79,6060788174.16
2025-08-01,37.95,36.93,37.95,36.55,96122,357066430.0,3.64,-3.98,-1.53,6.1,5819680376.28
2025-08-04,36.3,38.13,38.13,36.19,78161,292485189.0,5.25,3.25,1.2,4.96,6008784531.4800005
2025-08-05,38.3,38.3,38.8,37.98,48824,186966622.0,2.15,0.45,0.17,3.1,6035574286.799999
2025-08-06,38.3,38.73,38.95,38.01,51420,198440975.0,2.45,1.12,0.43,3.26,6103336609.08
2025-08-07,38.73,38.01,39.0,38.0,46114,177183992.0,2.58,-1.86,-0.72,2.93,5989874115.96
2025-08-08,37.99,37.21,37.99,37.15,45081,168519418.0,2.21,-2.1,-0.8,2.86,5863804679.16
