交易日期,开盘价,收盘价,最高价,最低价,成交量,成交额,振幅,涨跌幅,涨跌额,换手率,流通市值
2015-05-14,16.82,20.19,20.19,16.82,57,110531.0,24.04,44.01,6.17,0.03,30823947216.300003
2015-05-15,22.21,22.21,22.21,22.21,31,68851.0,0.0,10.0,2.02,0.02,33907868631.7
2015-05-18,24.43,24.43,24.43,24.43,5,12239.0,0.0,10.0,2.22,0.0,37297128801.1
2015-05-19,26.87,26.87,26.87,26.87,8,21496.0,0.0,9.99,2.44,0.0,41022261599.9
2015-05-20,29.56,29.56,29.56,29.56,5,14780.0,0.0,10.01,2.69,0.0,45129067841.2
2015-05-21,32.52,32.52,32.52,32.52,5,16260.0,0.0,10.01,2.96,0.0,49648081400.4
2015-05-22,35.77,35.77,35.77,35.77,6,21462.0,0.0,9.99,3.25,0.0,54609836152.9
2015-05-25,39.35,39.35,39.35,39.35,15,59025.0,0.0,10.01,3.58,0.01,60075399849.5
2015-05-26,43.29,43.29,43.29,43.29,25,108225.0,0.0,10.01,3.94,0.01,66090573303.299995
2015-05-27,47.62,47.62,47.62,47.62,4,17857.0,0.0,10.0,4.33,0.0,72701157327.4
2015-05-28,52.38,52.38,52.38,52.38,54,282852.0,0.0,10.0,4.76,0.03,79968219672.6
2015-05-29,57.62,57.62,57.62,57.62,93,535866.0,0.0,10.0,5.24,0.05,87968095027.4
2015-06-01,63.38,63.38,63.38,63.38,23,148499.0,0.0,10.0,5.76,0.01,96761851142.6
2015-06-02,69.72,69.72,69.72,69.72,74,517810.0,0.0,10.0,6.34,0.04,106441089644.4
2015-06-03,76.69,76.69,76.69,76.69,92,705548.0,0.0,10.0,6.97,0.05,117082145221.3
2015-06-04,84.36,84.36,84.36,84.36,170,1434120.0,0.0,10.0,7.67,0.1,128791886437.2
2015-06-05,92.8,92.8,92.8,92.8,141,1308480.0,0.0,10.0,8.44,0.08,141677181856.0
2015-06-08,102.08,102.08,102.08,102.08,317,3235936.0,0.0,10.0,9.28,0.19,155844900041.6
2015-06-09,112.29,112.29,112.29,112.29,652,7321308.0,0.0,10.0,10.21,0.38,171432443433.30002
2015-06-10,123.52,123.52,123.52,123.52,440,5428704.0,0.0,10.0,11.23,0.26,188577214470.4
2015-06-11,135.87,135.87,135.87,135.87,215,2921205.0,0.0,10.0,12.35,0.13,207431882529.9
2015-06-12,149.46,149.46,149.46,149.46,207,3093822.0,0.0,10.0,13.59,0.12,228179650864.2
2015-06-15,164.41,164.41,164.41,164.41,998,16399897.0,0.0,10.0,14.95,0.59,251003722725.69998
2015-06-16,180.85,180.85,180.85,180.85,5662,102392567.0,0.0,10.0,16.44,3.33,276102568304.5
2015-06-17,198.94,198.94,198.94,198.94,7121,141672136.0,0.0,10.0,18.09,4.19,303720458603.8
2015-06-18,218.83,218.83,218.83,218.83,5307,116129142.0,0.0,10.0,19.89,3.12,334086397689.10004
2015-06-19,196.95,240.71,240.71,196.95,127250,2775076720.0,20.0,10.0,21.88,74.85,367490457376.7
2015-06-23,229.0,264.78,264.78,229.0,51188,1276219856.0,14.86,10.0,24.07,30.11,404237976420.6
2015-06-24,262.0,248.5,268.88,240.15,33776,857570992.0,10.85,-6.15,-16.28,19.87,379383401845.0
2015-06-25,236.78,223.65,261.0,223.65,24515,596936256.0,15.03,-10.0,-24.85,14.42,341445061660.5
2015-06-26,212.0,201.29,219.0,201.29,21422,443269184.0,7.92,-10.0,-22.36,12.6,307308188963.3
2015-06-29,187.0,181.16,193.0,181.16,26671,486397760.0,5.88,-10.0,-20.13,15.69,276575843373.2
2015-06-30,168.0,189.98,192.6,163.04,29135,512532080.0,16.32,4.87,8.82,17.14,290041282424.6
2015-07-01,181.0,186.0,204.8,175.0,30255,576723008.0,15.69,-2.09,-3.98,17.8,283965041220.0
2015-07-02,177.0,167.4,184.0,167.4,18970,326490960.0,8.92,-10.0,-18.6,11.16,255568537098.0
2015-07-03,153.0,151.06,179.12,150.66,27893,451013296.0,17.0,-9.76,-16.34,16.41,230622360896.2
2015-07-06,166.17,135.95,166.17,135.95,13904,206274718.0,20.01,-10.0,-15.11,8.18,207554018031.49997
2015-07-07,123.33,122.36,126.01,122.36,1910,23428094.0,2.68,-10.0,-13.59,1.12,186806249697.2
2015-07-08,110.12,110.12,110.35,110.12,46920,516683280.0,0.19,-10.0,-12.24,27.6,168119517952.4
2015-07-09,108.18,121.13,121.13,108.18,9714,115744789.0,11.76,10.0,11.01,5.71,184928416360.1
2015-07-10,133.24,133.24,133.24,133.24,1818,24222898.0,0.0,10.0,12.11,1.07,203416677914.80002
2015-07-13,146.56,146.56,146.56,141.01,5193,75899671.0,4.17,10.0,13.32,3.05,223752238931.2
2015-07-14,161.22,161.22,161.22,161.22,980,15803751.0,0.0,10.0,14.66,0.58,246133569599.4
2015-07-15,160.0,160.04,174.0,153.0,20144,327778864.0,13.03,-0.73,-1.18,11.85,244332070950.8
2015-07-16,148.0,154.0,176.04,144.04,14085,228461166.0,20.0,-3.77,-6.04,8.29,235110840580.0
2015-07-17,154.0,169.4,169.4,146.02,9636,153891852.0,15.18,10.0,15.4,5.67,258621924638.0
2015-07-20,168.6,186.34,186.34,168.5,10609,191755929.0,10.53,10.0,16.94,6.24,284484117101.8
2015-07-21,182.87,191.33,198.98,178.88,7008,135173148.0,10.79,2.68,4.99,4.12,292102319014.10004
2015-07-22,189.0,192.51,195.44,184.0,3832,72865625.0,5.98,0.62,1.18,2.25,293903817662.7
2015-07-23,188.1,211.76,211.76,188.1,6265,128013462.0,12.29,10.0,19.25,3.69,323292672735.2
2015-07-24,217.99,213.0,232.94,206.2,14910,334450384.0,12.63,0.59,1.24,8.77,325185773010.0
2015-07-27,201.8,191.7,211.0,191.7,12046,240211074.0,9.06,-10.0,-21.3,7.09,292667195709.0
2015-07-28,172.53,172.53,199.26,172.53,13549,240912873.0,13.94,-10.0,-19.17,7.97,263400476138.1
2015-07-29,177.0,184.98,185.73,162.27,10756,187915680.0,13.6,7.22,12.45,6.33,282407813574.6
2015-07-30,180.0,167.4,185.0,167.04,9031,162512068.0,9.71,-9.5,-17.58,5.31,255568537098.0
2015-07-31,160.0,155.71,167.0,150.66,6395,101278878.0,9.76,-6.98,-11.69,3.76,237721486926.7
2015-08-03,152.99,154.8,168.8,148.0,6252,98911882.0,13.36,-0.58,-0.91,3.68,236332195596.00003
2015-08-04,155.49,170.28,170.28,153.29,7076,114754936.0,10.98,10.0,15.48,4.16,259965415155.6
2015-08-05,166.8,166.15,174.0,163.68,6611,111607175.0,6.06,-2.43,-4.13,3.89,253660169885.5
2015-08-06,161.0,169.8,173.98,158.01,5691,96666485.0,9.61,2.2,3.65,3.35,259232602146.00003
2015-08-07,169.8,185.0,186.78,165.68,11100,199414674.0,12.43,8.95,15.2,6.53,282438347450.0
2015-08-10,183.0,195.31,198.5,183.0,6233,119924879.0,8.38,5.57,10.31,3.67,298178560218.7
2015-08-11,194.99,190.0,197.0,187.0,5392,103583255.0,5.12,-2.72,-5.31,3.17,290071816300.0
2015-08-12,185.91,171.0,196.0,171.0,8984,161092204.0,13.16,-10.0,-19.0,5.28,261064634670.0
2015-08-13,166.0,174.51,175.88,159.25,13529,222398225.0,9.73,2.05,3.51,7.96,266423329802.69998
2015-08-14,171.09,172.05,177.28,168.3,7675,132143313.0,5.15,-1.41,-2.46,4.51,262667663128.50003
2015-08-17,171.49,160.9,171.49,159.11,5350,87017855.0,7.2,-6.48,-11.15,3.15,245645027593.0
2015-08-18,160.47,149.18,166.0,147.8,4724,75001578.0,11.31,-7.28,-11.72,2.78,227752176608.6
2015-08-19,149.75,162.39,163.66,148.01,5413,83882685.0,10.49,8.86,13.21,3.18,247919801310.3
2015-08-20,159.0,157.55,166.18,156.01,5008,80788649.0,6.26,-2.98,-4.84,2.95,240530603463.50003
2015-08-21,152.28,147.23,156.8,147.0,3517,53026772.0,6.22,-6.55,-10.32,2.07,224775123757.09998
2015-08-24,133.02,132.51,139.88,132.51,1369,18273720.0,5.01,-10.0,-14.72,0.81,202302191462.69998
2015-08-25,119.26,119.26,127.85,119.26,4216,50856900.0,6.48,-10.0,-13.25,2.48,182073499010.2
2015-08-26,120.18,107.33,125.5,107.33,6919,79403002.0,15.24,-10.0,-11.93,4.07,163860042334.1
2015-08-27,110.0,107.89,114.77,96.6,8060,83221001.0,16.93,0.52,0.56,4.74,164714990845.3
2015-08-28,108.0,115.81,117.51,102.1,7600,82272824.0,14.28,7.34,7.92,4.47,176806405503.7
2015-08-31,115.81,104.23,115.81,104.23,6368,67977347.0,10.0,-10.0,-11.58,3.75,159127291647.1
2015-09-01,96.56,93.81,99.5,93.81,3377,31938181.0,5.46,-10.0,-10.42,1.99,143219142563.7
2015-09-02,84.43,84.43,100.0,84.43,7614,67253104.0,16.6,-10.0,-9.38,4.48,128898755001.1
2015-09-07,85.5,86.99,91.7,84.56,6367,55916121.0,8.46,3.03,2.56,3.75,132807091052.29999
2015-09-08,86.0,93.85,93.98,83.0,7088,63417224.0,12.62,7.89,6.86,4.17,143280210314.5
2015-09-09,94.0,99.44,102.2,93.01,8203,80480397.0,9.79,5.96,5.59,4.83,151814428488.8
2015-09-10,96.0,94.0,97.68,93.0,5838,55436841.0,4.71,-5.47,-5.44,3.43,143509214380.0
2015-09-11,93.88,94.9,98.48,93.01,4889,46733494.0,5.82,0.96,0.9,2.88,144883238773.0
2015-09-14,95.14,85.41,96.8,85.41,4401,39390176.0,12.0,-10.0,-9.49,2.59,130394914895.7
2015-09-15,80.15,76.87,83.0,76.87,5395,42464636.0,7.18,-10.0,-8.54,3.17,117356950099.90001
2015-09-16,78.0,84.56,84.56,76.86,6858,55110698.0,10.02,10.0,7.69,4.03,129097225191.2
2015-09-17,83.1,84.66,91.27,82.62,7752,67580174.0,10.23,0.12,0.1,4.56,129249894568.2
2015-09-18,85.52,88.88,89.5,84.11,5493,47899078.0,6.37,4.98,4.22,3.23,135692542277.59999
2015-09-21,87.0,97.77,97.77,85.01,5462,50752507.0,14.36,10.0,8.89,3.21,149264849892.9
2015-09-22,104.0,107.55,107.55,101.0,12568,134677645.0,6.7,10.0,9.78,7.39,164195914963.5
2015-09-23,106.0,109.4,113.0,104.54,14597,157785183.0,7.87,1.72,1.85,8.59,167020298438.0
2015-09-24,107.0,104.0,115.89,100.0,10903,119249870.0,14.52,-4.94,-5.4,6.41,158776152080.0
2015-09-25,106.0,99.25,108.0,97.0,9749,99189360.0,10.58,-4.57,-4.75,5.73,151524356672.5
2015-09-28,99.31,109.18,109.18,99.0,8955,93851488.0,10.26,10.01,9.93,5.27,166684425808.6
2015-09-29,104.99,109.9,112.0,104.99,9906,107798308.0,6.42,0.66,0.72,5.83,167783645323.0
2015-09-30,109.3,106.91,111.48,104.05,5342,57430914.0,6.76,-2.72,-2.99,3.14,163218830950.69998
2015-10-08,112.0,112.88,116.3,110.0,7504,85252153.0,5.89,5.58,5.97,4.41,172333192757.6
2015-10-09,112.97,124.17,124.17,111.44,9522,113077288.0,11.28,10.0,11.29,5.6,189569565420.9
2015-10-12,127.0,136.54,136.59,123.6,13322,176053603.0,10.46,9.96,12.37,7.84,208454767355.8
2015-10-13,135.0,146.41,149.66,132.6,16054,230482043.0,12.49,7.23,9.87,9.44,223523234865.69998
2015-10-14,145.0,155.78,160.55,145.0,9734,149814868.0,10.62,6.4,9.37,5.73,237828355490.6
2015-10-15,153.0,155.97,159.85,152.2,11029,171428707.0,4.91,0.12,0.19,6.49,238118427306.9
2015-10-16,155.0,156.0,159.09,153.02,9443,147164666.0,3.89,0.02,0.03,5.55,238164228120.0
2015-10-19,158.01,171.6,171.6,151.3,13919,222705009.0,13.01,10.0,15.6,8.19,261980650932.0
2015-10-20,172.0,171.19,178.88,166.0,12146,209011311.0,7.51,-0.24,-0.41,7.14,261354706486.3
2015-10-21,168.5,156.46,171.9,154.07,13061,211539786.0,10.42,-8.6,-14.73,7.68,238866507254.2
2015-10-22,156.0,163.31,169.5,156.0,13961,228121400.0,8.63,4.38,6.85,8.21,249324359578.7
2015-10-23,163.5,164.16,175.0,162.0,15232,255790861.0,7.96,0.52,0.85,8.96,250622049283.19998
2015-10-26,163.99,157.0,164.16,150.55,16432,255077234.0,8.29,-4.36,-7.16,9.67,239690921890.0
2015-10-27,154.44,172.7,172.7,150.66,15436,250485615.0,14.04,10.0,15.7,9.08,263660014078.99997
2015-10-28,173.01,161.3,174.0,157.9,13427,222694375.0,9.32,-6.6,-11.4,7.9,246255705101.00003
2015-10-29,162.51,163.4,168.7,161.0,9218,151816062.0,4.77,1.3,2.1,5.42,249461762018.0
2015-10-30,162.88,179.74,179.74,160.0,15242,265940589.0,12.08,10.0,16.34,8.97,274407938219.80002
2015-11-02,175.11,187.0,197.71,174.56,21968,410791056.0,12.88,4.04,7.26,12.92,285491734990.0
2015-11-03,184.5,184.61,193.28,179.04,10297,191157264.0,7.61,-1.28,-2.39,6.06,281842936879.7
2015-11-04,186.0,194.2,197.23,174.0,12532,240155643.0,12.58,5.19,9.59,7.37,296483930134.0
2015-11-05,191.0,189.6,198.0,185.0,14714,282708304.0,6.69,-2.37,-4.6,8.66,289461138792.0
2015-11-06,188.0,196.08,198.0,187.28,13115,254462355.0,5.65,3.42,6.48,7.71,299354114421.60004
2015-11-09,193.5,206.88,215.58,192.92,16955,349456368.0,11.56,5.51,10.8,9.97,315842407137.6
2015-11-10,204.0,207.89,214.99,200.0,13357,276707536.0,7.25,0.49,1.01,7.86,317384367845.3
2015-11-11,207.01,228.68,228.68,202.0,16215,353808480.0,12.83,10.0,20.79,9.54,349124331323.60004
2015-11-12,228.0,244.0,245.9,222.0,15916,367313568.0,10.45,6.7,15.32,9.36,372513279880.0
2015-11-13,237.0,219.6,239.9,219.6,12786,288142784.0,8.32,-10.0,-24.4,7.52,335261951892.0
2015-11-16,199.0,211.68,218.0,197.9,12520,260535645.0,9.15,-3.61,-7.92,7.36,323170537233.60004
2015-11-17,214.0,200.99,220.0,197.11,16033,335743728.0,10.81,-5.05,-10.69,9.43,306850180832.3
2015-11-18,200.99,186.1,203.48,185.1,16287,310288832.0,9.14,-7.41,-14.89,9.58,284117710597.0
2015-11-19,189.0,204.71,204.71,187.51,16211,317575008.0,9.24,10.0,18.61,9.54,312529481656.7
2015-11-20,207.52,203.0,211.42,197.0,17633,360900096.0,7.04,-0.84,-1.71,10.37,309918835310.0
2015-11-23,203.48,192.99,203.48,190.2,11383,222938004.0,6.54,-4.93,-10.01,6.7,294636630672.3
2015-11-24,190.19,212.29,212.29,190.1,19432,402622560.0,11.5,10.0,19.3,11.43,324101820433.3
2015-11-25,214.0,214.03,219.5,208.0,18168,390295600.0,5.42,0.82,1.74,10.69,326758267593.1
2015-11-26,213.84,220.0,230.0,212.0,15998,354322672.0,8.41,2.79,5.97,9.41,335872629400.0
2015-11-27,218.97,209.0,229.0,207.03,16239,354334512.0,9.99,-5.0,-11.0,9.55,319078997930.0
2015-11-30,213.0,229.9,229.9,209.0,19241,425132416.0,10.0,10.0,20.9,11.32,350986897723.0
2015-12-01,234.5,210.92,241.5,206.91,23160,520156896.0,15.05,-8.26,-18.98,13.62,322010249968.39996
2015-12-02,206.0,200.39,206.9,189.83,16657,328016928.0,8.09,-4.99,-10.53,9.8,305934164570.3
2015-12-03,199.02,205.18,209.4,195.0,13259,270638880.0,7.19,2.39,4.79,7.8,313247027728.60004
2015-12-04,206.8,207.4,215.56,200.0,13798,287637904.0,7.58,1.08,2.22,8.12,316636287898.0
2015-12-07,204.0,208.4,215.0,198.01,11032,227929587.0,8.19,0.48,1.0,6.49,318162981668.0
2015-12-08,206.0,229.24,229.24,204.25,19521,427313152.0,11.99,10.0,20.84,11.48,349979279834.8
2015-12-09,223.21,214.4,226.9,207.4,16084,349610976.0,8.51,-6.47,-14.84,9.46,327323144288.0
2015-12-10,213.11,210.6,216.5,205.0,10511,221816120.0,5.36,-1.77,-3.8,6.18,321521707962.0
2015-12-11,206.85,200.4,212.88,200.0,10021,205978604.0,6.12,-4.84,-10.2,5.89,305949431508.0
2015-12-14,193.0,200.2,202.99,183.0,10656,205697809.0,9.98,-0.1,-0.2,6.27,305644092754.0
2015-12-15,199.58,199.48,203.5,197.04,8143,163122214.0,3.23,-0.36,-0.72,4.79,304544873239.6
2015-12-16,201.0,206.0,211.88,201.0,8668,179687792.0,5.45,3.27,6.52,5.1,314498916620.0
2015-12-17,207.66,211.88,213.87,206.36,9868,207086580.0,3.65,2.85,5.88,5.8,323475875987.6
2015-12-18,211.88,203.66,215.0,203.12,9446,195755444.0,5.61,-3.88,-8.22,5.56,310926453198.2
2015-12-21,202.0,200.82,205.04,198.51,5780,116050179.0,3.21,-1.39,-2.84,3.4,306590642891.39996
2015-12-22,202.55,204.61,208.8,200.0,8275,169227032.0,4.38,1.89,3.79,4.87,312376812279.7
2015-12-23,204.55,199.6,206.58,199.6,9313,188908975.0,3.41,-2.45,-5.01,5.48,304728076492.0
2015-12-24,199.8,202.6,204.61,196.5,7473,149918758.0,4.06,1.5,3.0,4.4,309308157802.0
2015-12-25,202.7,195.0,205.5,192.48,9177,182534706.0,6.43,-3.75,-7.6,5.4,297705285150.0
2015-12-28,195.49,187.97,199.83,187.97,9837,190258445.0,6.08,-3.61,-7.03,5.79,286972627946.9
2015-12-29,188.3,185.29,189.62,180.51,7158,131708176.0,4.85,-1.43,-2.68,4.21,282881088643.3
2015-12-30,185.21,187.39,188.8,184.0,5030,93630038.0,2.59,1.13,2.1,2.96,286087145560.3
2015-12-31,186.0,175.2,187.28,173.01,8810,158088789.0,7.62,-6.51,-12.19,5.18,267476748503.99997
2016-01-04,175.3,157.69,177.8,157.68,6719,110963903.0,11.48,-9.99,-17.51,3.95,240744340591.3
2016-01-05,148.0,162.4,165.0,148.0,11656,186427348.0,10.78,2.99,4.71,6.86,247935068248.0
2016-01-06,159.41,165.0,165.0,154.34,11258,181366271.0,6.56,1.6,2.6,6.62,251904472050.0
2016-01-07,160.54,148.51,160.55,148.5,2280,34969499.0,7.3,-9.99,-16.49,1.34,226729291782.69998
2016-01-08,154.0,148.0,156.0,140.0,8975,135482323.0,10.77,-0.34,-0.51,5.28,225950677960.0
2016-01-11,147.0,143.4,155.96,142.0,10899,162627389.0,9.43,-3.11,-4.6,6.41,218927886618.0
2016-01-12,144.0,149.2,152.2,144.0,8973,133614590.0,5.72,4.04,5.8,5.28,227782710483.99997
2016-01-13,149.9,136.2,150.02,136.05,10465,148888662.0,9.36,-8.71,-13.0,6.16,207935691473.99997
2016-01-14,129.0,141.75,144.15,126.01,10219,139541636.0,13.32,4.07,5.55,6.01,216408841897.5
2016-01-15,140.0,131.85,141.7,130.51,8061,109392339.0,7.89,-6.98,-9.9,4.74,201294573574.5
2016-01-18,128.86,136.67,140.53,126.25,11704,156869603.0,10.83,3.66,4.82,6.88,208653237545.9
2016-01-19,134.05,141.56,144.5,131.8,15197,208245404.0,9.29,3.58,4.89,8.94,216118770081.2
2016-01-20,139.02,136.99,142.0,135.0,11803,163427343.0,4.94,-3.23,-4.57,6.94,209141779552.30002
2016-01-21,135.11,132.6,141.74,132.6,10513,144250258.0,6.67,-3.2,-4.39,6.18,202439593902.0
2016-01-22,134.24,136.22,138.0,130.15,7983,107075450.0,5.92,2.73,3.62,4.7,207966225349.4
2016-01-25,139.0,141.7,145.3,137.42,11836,167781427.0,5.78,4.02,5.48,6.96,216332507208.99997
2016-01-26,139.0,129.5,144.8,128.06,13246,183986546.0,11.81,-8.61,-12.2,7.79,197706843215.0
2016-01-27,128.99,129.49,131.98,117.0,10893,135125121.0,11.57,-0.01,-0.01,6.41,197691576277.30002
2016-01-28,127.18,116.8,127.18,116.54,7419,90040264.0,8.22,-9.8,-12.69,4.36,178317832336.0
2016-01-29,114.0,121.11,123.88,113.74,7929,95055906.0,8.68,3.69,4.31,4.66,184897882484.7
2016-02-01,120.38,116.02,120.81,114.0,8401,97952760.0,5.62,-4.2,-5.09,4.94,177127011195.4
2016-02-02,116.88,122.0,123.2,116.01,9736,117926081.0,6.2,5.15,5.98,5.73,186256639940.0
2016-02-03,119.21,122.02,122.67,116.51,13728,162766947.0,5.05,0.02,0.02,8.08,186287173815.4
2016-02-04,123.02,127.2,129.9,122.0,13915,176903407.0,6.47,4.25,5.18,8.19,194195447544.0
2016-02-05,128.98,127.4,129.99,125.87,8403,107415672.0,3.24,0.16,0.2,4.94,194500786298.0
2016-02-15,121.5,124.86,125.76,118.21,6574,79872180.0,5.93,-1.99,-2.54,3.87,190622984122.2
2016-02-16,126.0,132.74,132.99,125.41,8726,114138958.0,6.07,6.31,7.88,5.13,202653331029.80002
2016-02-17,132.0,137.19,137.6,130.99,11132,148745821.0,4.98,3.35,4.45,6.55,209447118306.3
2016-02-18,138.5,139.18,145.0,136.0,12421,173909061.0,6.56,1.45,1.99,7.31,212485238908.6
2016-02-19,138.0,138.99,141.45,136.0,7341,102013805.0,3.92,-0.14,-0.19,4.32,212195167092.30002
2016-02-22,141.0,140.75,142.99,136.38,8269,114877947.0,4.76,1.27,1.76,4.86,214882148127.5
2016-02-23,139.79,134.5,140.5,130.88,10168,137769049.0,6.83,-4.44,-6.25,5.98,205340312065.0
2016-02-24,133.15,128.0,137.09,126.02,9712,126139850.0,8.23,-4.83,-6.5,5.71,195416802560.0
2016-02-25,127.38,115.28,129.0,115.2,10157,122512225.0,10.78,-9.94,-12.72,5.97,175997257805.6
2016-02-26,116.26,109.5,118.88,105.99,12330,136885732.0,11.18,-5.01,-5.78,7.25,167172967815.0
2016-02-29,109.3,98.55,109.3,98.55,8011,80307007.0,9.82,-10.0,-10.95,4.71,150455671033.5
2016-03-01,97.1,96.39,101.0,92.0,11440,111261067.0,9.13,-2.19,-2.16,6.73,147158012490.3
2016-03-02,98.0,106.03,106.03,97.05,15542,161640894.0,9.32,10.0,9.64,9.14,161875340433.1
2016-03-03,107.7,109.89,114.08,107.5,22163,245364095.0,6.21,3.64,3.86,13.04,167768378385.3
2016-03-04,107.99,102.1,109.98,100.01,14809,153785703.0,9.07,-7.09,-7.79,8.71,155875433917.0
2016-03-07,105.0,112.31,112.31,103.8,26519,295909840.0,8.33,10.0,10.21,15.6,171462977308.7
2016-03-08,111.8,111.26,112.48,101.58,25316,271199744.0,9.71,-0.93,-1.05,14.89,169859948850.2
2016-03-09,107.0,105.5,110.5,103.0,13782,146987638.0,6.74,-5.18,-5.76,8.11,161066192735.0
2016-03-10,104.05,103.1,108.0,102.23,12009,126786776.0,5.47,-2.27,-2.4,7.06,157402127687.0
2016-03-11,100.28,106.45,106.51,98.2,13430,138939240.0,8.06,3.25,3.35,7.9,162516551816.5
2016-03-14,108.8,116.01,117.1,108.8,25279,290730192.0,7.8,8.98,9.56,14.87,177111744257.7
2016-03-15,114.03,112.5,118.0,112.48,18392,211567047.0,4.76,-3.03,-3.51,10.82,171753049125.0
2016-03-16,116.0,111.5,117.96,108.92,13098,147626764.0,8.04,-0.89,-1.0,7.7,170226355355.0
2016-03-17,112.5,119.9,122.58,111.5,19147,225218544.0,9.94,7.53,8.4,11.26,183050583023.0
2016-03-18,121.45,125.0,127.8,119.02,20213,251904822.0,7.32,4.25,5.1,11.89,190836721250.0
2016-03-21,127.0,128.0,129.35,124.4,19730,250121031.0,3.96,2.4,3.0,11.61,195416802560.0
2016-03-22,125.99,124.69,127.0,124.4,14545,182342332.0,2.03,-2.59,-3.31,8.56,190363446181.3
2016-03-23,124.5,128.54,129.35,123.03,15486,196903388.0,5.07,3.09,3.85,9.11,196241217195.8
2016-03-24,126.98,127.65,132.11,123.25,19926,254699430.0,6.89,-0.69,-0.89,11.72,194882459740.5
2016-03-25,127.0,137.16,140.0,126.95,24077,326111136.0,10.22,7.45,9.51,14.16,209401317493.19998
2016-03-28,142.0,133.33,144.0,132.22,29778,413922032.0,8.59,-2.79,-3.83,17.52,203554080354.1
2016-03-29,130.51,136.0,137.3,126.27,23902,314909984.0,8.27,2.0,2.67,14.06,207630352720.0
2016-03-30,135.4,142.99,143.8,134.0,24324,338876416.0,7.21,5.14,6.99,14.31,218301942172.30002
2016-03-31,143.99,157.29,157.29,140.89,32675,487824864.0,11.47,10.0,14.3,19.22,240133663083.3
2016-04-01,157.8,153.83,158.8,150.11,24789,383783040.0,5.52,-2.2,-3.46,14.58,234851302639.1
2016-04-05,153.12,159.5,167.93,149.4,22601,356803920.0,12.05,3.69,5.67,13.29,243507656315.0
2016-04-06,154.99,162.5,163.18,153.02,22467,355280256.0,6.37,1.88,3.0,13.22,248087737625.0
2016-04-07,161.99,165.8,173.86,158.5,25643,426789424.0,9.45,2.03,3.3,15.08,253125827066.00003
2016-04-08,161.5,161.0,167.2,155.13,20933,336836496.0,7.28,-2.9,-4.8,12.31,245797696970.0
2016-04-11,162.12,158.5,163.99,157.33,15933,255830472.0,4.14,-1.55,-2.5,9.37,241980962545.0
2016-04-12,158.19,148.0,159.98,145.0,20393,308233232.0,9.45,-6.62,-10.5,12.0,225950677960.0
2016-04-13,149.48,148.9,152.88,146.5,16606,249467384.0,4.31,0.61,0.9,9.77,227324702353.0
2016-04-14,149.7,151.31,152.0,147.94,10536,158201790.0,2.73,1.62,2.41,6.2,231004034338.7
2016-04-15,151.31,149.0,152.78,148.2,7724,115552734.0,3.03,-1.53,-2.31,4.54,227477371730.0
2016-04-18,149.0,151.5,154.86,148.0,13541,206161434.0,4.6,1.68,2.5,7.97,231294106155.0
2016-04-19,153.64,152.2,155.0,151.07,11925,182405964.0,2.59,0.46,0.7,7.01,232362791793.99997
2016-04-20,152.0,137.32,152.56,136.98,20442,290417360.0,10.24,-9.78,-14.88,12.02,209645588496.4
2016-04-21,136.0,127.89,136.27,127.78,15451,204207322.0,6.18,-6.87,-9.43,9.09,195248866245.3
2016-04-22,125.21,133.8,134.95,121.48,13186,173210660.0,10.53,4.62,5.91,7.76,204271626426.00003
2016-04-25,132.0,130.84,132.52,126.5,8223,106954952.0,4.5,-2.21,-2.96,4.84,199752612866.80002
2016-04-26,130.05,133.01,135.12,129.03,8159,108233961.0,4.65,1.66,2.17,4.8,203065538347.69998
2016-04-27,132.0,129.5,133.0,129.0,8808,115611405.0,3.01,-2.64,-3.51,5.18,197706843215.0
2016-04-28,128.5,134.98,135.96,128.0,10194,134345890.0,6.15,4.23,5.48,6.0,206073125074.59998
2016-04-29,133.88,131.39,134.98,131.3,8989,119142815.0,2.73,-2.66,-3.59,5.29,200592294440.3
2016-05-03,132.0,137.6,137.6,128.0,15891,211727166.0,7.31,4.73,6.21,9.35,210073062752.0
2016-05-04,135.11,136.99,138.88,135.08,11250,153939800.0,2.76,-0.44,-0.61,6.62,209141779552.30002
2016-05-05,136.89,143.88,144.9,136.28,15593,219911388.0,6.29,5.03,6.89,9.17,219660699627.6
2016-05-06,142.95,134.98,146.68,134.98,16661,233865114.0,8.13,-6.19,-8.9,9.8,206073125074.59998
2016-05-09,131.2,125.8,132.0,122.0,9844,125619153.0,7.41,-6.8,-9.18,5.79,192058076266.0
2016-05-10,125.7,124.7,127.62,123.6,6655,83697236.0,3.2,-0.87,-1.1,3.91,190378713119.0
2016-05-11,124.52,115.79,126.86,112.3,13971,164718916.0,11.68,-7.15,-8.91,8.22,176775871628.30002
2016-05-12,111.99,118.05,119.0,108.0,10176,114738850.0,9.5,1.95,2.26,5.99,180226199548.5
2016-05-13,115.5,116.99,119.99,114.08,8293,97050977.0,5.01,-0.9,-1.06,4.88,178607904152.3
2016-05-16,114.0,118.28,118.48,112.05,8498,98633819.0,5.5,1.1,1.29,2.18,180577339115.6
2016-05-17,119.5,125.93,129.8,117.89,14636,180942624.0,10.07,6.47,7.65,3.76,192256546456.1
2016-05-18,124.98,115.07,124.98,113.34,13371,158382484.0,9.24,-8.62,-10.86,3.44,175676652113.9
2016-05-19,114.88,120.4,125.9,114.5,15054,182986819.0,9.91,4.63,5.33,3.87,183813929908.0
2016-05-20,117.35,132.44,132.44,117.04,22811,293160144.0,12.79,10.0,12.04,5.86,202195322898.8
2016-05-23,137.98,139.72,141.55,132.6,27133,369354512.0,6.76,5.5,7.28,6.98,213309653544.4
2016-05-24,45.3,44.4,46.5,43.51,67259,300309696.0,2.14,-68.22,-95.32,5.76,67785203388.0
2016-05-25,44.56,47.4,48.84,44.56,107294,512785440.0,9.64,6.76,3.0,9.19,72365284698.0
2016-05-26,46.0,46.38,46.4,43.2,90822,407133312.0,6.75,-2.15,-1.02,7.78,70808057052.6
2016-05-27,45.12,44.41,46.01,44.38,50644,228765968.0,3.51,-4.25,-1.97,4.34,67800470325.7
2016-08-25,48.85,48.85,48.85,48.1,69193,337987792.0,1.69,10.0,4.44,5.93,74578990664.5
2016-08-26,50.5,48.8,52.34,48.01,159766,806170512.0,8.86,-0.1,-0.05,13.69,74502655976.0
2016-08-29,50.0,49.18,52.0,49.1,95136,477524416.0,5.94,0.78,0.38,8.15,75082799608.6
2016-08-30,49.8,44.81,49.84,44.45,97115,446638240.0,10.96,-8.89,-4.37,8.32,68411147833.700005
2016-08-31,44.77,43.62,44.77,42.6,55381,240495441.0,4.84,-2.66,-1.19,4.75,66594382247.399994
2016-09-01,43.62,43.33,44.14,43.1,34550,150752707.0,2.38,-0.66,-0.29,2.96,66151641054.1
2016-09-02,43.4,42.63,43.85,42.6,33037,143027856.0,2.88,-1.62,-0.7,2.83,65082955415.100006
2016-09-05,42.18,42.3,43.24,42.18,27392,117194342.0,2.49,-0.77,-0.33,2.35,64579146470.99999
2016-09-06,42.28,42.24,42.42,41.0,34915,145434969.0,3.36,-0.14,-0.06,2.99,64487544844.8
2016-09-07,42.24,41.64,42.42,41.56,26559,111651945.0,2.04,-1.42,-0.6,2.28,63571528582.8
2016-09-08,41.65,42.1,42.47,41.52,22986,96624947.0,2.28,1.1,0.46,1.97,64273807717.0
2016-09-09,42.08,41.12,42.1,41.07,24658,101973830.0,2.45,-2.33,-0.98,2.11,62777647822.399994
2016-09-12,40.0,38.48,40.14,38.48,26553,104675781.0,4.04,-6.42,-2.64,2.28,58747176269.6
2016-09-13,39.05,37.99,39.19,37.77,20714,79274180.0,3.69,-1.27,-0.49,1.78,57999096322.3
2016-09-14,37.92,37.62,37.96,37.0,16401,61657242.0,2.53,-0.97,-0.37,1.41,57434219627.399994
2016-09-19,38.0,38.0,38.18,37.75,16800,63766855.0,1.14,1.01,0.38,1.44,58014363260.0
2016-09-20,37.83,39.12,39.48,37.83,24855,96641257.0,4.34,2.95,1.12,2.13,59724260282.399994
2016-09-21,39.0,38.83,39.37,38.52,14733,57246444.0,2.17,-0.74,-0.29,1.26,59281519089.1
2016-09-22,39.01,38.55,39.2,38.5,11617,45037588.0,1.8,-0.72,-0.28,1.0,58854044833.49999
2016-09-23,38.72,38.07,38.82,38.02,10648,40949170.0,2.08,-1.25,-0.48,0.91,58121231823.9
2016-09-26,37.7,36.88,40.01,36.8,22173,84541801.0,8.43,-3.13,-1.19,1.9,56304466237.600006
2016-09-27,36.88,35.95,37.35,35.0,37207,133154382.0,6.37,-2.52,-0.93,3.19,54884641031.50001
2016-09-28,35.95,35.15,35.98,35.03,23079,81415899.0,2.64,-2.23,-0.8,1.98,53663286015.5
2016-09-29,35.1,34.9,35.28,34.86,21677,75995023.0,1.19,-0.71,-0.25,1.86,53281612573.0
2016-09-30,34.86,35.17,35.35,34.79,12614,44306082.0,1.6,0.77,0.27,1.08,53693819890.9
2016-10-10,35.5,38.69,38.69,35.5,35373,131688054.0,9.07,10.01,3.52,3.03,59067781961.299995
2016-10-11,39.58,39.66,40.3,39.19,53168,210852840.0,2.87,2.51,0.97,4.56,60548674918.2
2016-10-12,39.6,39.24,39.6,39.0,29810,116910141.0,1.51,-1.06,-0.42,2.55,59907463534.8
2016-10-13,39.07,39.52,40.61,39.01,30800,122748673.0,4.08,0.71,0.28,2.64,60334937790.4
2016-10-14,39.0,39.41,39.5,38.01,26264,101743524.0,3.77,-0.28,-0.11,2.25,60167001475.7
2016-10-17,42.35,41.03,43.34,40.7,86585,362220112.0,6.7,4.11,1.62,7.42,62640245383.1
2016-10-18,40.9,40.68,40.9,39.5,42081,169458488.0,3.41,-0.85,-0.35,3.61,62105902563.6
2016-10-19,40.62,40.9,41.48,40.3,34364,140296867.0,2.9,0.54,0.22,2.94,62441775193.0
2016-10-20,40.61,42.09,42.4,40.3,49270,203933983.0,5.13,2.91,1.19,4.22,64258540779.3
2016-10-21,42.09,40.78,42.1,40.55,30130,123555648.0,3.68,-3.11,-1.31,2.58,62258571940.6
2016-10-24,40.7,40.8,41.15,40.45,22087,89982098.0,1.72,0.05,0.02,1.89,62289105815.99999
2016-10-25,40.85,40.01,40.85,39.9,24515,98847425.0,2.33,-1.94,-0.79,2.1,61083017737.7
2016-10-26,40.0,39.71,40.5,39.46,21316,85163456.0,2.6,-0.75,-0.3,1.83,60625009606.700005
2016-11-04,42.8,43.68,43.68,42.1,26903,116373718.0,3.98,10.0,3.97,2.31,66685983873.6
2016-11-07,46.99,42.34,46.99,41.95,96584,426209424.0,11.54,-3.07,-1.34,8.28,64640214221.8
2016-11-08,41.96,41.75,41.99,41.06,46544,193597594.0,2.2,-1.39,-0.59,3.99,63739464897.5
2016-11-09,41.75,41.32,43.0,41.0,46800,196502466.0,4.79,-1.03,-0.43,4.01,63082986576.4
2016-11-10,41.45,41.32,41.93,41.01,35584,147063071.0,2.23,0.0,0.0,3.05,63082986576.4
2016-11-11,41.09,40.85,41.33,40.52,30434,124111639.0,1.96,-1.14,-0.47,2.61,62365440504.5
2016-11-14,40.45,41.2,41.7,40.44,33574,137927163.0,3.08,0.86,0.35,2.88,62899783324.00001
2016-11-15,41.2,41.06,41.2,40.32,24672,100442633.0,2.14,-0.34,-0.14,2.11,62686046196.200005
2016-11-16,41.4,41.37,42.2,41.06,38639,160910166.0,2.78,0.75,0.31,3.31,63159321264.899994
2016-11-17,41.32,42.75,42.98,40.37,64433,270301488.0,6.31,3.34,1.38,5.52,65266158667.5
2016-11-18,42.42,41.9,43.0,41.7,37908,159744643.0,3.04,-1.99,-0.85,3.25,63968468963.0
2016-11-21,41.33,41.45,42.33,41.11,25594,106009992.0,2.91,-1.07,-0.45,2.19,63281456766.50001
2016-11-22,41.48,41.9,42.02,41.3,27904,116322178.0,1.74,1.09,0.45,2.39,63968468963.0
2016-11-23,41.9,41.06,41.9,41.0,26728,110577900.0,2.15,-2.0,-0.84,2.29,62686046196.200005
2016-11-24,40.9,39.85,41.23,39.79,24138,97547658.0,3.51,-2.95,-1.21,2.07,60838746734.5
2016-11-25,39.78,40.83,41.83,38.5,31295,126239785.0,8.36,2.46,0.98,2.68,62334906629.1
2016-11-28,40.67,40.05,40.85,40.05,16360,65994658.0,1.96,-1.91,-0.78,1.4,61144085488.49999
2016-11-29,39.82,39.33,40.3,39.31,17763,70506325.0,2.47,-1.8,-0.72,1.52,60044865974.1
2016-11-30,39.07,39.33,40.29,39.0,18581,73493497.0,3.28,0.0,0.0,1.59,60044865974.1
2016-12-01,39.7,39.34,40.08,39.3,12641,50046601.0,1.98,0.03,0.01,1.08,60060132911.8
2016-12-02,39.45,38.5,39.54,38.5,15413,60048829.0,2.64,-2.14,-0.84,1.32,58777710145.0
2016-12-05,37.98,38.3,38.79,37.58,10732,41220382.0,3.14,-0.52,-0.2,0.92,58472371390.99999
2016-12-06,38.2,38.0,38.77,37.88,10916,41767325.0,2.32,-0.78,-0.3,0.94,58014363260.0
2016-12-07,38.55,38.22,38.59,38.05,11029,42160429.0,1.42,0.58,0.22,0.95,58350235889.4
2016-12-08,38.22,38.51,38.6,37.91,16729,64112122.0,1.81,0.76,0.29,1.43,58792977082.7
2016-12-09,38.51,39.11,39.41,38.02,23575,91090902.0,3.61,1.56,0.6,2.02,59708993344.7
2016-12-12,38.8,35.9,39.0,35.3,21453,79656646.0,9.46,-8.21,-3.21,1.84,54808306343.0
2016-12-13,35.89,35.47,35.9,34.75,13142,46567328.0,3.2,-1.2,-0.43,1.13,54151828021.9
2016-12-14,35.8,35.01,35.8,34.95,9779,34389778.0,2.4,-1.3,-0.46,0.84,53449548887.7
2016-12-15,35.01,35.34,35.88,35.01,11200,39657664.0,2.49,0.94,0.33,0.96,53953357831.8
2016-12-16,35.3,35.71,35.88,35.03,9022,32095771.0,2.41,1.05,0.37,0.76,54518234526.700005
2016-12-19,35.46,35.27,35.86,35.2,8470,30013985.0,1.85,-1.23,-0.44,0.72,53846489267.9
2016-12-20,35.2,35.25,35.49,35.01,6265,22076132.0,1.36,-0.06,-0.02,0.53,53815955392.5
2016-12-21,35.44,35.48,35.69,35.2,7168,25412449.0,1.39,0.65,0.23,0.61,54167094959.6
2016-12-22,35.8,39.03,39.03,35.4,28389,108045820.0,10.23,10.01,3.55,2.4,59586857843.1
2016-12-23,39.6,38.24,40.28,38.24,54112,213435150.0,5.23,-2.02,-0.79,4.58,58380769764.8
2016-12-26,38.01,38.93,39.96,37.15,43803,170943544.0,7.35,1.8,0.69,3.71,59434188466.1
2016-12-27,38.95,38.04,39.59,37.87,29586,114526540.0,4.42,-2.29,-0.89,2.5,58075431010.799995
2016-12-28,37.98,37.48,38.79,37.26,18361,69174444.0,4.02,-1.47,-0.56,1.55,57220482499.6
2016-12-29,37.5,37.4,38.15,37.35,13904,52375665.0,2.13,-0.21,-0.08,1.18,57098346998.0
2016-12-30,37.02,36.9,37.92,36.2,19455,71986225.0,4.6,-1.34,-0.5,1.65,56335000113.0
2017-01-03,37.52,37.42,38.88,37.38,21204,80529496.0,4.07,1.41,0.52,1.94,57128880873.4
2017-01-04,37.42,38.44,38.7,36.96,24053,91056300.0,4.65,2.73,1.02,2.2,58686108518.799995
2017-01-05,38.38,38.56,39.0,38.02,21518,83083686.0,2.55,0.31,0.12,1.97,58869311771.200005
2017-01-06,38.03,38.24,38.93,37.8,21462,82352295.0,2.93,-0.83,-0.32,1.96,58380769764.8
2017-01-09,38.24,38.48,38.82,37.86,12048,46375646.0,2.51,0.63,0.24,1.1,58747176269.6
2017-01-10,38.48,38.0,38.88,37.92,9891,37929544.0,2.49,-1.25,-0.48,0.91,58014363260.0
2017-01-11,37.98,36.8,38.27,36.71,15516,57892387.0,4.11,-3.16,-1.2,1.42,56182330735.99999
2017-01-12,36.51,35.87,36.89,35.86,10298,37441023.0,2.8,-2.53,-0.93,0.94,54762505529.899994
2017-01-13,35.9,35.66,36.49,35.5,10935,39403622.0,2.76,-0.59,-0.21,1.0,54441899838.2
2017-01-16,35.5,34.21,35.66,33.52,17388,59834393.0,6.0,-4.07,-1.45,1.59,52228193871.700005
2017-01-17,34.21,35.24,35.27,33.42,15416,53178981.0,5.41,3.01,1.03,1.41,53800688454.8
2017-01-18,34.9,34.0,34.9,34.0,12501,43095172.0,2.55,-3.52,-1.24,1.14,51907588180.0
2017-01-19,34.0,33.98,34.37,33.7,6066,20656002.0,1.97,-0.06,-0.02,0.56,51877054304.6
2017-01-20,33.98,34.78,35.17,33.9,10074,34976497.0,3.74,2.35,0.8,0.92,53098409320.6
2017-01-23,34.7,35.98,35.98,34.54,17233,61194102.0,4.14,3.45,1.2,1.58,54930441844.6
2017-01-24,35.99,37.0,37.79,35.3,18905,68760645.0,6.92,2.83,1.02,1.73,56487669490.0
2017-01-25,36.99,36.88,40.69,36.14,27229,101615126.0,12.3,-0.32,-0.12,2.49,56304466237.600006
2017-01-26,38.0,36.55,38.0,36.38,12893,47420185.0,4.39,-0.89,-0.33,1.18,55800657293.49999
2017-02-03,36.74,35.8,36.74,35.61,8085,29078686.0,3.09,-2.05,-0.75,0.74,54655636965.99999
2017-02-06,35.79,36.66,36.99,35.79,10938,39941020.0,3.35,2.4,0.86,1.0,55968593608.2
2017-02-07,37.0,36.1,37.0,36.03,8629,31331654.0,2.65,-1.53,-0.56,0.79,55113645097.0
2017-02-08,36.1,36.77,36.82,36.1,9603,35061472.0,1.99,1.86,0.67,0.88,56136529922.9
2017-02-09,36.49,36.7,36.86,36.49,12441,45597737.0,1.01,-0.19,-0.07,1.14,56029661359.00001
2017-02-10,36.7,35.9,36.7,35.85,15675,56793385.0,2.32,-2.18,-0.8,1.44,54808306343.0
2017-02-13,35.52,35.5,36.23,35.41,19477,69651549.0,2.28,-1.11,-0.4,1.78,54197628835.0
2017-02-14,35.79,35.42,35.8,35.0,12651,44533940.0,2.25,-0.23,-0.08,1.16,54075493333.4
2017-02-15,35.31,35.13,35.54,35.05,8759,30943682.0,1.38,-0.82,-0.29,0.8,53632752140.100006
2017-02-16,35.13,34.82,35.13,34.48,13980,48561263.0,1.85,-0.88,-0.31,1.28,53159477071.4
2017-02-17,34.61,34.54,35.29,34.4,10612,36867089.0,2.56,-0.8,-0.28,0.97,52732002815.799995
2017-02-20,34.55,35.18,35.19,34.3,10269,35700957.0,2.58,1.85,0.64,0.94,53709086828.6
2017-02-21,35.24,35.67,35.89,34.86,17802,63227806.0,2.93,1.39,0.49,1.63,54457166775.9
2017-02-22,35.6,35.47,35.88,35.18,8262,29286615.0,1.96,-0.56,-0.2,0.76,54151828021.9
2017-02-23,35.7,36.0,36.29,35.32,19221,69200939.0,2.73,1.49,0.53,1.76,54960975720.0
2017-02-24,35.9,35.94,36.09,35.7,10744,38600589.0,1.08,-0.17,-0.06,0.98,54869374093.799995
2017-02-27,35.94,35.11,36.0,35.0,13339,47365895.0,2.78,-2.31,-0.83,1.22,53602218264.7
2017-02-28,35.16,35.24,35.49,34.86,10188,35783734.0,1.79,0.37,0.13,0.93,53800688454.8
2017-03-01,35.23,35.24,35.52,34.97,10592,37397663.0,1.56,0.0,0.0,0.97,53800688454.8
2017-03-02,35.24,35.82,36.2,35.24,22093,79086180.0,2.72,1.65,0.58,2.02,54686170841.4
2017-03-03,35.61,36.0,36.14,35.6,15438,55409310.0,1.51,0.5,0.18,1.41,54960975720.0
2017-03-06,35.98,36.72,36.77,35.75,21699,79129701.0,2.83,2.0,0.72,1.99,56060195234.4
2017-03-07,36.52,36.56,36.65,35.88,20589,74719375.0,2.1,-0.44,-0.16,1.88,55815924231.200005
2017-03-08,36.5,36.1,36.55,36.1,21396,77488909.0,1.23,-1.26,-0.46,1.96,55113645097.0
2017-03-09,36.25,35.85,36.45,35.6,12525,45113193.0,2.35,-0.69,-0.25,1.06,54731971654.5
2017-03-10,35.85,35.8,36.28,35.69,9374,33637351.0,1.65,-0.14,-0.05,0.79,54655636965.99999
2017-03-13,35.52,35.56,35.83,35.12,19170,67848942.0,1.98,-0.67,-0.24,1.61,54289230461.200005
2017-03-14,35.81,35.15,35.91,35.15,18643,66007515.0,2.14,-1.15,-0.41,1.57,53663286015.5
2017-03-15,35.16,35.13,35.38,34.8,11488,40250051.0,1.65,-0.06,-0.02,0.97,53632752140.100006
2017-03-16,35.15,35.4,35.53,35.0,14043,49597596.0,1.51,0.77,0.27,1.18,54044959458.0
2017-03-17,35.48,35.12,35.84,35.12,15577,55295729.0,2.03,-0.79,-0.28,1.31,53617485202.399994
2017-03-20,35.06,35.64,35.75,34.6,18166,63735595.0,3.27,1.48,0.52,1.53,54411365962.8
2017-03-21,35.4,35.24,35.48,35.07,10273,36210772.0,1.15,-1.12,-0.4,0.87,53800688454.8
2017-03-22,35.0,34.77,35.11,34.66,10232,35670303.0,1.28,-1.33,-0.47,0.86,53083142382.9
2017-03-23,34.68,35.08,35.3,34.5,9758,34098858.0,2.3,0.89,0.31,0.82,53556417451.6
2017-03-24,35.05,35.2,35.38,34.71,9615,33828795.0,1.91,0.34,0.12,0.81,53739620704.00001
2017-03-27,35.49,34.68,35.49,34.68,15653,55030880.0,2.3,-1.48,-0.52,1.32,52945739943.6
2017-03-28,35.3,35.84,37.09,34.9,39475,142604467.0,6.31,3.34,1.16,3.33,54716704716.8
2017-03-29,35.88,36.45,36.78,35.3,39158,142145809.0,4.13,1.7,0.61,3.3,55647987916.50001
2017-03-30,36.45,34.35,36.45,34.27,38189,134605302.0,5.98,-5.76,-2.1,3.22,52441930999.5
2017-03-31,34.39,33.75,34.43,33.18,27716,93476802.0,3.64,-1.75,-0.6,2.33,51525914737.5
2017-04-05,33.8,34.58,34.76,33.43,17326,59293201.0,3.94,2.46,0.83,1.46,52793070566.6
2017-04-06,34.7,34.15,35.0,34.06,14640,50130250.0,2.72,-1.24,-0.43,1.23,52136592245.5
2017-04-07,34.14,34.13,34.5,34.01,8340,28554021.0,1.43,-0.06,-0.02,0.7,52106058370.100006
2017-04-10,34.23,32.8,34.44,32.66,21395,71478862.0,5.22,-3.9,-1.33,1.8,50075555655.99999
2017-04-11,32.8,33.25,33.5,32.53,11176,36858620.0,2.96,1.37,0.45,0.94,50762567852.5
2017-04-12,33.33,32.71,33.4,32.7,9490,31235501.0,2.11,-1.62,-0.54,0.8,49938153216.700005
2017-04-13,32.72,32.64,33.49,32.5,13247,43593670.0,3.03,-0.21,-0.07,1.12,49831284652.8
2017-04-14,32.9,32.18,32.9,32.16,9901,32107327.0,2.27,-1.41,-0.46,0.83,49129005518.6
2017-04-17,32.18,31.96,32.4,31.76,8348,26777760.0,1.99,-0.68,-0.22,0.7,48793132889.200005
2017-04-18,31.9,31.1,32.2,31.09,8647,27375547.0,3.47,-2.69,-0.86,0.73,47480176247.0
2017-04-19,31.04,30.26,31.15,29.8,13763,41493701.0,4.34,-2.7,-0.84,1.16,46197753480.200005
2017-04-20,30.49,29.58,30.49,29.36,11480,34121870.0,3.73,-2.25,-0.68,0.97,45159601716.6
2017-04-21,29.58,29.92,30.09,29.58,10299,30722204.0,1.72,1.15,0.34,0.87,45678677598.4
2017-04-24,29.81,28.52,29.99,28.5,10694,30916333.0,4.98,-4.68,-1.4,0.9,43541306320.4
2017-04-25,28.15,29.35,29.85,28.15,12205,35751038.0,5.96,2.91,0.83,1.03,44808462149.5
2017-04-26,29.79,29.52,29.8,29.01,6933,20486709.0,2.69,0.58,0.17,0.58,45068000090.4
2017-04-27,29.7,29.95,30.13,29.12,9472,28088356.0,3.42,1.46,0.43,0.8,45724478411.5
2017-04-28,29.96,30.01,30.19,29.71,6191,18508982.0,1.6,0.2,0.06,0.52,45816080037.700005
2017-05-02,29.81,31.47,31.97,29.81,18722,58540025.0,7.2,4.87,1.46,1.58,48045052941.9
2017-05-03,31.2,30.82,31.48,30.69,9489,29425592.0,2.51,-2.07,-0.65,0.8,47052701991.4
2017-05-04,30.7,30.59,31.07,30.35,8700,26756408.0,2.34,-0.75,-0.23,0.73,46701562424.3
2017-05-05,32.0,31.65,33.36,31.58,28190,91094976.0,5.82,3.47,1.06,2.37,48319857820.5
2017-05-08,31.62,30.88,31.89,30.68,15539,48843640.0,3.82,-2.43,-0.77,1.31,47144303617.6
2017-05-09,30.81,31.2,31.5,30.4,10099,31421404.0,3.56,1.04,0.32,0.79,47632845624.0
2017-05-10,31.32,30.31,31.65,30.14,11696,36167968.0,4.84,-2.85,-0.89,0.92,46274088168.7
2017-05-11,30.05,29.62,30.26,28.59,11809,34619959.0,5.51,-2.28,-0.69,0.93,45220669467.4
2017-05-12,29.61,29.15,29.74,28.88,8638,25170902.0,2.9,-1.59,-0.47,0.68,44503123395.5
2017-05-15,29.11,30.37,31.5,29.11,13987,42456307.0,8.2,4.19,1.22,1.1,46365689794.9
2017-05-16,30.33,30.76,30.87,29.61,12383,37334275.0,4.15,1.28,0.39,0.97,46961100365.200005
2017-05-17,30.7,30.56,31.2,30.54,11147,34329573.0,2.15,-0.65,-0.2,0.94,46655761611.2
2017-05-18,30.49,30.93,31.57,29.98,14898,46356650.0,5.2,1.21,0.37,1.25,47220638306.1
2017-05-19,30.96,31.4,31.7,30.7,12303,38413867.0,3.23,1.52,0.47,1.03,47938184378.0
2017-05-22,31.49,30.7,31.49,30.64,10918,33755074.0,2.71,-2.23,-0.7,0.92,46869498739.0
2017-05-23,30.4,29.26,30.75,29.24,11169,33134375.0,4.92,-4.69,-1.44,0.94,44671059710.200005
2017-05-24,29.17,29.4,29.68,28.7,11306,32993323.0,3.35,0.48,0.14,0.95,44884796838.0
2017-05-25,29.5,29.36,29.67,28.71,8819,25723817.0,3.27,-0.14,-0.04,0.74,44823729087.2
2017-05-26,29.3,29.37,29.62,29.17,5526,16234582.0,1.53,0.03,0.01,0.46,44838996024.9
2017-05-31,29.79,29.33,29.99,29.2,7581,22531978.0,2.69,-0.14,-0.04,0.64,44777928274.1
2017-06-01,29.07,28.02,29.29,27.9,12964,36805792.0,4.74,-4.47,-1.31,1.09,42777959435.4
2017-06-02,27.83,28.4,28.7,27.6,7887,22130542.0,3.93,1.36,0.38,0.66,43358103068.0
2017-06-05,28.65,28.53,28.86,28.3,7782,22251230.0,1.97,0.46,0.13,0.65,43556573258.1
2017-06-06,28.53,28.67,28.74,28.3,7812,22362971.0,1.54,0.49,0.14,0.66,43770310385.9
2017-06-07,28.57,29.41,29.52,28.57,12570,36739766.0,3.31,2.58,0.74,1.06,44900063775.7
2017-06-08,29.5,30.31,30.73,29.31,19678,59589663.0,4.83,3.06,0.9,1.65,46274088168.7
2017-06-09,30.16,31.35,31.37,30.05,21586,66381149.0,4.35,3.43,1.04,1.81,47861849689.5
2017-06-12,30.92,30.7,31.85,30.38,18739,58495119.0,4.69,-2.07,-0.65,1.57,46869498739.0
2017-06-13,30.48,32.44,32.44,30.48,25216,80004239.0,6.38,5.67,1.74,2.12,49525945898.799995
2017-06-14,32.0,31.91,32.55,31.73,11215,35917664.0,2.53,-1.63,-0.53,0.94,48716798200.7
2017-06-15,31.75,32.05,32.45,31.55,11412,36663760.0,2.82,0.44,0.14,0.96,48930535328.49999
2017-06-16,32.01,31.36,32.75,31.28,10802,34136186.0,4.59,-2.15,-0.69,0.91,47877116627.2
2017-06-19,31.99,31.64,31.99,31.1,6899,21679522.0,2.84,0.89,0.28,0.58,48304590882.8
2017-06-20,31.66,31.61,31.97,31.5,10117,32133268.0,1.49,-0.09,-0.03,0.85,48258790069.7
2017-06-21,31.58,32.4,32.42,31.52,19221,61797737.0,2.85,2.5,0.79,1.61,49464878148.0
2017-06-22,32.3,30.58,32.38,30.55,15255,47988719.0,5.65,-5.62,-1.82,1.28,46686295486.6
2017-06-23,31.19,30.91,31.2,30.5,6711,20649919.0,2.29,1.08,0.33,0.56,47190104430.7
2017-06-26,30.98,31.38,31.49,30.65,7734,24140508.0,2.72,1.52,0.47,0.65,47907650502.6
2017-06-27,31.45,31.18,31.58,30.88,5957,18571908.0,2.23,-0.64,-0.2,0.5,47602311748.6
2017-06-28,31.17,30.95,31.27,30.84,5362,16635362.0,1.38,-0.74,-0.23,0.45,47251172181.5
2017-06-29,30.83,30.94,31.25,30.81,5467,16979860.0,1.42,-0.03,-0.01,0.46,47235905243.8
2017-06-30,30.64,30.38,30.9,30.1,8326,25294039.0,2.59,-1.81,-0.56,0.65,46380956732.6
2017-07-03,30.64,30.69,30.7,30.0,9992,30349567.0,2.3,1.02,0.31,0.78,46854231801.3
2017-07-04,30.62,30.85,30.88,30.46,8866,27214291.0,1.37,0.52,0.16,0.69,47098502804.5
2017-07-05,30.74,31.78,31.78,30.74,15122,47763531.0,3.37,3.01,0.93,1.18,48518328010.6
2017-07-06,31.78,31.54,31.99,31.34,10689,33830558.0,2.05,-0.76,-0.24,0.84,48151921505.799995
2017-07-07,31.9,31.58,31.99,31.41,11897,37767232.0,1.84,0.13,0.04,0.93,48212989256.6
2017-07-10,31.78,30.9,31.79,30.7,14579,45109734.0,3.45,-2.15,-0.68,1.14,47174837493.0
2017-07-11,30.75,30.99,31.3,30.65,12217,37795691.0,2.1,0.29,0.09,0.96,47312239932.299995
2017-07-12,30.79,30.69,31.06,30.05,10294,31349545.0,3.26,-0.97,-0.3,0.81,46854231801.3
2017-07-13,30.69,30.34,30.71,30.18,9415,28578006.0,1.73,-1.14,-0.35,0.74,46319888981.8
2017-07-14,30.45,30.71,30.75,30.22,9888,30204009.0,1.75,1.22,0.37,0.77,46884765676.700005
2017-07-17,30.29,27.85,30.29,27.64,24056,68299432.0,8.63,-9.31,-2.86,1.88,42518421494.5
2017-07-18,27.87,27.96,28.2,27.31,9058,25160303.0,3.2,0.39,0.11,0.71,42686357809.200005
2017-07-19,28.05,27.41,28.05,27.28,16397,44994905.0,2.75,-1.97,-0.55,1.28,41846676235.7
2017-07-20,27.41,27.54,27.77,27.41,9190,25371208.0,1.31,0.47,0.13,0.72,42045146425.799995
2017-07-21,27.48,27.35,27.68,27.34,7239,19884887.0,1.23,-0.69,-0.19,0.57,41755074609.5
2017-07-24,27.26,27.53,27.54,26.9,9889,26929161.0,2.34,0.66,0.18,0.77,42029879488.1
2017-07-25,27.5,27.46,27.61,27.3,6099,16752140.0,1.13,-0.25,-0.07,0.48,41923010924.200005
2017-07-26,27.6,27.33,27.77,27.31,4965,13644711.0,1.68,-0.47,-0.13,0.39,41724540734.1
2017-07-27,27.36,29.09,29.48,27.01,22663,64638503.0,9.04,6.44,1.76,1.77,44411521769.3
2017-07-28,28.87,28.46,28.98,28.36,12925,37047057.0,2.13,-2.17,-0.63,1.01,43449704694.200005
2017-07-31,28.39,28.58,28.77,28.01,8390,23899653.0,2.67,0.42,0.12,0.66,43632907946.6
2017-08-01,28.59,28.6,28.88,28.36,7053,20150954.0,1.82,0.07,0.02,0.55,43663441822.0
2017-08-02,28.88,28.3,28.88,28.28,8129,23243079.0,2.1,-1.05,-0.3,0.64,43205433691.0
2017-08-03,28.3,28.8,29.39,28.08,11097,32099529.0,4.63,1.77,0.5,0.87,43968780576.0
2017-08-04,28.73,28.55,28.94,28.55,6218,17892952.0,1.35,-0.87,-0.25,0.49,43587107133.5
2017-08-07,28.56,28.72,29.34,28.56,6252,18110267.0,2.73,0.6,0.17,0.49,43846645074.4
2017-08-08,28.56,29.2,29.2,28.15,10899,31529796.0,3.66,1.67,0.48,0.85,44579458084.0
2017-08-09,29.0,29.11,29.5,28.9,8278,24128542.0,2.05,-0.31,-0.09,0.65,44442055644.7
2017-08-10,28.8,28.8,29.14,28.66,9218,26565889.0,1.65,-1.06,-0.31,0.72,43968780576.0
2017-08-11,28.53,28.17,28.7,28.08,8911,25234306.0,2.15,-2.19,-0.63,0.7,43006963500.9
2017-08-14,28.17,29.0,29.28,28.17,12555,36267980.0,3.94,2.95,0.83,0.98,44274119330.0
2017-08-15,29.2,29.23,29.65,28.75,11872,34688384.0,3.1,0.79,0.23,0.93,44625258897.1
2017-08-16,29.44,30.04,30.16,28.83,21818,64668642.0,4.55,2.77,0.81,1.71,45861880850.799995
2017-08-17,30.0,30.32,30.97,29.57,22020,66485479.0,4.66,0.93,0.28,1.72,46289355106.4
2017-08-18,30.03,29.45,30.24,29.41,14111,42047193.0,2.74,-2.87,-0.87,1.1,44961131526.5
2017-08-21,29.51,29.59,29.98,29.51,9846,29249576.0,1.6,0.48,0.14,0.77,45174868654.3
2017-08-22,29.62,29.25,29.88,29.12,9448,27857237.0,2.57,-1.15,-0.34,0.74,44655792772.5
2017-08-23,29.48,29.45,29.75,29.29,7833,23152788.0,1.57,0.68,0.2,0.61,44961131526.5
2017-08-24,29.45,29.06,29.67,29.0,8493,24810285.0,2.28,-1.32,-0.39,0.66,44365720956.2
2017-08-25,29.25,29.4,29.6,29.1,6153,18060210.0,1.72,1.17,0.34,0.48,44884796838.0
2017-08-28,29.58,29.97,30.28,29.58,14230,42780213.0,2.38,1.94,0.57,1.11,45755012286.9
2017-08-29,30.1,29.7,30.18,29.43,10748,31934485.0,2.5,-0.9,-0.27,0.84,45342804969.0
2017-08-30,29.43,29.5,29.93,29.43,8374,24802680.0,1.68,-0.67,-0.2,0.66,45037466215.0
2017-08-31,29.75,29.61,29.77,29.44,8399,24846425.0,1.12,0.37,0.11,0.66,45205402529.7
2017-09-01,29.64,30.37,30.63,29.5,21582,64958078.0,3.82,2.57,0.76,1.69,46365689794.9
2017-09-04,30.29,30.91,31.57,30.24,27256,84456146.0,4.38,1.78,0.54,2.13,47190104430.7
2017-09-05,30.99,30.69,31.27,30.32,15732,48180301.0,3.07,-0.71,-0.22,1.23,46854231801.3
2017-09-06,30.26,31.6,31.77,30.26,27555,85766748.0,4.92,2.97,0.91,2.16,48243523132.0
2017-09-07,31.44,32.3,32.99,31.44,57287,184505595.0,4.91,2.22,0.7,4.48,49312208770.99999
2017-09-08,32.13,32.01,32.29,31.51,28257,90157601.0,2.41,-0.9,-0.29,2.21,48869467577.7
2017-09-11,32.22,31.6,32.22,31.33,21193,67054378.0,2.78,-1.28,-0.41,1.66,48243523132.0
2017-09-12,31.59,31.16,31.79,31.01,18495,57865726.0,2.47,-1.39,-0.44,1.45,47571777873.2
2017-09-13,31.17,31.03,31.4,30.71,11871,36711425.0,2.21,-0.42,-0.13,0.93,47373307683.1
2017-09-14,30.95,30.69,31.16,30.46,13122,40322236.0,2.26,-1.1,-0.34,1.03,46854231801.3
2017-09-15,30.78,30.1,30.88,29.95,15912,48174184.0,3.03,-1.92,-0.59,1.25,45953482477.0
2017-09-18,30.1,30.37,30.46,29.88,11060,33380379.0,1.93,0.9,0.27,0.87,46365689794.9
2017-09-19,30.5,29.76,30.53,29.71,12945,38901221.0,2.7,-2.01,-0.61,1.01,45434406595.200005
2017-09-20,29.77,29.87,30.1,29.72,14422,43109554.0,1.28,0.37,0.11,1.13,45602342909.9
2017-09-21,30.1,29.46,30.48,29.45,18490,55425342.0,3.45,-1.37,-0.41,1.45,44976398464.200005
2017-09-22,29.19,29.12,29.45,28.74,13801,40029923.0,2.41,-1.15,-0.34,1.08,44457322582.4
2017-09-25,29.0,29.12,29.34,28.91,9064,26404862.0,1.48,0.0,0.0,0.71,44457322582.4
2017-09-26,28.9,28.7,29.21,28.41,12027,34495857.0,2.75,-1.44,-0.42,0.94,43816111199.0
2017-10-09,29.09,29.65,29.97,29.09,17072,50473584.0,3.07,3.31,0.95,1.34,45266470280.5
2017-10-10,29.5,30.5,30.5,29.5,21983,66247001.0,3.37,2.87,0.85,1.72,46564159985.0
2017-10-11,31.5,30.25,31.9,30.08,32880,101658459.0,5.97,-0.82,-0.25,2.57,46182486542.5
2017-10-12,29.95,29.74,30.1,29.5,14905,44385829.0,1.98,-1.69,-0.51,1.17,45403872719.799995
2017-10-13,29.82,29.87,30.14,29.6,18920,56525685.0,1.82,0.44,0.13,1.48,45602342909.9
2017-10-16,29.99,28.29,30.0,28.2,30285,87517791.0,6.03,-5.29,-1.58,2.37,43190166753.299995
2017-10-17,28.3,28.37,28.47,28.2,12903,36547226.0,0.95,0.28,0.08,1.01,43312302254.9
2017-10-18,28.59,27.89,28.59,27.88,9737,27452284.0,2.5,-1.69,-0.48,0.76,42579489245.3
2017-10-19,27.91,28.65,29.71,27.86,27700,79701105.0,6.63,2.72,0.76,2.17,43739776510.5
2017-10-20,28.23,28.59,28.68,28.19,9588,27236077.0,1.71,-0.21,-0.06,0.75,43648174884.3
2017-10-23,28.59,28.46,28.8,28.37,10216,29078108.0,1.5,-0.45,-0.13,0.8,43449704694.200005
2017-10-24,28.46,28.16,28.7,27.96,9448,26697465.0,2.6,-1.05,-0.3,0.74,42991696563.2
2017-10-25,28.16,28.46,28.58,28.16,8301,23600676.0,1.49,1.07,0.3,0.65,43449704694.200005
2017-10-26,28.47,28.57,28.68,28.2,10882,30937979.0,1.69,0.39,0.11,0.85,43617641008.9
2017-10-27,28.59,28.32,28.72,28.21,7733,21978376.0,1.79,-0.88,-0.25,0.61,43235967566.4
2017-10-30,28.52,27.15,28.52,27.0,15284,41766768.0,5.37,-4.13,-1.17,1.2,41449735855.5
2017-10-31,27.14,27.22,27.34,27.05,8345,22683031.0,1.07,0.26,0.07,0.65,41556604419.4
2017-11-01,27.28,27.18,27.4,27.0,8742,23830556.0,1.47,-0.15,-0.04,0.68,41495536668.6
2017-11-02,27.07,27.02,27.28,27.01,7760,21053104.0,0.99,-0.59,-0.16,0.61,41251265665.4
2017-11-03,26.9,26.9,27.18,26.5,8631,23157403.0,2.52,-0.44,-0.12,0.68,41068062413.0
2017-11-06,26.9,27.7,28.31,26.6,14773,40474524.0,6.36,2.97,0.8,1.16,42289417429.0
2017-11-07,28.05,28.32,28.98,27.9,28357,80648255.0,3.9,2.24,0.62,2.22,43235967566.4
2017-11-08,28.02,27.79,28.2,27.71,18692,52101013.0,1.73,-1.87,-0.53,1.46,42426819868.299995
2017-11-09,27.66,27.83,27.94,27.54,10468,29070426.0,1.44,0.14,0.04,0.82,42487887619.1
2017-11-10,27.9,27.45,28.05,27.11,11000,30286164.0,3.38,-1.37,-0.38,0.86,41907743986.5
2017-11-13,27.38,27.6,27.71,27.25,11371,31314134.0,1.68,0.55,0.15,0.89,42136748052.0
2017-11-14,27.59,27.13,27.8,26.93,13161,36065639.0,3.15,-1.7,-0.47,1.03,41419201980.1
2017-11-15,27.01,27.17,27.35,26.8,9747,26389491.0,2.03,0.15,0.04,0.76,41480269730.9
2017-11-16,27.0,26.9,27.14,26.8,8816,23772584.0,1.25,-0.99,-0.27,0.69,41068062413.0
2017-11-17,27.0,25.71,27.03,25.26,20233,52375135.0,6.58,-4.42,-1.19,1.58,39251296826.700005
2017-11-20,25.9,25.72,25.9,25.11,8815,22440106.0,3.07,0.04,0.01,0.69,39266563764.4
2017-11-21,25.75,25.72,25.94,25.36,7417,19000529.0,2.26,0.0,0.0,0.58,39266563764.4
2017-11-22,25.66,25.47,25.82,25.4,7323,18735653.0,1.63,-0.97,-0.25,0.57,38884890321.9
2017-11-23,25.51,25.02,25.51,25.0,8655,21842784.0,2.0,-1.77,-0.45,0.68,38197878125.4
2017-11-24,25.03,25.16,25.49,24.8,8294,20971787.0,2.76,0.56,0.14,0.65,38411615253.2
2017-11-27,25.45,24.14,25.45,24.1,9047,22351407.0,5.37,-4.05,-1.02,0.71,36854387607.8
2017-11-28,24.13,24.36,24.57,24.04,8669,21043955.0,2.2,0.91,0.22,0.68,37190260237.2
2017-11-29,24.37,23.86,24.37,23.56,9635,23020228.0,3.33,-2.05,-0.5,0.75,36426913352.2
2017-11-30,24.07,24.35,25.49,23.91,20698,51111935.0,6.62,2.05,0.49,1.62,37174993299.5
2017-12-01,24.03,24.53,24.79,24.03,11374,27875849.0,3.12,0.74,0.18,0.89,37449798178.1
2017-12-04,24.63,24.02,24.63,24.0,7511,18153608.0,2.57,-2.08,-0.51,0.59,36671184355.4
2017-12-05,24.02,23.06,24.06,22.99,10664,24944902.0,4.45,-4.0,-0.96,0.83,35205558336.2
2017-12-06,22.99,23.36,23.4,22.73,7812,18071328.0,2.91,1.3,0.3,0.61,35663566467.2
2017-12-07,23.36,23.22,23.36,23.02,4955,11479171.0,1.46,-0.6,-0.14,0.39,35449829339.4
2017-12-08,23.15,23.62,23.76,23.15,8889,20936629.0,2.63,1.72,0.4,0.7,36060506847.4
2017-12-11,24.5,24.72,24.94,24.34,21985,54255224.0,2.54,4.66,1.1,1.72,37739869994.4
2017-12-12,24.6,23.92,24.6,23.91,15328,37048942.0,2.79,-3.24,-0.8,1.2,36518514978.4
2017-12-13,24.05,24.16,24.28,23.9,8081,19492076.0,1.59,1.0,0.24,0.63,36884921483.2
2017-12-14,24.3,24.0,24.3,23.8,8392,20197596.0,2.07,-0.66,-0.16,0.66,36640650480.0
2017-12-15,24.0,23.76,24.17,23.6,6559,15632739.0,2.38,-1.0,-0.24,0.51,36274243975.200005
2017-12-18,23.71,23.73,24.06,23.5,9179,21839008.0,2.36,-0.13,-0.03,0.72,36228443162.1
2017-12-19,23.68,23.57,23.98,23.45,18235,43253267.0,2.23,-0.67,-0.16,1.43,35984172158.9
2017-12-20,23.58,22.38,23.58,22.23,24945,56454095.0,5.73,-5.05,-1.19,1.95,34167406572.6
2017-12-21,22.22,22.0,22.39,21.62,14240,31358157.0,3.44,-1.7,-0.38,1.11,33587262940.0
2017-12-22,22.0,21.5,22.09,21.5,16091,34983689.0,2.68,-2.27,-0.5,1.26,32823916055.0
2017-12-25,21.6,20.47,21.64,20.42,18410,38516719.0,5.67,-4.79,-1.03,1.44,31251421471.899998
2017-12-26,20.5,20.88,21.0,20.42,14570,30330514.0,2.83,2.0,0.41,1.14,31877365917.6
2017-12-27,20.98,20.99,21.19,20.62,13460,28145376.0,2.73,0.53,0.11,1.05,32045302232.3
2017-12-28,20.8,21.2,21.56,20.52,19605,41735175.0,4.95,1.0,0.21,1.52,32365907924.0
2017-12-29,21.38,21.62,21.68,20.84,12782,27287514.0,3.96,1.98,0.42,0.99,33007119307.4
2018-01-02,23.14,23.78,23.78,23.14,23272,55196951.0,2.96,9.99,2.16,1.8,36304777850.6
2018-01-03,23.8,23.94,24.88,23.79,67690,164416755.0,4.58,0.67,0.16,5.25,36549048853.8
2018-01-04,24.45,23.56,24.45,23.33,35156,83082614.0,4.68,-1.59,-0.38,2.72,35968905221.2
2018-01-05,23.44,23.6,23.95,23.44,20309,48106090.0,2.16,0.17,0.04,1.57,36029972972.0
2018-01-08,23.61,23.6,23.75,23.3,17580,41304468.0,1.91,0.0,0.0,1.36,36029972972.0
2018-01-09,23.78,23.6,23.79,23.34,12162,28593794.0,1.91,0.0,0.0,0.94,36029972972.0
2018-01-10,23.6,24.21,24.38,23.3,24292,57864910.0,4.58,2.58,0.61,1.88,36961256171.700005
2018-01-11,24.3,25.63,26.48,24.11,58750,148382593.0,9.79,5.87,1.42,4.55,39129161325.1
2018-01-12,25.25,25.6,25.97,25.25,25830,65971817.0,2.81,-0.12,-0.03,2.0,39083360512.0
2018-01-15,25.7,23.91,25.76,23.81,28706,70787616.0,7.62,-6.6,-1.69,2.22,36503248040.7
2018-01-16,23.72,24.57,24.67,23.72,19858,48472136.0,3.97,2.76,0.66,1.54,37510865928.9
2018-01-17,24.56,24.21,24.56,23.85,16684,40303823.0,2.89,-1.47,-0.36,1.29,36961256171.700005
2018-01-18,24.18,24.45,24.7,23.81,20694,50032488.0,3.68,0.99,0.24,1.6,37327662676.5
2018-01-19,24.38,25.21,25.45,24.22,22524,56602735.0,5.03,3.11,0.76,1.75,38487949941.700005
2018-01-22,25.47,26.18,26.45,25.22,38757,100673650.0,4.88,3.85,0.97,3.0,39968842898.6
2018-01-23,26.01,26.05,26.33,25.71,21498,55815117.0,2.37,-0.5,-0.13,1.67,39770372708.5
2018-01-24,25.92,25.95,26.18,25.4,22602,58195351.0,2.99,-0.38,-0.1,1.75,39617703331.5
2018-01-25,25.77,25.5,26.26,25.48,20545,52982656.0,3.01,-1.73,-0.45,1.59,38930691135.0
2018-01-26,25.28,26.19,26.49,25.15,27268,70825597.0,5.25,2.71,0.69,2.11,39984109836.3
2018-01-29,26.0,25.55,26.29,25.46,19845,51155774.0,3.17,-2.44,-0.64,1.54,39007025823.5
2018-01-30,25.68,24.97,25.68,24.96,17851,44831618.0,2.82,-2.27,-0.58,1.38,38121543436.9
2018-01-31,24.5,23.63,24.5,23.0,32081,76087040.0,6.01,-5.37,-1.34,2.49,36075773785.1
2018-02-01,23.63,23.01,24.15,22.8,24609,57596318.0,5.71,-2.62,-0.62,1.91,35129223647.700005
2018-02-02,23.11,22.13,23.11,21.52,34938,77460272.0,6.91,-3.82,-0.88,2.71,33785733130.1
2018-02-05,22.15,22.9,23.15,21.8,24152,55072827.0,6.1,3.48,0.77,1.87,34961287333.0
2018-02-06,24.51,25.19,25.19,24.38,102052,255983139.0,3.54,10.0,2.29,7.91,38457416066.3
2018-02-07,26.5,26.0,27.5,24.5,226529,585306736.0,11.91,3.22,0.81,17.55,39694038020.0
2018-02-08,25.4,27.9,28.6,25.27,189540,515738736.0,12.81,7.31,1.9,14.69,42594756183.0
2018-02-09,26.61,26.9,28.33,26.6,157053,432530768.0,6.2,-3.58,-1.0,12.17,41068062413.0
2018-02-12,27.59,29.59,29.59,27.27,122032,348444288.0,8.62,10.0,2.69,9.46,45174868654.3
2018-02-13,30.8,28.86,30.8,28.8,157576,468735408.0,6.76,-2.47,-0.73,12.21,44060382202.2
2018-02-14,28.78,30.01,30.35,28.5,127275,374493872.0,6.41,3.98,1.15,9.86,45816080037.700005
2018-02-22,30.0,32.21,32.67,29.52,151439,467320848.0,10.5,7.33,2.2,11.73,49174806331.700005
2018-02-23,31.52,32.03,32.2,31.21,115115,364999568.0,3.07,-0.56,-0.18,8.92,48900001453.1
2018-02-26,32.21,32.13,32.97,31.7,159811,515728912.0,3.97,0.31,0.1,12.38,49052670830.100006
2018-02-27,31.97,31.83,33.29,31.6,154085,497358048.0,5.26,-0.93,-0.3,11.94,48594662699.1
2018-02-28,30.7,30.15,31.11,29.31,151068,457868736.0,5.66,-5.28,-1.68,11.71,46029817165.5
2018-03-01,30.35,30.86,31.28,30.22,131050,402546848.0,3.52,2.35,0.71,10.15,47113769742.2
2018-03-02,30.26,30.0,31.28,29.8,108099,329917408.0,4.8,-2.79,-0.86,8.38,45800813100.0
2018-03-05,30.23,32.44,32.68,30.2,161958,510834112.0,8.27,8.13,2.44,12.55,49525945898.799995
2018-03-06,32.01,32.39,33.58,31.79,156998,510739376.0,5.52,-0.15,-0.05,12.17,49449611210.3
2018-03-07,32.41,33.9,35.5,32.1,159197,540346304.0,10.5,4.66,1.51,12.29,51754918803.0
2018-03-08,33.59,34.1,34.3,33.0,114429,384472768.0,3.83,0.59,0.2,8.84,52060257557.0
2018-03-09,33.85,34.42,35.0,33.62,121469,416631856.0,4.05,0.94,0.32,9.38,52548799563.4
2018-03-12,34.6,34.29,35.77,34.08,121977,423171584.0,4.91,-0.38,-0.13,9.42,52350329373.299995
2018-03-13,33.91,33.38,34.85,33.31,96962,331202400.0,4.49,-2.65,-0.91,7.49,50961038042.600006
2018-03-14,33.38,32.5,33.75,32.5,85988,285133136.0,3.74,-2.64,-0.88,6.64,49617547525.0
2018-03-15,32.25,33.0,33.22,31.7,88777,288152800.0,4.68,1.54,0.5,6.86,50380894410.0
2018-03-16,32.78,32.49,33.28,32.41,55504,182234440.0,2.64,-1.55,-0.51,4.29,49602280587.3
2018-03-19,32.6,32.79,33.64,31.8,81887,269846896.0,5.66,0.92,0.3,6.32,50060288718.299995
2018-03-20,32.0,31.5,32.28,30.51,103030,323526528.0,5.4,-3.93,-1.29,7.96,48090853755.0
2018-03-21,31.6,30.7,31.98,30.58,98933,310810176.0,4.44,-2.54,-0.8,7.64,46869498739.0
2018-03-22,30.61,30.78,31.55,30.48,77359,239476436.0,3.49,0.26,0.08,5.97,46991634240.6
2018-03-23,29.51,27.98,29.87,27.7,114433,331763248.0,7.05,-9.1,-2.8,8.84,42716891684.6
2018-03-26,28.1,29.59,29.59,27.96,82616,238948009.0,5.83,5.75,1.61,6.38,45174868654.3
2018-03-27,30.24,30.79,31.58,30.11,110654,340441248.0,4.97,4.06,1.2,8.55,47006901178.299995
2018-03-28,30.29,31.64,32.9,30.01,107877,342959104.0,9.39,2.76,0.85,8.33,48304590882.8
2018-03-29,31.33,31.88,32.65,31.33,75426,240681484.0,4.17,0.76,0.24,5.82,48670997387.6
2018-03-30,32.47,33.44,33.77,31.95,113269,373282608.0,5.71,4.89,1.56,8.74,51052639668.799995
2018-04-02,33.51,34.0,34.77,33.08,126403,428713376.0,5.05,1.67,0.56,9.76,51907588180.0
2018-04-03,33.08,33.98,34.56,33.02,92632,311932720.0,4.53,-0.06,-0.02,7.15,51877054304.6
2018-04-04,34.2,32.35,34.26,32.13,89819,295895024.0,6.27,-4.8,-1.63,6.93,49388543459.5
2018-04-09,32.55,33.78,34.11,32.0,96519,320330688.0,6.52,4.42,1.43,7.45,51571715550.6
2018-04-10,33.5,32.46,33.71,32.02,81836,268213978.0,5.0,-3.91,-1.32,6.32,49556479774.200005
2018-04-11,32.78,34.67,35.71,32.6,190984,664518368.0,9.58,6.81,2.21,14.74,52930473005.9
2018-04-12,34.41,34.9,35.55,33.91,168928,588279744.0,4.73,0.66,0.23,13.04,53281612573.0
2018-04-13,36.99,33.93,37.5,33.87,159563,570126240.0,10.4,-2.78,-0.97,12.31,51800719616.1
2018-04-16,33.01,36.07,36.22,33.01,152302,533668752.0,9.46,6.31,2.14,11.75,55067844283.9
2018-04-17,36.07,34.1,36.98,34.06,130538,461121520.0,8.1,-5.46,-1.97,10.07,52060257557.0
2018-04-18,34.6,36.04,36.51,33.3,134256,468419472.0,9.41,5.69,1.94,10.36,55022043470.799995
2018-04-19,35.61,36.61,38.28,35.53,154808,571710432.0,7.63,1.58,0.57,11.95,55892258919.7
2018-04-20,36.09,36.15,37.43,35.06,111416,404078224.0,6.47,-1.26,-0.46,8.6,55189979785.5
2018-04-23,35.99,33.5,36.34,32.54,132952,453387072.0,10.51,-7.33,-2.65,10.26,51144241295.0
2018-04-24,33.51,36.85,36.85,33.01,161199,573924608.0,11.46,10.0,3.35,12.44,56258665424.5
2018-04-25,37.18,38.44,38.48,36.59,181991,684113040.0,5.13,4.31,1.59,14.05,58686108518.799995
2018-04-26,37.55,36.58,37.88,36.32,125427,465580976.0,4.06,-4.84,-1.86,9.68,55846458106.6
2018-04-27,36.8,35.65,36.9,34.7,123673,441541744.0,6.01,-2.54,-0.93,9.54,54426632900.5
2018-05-02,35.5,34.78,35.99,33.95,90691,316720912.0,5.72,-2.44,-0.87,7.0,53098409320.6
2018-05-03,34.5,35.71,35.94,33.4,96716,334861072.0,7.3,2.67,0.93,7.46,54518234526.700005
2018-05-04,35.23,34.48,35.27,34.2,75082,260181114.0,3.0,-3.44,-1.23,5.79,52640401189.6
2018-05-07,34.5,35.9,36.22,34.31,95925,340203296.0,5.54,4.12,1.42,7.4,54808306343.0
2018-05-08,35.8,35.56,35.9,34.78,73708,260653747.0,3.12,-0.95,-0.34,5.69,54289230461.200005
2018-05-09,35.24,35.23,35.89,35.01,59016,209012766.0,2.47,-0.93,-0.33,4.55,53785421517.1
2018-05-10,35.4,34.72,35.4,34.28,64156,223184803.0,3.18,-1.45,-0.51,4.95,53006807694.4
2018-05-11,34.85,33.69,34.87,33.6,55850,189906789.0,3.66,-2.97,-1.03,4.31,51434313111.299995
2018-05-14,33.33,33.28,34.35,32.81,57725,193539957.0,4.57,-1.22,-0.41,4.46,50808368665.6
2018-05-15,33.55,34.58,34.65,33.51,69521,236663204.0,3.43,3.91,1.3,5.37,52793070566.6
2018-05-16,34.17,34.45,35.15,34.16,59513,206595966.0,2.86,-0.38,-0.13,4.59,52594600376.50001
2018-05-17,34.4,33.69,34.75,33.57,45063,153215704.0,3.43,-2.21,-0.76,3.48,51434313111.299995
2018-05-18,33.5,32.55,33.68,31.75,86210,281433008.0,5.73,-3.38,-1.14,6.65,49693882213.49999
2018-05-21,32.72,33.4,33.97,32.3,68416,227751670.0,5.13,2.61,0.85,5.27,50991571918.0
2018-05-22,33.63,33.9,34.56,33.5,75474,256674340.0,3.17,1.5,0.5,4.53,51754918803.0
2018-05-23,33.8,33.99,34.55,33.25,64966,221884590.0,3.83,0.27,0.09,3.9,51892321242.3
2018-05-24,33.97,33.91,34.56,33.81,53566,183333613.0,2.21,-0.24,-0.08,3.22,51770185740.7
2018-05-25,33.46,32.08,33.67,31.98,74691,244069157.0,4.98,-5.4,-1.83,4.49,48976336141.6
2018-05-28,32.08,31.31,32.35,31.14,54999,174258437.0,3.77,-2.4,-0.77,3.3,47800781938.7
2018-05-29,15.64,15.25,16.05,15.02,121276,188751479.0,3.29,-51.29,-16.06,3.64,23282079992.5
2018-05-30,14.9,15.03,15.67,14.62,136652,208763178.0,6.89,-1.44,-0.22,4.1,22946207363.1
2018-05-31,15.26,14.92,15.37,14.45,107440,160025948.0,6.12,-0.73,-0.11,3.23,22778271048.4
2018-06-01,14.8,13.83,14.88,13.57,143063,202367110.0,8.78,-7.31,-1.09,4.3,21114174839.1
2018-06-04,13.92,13.65,14.09,13.18,129374,176139919.0,6.58,-1.3,-0.18,3.89,20839369960.5
2018-06-05,13.74,14.72,14.82,13.69,167031,238758879.0,8.28,7.84,1.07,5.02,22472932294.4
2018-06-06,14.54,14.95,15.1,14.44,158521,235456096.0,4.48,1.56,0.23,4.76,22824071861.5
2018-06-07,14.94,14.58,15.04,14.57,84261,124300683.0,3.14,-2.47,-0.37,2.53,22259195166.6
2018-06-08,14.59,14.97,15.0,14.47,95103,140709838.0,3.64,2.67,0.39,2.86,22854605736.9
2018-06-11,14.78,14.96,15.42,14.67,128697,194029650.0,5.01,-0.07,-0.01,3.87,22839338799.2
2018-06-12,14.89,14.78,15.04,14.26,85441,125343070.0,5.21,-1.2,-0.18,2.57,22564533920.6
2018-06-13,14.75,14.5,15.15,14.47,72985,107631875.0,4.6,-1.89,-0.28,2.19,22137059665.0
2018-06-14,15.75,14.83,15.75,14.83,205758,313668448.0,6.34,2.28,0.33,6.18,22640868609.1
2018-06-15,14.86,14.22,15.23,14.0,129146,187499742.0,8.29,-4.11,-0.61,3.88,21709585409.4
2018-06-19,13.5,12.83,13.84,12.8,124445,164598355.0,7.31,-9.77,-1.39,3.74,19587481069.1
2018-06-20,12.81,13.31,13.4,12.61,100046,130889721.0,6.16,3.74,0.48,3.01,20320294078.7
2018-06-21,13.21,12.83,13.33,12.7,87128,113134178.0,4.73,-3.61,-0.48,2.62,19587481069.1
2018-06-22,12.73,13.36,13.43,12.57,101827,134024015.0,6.7,4.13,0.53,3.06,20396628767.2
2018-06-25,13.43,13.23,13.68,13.2,81986,110305921.0,3.59,-0.97,-0.13,2.46,20198158577.100002
2018-06-26,12.89,13.99,14.18,12.83,112009,153136024.0,10.2,5.74,0.76,3.36,21358445842.3
2018-06-27,13.98,14.68,15.14,13.76,165305,238524504.0,9.86,4.93,0.69,4.97,22411864543.6
2018-06-28,14.52,14.45,14.9,14.43,92165,135101140.0,3.2,-1.57,-0.23,2.77,22060724976.5
2018-06-29,14.5,15.6,15.69,14.23,207730,314577952.0,10.1,7.96,1.15,6.24,23816422812.0
2018-07-02,15.49,15.53,15.94,15.2,138801,216157305.0,4.74,-0.45,-0.07,4.17,23709554248.1
2018-07-03,15.41,17.08,17.08,15.33,248142,405980032.0,11.27,9.98,1.55,7.45,26075929591.6
2018-07-04,16.7,16.43,17.14,16.25,194723,325255984.0,5.21,-3.81,-0.65,5.85,25083578641.1
2018-07-05,16.32,16.33,17.14,15.8,181162,300330640.0,8.16,-0.61,-0.1,5.44,24930909264.1
2018-07-06,16.45,16.43,17.2,16.1,225515,377505552.0,6.74,0.61,0.1,6.77,25083578641.1
2018-07-09,16.22,16.65,16.85,16.11,175072,288364656.0,4.5,1.34,0.22,5.26,25419451270.499996
2018-07-10,16.55,15.87,16.55,15.35,284038,448744688.0,7.21,-4.68,-0.78,8.53,24228630129.899998
2018-07-11,15.43,15.47,15.68,14.99,147173,225974366.0,4.35,-2.52,-0.4,4.42,23617952621.9
2018-07-12,15.4,16.12,16.38,15.4,189262,302270704.0,6.33,4.2,0.65,5.69,24610303572.4
2018-07-13,16.0,15.85,16.26,15.67,127340,202916723.0,3.66,-1.67,-0.27,3.83,24198096254.5
2018-07-16,16.01,16.3,16.48,15.56,174211,280410608.0,5.8,2.84,0.45,5.23,24885108451.0
2018-07-17,16.15,16.3,16.35,15.81,115030,185276283.0,3.31,0.0,0.0,3.46,24885108451.0
2018-07-18,16.31,15.9,16.48,15.9,123603,200718948.0,3.56,-2.45,-0.4,3.71,24274430943.0
2018-07-19,15.88,15.65,16.05,15.36,108050,169553896.0,4.34,-1.57,-0.25,3.25,23892757500.5
2018-07-20,15.55,16.42,16.45,15.51,198950,320515024.0,6.01,4.92,0.77,5.98,25068311703.4
2018-07-23,16.45,16.56,16.77,16.25,192009,316419088.0,3.17,0.85,0.14,5.77,25282048831.199997
2018-07-24,16.49,16.7,16.83,16.18,167845,277917312.0,3.93,0.85,0.14,5.04,25495785959.0
2018-07-25,16.72,16.37,17.03,16.29,173675,288858112.0,4.43,-1.98,-0.33,5.22,24991977014.9
2018-07-26,16.21,15.45,16.27,15.43,169402,266328074.0,5.13,-5.62,-0.92,5.09,23587418746.5
2018-07-27,15.32,14.96,15.48,14.93,106851,161655981.0,3.56,-3.17,-0.49,3.21,22839338799.2
2018-07-30,14.9,14.63,15.09,14.52,76223,112612294.0,3.81,-2.21,-0.33,2.29,22335529855.100002
2018-07-31,14.61,14.49,14.83,14.35,57062,83330674.0,3.28,-0.96,-0.14,1.71,22121792727.3
2018-08-01,14.6,14.43,14.98,14.41,86542,127355846.0,3.93,-0.41,-0.06,2.6,22030191101.1
2018-08-02,14.35,13.98,14.35,13.62,98748,137811212.0,5.06,-3.12,-0.45,2.97,21343178904.600002
2018-08-03,14.08,13.98,14.42,13.93,87460,123734922.0,3.51,0.0,0.0,2.63,21343178904.600002
2018-08-06,13.97,14.24,14.35,13.88,104789,148643494.0,3.36,1.86,0.26,3.15,21740119284.8
2018-08-07,14.33,15.66,15.66,14.31,233643,355469808.0,9.48,9.97,1.42,7.02,23908024438.2
2018-08-08,15.65,15.15,15.87,15.03,191591,296320208.0,5.36,-3.26,-0.51,5.76,23129410615.5
2018-08-09,15.13,16.03,16.55,15.06,251997,400590208.0,9.83,5.81,0.88,7.57,24472901133.100002
2018-08-10,15.88,16.5,16.54,15.81,244182,396241648.0,4.55,2.93,0.47,7.33,25190447205.0
2018-08-13,16.1,17.0,17.32,16.03,265298,444033312.0,7.82,3.03,0.5,7.97,25953794090.0
2018-08-14,16.8,16.48,16.98,16.25,185173,306333248.0,4.29,-3.06,-0.52,5.56,25159913329.600002
2018-08-15,16.56,16.6,17.2,16.32,220811,370021216.0,5.34,0.73,0.12,6.63,25343116582.000004
2018-08-16,16.0,16.57,17.07,15.82,202274,334284448.0,7.53,-0.18,-0.03,6.08,25297315768.9
2018-08-17,16.85,15.9,16.95,15.78,162318,265040643.0,7.06,-4.04,-0.67,4.88,24274430943.0
2018-08-20,16.16,17.05,17.49,15.91,257196,429971456.0,9.94,7.23,1.15,7.73,26030128778.5
2018-08-21,16.9,17.3,17.54,16.8,270707,465614720.0,4.34,1.47,0.25,8.13,26411802221.0
2018-08-22,17.13,16.89,17.35,16.61,174761,295880944.0,4.28,-2.37,-0.41,5.25,25785857775.3
2018-08-23,16.81,17.0,17.47,16.71,192217,330058208.0,4.5,0.65,0.11,5.77,25953794090.0
2018-08-24,16.86,16.45,16.89,16.3,168475,279014224.0,3.47,-3.24,-0.55,5.06,25114112516.5
2018-08-27,16.51,17.36,17.5,16.36,229269,390094480.0,6.93,5.53,0.91,6.89,26503403847.2
2018-08-28,17.21,17.4,17.63,17.12,167663,290634288.0,2.94,0.23,0.04,5.04,26564471597.999996
2018-08-29,17.27,17.32,17.49,16.9,111462,191348956.0,3.39,-0.46,-0.08,3.35,26442336096.4
2018-08-30,17.35,16.76,17.39,16.67,125262,211793017.0,4.16,-3.23,-0.56,3.76,25587387585.2
2018-08-31,16.6,16.55,16.98,16.52,83906,140725494.0,2.74,-1.25,-0.21,2.52,25266781893.5
2018-09-03,16.48,16.95,16.98,15.84,129814,212328097.0,6.89,2.42,0.4,3.9,25877459401.5
2018-09-04,16.75,18.65,18.65,16.75,400853,716641312.0,11.21,10.03,1.7,12.04,28472838810.499996
2018-09-05,18.65,18.56,19.08,18.37,384846,720495488.0,3.81,-0.48,-0.09,11.56,28335436371.199997
2018-09-06,18.63,18.79,19.07,18.36,271722,509040528.0,3.83,1.24,0.23,8.16,28686575938.3
2018-09-07,18.58,17.8,19.06,17.52,308631,563113936.0,8.2,-5.27,-0.99,9.27,27175149106.0
2018-09-10,17.71,17.26,17.94,16.86,217372,378359936.0,6.07,-3.03,-0.54,6.53,26350734470.2
2018-09-11,17.23,17.34,17.67,17.15,128437,223475307.0,3.01,0.46,0.08,3.86,26472869971.8
2018-09-12,17.34,16.94,17.59,16.86,140840,242061550.0,4.21,-2.31,-0.4,4.23,25862192463.800003
2018-09-13,17.18,17.7,17.77,16.66,175916,303618752.0,6.55,4.49,0.76,5.28,27022479729.0
2018-09-14,17.58,17.07,17.69,16.96,146578,253545623.0,4.12,-3.56,-0.63,4.4,26060662653.9
2018-09-17,16.64,17.07,17.33,16.32,95384,160897317.0,5.92,0.0,0.0,2.87,26060662653.9
2018-09-18,16.98,17.62,17.67,16.82,121076,209847607.0,4.98,3.22,0.55,3.64,26900344227.4
2018-09-19,17.41,18.38,19.09,17.41,261430,479289168.0,9.53,4.31,0.76,7.85,28060631492.6
2018-09-20,18.27,18.2,18.44,18.07,108805,198214741.0,2.01,-0.98,-0.18,3.27,27785826614.0
2018-09-21,18.36,18.4,18.56,18.09,132928,243714610.0,2.58,1.1,0.2,3.99,28091165367.999996
2018-09-25,18.22,18.49,18.96,18.21,121119,226134940.0,4.08,0.49,0.09,3.64,28228567807.3
2018-09-26,18.37,18.17,18.53,17.81,158168,285497856.0,3.89,-1.73,-0.32,4.75,27740025800.9
2018-09-27,18.07,17.85,18.28,17.75,97235,174791248.0,2.92,-1.76,-0.32,2.92,27251483794.500004
2018-09-28,17.94,17.55,18.04,17.0,125782,219124281.0,5.83,-1.68,-0.3,3.78,26793475663.5
2018-10-08,16.91,16.75,17.26,16.63,97245,164582768.0,3.59,-4.56,-0.8,2.92,25572120647.5
2018-10-09,16.83,16.35,17.11,16.02,99297,163514286.0,6.51,-2.39,-0.4,2.98,24961443139.500004
2018-10-10,16.56,16.85,17.14,16.36,119882,201756478.0,4.77,3.06,0.5,3.6,25724790024.500004
2018-10-11,16.24,16.2,17.18,15.74,150947,248385503.0,8.55,-3.86,-0.65,4.53,24732439074.0
2018-10-12,16.18,16.94,17.12,16.13,127912,213270363.0,6.11,4.57,0.74,3.84,25862192463.800003
2018-10-15,17.08,16.92,17.4,16.75,126386,216154270.0,3.84,-0.12,-0.02,3.8,25831658588.4
2018-10-16,16.82,16.99,17.38,16.55,119388,202732891.0,4.91,0.41,0.07,3.59,25938527152.3
2018-10-17,17.2,18.01,18.37,16.9,198059,349436480.0,8.65,6.0,1.02,5.95,27495754797.7
2018-10-18,17.88,18.02,18.43,17.62,185614,335519248.0,4.5,0.06,0.01,5.58,27511021735.399998
2018-10-19,17.53,19.48,19.82,17.41,339278,646187600.0,13.37,8.1,1.46,10.19,29739994639.600002
2018-10-22,19.9,20.0,20.84,19.3,397133,789974512.0,7.91,2.67,0.52,11.93,30533875400.0
2018-10-23,19.6,20.09,20.34,19.48,241886,482562480.0,4.3,0.45,0.09,7.27,30671277839.3
2018-10-24,19.74,19.46,20.09,19.0,217217,422719536.0,5.43,-3.14,-0.63,6.52,29709460764.2
2018-10-25,18.65,19.95,20.07,18.42,234586,448588592.0,8.48,2.52,0.49,7.05,30457540711.5
2018-10-26,19.85,19.67,20.08,19.18,185886,366005120.0,4.51,-1.4,-0.28,5.58,30030066455.9
2018-10-29,19.53,18.47,19.53,18.47,156399,296029248.0,5.39,-6.1,-1.2,4.7,28198033931.899998
2018-10-30,18.53,18.39,18.97,17.62,210731,384649024.0,7.31,-0.43,-0.08,6.33,28075898430.3
2018-10-31,18.3,18.44,18.88,17.89,167871,309333520.0,5.38,0.27,0.05,5.04,28152233118.800003
2018-11-01,18.75,18.92,19.55,18.41,222915,423167856.0,6.18,2.6,0.48,6.7,28885046128.4
2018-11-02,19.5,19.25,19.5,18.7,214254,408982704.0,4.23,1.74,0.33,6.44,29388855072.5
2018-11-05,19.01,20.27,20.36,18.91,282705,556660640.0,7.53,5.3,1.02,8.49,30946082717.899998
2018-11-06,20.0,20.4,20.47,19.53,185939,370826864.0,4.64,0.64,0.13,5.59,31144552907.999996
2018-11-07,20.21,19.58,20.65,19.58,213479,428265392.0,5.25,-4.02,-0.82,6.41,29892664016.6
2018-11-08,19.58,19.21,19.76,19.1,140912,273494208.0,3.37,-1.89,-0.37,4.23,29327787321.7
2018-11-09,19.1,19.88,20.43,19.04,228252,455521264.0,7.24,3.49,0.67,6.86,30350672147.6
2018-11-12,19.75,20.87,21.1,19.63,259788,532546448.0,7.39,4.98,0.99,7.8,31862098979.9
2018-11-13,20.44,20.59,21.18,20.41,221840,460120960.0,3.69,-1.34,-0.28,6.66,31434624724.3
2018-11-14,20.15,20.0,20.55,19.91,162588,327765264.0,3.11,-2.87,-0.59,4.88,30533875400.0
2018-11-15,19.99,20.68,20.7,19.7,174466,353716496.0,5.0,3.4,0.68,5.24,31572027163.6
2018-11-16,20.4,20.08,20.64,19.9,183596,371639408.0,3.58,-2.9,-0.6,5.34,30656010901.6
2018-11-19,19.77,19.43,19.92,19.24,162121,315770256.0,3.39,-3.24,-0.65,4.71,29663659951.1
2018-11-20,19.26,19.44,19.79,19.06,127276,248254215.0,3.76,0.05,0.01,3.7,29678926888.800003
2018-11-21,18.31,17.5,18.5,17.5,314650,559459216.0,5.14,-9.98,-1.94,9.15,26717140975.0
2018-11-22,17.4,17.86,18.33,17.4,182830,328233472.0,5.31,2.06,0.36,5.32,27266750732.2
2018-11-23,17.78,17.54,18.05,17.46,115229,204461857.0,3.3,-1.79,-0.32,3.35,26778208725.8
2018-11-26,17.54,17.28,17.76,17.03,104955,182549568.0,4.16,-1.48,-0.26,3.05,26381268345.600002
2018-11-27,17.5,17.72,17.88,17.43,93609,165618343.0,2.6,2.55,0.44,2.72,27053013604.399998
2018-11-28,17.75,17.9,17.98,17.35,93712,166029560.0,3.56,1.02,0.18,2.72,27327818482.999996
2018-11-29,18.05,17.33,18.15,17.2,74516,131428546.0,5.31,-3.18,-0.57,2.17,26457603034.1
2018-11-30,17.1,17.23,17.45,16.51,91742,156157139.0,5.42,-0.58,-0.1,2.67,26304933657.100002
2018-12-03,17.8,17.7,17.98,17.49,100622,178785603.0,2.84,2.73,0.47,2.93,27022479729.0
2018-12-04,17.64,17.81,17.88,17.55,60886,107761157.0,1.86,0.62,0.11,1.77,27190416043.699997
2018-12-05,17.51,17.56,17.85,17.24,63133,110869727.0,3.43,-1.4,-0.25,1.84,26808742601.199997
2018-12-06,17.5,16.48,17.5,16.48,115075,194139089.0,5.81,-6.15,-1.08,3.35,25159913329.600002
2018-12-07,16.51,16.89,17.0,16.16,134527,222575334.0,5.1,2.49,0.41,3.91,25785857775.3
2018-12-10,16.81,17.9,18.0,16.81,174800,309772144.0,7.05,5.98,1.01,5.08,27327818482.999996
2018-12-11,17.76,18.12,18.15,17.76,100335,180349416.0,2.18,1.23,0.22,2.92,27663691112.4
2018-12-12,18.17,17.81,18.17,17.7,59911,107354025.0,2.59,-1.71,-0.31,1.74,27190416043.699997
2018-12-13,17.85,18.17,18.38,17.83,86389,156749931.0,3.09,2.02,0.36,2.51,27740025800.9
2018-12-14,18.13,17.77,18.23,17.61,49481,88481898.0,3.41,-2.2,-0.4,1.44,27129348292.899998
2018-12-17,17.65,17.78,17.95,17.52,50663,89915126.0,2.42,0.06,0.01,1.47,27144615230.600002
2018-12-18,17.57,18.27,18.38,17.55,106828,193950010.0,4.67,2.76,0.49,3.11,27892695177.899998
2018-12-19,18.26,17.67,18.26,17.66,65208,116282667.0,3.28,-3.28,-0.6,1.9,26976678915.9
2018-12-20,17.66,17.33,17.81,17.12,83255,144894380.0,3.9,-1.92,-0.34,2.42,26457603034.1
2018-12-21,17.53,18.47,18.75,17.53,196652,358755536.0,7.04,6.58,1.14,5.72,28198033931.899998
2018-12-24,18.3,18.82,19.05,18.19,146582,272963600.0,4.66,1.89,0.35,4.26,28732376751.4
2018-12-25,18.69,18.99,19.17,18.51,137445,259179255.0,3.51,0.9,0.17,4.0,28991914692.3
2018-12-26,19.25,19.06,19.75,19.0,141195,273002848.0,3.95,0.37,0.07,4.1,29098783256.199997
2018-12-27,19.31,18.93,19.66,18.89,109404,211173057.0,4.04,-0.68,-0.13,3.18,28900313066.1
2018-12-28,19.1,19.15,19.35,18.65,106186,202386347.0,3.7,1.16,0.22,3.09,29236185695.499996
2019-01-02,19.16,19.11,19.6,18.63,90119,172750220.0,5.07,-0.21,-0.04,2.62,29175117944.7
2019-01-03,19.05,18.9,19.45,18.76,80993,154729643.0,3.61,-1.1,-0.21,2.35,28854512252.999996
2019-01-04,18.73,19.62,19.7,18.64,108476,209549850.0,5.61,3.81,0.72,3.13,29953731767.4
2019-01-07,19.7,19.61,19.95,19.3,138740,271335504.0,3.31,-0.05,-0.01,4.0,29938464829.7
2019-01-08,19.48,19.16,19.48,18.85,77222,148182498.0,3.21,-2.29,-0.45,2.23,29251452633.2
2019-01-09,19.12,18.95,19.54,18.92,78255,150769421.0,3.24,-1.1,-0.21,2.26,28930846941.5
2019-01-10,19.0,17.77,19.0,17.69,187069,339656032.0,6.91,-6.23,-1.18,5.4,27129348292.899998
2019-01-11,17.76,18.2,18.25,17.05,180162,318133312.0,6.75,2.42,0.43,5.2,27785826614.0
2019-01-14,18.05,17.69,18.19,17.63,82024,146230412.0,3.08,-2.8,-0.51,2.37,27007212791.300003
2019-01-15,17.64,17.91,18.0,17.56,57878,103059830.0,2.49,1.24,0.22,1.67,27343085420.7
2019-01-16,17.92,18.0,18.52,17.86,95239,173846514.0,3.69,0.5,0.09,2.75,27480487860.0
2019-01-17,17.88,17.65,17.88,17.37,83660,147019806.0,2.83,-1.94,-0.35,2.41,26946145040.499996
2019-01-18,17.52,17.62,17.74,17.17,65852,115158068.0,3.23,-0.17,-0.03,1.9,26900344227.4
2019-01-21,17.7,18.05,18.26,17.67,73090,131961875.0,3.35,2.44,0.43,2.11,27556822548.5
2019-01-22,18.07,17.9,18.2,17.57,64650,115209379.0,3.49,-0.83,-0.15,1.86,27327818482.999996
2019-01-23,17.72,17.69,18.04,17.42,47930,85119894.0,3.46,-1.17,-0.21,1.38,27007212791.300003
2019-01-24,17.75,17.7,18.0,17.46,58952,104576947.0,3.05,0.06,0.01,1.7,27022479729.0
2019-01-25,17.65,17.44,17.7,17.27,62035,108323518.0,2.43,-1.47,-0.26,1.79,26625539348.800003
2019-01-28,17.3,17.21,17.52,17.18,48867,84783548.0,1.95,-1.32,-0.23,1.41,26274399781.7
2019-01-29,17.29,17.48,17.57,16.91,72239,124623874.0,3.83,1.57,0.27,2.08,26686607099.600002
2019-01-30,17.47,17.65,18.16,17.38,90243,161779643.0,4.46,0.97,0.17,2.6,26946145040.499996
2019-01-31,17.65,17.27,17.89,17.11,43390,76080190.0,4.42,-2.15,-0.38,1.25,26366001407.899998
2019-02-01,17.36,18.01,18.12,17.36,74730,133743699.0,4.4,4.28,0.74,2.16,27495754797.7
2019-02-11,18.03,18.98,19.12,17.95,115077,215694770.0,6.5,5.39,0.97,3.32,28976647754.600002
2019-02-12,19.0,19.14,19.19,18.79,71236,135191206.0,2.11,0.84,0.16,2.05,29220918757.8
2019-02-13,19.1,19.26,19.6,18.85,130055,251046699.0,3.92,0.63,0.12,3.75,29404122010.2
2019-02-14,19.2,19.27,19.47,19.1,62746,121044876.0,1.92,0.05,0.01,1.81,29419388947.899998
2019-02-15,19.2,19.1,19.35,19.0,62609,120022970.0,1.82,-0.88,-0.17,1.81,29159851007.000004
2019-02-18,19.2,19.72,19.77,18.86,128499,248714976.0,4.76,3.25,0.62,3.71,30106401144.399998
2019-02-19,19.6,19.6,19.87,19.2,128969,251787100.0,3.4,-0.61,-0.12,3.72,29923197892.000004
2019-02-20,19.56,19.16,19.56,18.9,75793,145298726.0,3.37,-2.24,-0.44,2.19,29251452633.2
2019-02-21,19.2,18.78,19.45,18.71,112991,216242367.0,3.86,-1.98,-0.38,3.26,28671309000.600002
2019-02-22,18.71,19.63,19.63,18.56,108119,208577065.0,5.7,4.53,0.85,3.12,29968998705.1
2019-02-25,19.88,20.99,21.45,19.67,228433,472593120.0,9.07,6.93,1.36,6.59,32045302232.3
2019-02-26,20.94,20.45,21.6,20.39,168233,350879344.0,5.76,-2.57,-0.54,4.85,31220887596.5
2019-02-27,20.4,20.75,21.15,20.21,132554,273495696.0,4.6,1.47,0.3,3.82,31678895727.5
2019-02-28,20.7,20.65,20.97,20.32,96878,199877020.0,3.13,-0.48,-0.1,2.79,31526226350.499996
2019-03-01,20.65,20.28,20.89,19.93,123763,249731610.0,4.65,-1.79,-0.37,3.57,30961349655.600002
2019-03-04,20.48,21.19,21.58,20.28,224759,470591632.0,6.41,4.49,0.91,6.48,32350640986.300003
2019-03-05,21.01,21.59,21.85,20.88,197369,421808848.0,4.58,1.89,0.4,5.69,32961318494.3
2019-03-06,21.7,21.09,21.83,20.6,188975,397106208.0,5.7,-2.32,-0.5,5.45,32197971609.3
2019-03-07,20.9,21.26,21.75,20.7,233817,496927504.0,4.98,0.81,0.17,6.74,32457509550.2
2019-03-08,20.42,20.3,21.5,20.0,192628,399100000.0,7.06,-4.52,-0.96,5.56,30991883531.0
2019-03-11,20.56,21.0,21.11,19.68,185952,380863328.0,7.04,3.45,0.7,5.36,32060569170.0
2019-03-12,21.1,22.0,22.5,21.1,279543,612358544.0,6.67,4.76,1.0,8.06,33587262940.0
2019-03-13,21.74,21.78,23.23,21.47,261353,586027552.0,8.0,-1.0,-0.22,7.54,33251390310.600002
2019-03-14,21.7,20.75,22.09,19.83,174272,362542384.0,10.38,-4.73,-1.03,5.03,31678895727.5
2019-03-15,20.89,20.97,21.65,20.6,165057,348707744.0,5.06,1.06,0.22,4.76,32014768356.899998
2019-03-18,20.97,21.01,21.01,20.21,139630,288033248.0,3.81,0.19,0.04,4.03,32075836107.7
2019-03-19,20.86,21.88,22.19,20.75,193529,417933776.0,6.85,4.14,0.87,5.58,33404059687.6
2019-03-20,21.94,22.5,22.8,20.89,196158,428210208.0,8.73,2.83,0.62,5.66,34350609825.0
2019-03-21,22.49,23.84,24.66,22.1,294130,690603552.0,11.38,5.96,1.34,8.48,36396379476.8
2019-03-22,24.2,23.78,24.4,23.02,236420,559499200.0,5.79,-0.25,-0.06,6.82,36304777850.6
2019-03-25,23.35,24.84,25.98,23.35,259297,649322000.0,11.06,4.46,1.06,7.48,37923073246.8
2019-03-26,25.0,24.69,25.72,24.22,197607,494107952.0,6.04,-0.6,-0.15,5.7,37694069181.3
2019-03-27,24.85,24.22,24.95,23.69,154766,375254528.0,5.1,-1.9,-0.47,4.46,36976523109.4
2019-03-28,24.13,23.62,24.56,23.45,106054,254682797.0,4.58,-2.48,-0.6,3.06,36060506847.4
2019-03-29,23.69,25.1,25.14,23.52,147092,360908064.0,6.86,6.27,1.48,4.24,38320013627.0
2019-04-01,25.36,25.79,26.12,24.81,180085,459673184.0,5.22,2.75,0.69,5.19,39373432328.299995
2019-04-02,25.66,27.1,27.63,25.51,209318,562486784.0,8.22,5.08,1.31,6.04,41373401167.0
2019-04-03,27.0,26.87,28.0,26.54,126195,342606768.0,5.39,-0.85,-0.23,3.64,41022261599.9
2019-04-04,27.05,26.55,27.49,26.25,120058,320364496.0,4.61,-1.19,-0.32,3.46,40533719593.5
2019-04-08,27.03,26.38,27.03,25.67,122434,319464560.0,5.12,-0.64,-0.17,3.53,40274181652.6
2019-04-09,26.0,25.93,26.87,25.61,115330,302311744.0,4.78,-1.71,-0.45,3.33,39587169456.1
2019-04-10,25.67,25.82,26.25,25.31,81603,210418227.0,3.63,-0.42,-0.11,2.35,39419233141.4
2019-04-11,25.83,24.48,25.93,24.43,133782,333486080.0,5.81,-5.19,-1.34,3.86,37373463489.6
2019-04-12,24.6,25.07,25.25,24.33,91415,226857048.0,3.76,2.41,0.59,2.64,38274212813.9
2019-04-15,25.41,24.37,25.47,24.35,88556,220398014.0,4.47,-2.79,-0.7,2.55,37205527174.9
2019-04-16,23.97,24.68,24.76,23.66,106734,257647877.0,4.51,1.27,0.31,3.08,37678802243.6
2019-04-17,24.74,24.22,24.9,24.1,105106,256016804.0,3.24,-1.86,-0.46,3.03,36976523109.4
2019-04-18,24.2,24.18,24.66,24.0,80922,196862868.0,2.73,-0.17,-0.04,2.33,36915455358.6
2019-04-19,24.15,23.77,24.29,23.23,100568,237666063.0,4.38,-1.7,-0.41,2.9,36289510912.9
2019-04-22,23.9,23.17,24.0,23.11,98603,231665923.0,3.74,-2.52,-0.6,2.84,35373494650.9
2019-04-23,23.38,23.35,23.73,23.24,71523,167950532.0,2.11,0.78,0.18,2.06,35648299529.5
2019-04-24,23.65,24.25,24.42,23.02,114428,271414896.0,6.0,3.85,0.9,3.3,37022323922.5
2019-04-25,24.03,23.06,24.15,23.05,76386,179863856.0,4.54,-4.91,-1.19,2.2,35205558336.2
2019-04-26,23.21,23.8,24.18,23.21,93937,223382008.0,4.21,3.21,0.74,2.71,36335311726.0
2019-04-29,23.91,23.88,24.66,23.8,114206,275995024.0,3.61,0.34,0.08,3.29,36457447227.6
2019-04-30,23.8,23.56,24.16,23.33,66497,157558729.0,3.48,-1.34,-0.32,1.92,35968905221.2
2019-05-06,22.01,21.2,22.6,21.2,75911,163998701.0,5.94,-10.02,-2.36,2.19,32365907924.0
2019-05-07,21.2,20.89,21.37,20.5,72911,152502718.0,4.1,-1.46,-0.31,2.1,31892632855.3
2019-05-08,20.41,21.01,21.48,20.3,53958,113698806.0,5.65,0.57,0.12,1.56,32075836107.7
2019-05-09,21.0,21.2,21.6,20.81,55802,118655633.0,3.76,0.9,0.19,1.59,32365907924.0
2019-05-10,21.35,22.57,22.87,21.3,105822,233094707.0,7.41,6.46,1.37,3.01,34457478388.9
2019-05-13,22.19,22.61,23.06,22.08,58089,131621673.0,4.34,0.18,0.04,1.65,34518546139.7
2019-05-14,22.3,22.04,22.75,22.0,59220,131894463.0,3.32,-2.52,-0.57,1.69,33648330690.8
2019-05-15,22.25,22.2,22.58,22.0,57732,128510427.0,2.63,0.73,0.16,1.64,33892601694.0
2019-05-16,22.22,21.8,22.23,21.6,67456,147139099.0,2.84,-1.8,-0.4,1.92,33281924186.0
2019-05-17,21.78,20.8,22.14,20.8,72049,154438457.0,6.15,-4.59,-1.0,2.05,31755230416.0
2019-05-20,20.57,21.05,21.3,20.49,62874,131356186.0,3.89,1.2,0.25,1.79,32136903858.5
2019-05-21,21.29,21.24,21.41,20.54,66071,138941045.0,4.13,0.9,0.19,1.88,32426975674.8
2019-05-22,21.18,21.43,21.8,20.95,58557,125251224.0,4.0,0.89,0.19,1.67,32717047491.1
2019-05-23,21.42,20.2,21.5,20.1,65442,136026779.0,6.53,-5.74,-1.23,1.86,30839214154.0
2019-05-24,20.06,20.67,20.85,20.06,68480,140863360.0,3.91,2.33,0.47,1.95,31556760225.9
2019-05-27,20.63,21.3,21.45,20.45,62791,132905263.0,4.84,3.05,0.63,1.79,32518577301.0
2019-05-28,21.3,21.15,21.68,21.1,56955,121803032.0,2.72,-0.7,-0.15,1.62,32289573235.499996
2019-05-29,21.02,20.91,21.3,20.84,44472,93532387.0,2.17,-1.13,-0.24,1.27,31923166730.7
2019-05-30,20.78,20.35,20.84,19.93,60707,123184304.0,4.35,-2.68,-0.56,1.73,31068218219.500004
2019-05-31,20.36,20.1,20.52,19.85,53790,108481561.0,3.29,-1.23,-0.25,1.53,30686544777.000004
2019-06-03,20.1,19.79,20.34,19.7,45207,90182120.0,3.18,-1.54,-0.31,1.29,30213269708.3
2019-06-04,19.8,19.42,20.08,19.11,53964,105864622.0,4.9,-1.87,-0.37,1.54,29648393013.4
2019-06-05,19.8,19.62,19.88,19.47,52077,102560412.0,2.11,1.03,0.2,1.48,29953731767.4
2019-06-06,19.69,19.93,20.27,19.2,62238,124121629.0,5.45,1.58,0.31,1.77,30427006836.1
2019-06-10,20.03,20.05,20.25,19.57,43628,87210256.0,3.41,0.6,0.12,1.24,30610210088.5
2019-06-11,20.0,21.2,21.25,19.85,94417,196654299.0,6.98,5.74,1.15,2.69,32365907924.0
2019-06-12,21.15,21.33,21.52,21.02,53229,113293408.0,2.36,0.61,0.13,1.51,32564378114.1
2019-06-13,20.87,21.39,21.86,20.78,83944,180026766.0,5.06,0.28,0.06,2.39,32655979740.3
2019-06-14,21.39,21.4,21.74,21.07,50122,106926756.0,3.13,0.05,0.01,1.43,32671246677.999996
2019-06-17,21.6,21.2,21.6,20.79,42406,89725532.0,3.79,-0.93,-0.2,1.21,32365907924.0
2019-06-18,21.18,21.28,21.58,21.0,28844,61371534.0,2.74,0.38,0.08,0.82,32488043425.600002
2019-06-19,21.77,21.65,22.26,21.6,70096,154056194.0,3.1,1.74,0.37,1.99,33052920120.499996
2019-06-20,21.6,22.44,22.47,21.5,65028,143990294.0,4.48,3.65,0.79,1.85,34259008198.800003
2019-06-21,22.66,22.99,23.19,22.66,77922,178570378.0,2.36,2.45,0.55,2.22,35098689772.299995
2019-06-24,22.8,22.89,23.38,22.5,45591,104722965.0,3.83,-0.43,-0.1,1.3,34946020395.3
2019-06-25,15.28,15.33,15.39,14.69,81634,122743429.0,3.06,-33.03,-7.56,1.55,23404215494.1
2019-06-26,15.15,15.08,15.28,15.0,64619,97682120.0,1.83,-1.63,-0.25,1.23,23022542051.6
2019-06-27,15.29,15.41,15.6,15.0,85790,131161947.0,3.98,2.19,0.33,1.63,23526350995.7
2019-06-28,15.39,14.95,15.39,14.87,65981,99124992.0,3.37,-2.99,-0.46,1.25,22824071861.5
2019-07-01,15.35,15.18,15.88,15.05,144738,222804412.0,5.55,1.54,0.23,2.75,23175211428.6
2019-07-02,15.2,15.72,15.76,15.08,138122,213348304.0,4.48,3.56,0.54,2.62,23999626064.4
2019-07-03,15.6,15.62,16.26,15.46,130540,206114839.0,5.09,-0.64,-0.1,2.48,23846956687.399998
2019-07-04,15.89,15.46,15.89,15.14,81085,124613064.0,4.8,-1.02,-0.16,1.54,23602685684.2
2019-07-05,15.33,15.4,15.53,15.23,50079,77243091.0,1.94,-0.39,-0.06,0.95,23511084058.0
2019-07-08,15.44,14.82,15.45,14.63,88497,131948480.0,5.32,-3.77,-0.58,1.68,22625601671.4
2019-07-09,15.0,14.83,15.34,14.67,119431,178907051.0,4.52,0.07,0.01,2.26,22640868609.1
2019-07-10,15.03,14.9,15.1,14.72,81216,121515299.0,2.56,0.47,0.07,1.54,22747737173.0
2019-07-11,15.04,14.64,15.07,14.39,97021,143264889.0,4.56,-1.74,-0.26,1.84,22350796792.8
2019-07-12,14.77,14.72,15.14,14.55,125795,186828956.0,4.03,0.55,0.08,2.38,22472932294.4
2019-07-15,14.81,15.57,15.79,14.41,221723,339154256.0,9.38,5.77,0.85,4.2,23770621998.9
2019-07-16,15.65,15.69,16.0,15.53,143488,225441199.0,3.02,0.77,0.12,2.72,23953825251.3
2019-07-17,15.55,15.47,15.85,15.35,125464,195056569.0,3.19,-1.4,-0.22,2.38,23617952621.9
2019-07-18,15.35,14.97,15.38,14.97,85937,130126405.0,2.65,-3.23,-0.5,1.63,22854605736.9
2019-07-19,15.08,14.78,15.11,14.72,106376,158578482.0,2.61,-1.27,-0.19,2.02,22564533920.6
2019-07-22,14.88,13.97,14.88,13.94,155077,219987748.0,6.36,-5.48,-0.81,2.94,21327911966.9
2019-07-23,13.92,14.11,14.16,13.86,115846,162349123.0,2.15,1.0,0.14,2.19,21541649094.7
2019-07-24,14.11,14.48,14.66,14.11,89320,129203016.0,3.9,2.62,0.37,1.69,22106525789.600002
2019-07-25,14.58,14.46,14.65,14.35,61948,89669851.0,2.07,-0.14,-0.02,1.17,22075991914.2
2019-07-26,14.5,14.2,14.5,14.06,107820,153045223.0,3.04,-1.8,-0.26,2.04,21679051534.0
2019-07-29,14.19,14.09,14.27,13.88,97200,136405575.0,2.75,-0.77,-0.11,1.78,21511115219.3
2019-07-30,14.12,14.64,14.81,14.07,144416,209987413.0,5.25,3.9,0.55,2.65,22350796792.8
2019-07-31,14.7,14.47,14.7,14.43,67052,97391698.0,1.84,-1.16,-0.17,1.23,22091258851.9
2019-08-01,14.4,14.85,15.04,14.3,139236,206210509.0,5.11,2.63,0.38,2.55,22671402484.5
2019-08-02,14.32,15.09,15.16,14.32,150064,223492322.0,5.66,1.62,0.24,2.75,23037808989.3
2019-08-05,15.02,15.26,15.53,14.88,197709,302499024.0,4.31,1.13,0.17,3.62,23297346930.2
2019-08-06,14.96,15.37,15.4,14.5,142360,213235225.0,5.9,0.72,0.11,2.61,23465283244.899998
2019-08-07,15.42,15.03,15.58,15.0,127339,195067065.0,3.77,-2.21,-0.34,2.33,22946207363.1
2019-08-08,15.05,15.03,15.37,14.89,95952,144789458.0,3.19,0.0,0.0,1.76,22946207363.1
2019-08-09,15.12,14.58,15.19,14.47,113158,166947607.0,4.79,-2.99,-0.45,2.07,22259195166.6
2019-08-12,14.67,14.97,14.99,14.5,91556,134931589.0,3.36,2.67,0.39,1.68,22854605736.9
2019-08-13,14.8,14.32,14.8,14.11,163363,234563699.0,4.61,-4.34,-0.65,2.99,21862254786.4
2019-08-14,14.54,14.39,14.6,14.29,96325,138970216.0,2.16,0.49,0.07,1.77,21969123350.3
2019-08-15,13.93,14.79,14.85,13.91,125550,181522058.0,6.53,2.78,0.4,2.3,22579800858.3
2019-08-16,14.7,15.03,15.12,14.63,141548,211262784.0,3.31,1.62,0.24,2.59,22946207363.1
2019-08-19,15.15,15.51,15.83,15.1,232262,361716576.0,4.86,3.19,0.48,4.26,23679020372.7
2019-08-20,15.6,15.58,15.88,15.48,170874,267723837.0,2.58,0.45,0.07,3.13,23785888936.6
2019-08-21,15.69,15.68,15.86,15.42,140645,220026660.0,2.82,0.64,0.1,2.58,23938558313.6
2019-08-22,15.83,15.87,16.03,15.64,158637,251327527.0,2.49,1.21,0.19,2.91,24228630129.899998
2019-08-23,15.88,15.49,15.92,15.28,180821,280834816.0,4.03,-2.39,-0.38,3.31,23648486497.3
2019-08-26,15.16,15.61,15.81,15.16,147647,230128604.0,4.2,0.77,0.12,2.71,23831689749.7
2019-08-27,15.78,16.59,16.75,15.75,270748,443336368.0,6.41,6.28,0.98,4.96,25327849644.3
2019-08-28,16.7,16.53,16.82,16.36,163802,271336640.0,2.77,-0.36,-0.06,3.0,25236248018.100002
2019-08-29,16.66,16.59,16.74,16.27,141898,234127654.0,2.84,0.36,0.06,2.6,25327849644.3
2019-08-30,16.75,15.97,16.79,15.6,202658,327817856.0,7.17,-3.74,-0.62,3.71,24381299506.9
2019-09-02,16.11,17.22,17.3,16.0,282693,475278656.0,8.14,7.83,1.25,5.18,26289666719.399998
2019-09-03,17.08,17.02,17.33,16.85,182994,311406432.0,2.79,-1.16,-0.2,3.35,25984327965.399998
2019-09-04,17.0,17.0,17.2,16.63,167317,282470352.0,3.35,-0.12,-0.02,3.07,25953794090.0
2019-09-05,17.33,17.08,17.55,16.86,268180,460699280.0,4.06,0.47,0.08,4.91,26075929591.6
2019-09-06,17.12,17.07,17.3,16.8,146158,249203842.0,2.93,-0.06,-0.01,2.68,26060662653.9
2019-09-09,17.25,17.68,17.8,17.02,189356,330672032.0,4.57,3.57,0.61,3.47,26991945853.6
2019-09-10,17.6,17.34,17.8,17.3,144252,252187342.0,2.83,-1.92,-0.34,2.64,26472869971.8
2019-09-11,17.53,17.03,17.61,16.9,160140,275084448.0,4.09,-1.79,-0.31,2.93,25999594903.100002
2019-09-12,17.09,17.15,17.38,16.8,140975,240795663.0,3.41,0.7,0.12,2.58,26182798155.499996
2019-09-16,16.9,16.91,17.2,16.76,122357,207310193.0,2.57,-1.4,-0.24,2.24,25816391650.7
2019-09-17,16.98,16.53,17.03,16.18,145105,240843719.0,5.03,-2.25,-0.38,2.66,25236248018.100002
2019-09-18,16.59,16.3,16.62,16.15,101772,166545638.0,2.84,-1.39,-0.23,1.86,24885108451.0
2019-09-19,16.48,16.63,16.64,16.25,88119,145096848.0,2.39,2.02,0.33,1.61,25388917395.1
2019-09-20,16.68,16.77,16.92,16.52,131641,220719345.0,2.41,0.84,0.14,2.41,25602654522.899998
2019-09-23,16.54,16.08,16.76,15.68,230559,368762960.0,6.44,-4.11,-0.69,4.22,24549235821.6
2019-09-24,16.13,17.05,17.36,16.13,323611,549351616.0,7.65,6.03,0.97,5.93,26030128778.5
2019-09-25,17.03,16.96,17.47,16.7,198784,338326944.0,4.52,-0.53,-0.09,3.64,25892726339.2
2019-09-26,16.96,16.06,17.36,16.06,220330,368912976.0,7.67,-5.31,-0.9,4.04,24518701946.199997
2019-09-27,16.09,17.4,17.65,16.03,345946,591052752.0,10.09,8.34,1.34,6.34,26564471597.999996
2019-09-30,17.37,17.42,17.64,16.95,241924,419384640.0,3.97,0.11,0.02,4.43,26595005473.4
2019-10-08,17.5,16.85,17.82,16.75,237399,408531264.0,6.14,-3.27,-0.57,4.35,25724790024.500004
2019-10-09,16.81,16.7,16.96,16.32,165142,274279808.0,3.8,-0.89,-0.15,3.02,25495785959.0
2019-10-10,16.81,17.08,17.14,16.48,183426,309132688.0,3.95,2.28,0.38,3.36,26075929591.6
2019-10-11,17.1,17.14,17.18,16.73,142984,243175568.0,2.63,0.35,0.06,2.62,26167531217.8
2019-10-14,17.39,17.83,17.83,17.07,235883,412146864.0,4.43,4.03,0.69,4.32,27220949919.1
2019-10-15,17.5,17.1,17.7,16.9,256130,440783488.0,4.49,-4.09,-0.73,4.69,26106463467.000004
2019-10-16,17.14,17.71,17.88,16.93,245874,430746352.0,5.56,3.57,0.61,4.5,27037746666.7
2019-10-17,17.69,18.29,18.44,17.6,268851,487918768.0,4.74,3.27,0.58,4.92,27923229053.3
2019-10-18,18.05,18.22,18.42,17.88,146083,264660863.0,2.95,-0.38,-0.07,2.68,27816360489.399998
2019-10-21,18.33,17.91,18.33,17.51,152870,271703568.0,4.5,-1.7,-0.31,2.8,27343085420.7
2019-10-22,17.65,18.16,18.18,17.58,148874,266993889.0,3.35,1.4,0.25,2.73,27724758863.2
2019-10-23,18.1,17.79,18.15,17.61,129620,232278406.0,2.97,-2.04,-0.37,2.37,27159882168.3
2019-10-24,17.8,17.44,17.82,17.19,132866,232221361.0,3.54,-1.97,-0.35,2.43,26625539348.800003
2019-10-25,17.5,18.47,18.55,17.36,242698,439218432.0,6.82,5.91,1.03,4.45,28198033931.899998
2019-10-28,18.95,18.6,18.95,18.2,230429,428269552.0,4.06,0.7,0.13,4.22,28396504122.000004
2019-10-29,18.64,18.41,19.25,18.39,220509,413449264.0,4.62,-1.02,-0.19,4.04,28106432305.7
2019-10-30,18.22,18.16,18.64,17.85,138588,253102241.0,4.29,-1.36,-0.25,2.54,27724758863.2
2019-10-31,18.16,18.06,18.5,17.9,112470,203491988.0,3.3,-0.55,-0.1,2.06,27572089486.199997
2019-11-01,18.01,18.26,18.47,17.92,98402,179367637.0,3.05,1.11,0.2,1.8,27877428240.2
2019-11-04,18.18,18.46,18.7,18.15,119011,219899515.0,3.01,1.1,0.2,2.18,28182766994.2
2019-11-05,18.43,18.38,18.44,17.93,144284,262522595.0,2.76,-0.43,-0.08,2.64,28060631492.6
2019-11-06,18.28,18.44,18.55,18.03,101662,185816895.0,2.83,0.33,0.06,1.86,28152233118.800003
2019-11-07,18.43,19.08,19.3,18.43,208516,396075936.0,4.72,3.47,0.64,3.82,29129317131.6
2019-11-08,18.94,18.78,19.5,18.7,146420,277517152.0,4.19,-1.57,-0.3,2.68,28671309000.600002
2019-11-11,18.0,17.64,18.57,17.37,240079,432853936.0,6.39,-6.07,-1.14,4.4,26930878102.8
2019-11-12,17.65,17.7,17.96,17.45,109816,194080814.0,2.89,0.34,0.06,2.01,27022479729.0
2019-11-13,17.67,17.49,17.85,17.22,103353,180704301.0,3.56,-1.19,-0.21,1.89,26701874037.3
2019-11-14,17.42,18.12,18.2,17.42,161855,291319648.0,4.46,3.6,0.63,2.96,27663691112.4
2019-11-15,18.09,17.6,18.19,17.6,102708,183640667.0,3.26,-2.87,-0.52,1.88,26869810352.000004
2019-11-18,17.88,17.33,18.06,17.28,147216,258622850.0,4.43,-1.53,-0.27,2.7,26457603034.1
2019-11-19,17.4,18.03,18.35,17.35,233347,419748896.0,5.77,4.04,0.7,4.27,27526288673.100002
2019-11-20,17.92,18.18,18.48,17.92,190173,347094400.0,3.11,0.83,0.15,3.48,27755292738.6
2019-11-21,17.97,18.1,18.32,17.96,86346,156523241.0,1.98,-0.44,-0.08,1.58,27633157237.000004
2019-11-22,18.17,17.69,18.55,17.59,180695,325785552.0,5.3,-2.27,-0.41,3.31,27007212791.300003
2019-11-25,17.67,16.86,17.79,16.55,234179,396511472.0,7.01,-4.69,-0.83,4.29,25740056962.2
2019-11-26,16.9,16.59,17.07,16.58,94687,158620811.0,2.91,-1.6,-0.27,1.73,25327849644.3
2019-11-27,16.7,16.59,16.73,16.52,79332,131894861.0,1.27,0.0,0.0,1.45,25327849644.3
2019-11-28,16.58,16.5,16.65,16.19,87675,144014495.0,2.77,-0.54,-0.09,1.61,25190447205.0
2019-11-29,16.51,16.55,16.63,16.23,67714,111394758.0,2.42,0.3,0.05,1.24,25266781893.5
2019-12-02,16.55,16.74,17.08,16.5,89045,149851260.0,3.5,1.15,0.19,1.63,25556853709.8
2019-12-03,16.68,16.95,17.13,16.31,105935,177542551.0,4.9,1.25,0.21,1.94,25877459401.5
2019-12-04,16.97,17.5,17.64,16.8,136782,237047678.0,4.96,3.24,0.55,2.51,26717140975.0
2019-12-05,17.59,18.26,18.34,17.5,243361,440640992.0,4.8,4.34,0.76,4.46,27877428240.2
2019-12-06,18.39,18.2,18.45,17.93,143116,259135595.0,2.85,-0.33,-0.06,2.62,27785826614.0
2019-12-09,18.2,18.02,18.38,17.84,137817,247925387.0,2.97,-0.99,-0.18,2.52,27511021735.399998
2019-12-10,18.06,18.07,18.3,17.92,121164,218678118.0,2.11,0.28,0.05,2.22,27587356423.9
2019-12-11,18.04,18.07,18.25,17.9,76983,139113303.0,1.94,0.0,0.0,1.41,27587356423.9
2019-12-12,18.06,18.25,18.41,17.78,144539,260994279.0,3.49,1.0,0.18,2.65,27862161302.5
2019-12-13,18.4,18.39,18.85,18.22,155909,287420912.0,3.45,0.77,0.14,2.86,28075898430.3
2019-12-16,18.4,18.88,19.02,18.39,154442,288925760.0,3.43,2.66,0.49,2.83,28823978377.6
2019-12-17,18.92,19.45,19.62,18.6,222485,424951280.0,5.4,3.02,0.57,4.07,29694193826.5
2019-12-18,19.37,19.24,19.49,19.09,112649,216896497.0,2.06,-1.08,-0.21,2.06,29373588134.8
2019-12-19,19.06,19.07,19.24,18.82,87680,166678176.0,2.18,-0.88,-0.17,1.61,29114050193.9
2019-12-20,19.02,18.81,19.12,18.61,109290,205865351.0,2.67,-1.36,-0.26,2.0,28717109813.699997
2019-12-23,18.43,17.99,18.51,17.99,101788,185442637.0,2.76,-4.36,-0.82,1.86,27465220922.3
2019-12-24,18.13,18.06,18.17,17.83,82581,148324353.0,1.89,0.39,0.07,1.51,27572089486.199997
2019-12-25,18.05,18.26,18.35,17.88,110206,199403996.0,2.6,1.11,0.2,2.02,27877428240.2
2019-12-26,18.24,18.15,18.25,17.95,59162,107122547.0,1.64,-0.6,-0.11,1.08,27709491925.499996
2019-12-27,18.15,17.42,18.43,17.31,194018,344931952.0,6.17,-4.02,-0.73,3.55,26595005473.4
2019-12-30,17.28,17.57,17.79,17.03,109687,191559820.0,4.36,0.86,0.15,2.01,26824009538.9
2019-12-31,17.56,17.94,17.95,17.51,96022,170640214.0,2.5,2.11,0.37,1.76,27388886233.800003
2020-01-02,17.97,17.86,18.1,17.75,133937,240159014.0,1.95,-0.45,-0.08,2.45,27266750732.2
2020-01-03,17.93,17.76,18.03,17.76,80879,144377065.0,1.51,-0.56,-0.1,1.48,27114081355.2
2020-01-06,17.66,17.93,17.95,17.46,157058,278858864.0,2.76,0.96,0.17,2.88,27373619296.1
2020-01-07,17.77,18.18,18.23,17.6,159761,286916320.0,3.51,1.39,0.25,2.93,27755292738.6
2020-01-08,18.1,18.16,18.45,18.0,141570,258357369.0,2.48,-0.11,-0.02,2.59,27724758863.2
2020-01-09,18.2,18.68,18.78,18.2,163645,303726128.0,3.19,2.86,0.52,2.98,28518639623.6
2020-01-10,18.68,18.6,18.95,18.43,115958,216261382.0,2.78,-0.43,-0.08,2.11,28396504122.000004
2020-01-13,18.56,18.72,18.8,18.33,121575,225617707.0,2.53,0.65,0.12,2.21,28579707374.399998
2020-01-14,18.68,18.95,19.0,18.58,139104,262328953.0,2.24,1.23,0.23,2.53,28930846941.5
2020-01-15,18.93,18.81,18.93,18.6,84784,159099593.0,1.74,-0.74,-0.14,1.54,28717109813.699997
2020-01-16,18.92,18.78,19.26,18.76,134814,255901899.0,2.66,-0.16,-0.03,2.45,28671309000.600002
2020-01-17,18.99,19.01,19.32,18.72,186619,355589888.0,3.19,1.22,0.23,3.39,29022448567.7
2020-01-20,19.28,18.78,19.28,18.25,206421,384392464.0,5.42,-1.21,-0.23,3.75,28671309000.600002
2020-01-21,18.77,19.0,19.33,18.61,175053,333983536.0,3.83,1.17,0.22,3.18,29007181630.0
2020-01-22,19.4,19.97,20.24,18.93,334793,653706240.0,6.89,5.11,0.97,6.09,30488074586.899998
2020-01-23,19.8,19.17,20.41,18.53,310420,602053200.0,9.41,-4.01,-0.8,5.64,29266719570.9
2020-02-03,17.28,17.98,19.14,17.28,282352,512467600.0,9.7,-6.21,-1.19,5.13,27449953984.600002
2020-02-04,18.54,19.78,19.78,18.03,221696,420403456.0,9.73,10.01,1.8,4.03,30198002770.600002
2020-02-05,20.58,21.06,21.76,20.33,536224,1131360384.0,7.23,6.47,1.28,9.75,32152170796.199997
2020-02-06,21.45,22.54,23.0,21.2,523247,1166407216.0,8.55,7.03,1.48,9.51,34411677575.799995
2020-02-07,22.51,22.78,23.2,21.89,351222,791456672.0,5.81,1.06,0.24,6.39,34778084080.6
2020-02-10,23.8,23.58,24.44,22.81,422932,1002220864.0,7.16,3.51,0.8,7.69,35999439096.6
2020-02-11,23.0,23.33,23.88,22.75,211435,492359648.0,4.79,-1.06,-0.25,3.84,35617765654.1
2020-02-12,23.28,25.66,25.66,23.05,404135,1011899712.0,11.19,9.99,2.33,7.35,39174962138.2
2020-02-13,25.69,24.5,26.9,24.01,468229,1175593488.0,11.26,-4.52,-1.16,8.51,37403997365.0
2020-02-14,24.18,23.37,24.49,23.25,306295,727939072.0,5.06,-4.61,-1.13,5.57,35678833404.9
2020-02-17,24.0,24.92,25.19,23.85,315632,776588848.0,5.73,6.63,1.55,5.74,38045208748.4
2020-02-18,24.83,25.22,25.3,24.6,244258,609680672.0,2.81,1.2,0.3,4.44,38503216879.4
2020-02-19,24.9,24.83,26.18,24.41,224073,563362736.0,7.02,-1.55,-0.39,4.07,37907806309.1
2020-02-20,24.71,24.69,25.08,23.88,292291,715395968.0,4.83,-0.56,-0.14,5.31,37694069181.3
2020-02-21,24.68,25.05,25.64,24.49,238130,599980896.0,4.66,1.46,0.36,4.33,38243678938.5
2020-02-24,25.0,25.48,26.0,24.9,265610,678592480.0,4.39,1.72,0.43,4.83,38900157259.6
2020-02-25,24.72,24.94,25.71,23.71,306809,759236272.0,7.85,-2.12,-0.54,5.58,38075742623.8
2020-02-26,24.24,23.55,24.42,23.4,264260,631061584.0,4.09,-5.57,-1.39,4.8,35953638283.5
2020-02-27,23.95,25.32,25.91,23.65,405813,1019664784.0,9.6,7.52,1.77,7.38,38655886256.4
2020-02-28,24.18,23.94,26.21,23.78,390669,975535936.0,9.6,-5.45,-1.38,7.1,36549048853.8
2020-03-02,25.08,26.33,26.33,24.78,295656,763872976.0,6.47,9.98,2.39,5.38,40197846964.1
2020-03-03,27.88,27.29,28.96,26.57,547416,1532221392.0,9.08,3.65,0.96,9.95,41663472983.299995
2020-03-04,27.31,25.68,27.66,25.07,403086,1051042832.0,9.49,-5.9,-1.61,7.33,39205496013.6
2020-03-05,26.25,24.43,26.26,24.11,374509,928405728.0,8.37,-4.87,-1.25,6.81,37297128801.1
2020-03-06,24.49,24.25,25.25,24.05,230719,566071312.0,4.91,-0.74,-0.18,4.19,37022323922.5
2020-03-09,23.59,22.03,23.88,22.0,303473,692405120.0,7.75,-9.15,-2.22,5.52,33633063753.100002
2020-03-10,22.1,23.34,23.46,21.8,265904,604961280.0,7.54,5.95,1.31,4.83,35633032591.8
2020-03-11,23.33,22.52,23.7,22.49,143525,330805440.0,5.18,-3.51,-0.82,2.61,34381143700.4
2020-03-12,22.2,22.36,23.08,22.0,134569,301642720.0,4.8,-0.71,-0.16,2.45,34136872697.2
2020-03-13,21.08,22.71,23.3,21.01,187791,418533744.0,10.24,1.57,0.35,3.41,34671215516.700005
2020-03-16,22.95,21.16,23.17,20.99,160614,354504912.0,9.6,-6.83,-1.55,2.92,32304840173.2
2020-03-17,21.9,22.39,22.8,21.1,249706,549114560.0,8.03,5.81,1.23,4.54,34182673510.3
2020-03-18,22.48,21.6,22.95,21.58,176712,396237120.0,6.12,-3.53,-0.79,3.21,32976585432.000004
2020-03-19,21.66,21.84,22.03,21.0,166378,358743120.0,4.77,1.11,0.24,3.02,33342991936.8
2020-03-20,22.19,22.81,22.82,21.82,176230,394544176.0,4.58,4.44,0.97,3.2,34823884893.7
2020-03-23,22.05,22.28,22.87,21.88,150891,336943792.0,4.34,-2.32,-0.53,2.74,34014737195.600002
2020-03-24,22.8,23.16,23.16,22.29,147059,334754240.0,3.9,3.95,0.88,2.67,35358227713.2
2020-03-25,23.7,23.72,24.28,23.52,168312,402282624.0,3.28,2.42,0.56,3.06,36213176224.4
2020-03-26,23.5,24.4,24.65,23.31,237317,576732736.0,5.65,2.87,0.68,4.31,37251327988.0
2020-03-27,24.68,23.18,25.0,23.16,198353,473480192.0,7.54,-5.0,-1.22,3.61,35388761588.6
2020-03-30,22.79,21.55,22.79,21.0,223664,485799680.0,7.72,-7.03,-1.63,4.07,32900250743.5
2020-03-31,21.65,20.69,21.75,20.5,153189,321121856.0,5.8,-3.99,-0.86,2.79,31587294101.300003
2020-04-01,20.76,20.79,21.17,20.52,80637,168335946.0,3.14,0.48,0.1,1.47,31739963478.3
2020-04-02,20.8,21.93,22.05,20.38,134629,287749488.0,8.03,5.48,1.14,2.45,33480394376.1
2020-04-03,21.74,22.1,22.69,21.73,125183,277733728.0,4.38,0.78,0.17,2.28,33739932317.000004
2020-04-07,22.91,23.2,23.46,22.5,159256,366779488.0,4.34,4.98,1.1,2.9,35419295464.0
2020-04-08,23.18,23.49,23.65,22.77,130232,303017040.0,3.79,1.25,0.29,2.37,35862036657.299995
2020-04-09,23.6,24.43,24.95,23.4,160578,389990144.0,6.6,4.0,0.94,2.92,37297128801.1
2020-04-10,24.46,23.85,25.06,23.59,170740,414259696.0,6.02,-2.37,-0.58,3.1,36411646414.5
2020-04-13,24.12,22.76,24.12,22.51,139129,320459696.0,6.75,-4.57,-1.09,2.53,34747550205.200005
2020-04-14,23.06,23.6,23.64,23.01,104539,244398218.0,2.77,3.69,0.84,1.9,36029972972.0
2020-04-15,23.56,23.11,23.86,23.08,102351,239694648.0,3.31,-2.08,-0.49,1.86,35281893024.7
2020-04-16,23.11,23.96,24.49,23.0,154608,369728384.0,6.45,3.68,0.85,2.81,36579582729.200005
2020-04-17,24.1,24.0,24.5,23.82,125044,302275440.0,2.84,0.17,0.04,2.27,36640650480.0
2020-04-20,24.1,24.53,25.0,24.07,140792,346921456.0,3.88,2.21,0.53,2.56,37449798178.1
2020-04-21,24.26,24.68,24.95,23.6,133318,325589200.0,5.5,0.61,0.15,2.42,37678802243.6
2020-04-22,24.5,24.3,24.57,23.65,167176,401641040.0,3.73,-1.54,-0.38,3.04,37098658611.0
2020-04-23,24.4,23.48,24.47,23.31,112948,267915020.0,4.77,-3.37,-0.82,2.05,35846769719.6
2020-04-24,23.6,23.21,23.83,22.87,79287,184715084.0,4.09,-1.15,-0.27,1.43,35434562401.700005
2020-04-27,23.22,22.76,23.28,22.38,112713,256764838.0,3.88,-1.94,-0.45,2.03,34747550205.200005
2020-04-28,22.9,23.17,23.44,21.98,101236,230209646.0,6.41,1.8,0.41,1.82,35373494650.9
2020-04-29,23.04,22.5,23.28,22.48,70631,160743603.0,3.45,-2.89,-0.67,1.27,34350609825.0
2020-04-30,15.05,15.61,15.76,15.05,135483,210053883.0,3.16,-30.62,-6.89,1.63,23831689749.7
2020-05-06,16.0,16.62,16.66,15.6,259373,420803952.0,6.79,6.47,1.01,3.11,25373650457.4
2020-05-07,16.57,16.58,16.87,16.3,202766,336584672.0,3.43,-0.24,-0.04,2.43,25312582706.6
2020-05-08,16.64,16.64,17.25,16.4,219962,369639840.0,5.13,0.36,0.06,2.64,25404184332.8
2020-05-11,16.76,16.2,16.88,16.02,215380,351532944.0,5.17,-2.64,-0.44,2.59,24732439074.0
2020-05-12,16.36,16.6,16.8,16.2,218320,360176480.0,3.7,2.47,0.4,2.62,25343116582.000004
2020-05-13,16.6,16.92,17.08,16.45,247794,417730912.0,3.8,1.93,0.32,2.98,25831658588.4
2020-05-14,16.75,16.33,16.85,16.28,190464,313987648.0,3.37,-3.49,-0.59,2.29,24930909264.1
2020-05-15,16.44,16.31,16.48,16.24,132591,216999192.0,1.47,-0.12,-0.02,1.59,24900375388.699997
2020-05-18,16.38,16.13,16.45,15.87,146035,236169675.0,3.56,-1.1,-0.18,1.75,24625570510.1
2020-05-19,16.29,16.37,16.57,16.2,141271,231204282.0,2.29,1.49,0.24,1.7,24991977014.9
2020-05-20,16.3,16.06,16.55,15.93,139395,225883801.0,3.79,-1.89,-0.31,1.67,24518701946.199997
2020-05-21,16.14,15.5,16.19,15.25,195085,305576064.0,5.85,-3.49,-0.56,2.34,23663753435.0
2020-05-22,15.39,14.84,15.5,14.75,157456,236714927.0,4.84,-4.26,-0.66,1.89,22656135546.8
2020-05-25,14.84,14.41,14.85,14.27,179699,259899017.0,3.91,-2.9,-0.43,2.16,21999657225.7
2020-05-26,14.53,15.29,15.44,14.53,210313,318365360.0,6.32,6.11,0.88,2.53,23343147743.3
2020-05-27,15.61,14.91,15.86,14.8,249124,380375424.0,6.93,-2.49,-0.38,2.99,22763004110.7
2020-05-28,15.06,14.8,15.06,14.44,159832,234674106.0,4.16,-0.74,-0.11,1.92,22595067796.0
2020-05-29,14.69,15.01,15.23,14.6,171504,256954550.0,4.26,1.42,0.21,2.06,22915673487.7
2020-06-01,15.37,15.63,15.76,15.15,191171,296932848.0,4.06,4.13,0.62,2.3,23862223625.100002
2020-06-02,15.68,15.41,15.68,15.24,144553,222390616.0,2.82,-1.41,-0.22,1.74,23526350995.7
2020-06-03,15.46,14.92,15.6,14.86,211903,321857584.0,4.8,-3.18,-0.49,2.54,22778271048.4
2020-06-04,14.96,15.01,15.07,14.71,116146,172772247.0,2.41,0.6,0.09,1.39,22915673487.7
2020-06-05,15.03,15.1,15.2,14.78,104931,156874678.0,2.8,0.6,0.09,1.26,23053075927.0
2020-06-08,15.15,15.5,16.06,15.15,239003,374456336.0,6.03,2.65,0.4,2.87,23663753435.0
2020-06-09,15.51,15.82,15.91,15.21,201455,314963504.0,4.52,2.06,0.32,2.42,24152295441.4
2020-06-10,15.8,16.08,16.17,15.56,197600,314571984.0,3.86,1.64,0.26,2.37,24549235821.6
2020-06-11,16.11,15.8,16.25,15.65,187321,298490768.0,3.73,-1.74,-0.28,2.25,24121761566.0
2020-06-12,15.52,16.33,16.37,15.3,288966,465011824.0,6.77,3.35,0.53,3.47,24930909264.1
2020-06-15,16.21,16.38,17.01,16.11,349308,581152336.0,5.51,0.31,0.05,4.19,25007243952.6
2020-06-16,16.5,16.35,16.69,16.18,222531,364019792.0,3.11,-0.18,-0.03,2.67,24961443139.500004
2020-06-17,16.54,16.17,16.54,15.88,161859,261081846.0,4.04,-1.1,-0.18,1.94,24686638260.9
2020-06-18,16.17,16.1,16.38,15.9,138829,223276789.0,2.97,-0.43,-0.07,1.67,24579769697.000004
2020-06-19,16.16,16.09,16.29,15.95,169138,272805568.0,2.11,-0.06,-0.01,2.03,24564502759.3
2020-06-22,16.14,16.7,16.88,16.1,319500,532365920.0,4.85,3.79,0.61,3.84,25495785959.0
2020-06-23,16.69,17.46,17.54,16.45,408459,697218480.0,6.53,4.55,0.76,4.9,26656073224.2
2020-06-24,17.47,17.37,17.75,17.29,224149,391117552.0,2.63,-0.52,-0.09,2.69,26518670784.9
2020-06-29,17.33,18.11,18.25,17.1,357254,634312064.0,6.62,4.26,0.74,4.29,27648424174.7
2020-06-30,18.19,18.49,18.85,17.94,263124,483911360.0,5.02,2.1,0.38,3.16,28228567807.3
2020-07-01,18.63,17.77,18.72,17.32,316341,566061280.0,7.57,-3.89,-0.72,3.8,27129348292.899998
2020-07-02,17.9,17.73,17.98,17.39,227634,403240064.0,3.32,-0.23,-0.04,2.73,27068280542.100002
2020-07-03,17.73,18.09,18.6,17.45,297551,536310480.0,6.49,2.03,0.36,3.57,27617890299.3
2020-07-06,18.0,18.43,18.55,17.64,361880,656188720.0,5.03,1.88,0.34,4.34,28136966181.1
2020-07-07,18.55,18.72,19.4,18.13,356972,673012224.0,6.89,1.57,0.29,4.29,28579707374.399998
2020-07-08,18.79,19.06,19.28,18.37,253531,478766896.0,4.86,1.82,0.34,3.04,29098783256.199997
2020-07-09,19.01,19.8,19.82,18.87,378304,730004464.0,4.98,3.88,0.74,4.54,30228536646.0
2020-07-10,19.8,19.58,20.77,19.56,354788,712472736.0,6.11,-1.11,-0.22,4.26,29892664016.6
2020-07-13,19.45,20.33,20.46,19.36,261866,524139728.0,5.62,3.83,0.75,3.14,31037684344.1
2020-07-14,20.19,19.98,21.05,19.77,275640,557634608.0,6.3,-1.72,-0.35,3.31,30503341524.600002
2020-07-15,20.09,19.08,20.3,18.7,353209,689344048.0,8.01,-4.5,-0.9,4.24,29129317131.6
2020-07-16,19.03,17.75,19.24,17.46,300401,553958640.0,9.33,-6.97,-1.33,3.61,27098814417.5
2020-07-17,17.75,18.25,18.49,17.53,234049,422270048.0,5.41,2.82,0.5,2.81,27862161302.5
2020-07-20,18.41,18.3,18.66,17.72,175117,317786720.0,5.15,0.27,0.05,2.1,27938495991.0
2020-07-21,18.9,18.61,19.01,17.8,287102,530315760.0,6.61,1.69,0.31,3.45,28411771059.7
2020-07-22,18.48,18.51,18.96,18.18,250007,466714656.0,4.19,-0.54,-0.1,3.0,28259101682.7
2020-07-23,18.28,17.96,18.42,17.08,342843,608487664.0,7.24,-2.97,-0.55,4.12,27419420109.2
2020-07-24,17.89,16.82,18.14,16.8,249357,430882192.0,7.46,-6.35,-1.14,2.99,25678989211.4
2020-07-27,16.95,16.96,17.27,16.71,206093,350903392.0,3.33,0.83,0.14,2.47,25892726339.2
2020-07-28,17.17,17.17,17.44,16.91,114381,195545924.0,3.13,1.24,0.21,1.37,26213332030.9
2020-07-29,17.17,17.7,17.81,17.0,164609,288094848.0,4.72,3.09,0.53,1.98,27022479729.0
2020-07-30,17.8,17.15,17.87,17.1,181753,314961072.0,4.35,-3.11,-0.55,2.18,26182798155.499996
2020-07-31,17.19,17.27,17.63,17.04,171795,296834736.0,3.44,0.7,0.12,2.06,26366001407.899998
2020-08-03,17.6,17.93,18.09,17.5,236054,421012000.0,3.42,3.82,0.66,2.83,27373619296.1
2020-08-04,18.21,18.11,18.39,17.88,206580,374043648.0,2.84,1.0,0.18,2.48,27648424174.7
2020-08-05,18.3,17.82,18.4,17.55,212283,378153856.0,4.69,-1.6,-0.29,2.55,27205682981.4
2020-08-06,17.82,17.45,17.87,17.17,186037,324204192.0,3.93,-2.08,-0.37,2.23,26640806286.5
2020-08-07,17.47,17.0,17.59,16.8,155599,265821966.0,4.53,-2.58,-0.45,1.87,25953794090.0
2020-08-10,16.9,17.11,17.21,16.86,101950,173880952.0,2.06,0.65,0.11,1.22,26121730404.7
2020-08-11,17.19,16.63,17.24,16.58,132810,224776248.0,3.86,-2.81,-0.48,1.59,25388917395.1
2020-08-12,16.65,15.98,16.7,15.66,275187,440032896.0,6.25,-3.91,-0.65,3.3,24396566444.600002
2020-08-13,16.2,16.07,16.53,15.96,110904,179672194.0,3.57,0.56,0.09,1.33,24533968883.9
2020-08-14,16.15,16.24,16.3,15.81,87067,140631510.0,3.05,1.06,0.17,1.05,24793506824.8
2020-08-17,16.41,16.27,16.43,15.92,162199,262097317.0,3.14,0.18,0.03,1.95,24839307637.899998
2020-08-18,16.27,16.1,16.32,16.05,120583,194810506.0,1.66,-1.04,-0.17,1.45,24579769697.000004
2020-08-19,16.1,15.71,16.12,15.56,164644,259453106.0,3.48,-2.42,-0.39,1.98,23984359126.7
2020-08-20,15.58,15.42,15.99,15.35,195804,304440848.0,4.07,-1.85,-0.29,2.35,23541617933.4
2020-08-21,15.53,15.63,15.95,15.5,162311,254939853.0,2.92,1.36,0.21,1.95,23862223625.100002
2020-08-24,15.65,16.02,16.25,15.22,202098,320467744.0,6.59,2.5,0.39,2.43,24457634195.399998
2020-08-25,16.06,16.04,16.16,15.85,122563,196369549.0,1.94,0.12,0.02,1.47,24488168070.8
2020-08-26,16.11,15.54,16.16,15.42,136342,214224254.0,4.61,-3.12,-0.5,1.64,23724821185.8
2020-08-27,15.4,15.61,15.74,15.22,101339,157334108.0,3.35,0.45,0.07,1.22,23831689749.7
2020-08-28,15.54,16.24,16.31,15.43,190543,306696504.0,5.64,4.04,0.63,2.08,24793506824.8
2020-08-31,16.3,16.37,16.6,16.25,181226,297986753.0,2.16,0.8,0.13,1.97,24991977014.9
2020-09-01,16.5,16.14,16.54,15.86,133025,214209149.0,4.15,-1.41,-0.23,1.45,24640837447.8
2020-09-02,16.24,16.56,16.72,16.1,158618,260834128.0,3.84,2.6,0.42,1.73,25282048831.199997
2020-09-03,16.67,16.43,16.69,16.3,155957,256978442.0,2.36,-0.79,-0.13,1.7,25083578641.1
2020-09-04,16.19,16.16,16.27,15.92,129283,207660429.0,2.13,-1.64,-0.27,1.41,24671371323.2
2020-09-07,16.15,16.52,17.14,16.08,242197,404314212.0,6.56,2.23,0.36,2.64,25220981080.399998
2020-09-08,16.69,16.86,17.04,16.54,183338,307600864.0,3.03,2.06,0.34,2.0,25740056962.2
2020-09-09,16.6,15.98,16.6,15.88,167813,272155772.0,4.27,-5.22,-0.88,1.83,24396566444.600002
2020-09-10,16.2,15.21,16.28,15.2,160443,250412104.0,6.76,-4.82,-0.77,1.75,23221012241.7
2020-09-11,15.26,15.37,15.52,15.2,86892,133364328.0,2.1,1.05,0.16,0.95,23465283244.899998
2020-09-14,15.49,15.85,16.2,15.45,166911,265544437.0,4.88,3.12,0.48,1.82,24198096254.5
2020-09-15,15.95,15.8,16.08,15.66,108677,171827657.0,2.65,-0.32,-0.05,1.18,24121761566.0
2020-09-16,15.8,15.41,15.88,15.3,104121,161036507.0,3.67,-2.47,-0.39,1.13,23526350995.7
2020-09-17,15.31,15.27,15.41,15.0,111494,169128281.0,2.66,-0.91,-0.14,1.21,23312613867.899998
2020-09-18,15.28,15.56,15.6,15.12,89887,138062379.0,3.14,1.9,0.29,0.98,23755355061.2
2020-09-21,15.63,15.38,15.7,15.3,87714,135604550.0,2.57,-1.16,-0.18,0.96,23480550182.600002
2020-09-22,15.37,15.18,15.56,15.1,114760,176257263.0,2.99,-1.3,-0.2,1.25,23175211428.6
2020-09-23,15.33,15.53,15.75,15.05,116160,179049923.0,4.61,2.31,0.35,1.27,23709554248.1
2020-09-24,15.4,15.1,15.5,15.06,89241,135516042.0,2.83,-2.77,-0.43,0.97,23053075927.0
2020-09-25,15.2,15.06,15.28,15.0,48984,73898832.0,1.85,-0.26,-0.04,0.53,22992008176.2
2020-09-28,15.16,15.02,15.2,14.98,47071,70892224.0,1.46,-0.27,-0.04,0.51,22930940425.399998
2020-09-29,15.1,15.19,15.29,15.0,67084,101728739.0,1.93,1.13,0.17,0.73,23190478366.3
2020-09-30,15.16,15.22,15.42,15.1,56823,86655762.0,2.11,0.2,0.03,0.62,23236279179.4
2020-10-09,15.42,15.61,15.68,15.32,89760,139610285.0,2.37,2.56,0.39,0.98,23831689749.7
2020-10-12,15.77,16.01,16.08,15.61,132786,210692833.0,3.01,2.56,0.4,1.45,24442367257.7
2020-10-13,16.08,15.71,16.15,15.61,141185,222989083.0,3.37,-1.87,-0.3,1.54,23984359126.7
2020-10-14,15.7,15.45,15.7,15.38,102586,158887330.0,2.04,-1.65,-0.26,1.12,23587418746.5
2020-10-15,15.5,15.15,15.53,15.12,101068,153774943.0,2.65,-1.94,-0.3,1.1,23129410615.5
2020-10-16,15.18,15.11,15.2,15.0,63447,95728737.0,1.32,-0.26,-0.04,0.69,23068342864.7
2020-10-19,15.2,14.72,15.2,14.6,121412,181081588.0,3.97,-2.58,-0.39,1.32,22472932294.4
2020-10-20,14.45,14.5,14.58,13.67,291946,412509488.0,6.18,-1.49,-0.22,3.18,22137059665.0
2020-10-21,14.47,13.97,14.56,13.8,157274,220951310.0,5.24,-3.66,-0.53,1.71,21327911966.9
2020-10-22,13.91,13.78,13.97,13.76,111179,153542336.0,1.5,-1.36,-0.19,1.21,21037840150.6
2020-10-23,13.75,13.49,13.95,13.44,89458,122318700.0,3.7,-2.1,-0.29,0.97,20595098957.3
2020-10-26,13.49,13.92,13.98,13.28,109855,151108450.0,5.19,3.19,0.43,1.2,21251577278.4
2020-10-27,13.94,13.83,14.0,13.6,51711,71400738.0,2.87,-0.65,-0.09,0.56,21114174839.1
2020-10-28,13.61,13.38,13.82,13.37,147311,198372981.0,3.25,-3.25,-0.45,1.6,20427162642.600002
2020-10-29,13.2,13.5,13.6,13.11,88075,117972065.0,3.66,0.9,0.12,0.96,20610365895.0
2020-10-30,13.58,13.08,13.78,13.08,156957,209283796.0,5.19,-3.11,-0.42,1.71,19969154511.6
2020-11-02,13.18,13.17,13.23,12.41,269859,345415760.0,6.27,0.69,0.09,2.94,20106556950.9
2020-11-03,13.23,13.81,13.96,13.18,231338,317074480.0,5.92,4.86,0.64,2.52,21083640963.7
2020-11-04,13.86,13.8,13.9,13.55,137272,188034726.0,2.53,-0.07,-0.01,1.49,21068374026.0
2020-11-05,14.0,13.82,14.04,13.53,127720,175461874.0,3.7,0.14,0.02,1.39,21098907901.4
2020-11-06,13.85,13.71,14.15,13.66,113155,156965764.0,3.55,-0.8,-0.11,1.23,20930971586.7
2020-11-09,13.71,14.35,14.54,13.63,188196,268242389.0,6.64,4.67,0.64,2.05,21908055599.5
2020-11-10,14.55,14.02,14.56,13.96,95757,135233239.0,4.18,-2.3,-0.33,1.04,21404246655.399998
2020-11-11,14.02,13.83,14.1,13.64,89539,123701527.0,3.28,-1.36,-0.19,0.97,21114174839.1
2020-11-12,13.96,13.72,14.04,13.69,59958,82836793.0,2.53,-0.8,-0.11,0.65,20946238524.4
2020-11-13,13.72,13.59,13.93,13.54,70076,95912725.0,2.84,-0.95,-0.13,0.76,20747768334.3
2020-11-16,13.55,13.85,14.03,13.44,107501,147656606.0,4.34,1.91,0.26,1.17,21144708714.5
2020-11-17,13.84,13.52,13.99,13.44,78239,106368230.0,3.97,-2.38,-0.33,0.85,20640899770.399998
2020-11-18,13.61,13.97,14.07,13.57,117226,162879324.0,3.7,3.33,0.45,1.28,21327911966.9
2020-11-19,13.95,14.07,14.28,13.81,97360,137281703.0,3.36,0.72,0.1,1.06,21480581343.9
2020-11-20,14.1,14.14,14.17,13.87,71462,100489161.0,2.13,0.5,0.07,0.78,21587449907.8
2020-11-23,14.13,13.89,14.16,13.78,79211,110345303.0,2.69,-1.77,-0.25,0.86,21205776465.3
2020-11-24,13.88,13.75,14.07,13.74,58067,80532512.0,2.38,-1.01,-0.14,0.63,20992039337.5
2020-11-25,13.79,13.28,13.8,13.25,94219,127159347.0,4.0,-3.42,-0.47,1.03,20274493265.6
2020-11-26,13.33,13.3,13.72,13.23,74219,99836520.0,3.69,0.15,0.02,0.81,20305027141.0
2020-11-27,13.4,13.14,13.45,13.0,59099,77897031.0,3.38,-1.2,-0.16,0.64,20060756137.8
2020-11-30,13.25,13.26,13.38,12.98,106895,140722125.0,3.04,0.91,0.12,1.16,20243959390.2
2020-12-01,13.25,13.63,13.66,13.18,124462,167741960.0,3.62,2.79,0.37,1.35,20808836085.100002
2020-12-02,13.56,14.04,14.26,13.56,209897,295817056.0,5.14,3.01,0.41,2.28,21434780530.8
2020-12-03,14.02,14.6,14.92,13.98,250319,363985456.0,6.7,3.99,0.56,2.72,22289729042.0
2020-12-04,14.55,14.62,14.72,14.38,106632,155387412.0,2.33,0.14,0.02,1.16,22320262917.399998
2020-12-07,14.75,14.57,14.79,14.4,90805,132439480.0,2.67,-0.34,-0.05,0.99,22243928228.9
2020-12-08,14.69,14.66,14.73,14.44,68172,99556048.0,1.99,0.62,0.09,0.74,22381330668.2
2020-12-09,14.55,14.39,14.64,14.18,91625,132225688.0,3.14,-1.84,-0.27,1.0,21969123350.3
2020-12-10,14.42,14.37,14.55,14.27,57317,82688926.0,1.95,-0.14,-0.02,0.62,21938589474.899998
2020-12-11,14.55,13.85,14.57,13.64,120327,167598624.0,6.47,-3.62,-0.52,1.31,21144708714.5
2020-12-14,13.89,13.95,14.15,13.64,91075,126784893.0,3.68,0.72,0.1,0.99,21297378091.5
2020-12-15,14.0,13.72,14.05,13.65,90256,124310758.0,2.87,-1.65,-0.23,0.98,20946238524.4
2020-12-16,13.72,13.64,13.82,13.42,60267,82027332.0,2.92,-0.58,-0.08,0.66,20824103022.8
2020-12-17,13.64,13.78,13.84,13.38,62428,85160632.0,3.37,1.03,0.14,0.68,21037840150.6
2020-12-18,13.66,13.61,13.76,13.52,51421,70065338.0,1.74,-1.23,-0.17,0.56,20778302209.7
2020-12-21,13.63,13.71,13.88,13.47,55157,75647771.0,3.01,0.73,0.1,0.6,20930971586.7
2020-12-22,13.71,13.89,14.33,13.64,111938,157251268.0,5.03,1.31,0.18,1.22,21205776465.3
2020-12-23,13.86,13.42,13.89,13.4,92008,124597680.0,3.53,-3.38,-0.47,1.0,20488230393.4
2020-12-24,13.43,13.23,13.58,13.12,63044,83476268.0,3.43,-1.42,-0.19,0.69,20198158577.100002
2020-12-25,13.25,12.61,13.25,12.5,151832,193877208.0,5.67,-4.69,-0.62,1.65,19251608439.7
2020-12-28,12.7,12.35,12.7,12.15,179626,222574108.0,4.36,-2.06,-0.26,1.95,18854668059.5
2020-12-29,12.35,13.29,13.63,12.21,195124,254964806.0,11.5,7.61,0.94,2.12,20289760203.3
2020-12-30,13.35,12.99,13.38,12.93,114898,150278909.0,3.39,-2.26,-0.3,1.25,19831752072.3
2020-12-31,12.99,13.53,13.71,12.94,159914,214129888.0,5.93,4.16,0.54,1.74,20656166708.1
2021-01-04,13.56,13.64,13.85,13.37,119673,162733659.0,3.55,0.81,0.11,1.3,20824103022.8
2021-01-05,13.65,13.64,13.82,13.44,104354,141895454.0,2.79,0.0,0.0,1.14,20824103022.8
2021-01-06,13.85,13.14,13.9,13.09,120145,160015324.0,5.94,-3.67,-0.5,1.31,20060756137.8
2021-01-07,13.07,12.61,13.16,12.45,142558,181672265.0,5.4,-4.03,-0.53,1.55,19251608439.7
2021-01-08,12.61,12.6,12.94,12.41,93628,118526028.0,4.2,-0.08,-0.01,1.02,19236341502.0
2021-01-11,12.57,12.27,12.71,12.15,128442,159137292.0,4.44,-2.62,-0.33,1.39,18732532557.899998
2021-01-12,12.3,12.32,12.46,12.16,81045,99446485.0,2.44,0.41,0.05,0.88,18808867246.4
2021-01-13,12.49,12.23,12.62,12.15,91510,112736046.0,3.81,-0.73,-0.09,0.99,18671464807.100002
2021-01-14,12.2,12.37,12.54,12.15,68585,84717894.0,3.19,1.14,0.14,0.74,18885201934.899998
2021-01-15,12.38,12.43,12.51,12.28,66895,82988593.0,1.86,0.49,0.06,0.72,18976803561.1
2021-01-18,12.33,12.99,13.11,12.32,171114,217725657.0,6.36,4.51,0.56,1.85,19831752072.3
2021-01-19,12.9,12.91,13.35,12.81,121683,159511843.0,4.16,-0.62,-0.08,1.31,19709616570.7
2021-01-20,12.87,12.84,12.98,12.61,62273,79245057.0,2.87,-0.54,-0.07,0.67,19602748006.8
2021-01-21,12.8,12.9,12.99,12.48,97746,124943595.0,3.97,0.47,0.06,1.05,19694349633.0
2021-01-22,12.77,12.59,12.83,12.52,71222,89793670.0,2.4,-2.4,-0.31,0.77,19221074564.3
2021-01-25,12.5,12.33,12.79,12.26,105419,131754609.0,4.21,-2.07,-0.26,1.14,18824134184.1
2021-01-26,12.48,12.2,12.68,12.19,66444,82254040.0,3.97,-1.05,-0.13,0.72,18625663994.0
2021-01-27,12.33,12.52,12.66,11.88,127942,157206807.0,6.39,2.62,0.32,1.38,19114206000.399998
2021-01-28,12.51,12.32,12.75,12.29,75131,94374905.0,3.67,-1.6,-0.2,0.81,18808867246.4
2021-01-29,12.32,12.68,12.98,12.32,145264,185152863.0,5.36,2.92,0.36,1.57,19358477003.6
2021-02-01,12.6,13.04,13.08,12.52,115548,149571900.0,4.42,2.84,0.36,1.25,19908086760.8
2021-02-02,13.01,12.87,13.06,12.75,72948,93864251.0,2.38,-1.3,-0.17,0.79,19648548819.899998
2021-02-03,12.9,12.2,12.9,12.2,89204,111535667.0,5.44,-5.21,-0.67,0.96,18625663994.0
2021-02-04,12.25,11.24,12.25,11.06,195366,224641439.0,9.75,-7.87,-0.96,2.11,17160037974.800001
2021-02-05,11.31,11.34,11.49,10.87,143960,162161138.0,5.52,0.89,0.1,1.55,17312707351.8
2021-02-08,11.44,10.98,11.44,10.91,157458,174443008.0,4.67,-3.17,-0.36,1.7,16763097594.6
2021-02-09,11.09,11.0,11.53,10.97,168876,187852495.0,5.1,0.18,0.02,1.82,16793631470.0
2021-02-10,11.03,11.1,11.25,10.95,191159,211537061.0,2.73,0.91,0.1,2.06,16946300847.0
2021-02-18,11.38,11.66,11.95,11.25,239725,276293952.0,6.31,5.05,0.56,2.59,17801249358.2
2021-02-19,11.67,12.59,12.8,11.57,278672,341831840.0,10.55,7.98,0.93,3.01,19221074564.3
2021-02-22,12.62,13.03,13.4,12.45,287198,373030400.0,7.55,3.49,0.44,2.85,19892819823.1
2021-02-23,12.89,12.35,13.07,12.32,209271,262534337.0,5.76,-5.22,-0.68,2.08,18854668059.5
2021-02-24,12.44,12.45,12.84,12.25,159848,199632642.0,4.78,0.81,0.1,1.59,19007337436.5
2021-02-25,12.48,12.21,12.65,12.1,184919,227536958.0,4.42,-1.93,-0.24,1.84,18640930931.7
2021-02-26,12.05,12.16,12.35,12.02,121448,147667652.0,2.7,-0.41,-0.05,1.21,18564596243.2
2021-03-01,12.25,12.73,12.75,12.25,165975,208977883.0,4.11,4.69,0.57,1.65,19434811692.100002
2021-03-02,12.7,12.65,12.86,12.51,108167,137026823.0,2.75,-0.63,-0.08,1.07,19312676190.5
2021-03-03,12.55,13.26,13.45,12.5,216797,284019984.0,7.51,4.82,0.61,2.15,20243959390.2
2021-03-04,13.23,12.92,13.46,12.78,160604,210674500.0,5.13,-2.56,-0.34,1.59,19724883508.4
2021-03-05,12.9,13.27,13.46,12.85,164544,218235600.0,4.72,2.71,0.35,1.63,20259226327.899998
2021-03-08,13.23,12.8,13.36,12.76,143091,186348766.0,4.52,-3.54,-0.47,1.42,19541680256.0
2021-03-09,12.73,12.0,12.83,11.92,166388,204906045.0,7.11,-6.25,-0.8,1.65,18320325240.0
2021-03-10,12.03,11.63,12.11,11.4,135108,157117495.0,5.92,-3.08,-0.37,1.34,17755448545.100002
2021-03-11,11.5,11.67,11.92,11.39,157969,183256296.0,4.56,0.34,0.04,1.57,17816516295.9
2021-03-12,11.64,11.3,11.64,11.18,155726,177272314.0,3.94,-3.17,-0.37,1.55,17251639601.0
2021-03-15,11.35,11.19,11.5,11.02,128795,144623162.0,4.25,-0.97,-0.11,1.28,17083703286.3
2021-03-16,11.19,11.18,11.44,11.09,91277,102471982.0,3.13,-0.09,-0.01,0.91,17068436348.6
2021-03-17,11.2,11.31,11.34,11.1,68406,76868705.0,2.15,1.16,0.13,0.68,17266906538.7
2021-03-18,11.24,11.0,11.28,10.81,158704,174959560.0,4.16,-2.74,-0.31,1.58,16793631470.0
2021-03-19,11.0,10.96,11.03,10.86,60176,65902101.0,1.55,-0.36,-0.04,0.6,16732563719.2
2021-03-22,10.96,11.17,11.28,10.84,78271,87205283.0,4.01,1.92,0.21,0.78,17053169410.9
2021-03-23,11.15,11.37,11.42,11.05,90075,101256237.0,3.31,1.79,0.2,0.89,17358508164.899998
2021-03-24,11.26,11.16,11.38,11.09,59327,66482194.0,2.55,-1.85,-0.21,0.59,17037902473.2
2021-03-25,11.2,11.25,11.37,11.07,73976,83307376.0,2.69,0.81,0.09,0.73,17175304912.5
2021-03-26,11.26,11.37,11.38,11.19,70666,79952308.0,1.69,1.07,0.12,0.7,17358508164.899998
2021-03-29,11.38,11.41,11.52,11.27,81878,93325582.0,2.2,0.35,0.04,0.81,17419575915.7
2021-03-30,11.35,11.0,11.35,10.93,92322,102421678.0,3.68,-3.59,-0.41,0.92,16793631470.0
2021-03-31,10.98,10.97,11.28,10.9,92757,102563279.0,3.45,-0.27,-0.03,0.92,16747830656.900002
2021-04-01,10.98,11.18,11.35,10.8,165929,183452861.0,5.01,1.91,0.21,1.65,17068436348.6
2021-04-02,11.19,11.23,11.3,11.05,83722,93601336.0,2.24,0.45,0.05,0.83,17144771037.1
2021-04-06,11.29,11.34,11.42,11.12,108436,122117386.0,2.67,0.98,0.11,1.08,17312707351.8
2021-04-07,11.35,11.1,11.39,11.09,94562,105709760.0,2.65,-2.12,-0.24,0.94,16946300847.0
2021-04-08,11.08,11.0,11.19,10.97,74182,81998624.0,1.98,-0.9,-0.1,0.74,16793631470.0
2021-04-09,11.0,11.0,11.14,10.98,48258,53246640.0,1.45,0.0,0.0,0.48,16793631470.0
2021-04-12,11.01,10.68,11.05,10.65,83064,90106905.0,3.64,-2.91,-0.32,0.82,16305089463.6
2021-04-13,10.68,10.38,10.77,10.3,99913,105449895.0,4.4,-2.81,-0.3,0.99,15847081332.6
2021-04-14,10.53,10.41,10.58,10.33,79917,83298074.0,2.41,0.29,0.03,0.79,15892882145.7
2021-04-15,10.44,10.31,10.44,10.14,99894,102504056.0,2.88,-0.96,-0.1,0.99,15740212768.7
2021-04-16,10.32,10.36,10.42,10.22,75270,77906913.0,1.94,0.48,0.05,0.75,15816547457.199999
2021-04-19,10.35,10.64,10.66,10.31,83021,87718142.0,3.38,2.7,0.28,0.82,16244021712.800001
2021-04-20,10.64,10.58,10.69,10.53,79772,84563852.0,1.5,-0.56,-0.06,0.79,16152420086.6
2021-04-21,10.5,10.52,10.61,10.42,52850,55642597.0,1.8,-0.57,-0.06,0.52,16060818460.4
2021-04-22,10.56,11.06,11.17,10.47,184894,201506921.0,6.65,5.13,0.54,1.84,16885233096.2
2021-04-23,11.3,11.0,11.35,10.72,263082,289582752.0,5.7,-0.54,-0.06,2.61,16793631470.0
2021-04-26,10.95,10.93,11.12,10.85,138417,151752803.0,2.45,-0.64,-0.07,1.37,16686762906.1
2021-04-27,10.88,10.83,11.18,10.75,98678,107742994.0,3.93,-0.91,-0.1,0.98,16534093529.1
2021-04-28,10.77,10.6,10.88,10.32,122099,129236166.0,5.17,-2.12,-0.23,1.21,16182953962.0
2021-04-29,10.66,10.46,10.83,10.41,102158,108005032.0,3.96,-1.32,-0.14,1.01,15969216834.2
2021-04-30,10.41,10.28,10.53,10.22,97418,100981511.0,2.96,-1.72,-0.18,0.97,15694411955.599998
2021-05-06,10.26,10.34,10.46,10.23,70447,72856690.0,2.24,0.58,0.06,0.7,15786013581.8
2021-05-07,10.39,10.33,10.73,10.3,101570,106388802.0,4.16,-0.1,-0.01,1.01,15770746644.1
2021-05-10,10.33,10.1,10.36,10.05,89504,91253900.0,3.0,-2.23,-0.23,0.89,15419607077.0
2021-05-11,10.05,10.62,10.68,9.89,164623,170400267.0,7.82,5.15,0.52,1.63,16213487837.4
2021-05-12,10.54,10.83,11.08,10.48,177151,191937631.0,5.65,1.98,0.21,1.76,16534093529.1
2021-05-13,10.71,10.69,10.9,10.61,115321,123921588.0,2.68,-1.29,-0.14,1.15,16320356401.3
2021-05-14,10.74,10.67,10.78,10.53,110333,117478322.0,2.34,-0.19,-0.02,1.1,16289822525.9
2021-05-17,10.69,10.43,10.7,10.31,151247,158087452.0,3.66,-2.25,-0.24,1.5,15923416021.1
2021-05-18,10.36,10.53,10.56,10.31,99937,104458600.0,2.4,0.96,0.1,0.99,16076085398.099998
2021-05-19,10.59,10.5,10.59,10.39,66806,69912566.0,1.9,-0.28,-0.03,0.66,16030284585.0
2021-05-20,10.47,10.62,10.7,10.45,84736,89612575.0,2.38,1.14,0.12,0.84,16213487837.4
2021-05-21,10.7,10.6,10.86,10.58,109164,116930843.0,2.64,-0.19,-0.02,1.08,16182953962.0
2021-05-24,10.59,10.87,10.92,10.52,116061,125198195.0,3.77,2.55,0.27,1.15,16595161279.9
2021-05-25,11.0,11.17,11.36,10.89,240012,267768310.0,4.32,2.76,0.3,2.38,17053169410.9
2021-05-26,11.23,11.17,11.44,11.11,172527,194380392.0,2.95,0.0,0.0,1.71,17053169410.9
2021-05-27,11.16,11.02,11.25,10.98,109203,120843791.0,2.42,-1.34,-0.15,1.08,16824165345.4
2021-05-28,11.04,10.95,11.14,10.87,143682,157822357.0,2.45,-0.64,-0.07,1.43,16717296781.499998
2021-05-31,11.02,10.9,11.03,10.76,127896,139249408.0,2.47,-0.46,-0.05,1.27,16640962093.0
2021-06-01,10.98,11.37,11.42,10.91,224099,252592896.0,4.68,4.31,0.47,2.23,17358508164.899998
2021-06-02,11.37,11.09,11.4,11.06,120851,134942026.0,2.99,-2.46,-0.28,1.2,16931033909.3
2021-06-03,11.09,11.13,11.27,11.0,116031,129340002.0,2.43,0.36,0.04,1.15,16992101660.1
2021-06-04,11.07,11.32,11.38,11.06,122224,137216622.0,2.88,1.71,0.19,1.21,17282173476.4
2021-06-07,11.35,11.59,11.71,11.24,209317,240432012.0,4.15,2.39,0.27,2.08,17694380794.3
2021-06-08,11.63,11.43,11.75,11.35,101503,116172766.0,3.45,-1.38,-0.16,1.01,17450109791.1
2021-06-09,11.45,11.34,11.49,11.21,86947,98282453.0,2.45,-0.79,-0.09,0.86,17312707351.8
2021-06-10,11.21,11.48,11.55,11.21,114838,131253912.0,3.0,1.23,0.14,1.14,17526444479.600002
2021-06-11,11.8,12.24,12.5,11.67,379434,459183136.0,7.23,6.62,0.76,3.77,18686731744.8
2021-06-15,12.16,11.89,12.3,11.83,236044,284621216.0,3.84,-2.86,-0.35,2.34,18152388925.3
2021-06-16,11.93,11.57,12.07,11.55,148455,174574603.0,4.37,-2.69,-0.32,1.47,17663846918.9
2021-06-17,11.65,11.75,11.9,11.55,120352,140718133.0,3.03,1.56,0.18,1.19,17938651797.5
2021-06-18,11.74,11.6,11.79,11.46,115159,133613005.0,2.81,-1.28,-0.15,1.14,17709647732.0
2021-06-21,11.65,11.96,12.07,11.59,143525,170711896.0,4.14,3.1,0.36,1.43,18259257489.2
2021-06-22,11.96,11.56,11.98,11.44,170950,198814863.0,4.52,-3.34,-0.4,1.7,17648579981.2
2021-06-23,11.57,11.65,11.75,11.26,179426,205770694.0,4.24,0.78,0.09,1.78,17785982420.5
2021-06-24,11.6,11.87,11.97,11.4,141276,165683384.0,4.89,1.89,0.22,1.4,18121855049.899998
2021-06-25,11.83,11.67,11.89,11.58,115515,134675158.0,2.61,-1.68,-0.2,1.15,17816516295.9
2021-06-28,8.96,8.75,9.04,8.69,173554,153826090.0,3.0,-25.02,-2.92,1.33,13358570487.5
2021-06-29,8.75,8.75,8.89,8.67,121658,106667097.0,2.51,0.0,0.0,0.93,13358570487.5
2021-06-30,8.77,8.84,8.93,8.69,126057,110821870.0,2.74,1.03,0.09,0.96,13495972926.8
2021-07-01,8.8,9.02,9.24,8.74,253416,229590986.0,5.66,2.04,0.18,1.94,13770777805.4
2021-07-02,9.05,8.84,9.32,8.81,207790,187854233.0,5.65,-2.0,-0.18,1.59,13495972926.8
2021-07-05,8.88,8.94,9.18,8.8,226952,203796225.0,4.3,1.13,0.1,1.73,13648642303.8
2021-07-06,8.9,8.77,8.9,8.69,158107,138410951.0,2.35,-1.9,-0.17,1.21,13389104362.9
2021-07-07,8.77,8.76,8.87,8.71,92800,81433066.0,1.82,-0.11,-0.01,0.71,13373837425.199999
2021-07-08,8.79,8.37,8.85,8.35,248672,211970643.0,5.71,-4.45,-0.39,1.9,12778426854.9
2021-07-09,8.4,8.22,8.47,8.2,164635,136678060.0,3.23,-1.79,-0.15,1.26,12549422789.400002
2021-07-12,8.25,8.79,8.85,8.2,284781,245894323.0,7.91,6.93,0.57,2.18,13419638238.3
2021-07-13,8.75,8.81,8.91,8.62,190947,167775542.0,3.3,0.23,0.02,1.46,13450172113.7
2021-07-14,8.79,8.74,8.94,8.71,153758,135846709.0,2.61,-0.79,-0.07,1.17,13343303549.800001
2021-07-15,8.71,8.8,8.89,8.59,165514,144578440.0,3.43,0.69,0.06,1.26,13434905176.000002
2021-07-16,8.8,8.63,8.93,8.62,111463,97323390.0,3.52,-1.93,-0.17,0.85,13175367235.1
2021-07-26,8.35,8.05,8.35,7.96,460966,374268640.0,4.52,-6.72,-0.58,3.52,12289884848.500002
2021-07-27,8.1,7.88,8.16,7.73,287675,228862562.0,5.34,-2.11,-0.17,2.2,12030346907.6
2021-07-28,7.96,7.75,8.0,7.7,204692,161022593.0,3.81,-1.65,-0.13,1.56,11831876717.5
2021-07-29,7.84,7.73,7.93,7.67,168178,130731922.0,3.35,-0.26,-0.02,1.28,11801342842.1
2021-07-30,7.76,7.8,7.89,7.44,228284,174020539.0,5.82,0.91,0.07,1.74,11908211406.0
2021-08-02,7.9,8.06,8.11,7.7,186083,147998945.0,5.26,3.33,0.26,1.42,12305151786.2
2021-08-03,8.06,8.09,8.23,7.99,180341,146393200.0,2.98,0.37,0.03,1.38,12350952599.3
2021-08-04,8.16,8.09,8.17,8.0,120331,96802827.0,2.1,0.0,0.0,0.92,12350952599.3
2021-08-05,8.12,8.06,8.17,8.0,127004,102813687.0,2.1,-0.37,-0.03,0.97,12305151786.2
2021-08-06,8.07,7.89,8.09,7.77,168125,132337007.0,3.97,-2.11,-0.17,1.28,12045613845.3
2021-08-09,7.92,7.97,8.13,7.88,149651,119274438.0,3.17,1.01,0.08,1.14,12167749346.9
2021-08-10,7.99,8.19,8.3,7.9,172045,139709305.0,5.02,2.76,0.22,1.31,12503621976.3
2021-08-11,8.16,7.98,8.19,7.96,137928,110691319.0,2.81,-2.56,-0.21,1.05,12183016284.6
2021-08-12,7.98,7.95,8.06,7.89,107535,85610528.0,2.13,-0.38,-0.03,0.82,12137215471.5
2021-08-13,7.98,7.83,7.98,7.7,177929,138600092.0,3.52,-1.51,-0.12,1.36,11954012219.1
2021-08-16,7.83,7.77,7.87,7.75,103180,80507408.0,1.53,-0.77,-0.06,0.79,11862410592.9
2021-08-17,7.87,7.72,8.0,7.65,177027,138386896.0,4.5,-0.64,-0.05,1.35,11786075904.4
2021-08-18,7.76,7.56,7.79,7.45,160183,120686157.0,4.4,-2.07,-0.16,1.22,11541804901.199999
2021-08-19,7.54,7.44,7.63,7.31,231611,172364833.0,4.23,-1.59,-0.12,1.77,11358601648.800001
2021-08-20,7.32,7.36,7.41,7.3,98577,72502560.0,1.48,-1.08,-0.08,0.75,11236466147.2
2021-08-23,7.4,7.51,7.69,7.37,145881,110373941.0,4.35,2.04,0.15,1.11,11465470212.699999
2021-08-24,7.54,7.58,7.67,7.45,106099,80362845.0,2.93,0.93,0.07,0.81,11572338776.6
2021-08-25,7.66,7.36,7.71,7.35,217553,162017286.0,4.75,-2.9,-0.22,1.66,11236466147.2
2021-08-26,7.35,7.58,7.71,7.33,223058,168099907.0,5.16,2.99,0.22,1.7,11572338776.6
2021-08-27,7.59,7.64,7.74,7.38,217594,165531367.0,4.75,0.79,0.06,1.66,11663940402.8
2021-08-30,7.7,7.7,7.84,7.55,176236,135632826.0,3.8,0.79,0.06,1.35,11755542029.0
2021-08-31,7.63,7.58,7.74,7.56,128027,97719076.0,2.34,-1.56,-0.12,0.98,11572338776.6
2021-09-01,7.62,7.76,7.77,7.51,126891,97158244.0,3.43,2.37,0.18,0.97,11847143655.199999
2021-09-02,7.76,7.62,7.78,7.6,147399,112727198.0,2.32,-1.8,-0.14,1.13,11633406527.4
2021-09-03,7.69,7.67,7.75,7.61,110422,84828802.0,1.84,0.66,0.05,0.84,11709741215.9
2021-09-06,7.63,7.67,7.72,7.61,106755,81888166.0,1.43,0.0,0.0,0.82,11709741215.9
2021-09-07,7.67,7.85,7.86,7.63,188664,146619689.0,3.0,2.35,0.18,1.44,11984546094.5
2021-09-08,7.85,7.89,7.9,7.74,187098,146636202.0,2.04,0.51,0.04,1.43,12045613845.3
2021-09-09,7.86,8.13,8.23,7.81,262652,212001288.0,5.32,3.04,0.24,2.01,12412020350.1
2021-09-10,8.11,7.95,8.16,7.93,171233,137032686.0,2.83,-2.21,-0.18,1.31,12137215471.5
2021-09-13,8.01,8.08,8.14,7.88,188444,151836986.0,3.27,1.64,0.13,1.44,12335685661.6
2021-09-14,8.1,7.95,8.2,7.92,175034,140757837.0,3.47,-1.61,-0.13,1.34,12137215471.5
2021-09-15,7.93,7.78,7.98,7.73,162397,126942798.0,3.14,-2.14,-0.17,1.24,11877677530.6
2021-09-16,7.77,7.59,7.85,7.59,151726,116611134.0,3.34,-2.44,-0.19,1.16,11587605714.3
2021-09-17,7.59,7.58,7.64,7.5,107675,81527145.0,1.84,-0.13,-0.01,0.82,11572338776.6
2021-09-22,7.56,7.41,7.56,7.41,104869,78153363.0,1.98,-2.24,-0.17,0.8,11312800835.7
2021-09-23,7.54,7.87,8.02,7.48,340900,266748077.0,7.29,6.21,0.46,2.6,12015079969.9
2021-09-24,7.9,7.84,8.06,7.77,229785,182362295.0,3.68,-0.38,-0.03,1.75,11969279156.8
2021-09-27,7.85,7.92,7.98,7.78,190678,150693097.0,2.55,1.02,0.08,1.45,12091414658.4
2021-09-28,7.82,7.62,7.88,7.47,232434,177374400.0,5.18,-3.79,-0.3,1.77,11633406527.4
2021-09-29,7.54,7.45,7.62,7.43,135534,101559906.0,2.49,-2.23,-0.17,1.03,11373868586.5
2021-09-30,7.52,7.45,7.63,7.44,157035,118112082.0,2.55,0.0,0.0,1.2,11373868586.5
2021-10-08,7.5,7.49,7.68,7.46,140098,105992195.0,2.95,0.54,0.04,1.07,11434936337.300001
2021-10-11,7.57,7.69,7.84,7.49,151857,116964826.0,4.67,2.67,0.2,1.16,11740275091.300001
2021-10-12,7.6,7.63,7.68,7.55,98405,74807825.0,1.69,-0.78,-0.06,0.75,11648673465.1
2021-10-13,7.59,7.81,7.84,7.59,137435,106480402.0,3.28,2.36,0.18,1.05,11923478343.699999
2021-10-14,7.81,7.81,7.85,7.65,123304,95764671.0,2.56,0.0,0.0,0.94,11923478343.699999
2021-10-15,7.83,8.23,8.32,7.82,358625,291881136.0,6.4,5.38,0.42,2.74,12564689727.1
2021-10-18,8.04,8.16,8.33,8.01,225528,184293699.0,3.89,-0.85,-0.07,1.72,12457821163.2
2021-10-19,8.12,8.12,8.2,8.02,155916,126329157.0,2.21,-0.49,-0.04,1.19,12396753412.4
2021-10-20,8.17,8.12,8.24,8.05,143424,116898660.0,2.34,0.0,0.0,1.09,12396753412.4
2021-10-21,8.06,8.06,8.15,7.98,115139,92847885.0,2.09,-0.74,-0.06,0.88,12305151786.2
2021-10-22,8.07,8.01,8.12,7.93,115198,92391893.0,2.36,-0.62,-0.05,0.88,12228817097.699999
2021-10-25,7.94,7.9,7.99,7.84,118313,93458573.0,1.87,-1.37,-0.11,0.9,12060880783.0
2021-10-26,7.91,7.74,7.98,7.7,195823,152501022.0,3.54,-2.03,-0.16,1.49,11816609779.800001
2021-10-27,7.78,7.99,8.07,7.73,235230,186103285.0,4.39,3.23,0.25,1.79,12198283222.300001
2021-10-28,7.92,8.03,8.08,7.87,175203,140061796.0,2.63,0.5,0.04,1.34,12259350973.099998
2021-10-29,8.0,8.0,8.15,7.93,159859,128324662.0,2.74,-0.37,-0.03,1.22,12213550160.0
2021-11-01,8.03,8.17,8.29,7.99,238811,194936456.0,3.75,2.13,0.17,1.82,12473088100.9
2021-11-02,8.16,8.27,8.43,8.14,250949,208248153.0,3.55,1.22,0.1,1.91,12625757477.9
2021-11-03,8.29,8.33,8.37,8.21,155253,128591054.0,1.93,0.73,0.06,1.18,12717359104.1
2021-11-04,8.31,8.36,8.52,8.3,155946,131101556.0,2.64,0.36,0.03,1.19,12763159917.199999
2021-11-05,8.39,8.48,8.57,8.35,260506,220701485.0,2.63,1.44,0.12,1.99,12946363169.6
2021-11-08,8.48,8.38,8.54,8.23,155874,130214311.0,3.66,-1.18,-0.1,1.19,12793693792.6
2021-11-09,8.38,8.31,8.43,8.25,109807,91381521.0,2.15,-0.84,-0.07,0.84,12686825228.7
2021-11-10,8.3,8.33,8.37,8.2,209483,173605260.0,2.05,0.24,0.02,1.6,12717359104.1
2021-11-11,8.25,8.48,8.57,8.22,176455,148651846.0,4.2,1.8,0.15,1.35,12946363169.6
2021-11-12,8.48,8.38,8.52,8.28,127790,106918223.0,2.83,-1.18,-0.1,0.97,12793693792.6
2021-11-15,8.43,8.37,8.45,8.28,108600,90635476.0,2.03,-0.12,-0.01,0.83,12778426854.9
2021-11-16,8.42,8.65,8.75,8.35,271907,234508615.0,4.78,3.35,0.28,2.07,13205901110.5
2021-11-17,8.66,8.96,8.98,8.58,294795,259247284.0,4.62,3.58,0.31,2.25,13679176179.2
2021-11-18,8.91,9.16,9.27,8.89,354562,324254912.0,4.24,2.23,0.2,2.7,13984514933.2
2021-11-19,9.07,9.3,9.46,9.02,252090,233883349.0,4.8,1.53,0.14,1.92,14198252061.000002
2021-11-22,9.29,9.26,9.47,9.12,228788,212489633.0,3.76,-0.43,-0.04,1.75,14137184310.199999
2021-11-23,9.21,9.18,9.27,9.03,169207,154506538.0,2.59,-0.86,-0.08,1.29,14015048808.6
2021-11-24,9.25,9.06,9.53,8.95,199832,182680233.0,6.32,-1.31,-0.12,1.52,13831845556.2
2021-11-25,9.19,8.99,9.2,8.97,126659,114765866.0,2.54,-0.77,-0.07,0.97,13724976992.300001
2021-11-26,8.99,8.89,9.03,8.75,137056,121452240.0,3.11,-1.11,-0.1,1.05,13572307615.300001
2021-11-29,8.9,9.25,9.48,8.9,291303,269351584.0,6.52,4.05,0.36,2.22,14121917372.5
2021-11-30,9.35,9.64,10.0,9.2,435828,423302640.0,8.65,4.22,0.39,3.32,14717327942.800001
2021-12-01,9.67,9.83,9.91,9.52,354318,345554416.0,4.05,1.97,0.19,2.7,15007399759.1
2021-12-02,9.7,9.69,9.82,9.45,273656,263464646.0,3.76,-1.42,-0.14,2.09,14793662631.3
2021-12-03,9.7,9.56,9.78,9.52,174887,168397373.0,2.68,-1.34,-0.13,1.33,14595192441.2
2021-12-06,9.57,9.96,10.2,9.51,370808,368603664.0,7.22,4.18,0.4,2.83,15205869949.2
2021-12-07,9.9,9.43,9.93,9.18,343189,324985440.0,7.53,-5.32,-0.53,2.62,14396722251.1
2021-12-08,9.5,9.46,9.6,9.28,195981,184644021.0,3.39,0.32,0.03,1.5,14442523064.2
2021-12-09,9.4,9.44,9.57,9.28,223829,210631099.0,3.07,-0.21,-0.02,1.71,14411989188.8
2021-12-10,9.32,8.94,9.43,8.91,331846,300773584.0,5.51,-5.3,-0.5,2.53,13648642303.8
2021-12-13,8.96,9.01,9.15,8.84,192317,172501209.0,3.47,0.78,0.07,1.47,13755510867.699999
2021-12-14,9.05,9.54,9.73,9.05,476405,452541456.0,7.55,5.88,0.53,3.64,14564658565.8
2021-12-15,9.47,9.47,9.82,9.39,267327,255572443.0,4.51,-0.73,-0.07,2.04,14457790001.900002
2021-12-16,9.47,9.63,9.76,9.41,221539,213599116.0,3.7,1.69,0.16,1.69,14702061005.1
2021-12-17,9.63,9.7,9.75,9.53,187854,181197939.0,2.28,0.73,0.07,1.43,14808929568.999998
2021-12-20,9.3,9.26,9.55,8.9,370289,343287904.0,6.7,-4.54,-0.44,2.83,14137184310.199999
2021-12-21,9.35,9.72,10.1,9.34,426385,413891072.0,8.21,4.97,0.46,3.26,14839463444.400002
2021-12-22,9.7,9.82,9.89,9.53,260165,253521452.0,3.7,1.03,0.1,1.99,14992132821.4
2021-12-23,9.75,9.72,9.83,9.6,170434,165331064.0,2.34,-1.02,-0.1,1.3,14839463444.400002
2021-12-24,9.72,9.6,10.08,9.58,219549,215491178.0,5.14,-1.23,-0.12,1.68,14656260192.0
2021-12-27,9.49,9.56,9.7,9.39,173560,165750136.0,3.23,-0.42,-0.04,1.33,14595192441.2
2021-12-28,9.5,10.09,10.15,9.41,370895,369415872.0,7.74,5.54,0.53,2.83,15404340139.3
2021-12-29,10.09,10.2,10.35,9.87,311965,318688032.0,4.76,1.09,0.11,2.38,15572276453.999998
2021-12-30,10.17,10.85,10.98,10.16,591408,633306576.0,8.04,6.37,0.65,4.52,16564627404.5
2021-12-31,10.85,11.18,11.4,10.68,533744,592171408.0,6.64,3.04,0.33,4.07,17068436348.6
2022-01-04,11.15,11.24,11.38,10.95,417026,465718080.0,3.85,0.54,0.06,3.18,17160037974.800001
2022-01-05,11.11,10.77,11.24,10.57,456835,494884880.0,5.96,-4.18,-0.47,3.49,16442491902.9
2022-01-06,10.66,10.71,10.85,10.41,276422,293405248.0,4.09,-0.56,-0.06,2.11,16350890276.7
2022-01-07,10.7,10.33,10.98,10.27,348658,367357424.0,6.63,-3.55,-0.38,2.66,15770746644.1
2022-01-10,10.35,10.55,10.76,10.28,271583,286431088.0,4.65,2.13,0.22,2.07,16106619273.500002
2022-01-11,10.49,10.12,10.55,10.06,271947,277485280.0,4.64,-4.08,-0.43,2.07,15450140952.4
2022-01-12,10.18,10.35,10.59,10.13,225416,233910573.0,4.55,2.27,0.23,1.71,15801280519.5
2022-01-13,10.4,10.0,10.4,9.98,245237,247497808.0,4.06,-3.38,-0.35,1.86,15266937700.0
2022-01-14,9.95,9.98,10.11,9.8,229215,227998514.0,3.1,-0.2,-0.02,1.74,15236403824.6
2022-01-17,9.99,10.85,10.88,9.99,491851,514920656.0,8.92,8.72,0.87,3.74,16564627404.5
2022-01-18,10.91,10.5,11.16,10.38,419312,449587024.0,7.19,-3.23,-0.35,3.18,16030284585.0
2022-01-19,10.52,10.36,10.65,10.3,231543,241598664.0,3.33,-1.33,-0.14,1.76,15816547457.199999
2022-01-20,10.32,9.92,10.33,9.86,293440,294905360.0,4.54,-4.25,-0.44,2.23,15144802198.4
2022-01-21,9.92,9.71,10.0,9.5,354397,344878304.0,5.04,-2.12,-0.21,2.69,14824196506.7
2022-01-24,9.75,9.8,9.97,9.62,228739,223302715.0,3.6,0.93,0.09,1.74,14961598946.000002
2022-01-25,9.78,9.22,9.78,9.16,387854,364059120.0,6.33,-5.92,-0.58,2.95,14076116559.400002
2022-01-26,9.5,9.09,9.52,8.96,249747,227639676.0,6.07,-1.41,-0.13,1.9,13877646369.3
2022-01-27,9.27,9.03,9.27,8.75,258976,232616744.0,5.72,-0.66,-0.06,1.97,13786044743.099998
2022-01-28,9.09,9.35,9.6,9.03,297730,279917024.0,6.31,3.54,0.32,2.26,14274586749.5
2022-02-07,9.58,9.28,9.66,9.18,216368,203373430.0,5.13,-0.75,-0.07,1.64,14167718185.599998
2022-02-08,9.28,9.6,9.66,9.1,205545,193012559.0,6.03,3.45,0.32,1.56,14656260192.0
2022-02-09,9.55,9.95,9.97,9.45,232407,225969975.0,5.42,3.65,0.35,1.77,15190603011.499998
2022-02-10,9.84,9.83,10.0,9.68,166697,163824380.0,3.22,-1.21,-0.12,1.27,15007399759.1
2022-02-11,9.76,9.72,9.83,9.32,232101,222095416.0,5.19,-1.12,-0.11,1.76,14839463444.400002
2022-02-14,9.6,9.51,9.7,9.36,160545,152578910.0,3.5,-2.16,-0.21,1.22,14518857752.699999
2022-02-15,9.51,9.66,9.94,9.49,200248,193980504.0,4.73,1.58,0.15,1.52,14747861818.2
2022-02-16,9.65,9.41,9.75,9.31,127673,121189624.0,4.55,-2.59,-0.25,0.97,14366188375.7
2022-02-17,9.46,9.6,9.88,9.43,205730,197791506.0,4.78,2.02,0.19,1.56,14656260192.0
2022-02-18,9.55,9.49,9.69,9.41,140856,134332000.0,2.92,-1.15,-0.11,1.07,14488323877.300001
2022-02-21,9.47,9.92,10.08,9.41,250576,245423195.0,7.06,4.53,0.43,1.9,15144802198.4
2022-02-22,10.03,9.71,10.03,9.65,178940,175158673.0,3.83,-2.12,-0.21,1.36,14824196506.7
2022-02-23,9.82,9.82,10.11,9.72,190221,188278782.0,4.02,1.13,0.11,1.44,14992132821.4
2022-02-24,9.78,9.33,9.85,9.15,270896,257165715.0,7.13,-4.99,-0.49,2.06,14244052874.1
2022-02-25,9.42,9.16,9.6,9.13,182950,170528905.0,5.04,-1.82,-0.17,1.39,13984514933.2
2022-02-28,9.16,9.29,9.32,9.01,173587,159542889.0,3.38,1.42,0.13,1.32,14182985123.3
2022-03-01,9.32,9.61,9.72,9.23,225167,215024311.0,5.27,3.44,0.32,1.71,14671527129.699999
2022-03-02,9.55,9.51,9.66,9.48,95465,91245734.0,1.87,-1.04,-0.1,0.73,14518857752.699999
2022-03-03,9.53,9.36,9.58,9.28,135988,127564681.0,3.15,-1.58,-0.15,1.03,14289853687.199999
2022-03-04,9.31,9.39,9.7,9.3,160725,152809880.0,4.27,0.32,0.03,1.22,14335654500.300001
2022-03-07,9.33,9.03,9.36,9.0,133534,121908843.0,3.83,-3.83,-0.36,1.01,13786044743.099998
2022-03-08,8.98,8.85,9.14,8.74,129093,115463082.0,4.43,-1.99,-0.18,0.98,13511239864.5
2022-03-09,8.85,8.4,8.96,8.11,357539,301383168.0,9.6,-5.08,-0.45,2.72,12824227668.0
2022-03-10,8.6,8.34,8.68,8.28,261426,221515823.0,4.76,-0.71,-0.06,1.99,12732626041.8
2022-03-11,8.21,8.29,8.33,7.88,326110,264220607.0,5.4,-0.6,-0.05,2.48,12656291353.3
2022-03-14,8.2,7.96,8.31,7.91,202020,162641411.0,4.83,-3.98,-0.33,1.53,12152482409.2
2022-03-15,7.92,7.62,8.04,7.58,199836,155839661.0,5.78,-4.27,-0.34,1.52,11633406527.4
2022-03-16,7.72,7.76,7.86,7.33,262126,199517602.0,6.96,1.84,0.14,1.99,11847143655.199999
2022-03-17,7.87,8.0,8.15,7.8,206161,164333629.0,4.51,3.09,0.24,1.57,12213550160.0
2022-03-18,7.94,8.01,8.09,7.82,170181,135209033.0,3.38,0.13,0.01,1.29,12228817097.699999
2022-03-21,8.1,7.86,8.1,7.72,228936,180201053.0,4.74,-1.87,-0.15,1.74,11999813032.2
2022-03-22,7.83,7.75,7.89,7.7,128585,99771216.0,2.42,-1.4,-0.11,0.98,11831876717.5
2022-03-23,7.75,7.77,7.85,7.68,119559,92710540.0,2.19,0.26,0.02,0.91,11862410592.9
2022-03-24,7.76,7.91,7.95,7.59,211687,164694683.0,4.63,1.8,0.14,1.61,12076147720.7
2022-03-25,7.88,7.72,7.93,7.7,130998,102060457.0,2.91,-2.4,-0.19,0.99,11786075904.4
2022-03-28,7.7,7.65,7.74,7.52,103435,78688441.0,2.85,-0.91,-0.07,0.79,11679207340.5
2022-03-29,7.68,7.53,7.71,7.46,115695,87382426.0,3.27,-1.57,-0.12,0.88,11496004088.1
2022-03-30,7.58,7.7,7.73,7.52,116663,89134948.0,2.79,2.26,0.17,0.89,11755542029.0
2022-03-31,7.67,7.59,7.77,7.54,115330,88201031.0,2.99,-1.43,-0.11,0.88,11587605714.3
2022-04-01,7.53,7.68,7.72,7.47,110896,84432369.0,3.29,1.19,0.09,0.84,11725008153.6
2022-04-06,7.69,7.7,7.82,7.67,108183,83724667.0,1.95,0.26,0.02,0.82,11755542029.0
2022-04-07,7.66,7.39,7.72,7.33,182740,136239551.0,5.06,-4.03,-0.31,1.39,11282266960.3
2022-04-08,7.39,7.25,7.41,7.03,208843,150226879.0,5.14,-1.89,-0.14,1.59,11068529832.5
2022-04-11,7.22,6.92,7.22,6.87,150649,105698692.0,4.83,-4.55,-0.33,1.14,10564720888.4
2022-04-12,6.92,7.01,7.03,6.81,122778,85049697.0,3.18,1.3,0.09,0.93,10702123327.699999
2022-04-13,6.93,6.75,6.98,6.72,199838,135992971.0,3.71,-3.71,-0.26,1.52,10305182947.5
2022-04-14,6.79,6.91,6.98,6.74,176144,120450244.0,3.56,2.37,0.16,1.34,10549453950.7
2022-04-15,6.81,6.91,7.04,6.8,177875,123299726.0,3.47,0.0,0.0,1.32,10549453950.7
2022-04-18,6.9,6.8,6.94,6.64,232556,156964305.0,4.34,-1.59,-0.11,1.73,10381517636.0
2022-04-19,6.78,6.68,6.91,6.62,198626,134327013.0,4.26,-1.76,-0.12,1.48,10198314383.6
2022-04-20,6.76,6.87,7.02,6.71,372950,257204945.0,4.64,2.84,0.19,2.78,10488386199.9
2022-04-21,6.78,6.89,7.14,6.75,282763,196945581.0,5.68,0.29,0.02,2.11,10518920075.3
2022-04-22,6.81,7.04,7.1,6.62,322037,220950170.0,6.97,2.18,0.15,2.4,10747924140.8
2022-04-25,6.99,6.51,6.99,6.45,368694,244369662.0,7.67,-7.53,-0.53,2.75,9938776442.699999
2022-04-26,6.19,6.05,6.23,5.71,541946,324039344.0,7.99,-7.07,-0.46,4.04,9236497308.5
2022-04-27,5.81,6.08,6.27,5.81,339616,207296583.0,7.6,0.5,0.03,2.53,9282298121.6
2022-04-28,6.1,5.75,6.1,5.63,336284,195802587.0,7.73,-5.43,-0.33,2.5,8778489177.5
2022-04-29,5.8,6.03,6.1,5.8,367712,220129419.0,5.22,4.87,0.28,2.74,9205963433.1
2022-05-05,6.04,6.0,6.1,5.81,340692,203692027.0,4.81,-0.5,-0.03,2.54,9160162620.0
2022-05-06,5.9,6.18,6.27,5.79,352555,212768015.0,8.0,3.0,0.18,2.62,9434967498.6
2022-05-09,6.14,6.19,6.43,6.11,283085,176935463.0,5.18,0.16,0.01,2.11,9450234436.300001
2022-05-10,6.06,6.37,6.4,5.97,369029,229698806.0,6.95,2.91,0.18,2.75,9725039314.9
2022-05-11,6.32,6.42,6.61,6.27,424307,274479328.0,5.34,0.78,0.05,3.16,9801374003.4
2022-05-12,6.33,6.78,6.86,6.3,386173,256069204.0,8.72,5.61,0.36,2.88,10350983760.6
2022-05-13,7.59,7.53,8.02,7.04,1052922,786262512.0,14.45,11.06,0.75,7.84,11496004088.1
2022-05-16,7.29,7.2,7.44,6.98,648546,464439440.0,6.11,-4.38,-0.33,4.83,10992195144.0
2022-05-17,7.12,7.25,7.39,6.99,576955,416910016.0,5.56,0.69,0.05,4.3,11068529832.5
2022-05-18,7.36,7.11,7.45,7.1,340812,246709437.0,4.83,-1.93,-0.14,2.54,10854792704.7
2022-05-19,6.91,7.0,7.04,6.86,287732,199592083.0,2.53,-1.55,-0.11,2.14,10686856390.0
2022-05-20,7.03,7.52,7.61,7.0,509647,374042784.0,8.71,7.43,0.52,3.79,11480737150.4
2022-05-23,7.43,7.38,7.47,7.31,240846,177646617.0,2.13,-1.86,-0.14,1.79,11267000022.6
2022-05-24,7.39,7.0,7.39,7.0,233488,167491061.0,5.28,-5.15,-0.38,1.74,10686856390.0
2022-05-25,7.05,7.08,7.16,6.97,141378,99880708.0,2.71,1.14,0.08,1.05,10808991891.6
2022-05-26,7.13,7.03,7.13,6.9,175814,123482613.0,3.25,-0.71,-0.05,1.31,10732657203.1
2022-05-27,7.07,6.94,7.11,6.91,147437,103166434.0,2.84,-1.28,-0.09,1.1,10595254763.800001
2022-05-30,6.96,7.14,7.24,6.91,186843,132778921.0,4.76,2.88,0.2,1.39,10900593517.8
2022-05-31,7.13,7.09,7.13,7.0,132858,93809431.0,1.82,-0.7,-0.05,0.99,10824258829.3
2022-06-01,7.09,7.05,7.18,6.97,158084,111820314.0,2.96,-0.56,-0.04,1.18,10763191078.5
2022-06-02,7.0,7.08,7.14,6.95,130587,92114352.0,2.7,0.43,0.03,0.97,10808991891.6
2022-06-06,7.1,7.21,7.22,7.08,227215,162731218.0,1.98,1.84,0.13,1.69,11007462081.7
2022-06-07,7.2,7.58,7.7,7.17,389137,288783472.0,7.35,5.13,0.37,2.9,11572338776.6
2022-06-08,7.53,7.32,7.6,7.2,352347,259448877.0,5.28,-3.43,-0.26,2.62,11175398396.4
2022-06-09,7.3,7.06,7.33,7.01,222333,157973158.0,4.37,-3.55,-0.26,1.66,10778458016.199999
2022-06-10,7.0,7.17,7.19,6.99,170606,121406268.0,2.83,1.56,0.11,1.27,10946394330.9
2022-06-13,7.09,7.07,7.23,7.01,167738,118535945.0,3.07,-1.39,-0.1,1.25,10793724953.9
2022-06-14,7.03,7.06,7.07,6.87,198302,138213684.0,2.83,-0.14,-0.01,1.48,10778458016.199999
2022-06-15,7.06,7.08,7.19,7.03,158738,112994342.0,2.27,0.28,0.02,1.18,10808991891.6
2022-06-16,7.06,7.16,7.31,7.01,180418,129431703.0,4.24,1.13,0.08,1.34,10931127393.2
2022-06-17,7.09,7.19,7.22,7.04,145274,103590757.0,2.51,0.42,0.03,1.08,10976928206.300001
2022-06-20,7.19,7.35,7.39,7.12,210412,152660575.0,3.76,2.23,0.16,1.57,11221199209.5
2022-06-21,7.31,7.3,7.35,7.2,185804,135011381.0,2.04,-0.68,-0.05,1.38,11144864521.0
2022-06-22,7.3,7.16,7.35,7.11,139151,100577672.0,3.29,-1.92,-0.14,1.04,10931127393.2
2022-06-23,7.17,7.26,7.28,7.05,222800,159504323.0,3.21,1.4,0.1,1.66,11083796770.199999
2022-06-24,7.36,7.52,7.65,7.25,409451,304790768.0,5.51,3.58,0.26,3.05,11480737150.4
2022-06-27,7.49,7.8,7.96,7.46,493603,383042576.0,6.65,3.72,0.28,3.68,11908211406.0
2022-06-28,7.7,7.47,7.76,7.41,415594,311743568.0,4.49,-4.23,-0.33,3.09,11404402461.9
2022-06-29,7.47,7.22,7.5,7.2,276551,202441657.0,4.02,-3.35,-0.25,2.06,11022729019.4
2022-06-30,7.22,7.2,7.28,7.15,228824,165077656.0,1.8,-0.28,-0.02,1.7,10992195144.0
2022-07-01,7.33,7.28,7.5,7.2,298165,219008910.0,4.17,1.11,0.08,2.22,11114330645.6
2022-07-04,7.39,7.57,7.59,7.28,332558,248872074.0,4.26,3.98,0.29,2.48,11557071838.9
2022-07-05,7.55,7.25,7.56,7.15,319269,233241699.0,5.42,-4.23,-0.32,2.38,11068529832.5
2022-07-06,7.24,7.09,7.3,7.05,182647,130653639.0,3.45,-2.21,-0.16,1.36,10824258829.3
2022-07-07,7.06,7.0,7.09,6.98,167642,117844434.0,1.55,-1.27,-0.09,1.25,10686856390.0
2022-07-08,7.02,7.03,7.14,7.0,143324,101231174.0,2.0,0.43,0.03,1.07,10732657203.1
2022-07-11,7.0,6.74,7.06,6.65,262790,179273006.0,5.83,-4.13,-0.29,1.96,10289916009.800001
2022-07-12,6.76,6.63,6.77,6.58,129764,86495113.0,2.82,-1.63,-0.11,0.97,10121979695.1
2022-07-13,6.62,6.69,6.72,6.62,92198,61669999.0,1.51,0.9,0.06,0.69,10213581321.300001
2022-07-14,6.69,6.67,6.72,6.61,102000,68035067.0,1.64,-0.3,-0.02,0.76,10183047445.9
2022-07-15,6.65,6.49,6.7,6.46,126500,82963814.0,3.6,-2.7,-0.18,0.94,9908242567.300001
2022-07-18,6.5,6.58,6.61,6.46,114235,74968506.0,2.31,1.39,0.09,0.85,10045645006.6
2022-07-19,6.65,6.76,6.78,6.57,131649,88522414.0,3.19,2.74,0.18,0.98,10320449885.199999
2022-07-20,6.82,6.89,6.91,6.72,142306,97395136.0,2.81,1.92,0.13,1.06,10518920075.3
2022-07-21,6.82,6.95,7.08,6.81,154273,107624948.0,3.92,0.87,0.06,1.15,10610521701.5
2022-07-22,6.98,6.92,7.18,6.87,228764,161355631.0,4.46,-0.43,-0.03,1.7,10564720888.4
2022-07-25,6.95,6.89,7.03,6.84,128222,88629567.0,2.75,-0.43,-0.03,0.95,10518920075.3
2022-07-26,6.89,6.91,6.95,6.85,86458,59628817.0,1.45,0.29,0.02,0.64,10549453950.7
2022-07-27,6.9,6.94,6.98,6.86,92614,64077395.0,1.74,0.43,0.03,0.69,10595254763.800001
2022-07-28,6.96,7.04,7.07,6.93,157010,109927326.0,2.02,1.44,0.1,1.17,10747924140.8
2022-07-29,7.06,6.95,7.06,6.89,134108,93258587.0,2.41,-1.28,-0.09,1.0,10610521701.5
2022-08-01,6.99,6.94,7.05,6.86,137172,95424948.0,2.73,-0.14,-0.01,1.02,10595254763.800001
2022-08-02,6.9,6.59,6.95,6.49,213435,142090362.0,6.63,-5.04,-0.35,1.59,10060911944.3
2022-08-03,6.66,6.64,6.85,6.61,167494,112634490.0,3.64,0.76,0.05,1.25,10137246632.8
2022-08-04,6.75,6.73,6.77,6.61,110892,74113582.0,2.41,1.36,0.09,0.83,10274649072.1
2022-08-05,6.74,7.03,7.05,6.73,204581,142195443.0,4.75,4.46,0.3,1.52,10732657203.1
2022-08-08,7.06,7.06,7.1,6.97,126371,89008106.0,1.85,0.43,0.03,0.94,10778458016.199999
2022-08-09,7.06,7.08,7.1,6.91,151391,105840547.0,2.69,0.28,0.02,1.13,10808991891.6
2022-08-10,7.04,7.01,7.08,6.97,110528,77543581.0,1.55,-0.99,-0.07,0.82,10702123327.699999
2022-08-11,7.09,7.39,7.48,7.05,380106,278343652.0,6.13,5.42,0.38,2.83,11282266960.3
2022-08-12,7.43,7.54,7.6,7.3,299180,224697164.0,4.06,2.03,0.15,2.23,11511271025.8
2022-08-15,7.46,7.57,7.64,7.36,188911,141897696.0,3.71,0.4,0.03,1.41,11557071838.9
2022-08-16,7.55,7.55,7.61,7.39,175734,131930186.0,2.91,-0.26,-0.02,1.31,11526537963.5
2022-08-17,7.59,7.67,7.72,7.51,164098,125021758.0,2.78,1.59,0.12,1.22,11709741215.9
2022-08-18,7.66,7.58,7.66,7.54,115780,87768298.0,1.56,-1.17,-0.09,0.86,11572338776.6
2022-08-19,7.62,7.46,7.67,7.41,147408,110740515.0,3.43,-1.58,-0.12,1.1,11389135524.2
2022-08-22,7.46,7.34,7.49,7.32,149265,110269236.0,2.28,-1.61,-0.12,1.11,11205932271.8
2022-08-23,7.4,7.36,7.41,7.26,90804,66718134.0,2.04,0.27,0.02,0.68,11236466147.2
2022-08-24,7.37,7.21,7.4,7.13,150536,108533725.0,3.67,-2.04,-0.15,1.12,11007462081.7
2022-08-25,7.21,7.19,7.26,7.13,70320,50463990.0,1.8,-0.28,-0.02,0.52,10976928206.300001
2022-08-26,7.15,7.02,7.24,7.0,114097,80935193.0,3.34,-2.36,-0.17,0.85,10717390265.4
2022-08-29,6.93,7.05,7.08,6.8,125234,87167137.0,3.99,0.43,0.03,0.93,10763191078.5
2022-08-30,6.92,6.79,7.07,6.71,221743,150986785.0,5.11,-3.69,-0.26,1.65,10366250698.3
2022-08-31,6.82,6.68,6.82,6.63,129636,86855468.0,2.8,-1.62,-0.11,0.97,10198314383.6
2022-09-01,6.7,6.54,6.72,6.5,125934,83113398.0,3.29,-2.1,-0.14,0.94,9984577255.8
2022-09-02,6.58,6.55,6.59,6.46,104469,68235227.0,1.99,0.15,0.01,0.78,9999844193.5
2022-09-05,6.55,6.55,6.59,6.45,101284,66015955.0,2.14,0.0,0.0,0.75,9999844193.5
2022-09-06,6.51,6.43,6.58,6.36,192986,124637675.0,3.36,-1.83,-0.12,1.44,9816640941.1
2022-09-07,6.43,6.45,6.45,6.24,256681,162896244.0,3.27,0.31,0.02,1.91,9847174816.5
2022-09-08,6.4,6.26,6.44,6.26,130773,82632012.0,2.79,-2.95,-0.19,0.97,9557103000.199999
2022-09-09,6.27,6.37,6.43,6.27,116237,74100912.0,2.56,1.76,0.11,0.87,9725039314.9
2022-09-13,6.37,6.47,6.48,6.37,114877,73958922.0,1.73,1.57,0.1,0.86,9877708691.9
2022-09-14,6.38,6.39,6.44,6.32,88843,56714258.0,1.85,-1.24,-0.08,0.66,9755573190.3
2022-09-15,6.42,6.26,6.47,6.19,93897,59324143.0,4.38,-2.03,-0.13,0.7,9557103000.199999
2022-09-16,6.24,6.24,6.41,6.21,88524,55827425.0,3.19,-0.32,-0.02,0.66,9526569124.800001
2022-09-19,6.24,6.14,6.26,6.03,85159,52149351.0,3.69,-1.6,-0.1,0.63,9373899747.8
2022-09-20,6.16,6.08,6.22,6.07,65939,40322368.0,2.44,-0.98,-0.06,0.49,9282298121.6
2022-09-21,6.08,6.12,6.15,5.98,88936,54121593.0,2.8,0.66,0.04,0.66,9343365872.4
2022-09-22,6.11,6.13,6.2,6.06,58564,36059548.0,2.29,0.16,0.01,0.44,9358632810.1
2022-09-23,6.15,6.09,6.18,5.98,83436,50705860.0,3.26,-0.65,-0.04,0.62,9297565059.3
2022-09-26,6.03,5.93,6.06,5.88,73616,43901219.0,2.96,-2.63,-0.16,0.55,9053294056.1
2022-09-27,5.93,6.09,6.11,5.9,94677,56688774.0,3.54,2.7,0.16,0.73,9297565059.3
2022-09-28,6.02,5.92,6.11,5.92,55100,33059303.0,3.12,-2.79,-0.17,0.43,9038027118.4
2022-09-29,6.02,5.9,6.08,5.9,60957,36517225.0,3.04,-0.34,-0.02,0.47,9007493243.0
2022-09-30,5.94,6.2,6.35,5.94,243465,151749788.0,6.95,5.08,0.3,1.88,9465501374.0
2022-10-10,6.17,6.08,6.21,6.06,108749,66550667.0,2.42,-1.94,-0.12,0.84,9282298121.6
2022-10-11,6.11,6.06,6.12,5.74,133129,78923818.0,6.25,-0.33,-0.02,1.03,9251764246.199999
2022-10-12,6.05,6.21,6.21,5.89,97138,58805625.0,5.28,2.48,0.15,0.75,9480768311.7
2022-10-13,6.18,6.45,6.61,6.12,247722,159225314.0,7.89,3.86,0.24,1.91,9847174816.5
2022-10-14,6.43,6.89,7.0,6.38,384056,261156355.0,9.61,6.82,0.44,2.96,10518920075.3
2022-10-17,6.9,7.07,7.36,6.85,423674,302098300.0,7.4,2.61,0.18,3.27,10793724953.9
2022-10-18,7.07,6.87,7.07,6.81,243089,168789187.0,3.68,-2.83,-0.2,1.87,10488386199.9
2022-10-19,6.88,6.82,6.93,6.75,143385,97863944.0,2.62,-0.73,-0.05,1.11,10412051511.4
2022-10-20,6.75,6.83,7.07,6.68,222724,153116840.0,5.72,0.15,0.01,1.72,10427318449.1
2022-10-21,6.81,6.96,7.03,6.75,230814,159470626.0,4.1,1.9,0.13,1.78,10625788639.2
2022-10-24,7.0,6.88,7.09,6.81,218077,151373695.0,4.02,-1.15,-0.08,1.68,10503653137.6
2022-10-25,7.06,7.4,7.63,7.06,854165,637524034.0,8.28,7.56,0.52,6.59,11297533898.0
2022-10-26,7.43,8.21,8.55,7.43,929695,751489656.0,15.14,10.95,0.81,7.17,12534155851.7
2022-10-27,8.29,8.31,8.53,8.13,570086,473996006.0,4.87,1.22,0.1,4.4,12686825228.7
2022-10-28,8.15,8.02,8.36,7.97,393330,319182064.0,4.69,-3.49,-0.29,3.03,12244084035.4
2022-10-31,8.01,8.38,8.49,7.98,698147,577303858.0,6.36,4.49,0.36,5.38,12793693792.6
2022-11-01,8.29,8.16,8.35,8.0,457739,371918657.0,4.18,-2.63,-0.22,3.53,12457821163.2
2022-11-02,8.16,8.08,8.31,7.95,415336,334658325.0,4.41,-0.98,-0.08,3.2,12335685661.6
2022-11-03,8.0,7.72,8.08,7.67,494941,387413474.0,5.07,-4.46,-0.36,3.82,11786075904.4
2022-11-04,7.72,7.7,7.8,7.58,435093,333929870.0,2.85,-0.26,-0.02,3.36,11755542029.0
2022-11-07,7.79,7.78,7.95,7.7,367276,287414296.0,3.25,1.04,0.08,2.83,11877677530.6
2022-11-08,7.79,8.0,8.05,7.6,389804,306826987.0,5.78,2.83,0.22,3.01,12213550160.0
2022-11-09,7.89,7.94,8.24,7.81,242567,194653577.0,5.38,-0.75,-0.06,1.87,12121948533.800001
2022-11-10,8.11,8.41,8.9,8.06,786862,673117388.0,10.58,5.92,0.47,6.07,12839494605.7
2022-11-11,8.6,8.39,8.73,8.25,593361,503801412.0,5.71,-0.24,-0.02,4.58,12808960730.300001
2022-11-14,8.3,8.88,8.98,8.28,565154,490047161.0,8.34,5.84,0.49,4.36,13557040677.6
2022-11-15,8.75,8.85,9.05,8.68,421844,375457682.0,4.17,-0.34,-0.03,3.25,13511239864.5
2022-11-16,8.8,8.46,8.93,8.4,438093,376973900.0,5.99,-4.41,-0.39,3.38,12915829294.2
2022-11-17,8.53,8.58,8.61,8.33,223352,189710128.0,3.31,1.42,0.12,1.72,13099032546.6
2022-11-18,8.61,8.81,9.26,8.59,500662,452108224.0,7.81,2.68,0.23,3.86,13450172113.7
2022-11-21,8.86,8.76,8.94,8.6,274497,240263810.0,3.86,-0.57,-0.05,2.12,13373837425.199999
2022-11-22,8.66,8.41,8.98,8.36,300180,255944602.0,7.08,-4.0,-0.35,2.32,12839494605.7
2022-11-23,8.44,8.32,8.46,8.05,331374,273331646.0,4.88,-1.07,-0.09,2.56,12702092166.4
2022-11-24,8.36,8.3,8.49,8.24,125385,104606711.0,3.0,-0.24,-0.02,0.97,12671558291.000002
2022-11-25,8.22,8.1,8.25,8.02,178112,144353589.0,2.77,-2.41,-0.2,1.37,12366219537.0
2022-11-28,8.02,7.98,8.25,7.85,223782,179058860.0,4.94,-1.48,-0.12,1.73,12183016284.6
2022-11-29,7.98,7.92,8.13,7.85,259623,206821211.0,3.51,-0.75,-0.06,2.0,12091414658.4
2022-11-30,7.94,8.01,8.1,7.86,192545,154152093.0,3.03,1.14,0.09,1.49,12228817097.699999
2022-12-01,8.04,8.46,8.57,8.01,427767,355818600.0,6.99,5.62,0.45,3.3,12915829294.2
2022-12-02,8.38,8.27,8.73,8.22,467022,395700373.0,6.03,-2.25,-0.19,3.6,12625757477.9
2022-12-05,8.48,8.73,9.02,8.4,615121,539705416.0,7.5,5.56,0.46,4.74,13328036612.1
2022-12-06,8.68,8.51,8.8,8.47,272221,234408656.0,3.78,-2.52,-0.22,2.1,12992163982.699999
2022-12-07,8.49,8.51,8.8,8.42,297064,254769199.0,4.47,0.0,0.0,2.29,12992163982.699999
2022-12-08,8.5,8.65,8.74,8.42,268525,230426814.0,3.76,1.65,0.14,2.07,13205901110.5
2022-12-09,8.6,8.33,8.62,8.3,241955,203694242.0,3.7,-3.7,-0.32,1.87,12717359104.1
2022-12-12,8.4,8.52,8.65,8.36,198350,169508589.0,3.48,2.28,0.19,1.53,13007430920.4
2022-12-13,9.1,8.26,9.2,8.1,705068,608273164.0,12.91,-3.05,-0.26,5.44,12610490540.199999
2022-12-14,7.91,8.11,8.33,7.9,330731,269530305.0,5.21,-1.82,-0.15,2.55,12381486474.699999
2022-12-15,8.08,8.1,8.52,8.06,386837,321287179.0,5.67,-0.12,-0.01,2.98,12366219537.0
2022-12-16,8.16,7.98,8.19,7.89,203271,162297130.0,3.7,-1.48,-0.12,1.57,12183016284.6
2022-12-19,8.0,7.73,8.12,7.69,204625,159614070.0,5.39,-3.13,-0.25,1.58,11801342842.1
2022-12-20,7.73,7.46,7.86,7.41,217146,163846074.0,5.82,-3.49,-0.27,1.67,11389135524.2
2022-12-21,7.49,7.37,7.54,7.3,128464,95314076.0,3.22,-1.21,-0.09,0.99,11251733084.9
2022-12-22,7.48,7.39,7.65,7.28,191948,143197424.0,5.02,0.27,0.02,1.48,11282266960.3
2022-12-23,7.38,7.69,7.81,7.35,235327,180310731.0,6.22,4.06,0.3,1.81,11740275091.300001
2022-12-26,7.66,7.72,7.89,7.61,163586,126763831.0,3.64,0.39,0.03,1.26,11786075904.4
2022-12-27,7.78,7.54,7.8,7.34,233778,175420571.0,5.96,-2.33,-0.18,1.8,11511271025.8
2022-12-28,7.52,7.46,7.6,7.41,100330,75235323.0,2.52,-1.06,-0.08,0.77,11389135524.2
2022-12-29,7.48,7.74,7.87,7.41,204335,157536011.0,6.17,3.75,0.28,1.58,11816609779.800001
2022-12-30,7.83,7.91,7.96,7.65,170557,133732209.0,4.01,2.2,0.17,1.32,12076147720.7
2023-01-03,7.96,8.21,8.29,7.82,193294,157745670.0,5.94,3.79,0.3,1.49,12534155851.7
2023-01-04,8.21,8.49,8.5,8.19,231681,194333118.0,3.78,3.41,0.28,1.79,12961630107.300001
2023-01-05,8.42,8.31,8.47,8.25,167808,139571283.0,2.59,-2.12,-0.18,1.29,12686825228.7
2023-01-06,8.32,8.26,8.4,8.22,95616,79273278.0,2.17,-0.6,-0.05,0.74,12610490540.199999
2023-01-09,8.26,8.39,8.45,8.22,173503,144908658.0,2.78,1.57,0.13,1.34,12808960730.300001
2023-01-10,8.37,8.33,8.44,8.2,175229,145727601.0,2.86,-0.72,-0.06,1.3,12717359104.1
2023-01-11,8.33,8.02,8.39,7.94,267522,216398077.0,5.4,-3.72,-0.31,1.98,12244084035.4
2023-01-12,8.01,8.12,8.22,7.94,183087,148294834.0,3.49,1.25,0.1,1.35,12396753412.4
2023-01-13,8.17,8.23,8.28,8.03,150224,123106080.0,3.08,1.35,0.11,1.11,12564689727.1
2023-01-16,8.28,8.55,8.84,8.22,347047,298815642.0,7.53,3.89,0.32,2.56,13053231733.500002
2023-01-17,8.56,8.5,8.58,8.41,104879,88994372.0,1.99,-0.58,-0.05,0.77,12976897045.0
2023-01-18,8.55,8.99,9.04,8.45,317469,280204854.0,6.94,5.76,0.49,2.34,13724976992.300001
2023-01-19,8.88,9.26,9.3,8.87,388834,355169932.0,4.78,3.0,0.27,2.86,14137184310.199999
2023-01-20,9.17,9.45,9.57,9.17,290770,274068878.0,4.32,2.05,0.19,2.14,14427256126.499998
2023-01-30,9.5,9.47,9.7,9.36,279217,265178096.0,3.6,0.21,0.02,2.06,14457790001.900002
2023-01-31,9.33,9.13,9.72,9.07,458912,426851903.0,6.86,-3.59,-0.34,3.38,13938714120.1
2023-02-01,9.13,9.11,9.22,8.99,280990,255099372.0,2.52,-0.22,-0.02,2.07,13908180244.699999
2023-02-02,9.12,9.04,9.66,8.98,412346,381490765.0,7.46,-0.77,-0.07,3.04,13801311680.8
2023-02-03,9.01,9.38,9.44,9.0,363485,337089366.0,4.87,3.76,0.34,2.68,14320387562.6
2023-02-06,9.31,9.36,9.47,9.21,252031,235620263.0,2.77,-0.21,-0.02,1.86,14289853687.199999
2023-02-07,9.38,9.14,9.58,9.09,308499,286087313.0,5.24,-2.35,-0.22,2.27,13953981057.800001
2023-02-08,9.11,9.11,9.21,8.88,214598,194362628.0,3.61,-0.33,-0.03,1.58,13908180244.699999
2023-02-09,9.03,9.22,9.26,8.97,221571,202529895.0,3.18,1.21,0.11,1.63,14076116559.400002
2023-02-10,9.3,9.02,9.49,8.86,280595,254992765.0,6.83,-2.17,-0.2,2.07,13770777805.4
2023-02-13,9.02,9.03,9.1,8.88,281156,252319074.0,2.44,0.11,0.01,2.07,13786044743.099998
2023-02-14,9.03,8.81,9.12,8.76,191519,169326240.0,3.99,-2.44,-0.22,1.41,13450172113.7
2023-02-15,8.89,8.85,8.99,8.75,174910,155307984.0,2.72,0.45,0.04,1.29,13511239864.5
2023-02-16,8.83,8.7,9.02,8.62,257855,228430636.0,4.52,-1.69,-0.15,1.9,13282235798.999998
2023-02-17,8.63,8.57,8.78,8.47,238215,204719299.0,3.56,-1.49,-0.13,1.76,13083765608.9
2023-02-20,8.5,8.58,8.61,8.37,202056,171422304.0,2.8,0.12,0.01,1.49,13099032546.6
2023-02-21,8.78,9.01,9.6,8.75,698913,642417188.0,9.91,5.01,0.43,5.15,13755510867.699999
2023-02-22,8.67,8.89,9.05,8.65,348918,307517446.0,4.44,-1.33,-0.12,2.57,13572307615.300001
2023-02-23,8.89,8.6,8.91,8.56,269791,232890063.0,3.94,-3.26,-0.29,1.99,13129566422.0
2023-02-24,8.77,8.83,9.07,8.76,314649,280078965.0,3.6,2.67,0.23,2.32,13480705989.1
2023-02-27,8.79,8.62,8.85,8.55,260601,225208699.0,3.4,-2.38,-0.21,1.92,13160100297.4
2023-02-28,8.81,9.17,9.43,8.81,529146,485252440.0,7.19,6.38,0.55,3.9,13999781870.9
2023-03-01,9.12,9.6,9.96,9.06,603795,577849040.0,9.81,4.69,0.43,4.45,14656260192.0
2023-03-02,9.62,9.58,9.77,9.51,307184,295591619.0,2.71,-0.21,-0.02,2.26,14625726316.6
2023-03-03,9.5,9.47,9.58,9.28,233840,219939001.0,3.13,-1.15,-0.11,1.72,14457790001.900002
2023-03-06,9.53,9.4,9.58,9.36,142100,133975899.0,2.32,-0.74,-0.07,1.05,14350921438.0
2023-03-07,9.42,9.09,9.5,9.06,182275,168097914.0,4.68,-3.3,-0.31,1.34,13877646369.3
2023-03-08,9.17,9.34,9.5,9.12,189784,176759199.0,4.18,2.75,0.25,1.4,14259319811.8
2023-03-09,9.38,9.37,9.49,9.13,150091,139546202.0,3.85,0.32,0.03,1.11,14305120624.9
2023-03-10,9.34,9.31,9.62,9.16,273982,256740346.0,4.91,-0.64,-0.06,2.02,14213518998.7
2023-03-13,9.3,9.92,9.95,9.21,397842,387471980.0,7.95,6.55,0.61,2.93,15144802198.4
2023-03-14,9.78,9.8,9.94,9.7,178065,175160185.0,2.42,-1.21,-0.12,1.31,14961598946.000002
2023-03-15,9.79,9.72,10.12,9.67,248089,245224427.0,4.59,-0.82,-0.08,1.83,14839463444.400002
2023-03-16,9.69,9.87,10.15,9.53,332734,330412826.0,6.38,1.54,0.15,2.45,15068467509.9
2023-03-17,9.85,10.11,10.22,9.81,378380,380296881.0,4.15,2.43,0.24,2.79,15434874014.699999
2023-03-20,10.0,10.14,10.3,9.95,360604,366976832.0,3.46,0.3,0.03,2.66,15480674827.800001
2023-03-21,10.06,9.92,10.25,9.84,285434,285370882.0,4.04,-2.17,-0.22,2.1,15144802198.4
2023-03-22,10.03,9.9,10.03,9.58,321765,313543235.0,4.54,-0.2,-0.02,2.37,15114268323.0
2023-03-23,9.83,10.1,10.21,9.73,300473,300299796.0,4.85,2.02,0.2,2.21,15419607077.0
2023-03-24,10.5,10.22,10.89,10.08,565003,587636970.0,8.02,1.19,0.12,4.16,15602810329.400002
2023-03-27,10.21,10.68,10.73,9.95,522769,539085113.0,7.63,4.5,0.46,3.85,16305089463.6
2023-03-28,10.53,10.35,10.72,10.03,519021,538413630.0,6.46,-3.09,-0.33,3.82,15801280519.5
2023-03-29,10.28,9.86,10.38,9.81,436939,434702508.0,5.51,-4.73,-0.49,3.22,15053200572.199999
2023-03-30,9.86,9.58,9.86,9.47,406578,391087588.0,3.96,-2.84,-0.28,3.0,14625726316.6
2023-03-31,9.6,10.98,11.18,9.6,771932,800847491.0,16.49,14.61,1.4,5.69,16763097594.6
2023-04-03,10.82,10.69,10.88,10.23,977857,1031099355.0,5.92,-2.64,-0.29,7.2,16320356401.3
2023-04-04,10.4,10.65,10.88,10.36,793091,840866020.0,4.86,-0.37,-0.04,5.84,16259288650.5
2023-04-06,10.5,10.83,10.94,10.19,490903,520485900.0,7.04,1.69,0.18,3.62,16534093529.1
2023-04-07,10.73,11.56,11.75,10.41,645218,729794785.0,12.37,6.74,0.73,4.75,17648579981.2
2023-04-10,11.58,10.88,11.58,10.36,620037,674667093.0,10.55,-5.88,-0.68,4.57,16610428217.6
2023-04-11,10.58,10.54,10.82,10.35,387537,408993106.0,4.32,-3.13,-0.34,2.86,16091352335.8
2023-04-12,10.46,10.81,10.85,10.37,387812,411967281.0,4.55,2.56,0.27,2.86,16503559653.7
2023-04-13,10.67,10.36,11.15,10.26,635368,683783481.0,8.23,-4.16,-0.45,4.68,15816547457.199999
2023-04-14,10.34,10.04,10.51,9.68,665513,670325808.0,8.01,-3.09,-0.32,4.9,15328005450.8
2023-04-17,10.04,9.75,10.26,9.57,528917,514445538.0,6.87,-2.89,-0.29,3.9,14885264257.5
2023-04-18,9.73,9.42,9.85,9.37,441557,421356124.0,4.92,-3.38,-0.33,3.25,14381455313.4
2023-04-19,9.45,9.27,9.62,9.19,400283,375141525.0,4.56,-1.59,-0.15,2.95,14152451247.9
2023-04-20,9.27,9.47,9.48,9.26,240475,226227827.0,2.37,2.16,0.2,1.77,14457790001.900002
2023-04-21,9.58,9.05,9.64,8.98,457445,422821750.0,6.97,-4.44,-0.42,3.37,13816578618.500002
2023-04-24,9.0,8.84,9.16,8.72,524090,464980341.0,4.86,-2.32,-0.21,3.86,13495972926.8
2023-04-25,8.75,8.55,8.83,8.38,407991,350363283.0,5.09,-3.28,-0.29,3.01,13053231733.500002
2023-04-26,8.52,8.27,8.62,7.91,415708,341199256.0,8.3,-3.27,-0.28,3.06,12625757477.9
2023-04-27,8.26,8.38,8.52,8.14,308412,257679396.0,4.59,1.33,0.11,2.27,12793693792.6
2023-04-28,8.29,8.6,8.73,8.28,368553,313422197.0,5.37,2.63,0.22,2.72,13129566422.0
2023-05-04,8.51,8.5,8.64,8.3,323960,273455126.0,3.95,-1.16,-0.1,2.39,12976897045.0
2023-05-05,8.46,8.61,8.72,8.39,304638,260912779.0,3.88,1.29,0.11,2.24,13144833359.699999
2023-05-08,8.6,9.16,9.25,8.51,503707,452041098.0,8.59,6.39,0.55,3.71,13984514933.2
2023-05-09,9.2,9.06,9.8,9.0,692468,654182632.0,8.73,-1.09,-0.1,5.1,13831845556.2
2023-05-10,9.01,9.3,9.37,8.97,418044,384413274.0,4.42,2.65,0.24,3.08,14198252061.000002
2023-05-11,9.49,9.0,10.1,8.78,801315,746846633.0,14.19,-3.23,-0.3,5.9,13740243930.0
2023-05-12,8.95,8.67,9.04,8.6,365581,321209135.0,4.89,-3.67,-0.33,2.69,13236434985.9
2023-05-15,8.74,8.65,8.97,8.45,272027,236918850.0,6.0,-0.23,-0.02,2.0,13205901110.5
2023-05-16,8.62,8.48,8.67,8.15,393063,329205718.0,6.01,-1.97,-0.17,2.9,12946363169.6
2023-05-17,8.4,8.51,8.6,8.36,137375,116910318.0,2.83,0.35,0.03,1.01,12992163982.699999
2023-05-18,8.51,8.43,8.62,8.35,242701,205826541.0,3.17,-0.94,-0.08,1.79,12870028481.1
2023-05-19,8.4,8.2,8.47,8.15,212715,175865459.0,3.8,-2.73,-0.23,1.57,12518888913.999998
2023-05-22,8.25,8.06,8.29,7.86,425014,340958255.0,5.24,-1.71,-0.14,3.13,12305151786.2
2023-05-23,8.08,8.05,8.24,7.94,221733,179570010.0,3.72,-0.12,-0.01,1.63,12289884848.500002
2023-05-24,8.06,8.09,8.2,7.87,163816,131980049.0,4.1,0.5,0.04,1.21,12350952599.3
2023-05-25,8.1,7.97,8.18,7.85,144055,114575750.0,4.08,-1.48,-0.12,1.06,12167749346.9
2023-05-26,7.97,8.12,8.15,7.88,158322,127333824.0,3.39,1.88,0.15,1.17,12396753412.4
2023-05-29,8.29,8.61,8.99,8.28,515407,449250143.0,8.74,6.03,0.49,3.8,13144833359.699999
2023-05-30,8.59,8.69,8.72,8.33,283897,242467896.0,4.53,0.93,0.08,2.09,13266968861.3
2023-05-31,8.65,8.68,8.81,8.61,196623,171001845.0,2.3,-0.12,-0.01,1.45,13251701923.6
2023-06-01,8.7,8.83,8.99,8.5,236070,207803951.0,5.65,1.73,0.15,1.74,13480705989.1
2023-06-02,8.81,8.97,9.02,8.76,251477,224584976.0,2.94,1.59,0.14,1.85,13694443116.900002
2023-06-05,8.92,8.94,8.98,8.77,170054,151033230.0,2.34,-0.33,-0.03,1.25,13648642303.8
2023-06-06,8.9,8.72,8.96,8.68,138692,122404153.0,3.13,-2.46,-0.22,1.02,13312769674.400002
2023-06-07,8.72,9.02,9.41,8.69,529162,484136227.0,8.26,3.44,0.3,3.9,13770777805.4
2023-06-08,8.99,8.88,9.05,8.8,294207,261697138.0,2.77,-1.55,-0.14,2.17,13557040677.6
2023-06-09,8.81,8.85,9.05,8.72,343125,304961919.0,3.72,-0.34,-0.03,2.53,13511239864.5
2023-06-12,8.86,8.78,9.14,8.72,219244,194578995.0,4.75,-0.79,-0.07,1.62,13404371300.599998
2023-06-13,8.8,8.87,8.99,8.69,198301,176228845.0,3.42,1.03,0.09,1.46,13541773739.9
2023-06-14,8.83,8.85,9.02,8.79,222442,198029960.0,2.59,-0.23,-0.02,1.64,13511239864.5
2023-06-15,8.83,8.76,8.91,8.68,236406,207328465.0,2.6,-1.02,-0.09,1.74,13373837425.199999
2023-06-16,8.8,8.78,8.9,8.61,343497,301169045.0,3.31,0.23,0.02,2.53,13404371300.599998
2023-06-19,8.77,9.06,9.15,8.76,412847,371673119.0,4.44,3.19,0.28,3.04,13831845556.2
2023-06-20,9.02,9.16,9.23,8.85,309033,280138975.0,4.19,1.1,0.1,2.28,13984514933.2
2023-06-21,9.11,8.84,9.19,8.84,323491,290308682.0,3.82,-3.49,-0.32,2.38,13495972926.8
2023-06-26,8.7,8.42,8.88,8.39,291961,250309905.0,5.54,-4.75,-0.42,2.15,12854761543.4
2023-06-27,8.49,8.48,8.64,8.41,161701,137875973.0,2.73,0.71,0.06,1.19,12946363169.6
2023-06-28,8.41,8.23,8.45,7.85,395329,319727890.0,7.08,-2.95,-0.25,2.91,12564689727.1
2023-06-29,8.17,8.31,8.42,8.06,205002,168648236.0,4.37,0.97,0.08,1.51,12686825228.7
2023-06-30,8.35,8.38,8.42,8.2,127030,105686673.0,2.65,0.84,0.07,0.94,12793693792.6
2023-07-03,8.35,7.89,8.35,7.46,685114,534034360.0,10.62,-5.85,-0.49,5.05,12045613845.3
2023-07-04,7.9,7.84,7.98,7.72,288198,224935003.0,3.3,-0.63,-0.05,2.12,11969279156.8
2023-07-05,7.81,7.62,7.95,7.59,252765,195714599.0,4.59,-2.81,-0.22,1.86,11633406527.4
2023-07-06,7.69,7.53,7.7,7.5,181181,137327517.0,2.62,-1.18,-0.09,1.33,11496004088.1
2023-07-07,7.52,7.44,7.53,7.3,176591,130933619.0,3.05,-1.2,-0.09,1.3,11358601648.800001
2023-07-10,7.45,7.41,7.51,7.37,128951,95754544.0,1.88,-0.4,-0.03,0.95,11312800835.7
2023-07-11,7.43,7.57,7.59,7.4,181035,135656622.0,2.56,2.16,0.16,1.33,11557071838.9
2023-07-12,7.55,7.37,7.62,7.31,198162,147007298.0,4.1,-2.64,-0.2,1.46,11251733084.9
2023-07-13,7.38,7.57,7.67,7.35,195794,147392028.0,4.34,2.71,0.2,1.44,11557071838.9
2023-07-14,7.62,7.68,7.94,7.61,232169,180829178.0,4.36,1.45,0.11,1.71,11725008153.6
2023-07-17,7.68,7.68,7.79,7.61,129013,98931121.0,2.34,0.0,0.0,0.95,11725008153.6
2023-07-18,7.63,7.54,7.77,7.52,137062,104493752.0,3.26,-1.82,-0.14,1.01,11511271025.8
2023-07-19,7.58,7.56,7.72,7.52,109082,82899172.0,2.65,0.27,0.02,0.8,11541804901.199999
2023-07-20,7.54,7.48,7.65,7.46,118612,89318849.0,2.51,-1.06,-0.08,0.87,11419669399.6
2023-07-21,7.45,7.52,7.68,7.44,138856,105242824.0,3.21,0.53,0.04,1.02,11480737150.4
2023-07-24,7.52,7.47,7.65,7.38,167730,126488036.0,3.59,-0.66,-0.05,1.24,11404402461.9
2023-07-25,7.5,7.54,7.65,7.47,201299,152321960.0,2.41,0.94,0.07,1.48,11511271025.8
2023-07-26,7.54,7.44,7.56,7.41,132475,98899717.0,1.99,-1.33,-0.1,0.98,11358601648.800001
2023-07-27,7.43,7.27,7.46,7.26,145369,106761580.0,2.69,-2.28,-0.17,1.07,11099063707.9
2023-07-28,7.27,7.38,7.4,7.21,146003,106877843.0,2.61,1.51,0.11,1.08,11267000022.6
2023-07-31,7.38,7.3,7.38,7.03,252100,181956047.0,4.74,-1.08,-0.08,1.86,11144864521.0
2023-08-01,7.25,7.3,7.4,7.12,179898,130584849.0,3.84,0.0,0.0,1.33,11144864521.0
2023-08-02,7.28,7.09,7.31,7.07,214969,154130883.0,3.29,-2.88,-0.21,1.58,10824258829.3
2023-08-03,7.11,7.06,7.16,7.02,261585,184871219.0,1.97,-0.42,-0.03,1.93,10778458016.199999
2023-08-04,7.08,7.21,7.27,7.07,192576,138850313.0,2.83,2.12,0.15,1.42,11007462081.7
2023-08-07,7.17,6.82,7.21,6.8,570755,395590087.0,5.69,-5.41,-0.39,4.2,10412051511.4
2023-08-08,6.87,6.8,6.89,6.65,402219,271006959.0,3.52,-0.29,-0.02,2.96,10381517636.0
2023-08-09,6.8,6.94,6.96,6.72,305734,210637342.0,3.53,2.06,0.14,2.25,10595254763.800001
2023-08-10,6.92,6.92,7.0,6.85,154982,107139398.0,2.16,-0.29,-0.02,1.14,10564720888.4
2023-08-11,6.92,6.74,6.93,6.74,120176,82098150.0,2.75,-2.6,-0.18,0.89,10289916009.800001
2023-08-14,6.71,6.93,6.94,6.67,231778,157655206.0,4.01,2.82,0.19,1.71,10579987826.1
2023-08-15,6.98,6.9,7.24,6.8,390922,272168290.0,6.35,-0.43,-0.03,2.88,10534187013.0
2023-08-16,6.87,6.72,6.87,6.68,218723,147558099.0,2.75,-2.61,-0.18,1.61,10259382134.4
2023-08-17,6.68,6.83,6.87,6.6,217074,146375646.0,4.02,1.64,0.11,1.6,10427318449.1
2023-08-18,6.82,6.5,6.85,6.5,271772,180379254.0,5.12,-4.83,-0.33,2.0,9923509505.0
2023-08-21,6.49,6.45,6.63,6.45,305272,199271496.0,2.77,-0.77,-0.05,2.25,9847174816.5
2023-08-22,6.5,6.59,6.6,6.42,237500,154652063.0,2.79,2.17,0.14,1.75,10060911944.3
2023-08-23,6.58,6.48,6.62,6.46,196197,128236736.0,2.43,-1.67,-0.11,1.45,9892975629.6
2023-08-24,6.49,6.37,6.53,6.34,243053,155801957.0,2.93,-1.7,-0.11,1.79,9725039314.9
2023-08-25,6.33,6.24,6.37,6.2,205970,129120920.0,2.67,-2.04,-0.13,1.52,9526569124.800001
2023-08-28,6.52,6.18,6.62,6.14,351987,223484818.0,7.69,-0.96,-0.06,2.59,9434967498.6
2023-08-29,6.16,6.39,6.43,6.15,319853,203254516.0,4.53,3.4,0.21,2.36,9755573190.3
2023-08-30,6.43,6.51,6.61,6.4,290293,189435525.0,3.29,1.88,0.12,2.14,9938776442.699999
2023-08-31,6.53,6.53,6.6,6.45,249781,163502956.0,2.3,0.31,0.02,1.84,9969310318.1
2023-09-01,6.55,6.5,6.63,6.49,160534,105024196.0,2.14,-0.46,-0.03,1.18,9923509505.0
2023-09-04,6.57,6.79,6.79,6.53,315119,210574924.0,4.0,4.46,0.29,2.32,10366250698.3
2023-09-05,6.78,6.7,6.78,6.65,210582,141234377.0,1.91,-1.33,-0.09,1.55,10228848259.0
2023-09-06,6.7,6.77,6.8,6.63,138773,93390779.0,2.54,1.04,0.07,1.02,10335716822.9
2023-09-07,6.75,6.68,6.82,6.67,149530,100869037.0,2.22,-1.33,-0.09,1.1,10198314383.6
2023-09-08,6.67,6.69,6.76,6.62,120432,80630409.0,2.1,0.15,0.01,0.89,10213581321.300001
2023-09-11,6.66,6.81,6.83,6.6,179853,121210245.0,3.44,1.79,0.12,1.33,10396784573.699999
2023-09-12,6.8,6.75,6.82,6.73,109319,73942800.0,1.32,-0.88,-0.06,0.81,10305182947.5
2023-09-13,6.73,6.59,6.75,6.55,129504,85734264.0,2.96,-2.37,-0.16,0.95,10060911944.3
2023-09-14,6.62,6.57,6.64,6.52,105733,69506441.0,1.82,-0.3,-0.02,0.78,10030378068.9
2023-09-15,6.58,6.58,6.69,6.54,132608,87594116.0,2.28,0.15,0.01,0.98,10045645006.6
2023-09-18,6.56,6.7,6.74,6.52,178859,119191732.0,3.34,1.82,0.12,1.32,10228848259.0
2023-09-19,6.67,6.49,6.67,6.48,171521,112177688.0,2.84,-3.13,-0.21,1.26,9908242567.300001
2023-09-20,6.5,6.43,6.54,6.42,110003,71249165.0,1.85,-0.92,-0.06,0.81,9816640941.1
2023-09-21,6.43,6.43,6.51,6.35,142268,91797232.0,2.49,0.0,0.0,1.05,9816640941.1
2023-09-22,6.43,6.69,6.69,6.39,185109,121817002.0,4.67,4.04,0.26,1.36,10213581321.300001
2023-09-25,6.69,6.67,6.76,6.61,208696,139146327.0,2.24,-0.3,-0.02,1.54,10183047445.9
2023-09-26,6.68,6.66,6.72,6.61,116144,77496359.0,1.65,-0.15,-0.01,0.86,10167780508.2
2023-09-27,6.67,6.74,6.77,6.62,131947,88386442.0,2.25,1.2,0.08,0.97,10289916009.800001
2023-09-28,6.73,6.74,6.8,6.69,125341,84422349.0,1.63,0.0,0.0,0.92,10289916009.800001
2023-10-09,6.73,6.73,6.77,6.67,104948,70592962.0,1.48,-0.15,-0.01,0.78,10274649072.1
2023-10-10,6.75,6.81,6.86,6.73,114027,77662364.0,1.93,1.19,0.08,0.85,10396784573.699999
2023-10-11,6.82,6.88,6.95,6.78,129751,89414672.0,2.5,1.03,0.07,0.97,10503653137.6
2023-10-12,6.92,6.95,7.0,6.83,187041,129427996.0,2.47,1.02,0.07,1.39,10610521701.5
2023-10-13,6.92,6.91,7.03,6.88,186247,129759919.0,2.16,-0.58,-0.04,1.39,10549453950.7
2023-10-16,6.88,6.77,6.94,6.72,134579,91436419.0,3.18,-2.03,-0.14,1.0,10335716822.9
2023-10-17,6.79,6.75,6.8,6.68,98838,66536776.0,1.77,-0.3,-0.02,0.74,10305182947.5
2023-10-18,6.72,6.69,6.75,6.58,151526,101097437.0,2.52,-0.89,-0.06,1.13,10213581321.300001
2023-10-19,6.68,6.65,6.92,6.63,179072,120966147.0,4.33,-0.6,-0.04,1.33,10152513570.5
2023-10-20,6.6,6.5,6.73,6.5,157969,103807142.0,3.46,-2.26,-0.15,1.18,9923509505.0
2023-10-23,6.48,6.42,6.54,6.37,162780,105259658.0,2.62,-1.23,-0.08,1.21,9801374003.4
2023-10-24,6.4,6.42,6.52,6.33,176691,113412367.0,2.96,0.0,0.0,1.32,9801374003.4
2023-10-25,6.46,6.58,6.74,6.41,212743,140871749.0,5.14,2.49,0.16,1.59,10045645006.6
2023-10-26,6.64,7.05,7.09,6.6,458123,316995336.0,7.45,7.14,0.47,3.41,10763191078.5
2023-10-27,7.09,7.19,7.28,6.88,422429,300393602.0,5.67,1.99,0.14,3.15,10976928206.300001
2023-10-30,7.16,7.38,7.43,7.1,360632,262476318.0,4.59,2.64,0.19,2.69,11267000022.6
2023-10-31,7.28,7.2,7.37,7.14,191362,138399475.0,3.12,-2.44,-0.18,1.43,10992195144.0
2023-11-01,7.18,7.18,7.26,7.15,140887,101387356.0,1.53,-0.28,-0.02,1.05,10961661268.6
2023-11-02,7.16,7.13,7.23,7.11,123758,88579705.0,1.67,-0.7,-0.05,0.92,10885326580.1
2023-11-03,7.12,7.36,7.42,7.12,219341,160646147.0,4.21,3.23,0.23,1.63,11236466147.2
2023-11-06,7.37,7.56,7.6,7.33,279745,210427378.0,3.67,2.72,0.2,2.09,11541804901.199999
2023-11-07,7.54,7.66,7.83,7.49,301191,231523684.0,4.5,1.32,0.1,2.24,11694474278.2
2023-11-08,7.61,7.9,7.96,7.6,340131,267182480.0,4.7,3.13,0.24,2.54,12060880783.0
2023-11-09,7.82,7.77,7.89,7.72,126453,98468201.0,2.15,-1.65,-0.13,0.94,11862410592.9
2023-11-10,7.72,7.73,7.82,7.66,118785,92057698.0,2.06,-0.51,-0.04,0.89,11801342842.1
2023-11-13,7.78,7.83,7.9,7.72,164252,128405754.0,2.33,1.29,0.1,1.22,11954012219.1
2023-11-14,7.84,7.77,7.84,7.65,242458,187409138.0,2.43,-0.77,-0.06,1.81,11862410592.9
2023-11-15,7.85,7.84,7.89,7.76,246494,193139573.0,1.67,0.9,0.07,1.84,11969279156.8
2023-11-16,7.8,7.79,7.89,7.77,84457,66008417.0,1.53,-0.64,-0.05,0.63,11892944468.3
2023-11-17,7.75,7.85,7.94,7.73,116144,90769580.0,2.7,0.77,0.06,0.87,11984546094.5
2023-11-20,7.85,7.79,7.92,7.78,119279,93638365.0,1.78,-0.76,-0.06,0.89,11892944468.3
2023-11-21,7.85,7.73,7.91,7.7,126661,98447501.0,2.7,-0.77,-0.06,0.94,11801342842.1
2023-11-22,7.7,7.68,7.8,7.67,110236,85201782.0,1.68,-0.65,-0.05,0.82,11725008153.6
2023-11-23,7.68,7.65,7.75,7.6,165696,127021480.0,1.95,-0.39,-0.03,1.24,11679207340.5
2023-11-24,7.66,7.52,7.66,7.45,160660,120878503.0,2.75,-1.7,-0.13,1.2,11480737150.4
2023-11-27,7.54,7.44,7.59,7.37,228310,170289774.0,2.93,-1.06,-0.08,1.7,11358601648.800001
2023-11-28,7.44,7.49,7.54,7.38,128460,95901449.0,2.15,0.67,0.05,0.96,11434936337.300001
2023-11-29,7.51,7.43,7.51,7.4,99822,74380792.0,1.47,-0.8,-0.06,0.74,11343334711.1
2023-11-30,7.44,7.35,7.45,7.31,109900,80966760.0,1.88,-1.08,-0.08,0.82,11221199209.5
2023-12-01,7.41,7.55,7.62,7.34,186897,139152300.0,3.81,2.72,0.2,1.39,11526537963.5
2023-12-04,7.57,7.45,7.71,7.4,168992,127042094.0,4.11,-1.32,-0.1,1.26,11373868586.5
2023-12-05,7.43,7.24,7.47,7.22,190755,139587531.0,3.36,-2.82,-0.21,1.42,11053262894.800001
2023-12-06,7.26,7.25,7.37,7.14,161292,116833656.0,3.18,0.14,0.01,1.2,11068529832.5
2023-12-07,7.28,7.25,7.38,7.15,180603,130767627.0,3.17,0.0,0.0,1.35,11068529832.5
2023-12-08,7.25,7.21,7.32,7.16,186772,135002564.0,2.21,-0.55,-0.04,1.39,11007462081.7
2023-12-11,7.22,7.31,7.33,7.07,230838,165498972.0,3.61,1.39,0.1,1.72,11160131458.699999
2023-12-12,7.31,7.23,7.35,7.17,169568,123125073.0,2.46,-1.09,-0.08,1.26,11037995957.1
2023-12-13,7.22,7.15,7.28,7.14,124024,89368195.0,1.94,-1.11,-0.08,0.92,10915860455.5
2023-12-14,7.18,7.09,7.26,7.07,151645,108462619.0,2.66,-0.84,-0.06,1.13,10824258829.3
2023-12-15,7.15,6.98,7.16,6.95,172245,121076118.0,2.96,-1.55,-0.11,1.28,10656322514.6
2023-12-18,7.01,6.97,7.14,6.94,313715,221213017.0,2.87,-0.14,-0.01,2.34,10641055576.9
2023-12-19,7.0,6.99,7.04,6.89,128507,89363015.0,2.15,0.29,0.02,0.96,10671589452.300001
2023-12-20,6.95,6.83,7.01,6.82,110498,76167095.0,2.72,-2.29,-0.16,0.82,10427318449.1
2023-12-21,6.78,6.82,6.94,6.69,135062,91863017.0,3.66,-0.15,-0.01,1.01,10412051511.4
2023-12-22,6.85,6.62,6.85,6.58,219849,146960652.0,3.96,-2.93,-0.2,1.64,10106712757.4
2023-12-25,6.58,6.6,6.68,6.54,139758,92072068.0,2.11,-0.3,-0.02,1.04,10076178882.0
2023-12-26,6.61,6.48,6.62,6.4,189345,122359313.0,3.33,-1.82,-0.12,1.41,9892975629.6
2023-12-27,6.51,6.39,6.58,6.33,242387,155767237.0,3.86,-1.39,-0.09,1.81,9755573190.3
2023-12-28,6.38,6.51,6.52,6.32,222947,143230393.0,3.13,1.88,0.12,1.66,9938776442.699999
2023-12-29,6.5,6.55,6.63,6.48,164028,107423386.0,2.3,0.61,0.04,1.22,9999844193.5
2024-01-02,6.6,6.41,6.61,6.4,182294,118302451.0,3.21,-2.14,-0.14,1.36,9786107065.7
2024-01-03,6.43,6.3,6.47,6.27,212590,134677078.0,3.12,-1.72,-0.11,1.58,9618170751.0
2024-01-04,6.28,6.27,6.37,6.22,202277,127166123.0,2.38,-0.48,-0.03,1.51,9572369937.9
2024-01-05,6.27,6.13,6.31,6.09,188690,116600601.0,3.51,-2.23,-0.14,1.41,9358632810.1
2024-01-08,6.11,5.95,6.11,5.94,207963,124792995.0,2.77,-2.94,-0.18,1.55,9083827931.5
2024-01-09,5.96,5.79,5.99,5.72,379873,221375413.0,4.54,-2.69,-0.16,2.83,8839556928.3
2024-01-10,5.75,5.64,5.77,5.59,322996,182689556.0,3.11,-2.59,-0.15,2.41,8610552862.8
2024-01-11,5.67,5.74,5.79,5.61,251788,143383699.0,3.19,1.77,0.1,1.88,8763222239.800001
2024-01-12,5.73,5.61,5.73,5.58,206902,116699573.0,2.61,-2.26,-0.13,1.54,8564752049.700001
2024-01-15,5.62,5.55,5.63,5.51,218395,121334495.0,2.14,-1.07,-0.06,1.63,8473150423.5
2024-01-16,5.56,5.52,5.56,5.4,249739,136671920.0,2.88,-0.54,-0.03,1.86,8427349610.4
2024-01-17,5.51,5.29,5.51,5.28,274746,147924729.0,4.17,-4.17,-0.23,2.05,8076210043.3
2024-01-18,5.26,5.23,5.35,5.06,424994,219953465.0,5.48,-1.13,-0.06,3.17,7984608417.1
2024-01-19,5.21,5.12,5.26,5.08,316489,163269864.0,3.44,-2.1,-0.11,2.36,7816672102.400001
2024-01-22,5.14,4.81,5.23,4.76,414591,206934595.0,9.18,-6.05,-0.31,3.09,7343397033.7
2024-01-23,4.76,4.94,5.2,4.76,394572,191813002.0,9.15,2.7,0.13,2.94,7541867223.8
2024-01-24,4.93,4.92,4.97,4.71,386648,187098577.0,5.26,-0.4,-0.02,2.88,7511333348.4
2024-01-25,4.89,5.05,5.05,4.85,348165,173272271.0,4.07,2.64,0.13,2.6,7709803538.5
2024-01-26,5.05,4.88,5.08,4.85,363120,179946421.0,4.55,-3.37,-0.17,2.71,7450265597.599999
2024-01-29,4.92,4.71,4.96,4.7,315760,150833061.0,5.33,-3.48,-0.17,2.35,7190727656.7
2024-01-30,4.76,4.63,4.8,4.6,313734,147911673.0,4.25,-1.7,-0.08,2.34,7068592155.099999
2024-01-31,4.55,4.32,4.6,4.27,420690,185598071.0,7.13,-6.7,-0.31,3.14,6595317086.400001
2024-02-01,4.26,4.28,4.44,4.22,364437,157039069.0,5.09,-0.93,-0.04,2.72,6534249335.6
2024-02-02,4.29,4.09,4.39,3.86,452029,187049692.0,12.38,-4.44,-0.19,3.37,6244177519.3
2024-02-05,3.99,3.59,4.05,3.5,719445,265818788.0,13.45,-12.22,-0.5,5.36,5480830634.3
2024-02-06,3.54,3.76,3.82,3.39,818700,294451068.0,11.98,4.74,0.17,6.1,5740368575.2
2024-02-07,3.79,3.9,4.01,3.71,736453,286172937.0,7.98,3.72,0.14,5.49,5954105703.0
2024-02-08,3.92,4.16,4.21,3.9,623793,255633935.0,7.95,6.67,0.26,4.65,6351046083.2
2024-02-19,4.28,4.24,4.3,4.12,561624,236827421.0,4.33,1.92,0.08,4.19,6473181584.8
2024-02-20,4.25,4.3,4.32,4.15,415978,176686090.0,4.01,1.42,0.06,3.1,6564783211.0
2024-02-21,4.25,4.36,4.51,4.21,391431,171833438.0,6.98,1.4,0.06,2.92,6656384837.200001
2024-02-22,4.4,4.52,4.52,4.35,289634,129245961.0,3.9,3.67,0.16,2.16,6900655840.4
2024-02-23,4.54,4.71,4.71,4.49,318287,146435521.0,4.87,4.2,0.19,2.37,7190727656.7
2024-02-26,4.76,4.75,4.84,4.63,361123,170988901.0,4.46,0.85,0.04,2.69,7251795407.5
2024-02-27,4.78,5.02,5.02,4.73,364469,178050989.0,6.11,5.68,0.27,2.72,7664002725.4
2024-02-28,5.03,4.54,5.09,4.52,629313,304248891.0,11.35,-9.56,-0.48,4.69,6931189715.8
2024-02-29,4.52,4.78,4.8,4.5,395154,185868675.0,6.61,5.29,0.24,2.95,7297596220.6
2024-03-01,4.76,4.85,4.87,4.67,476939,227581613.0,4.18,1.46,0.07,3.55,7404464784.499999
2024-03-04,4.88,4.8,4.89,4.67,343816,164173606.0,4.54,-1.03,-0.05,2.56,7328130096.0
2024-03-05,4.82,4.64,4.82,4.62,310142,145388228.0,4.17,-3.33,-0.16,2.31,7083859092.799999
2024-03-06,4.65,4.63,4.7,4.56,297753,137693853.0,3.02,-0.22,-0.01,2.22,7068592155.099999
2024-03-07,4.65,4.49,4.66,4.49,311369,142362773.0,3.67,-3.02,-0.14,2.32,6854855027.3
2024-03-08,4.51,4.55,4.6,4.44,295550,133206600.0,3.56,1.34,0.06,2.2,6946456653.5
2024-03-11,4.56,4.67,4.67,4.5,320036,146555454.0,3.74,2.64,0.12,2.39,7129659905.9
2024-03-12,4.7,4.77,4.81,4.68,345265,163868412.0,2.78,2.14,0.1,2.57,7282329282.9
2024-03-13,4.8,4.82,4.9,4.71,342167,164258437.0,3.98,1.05,0.05,2.55,7358663971.400001
2024-03-14,4.85,4.78,4.89,4.68,319522,152670453.0,4.36,-0.83,-0.04,2.38,7297596220.6
2024-03-15,4.77,4.84,4.85,4.67,311973,147929215.0,3.77,1.26,0.06,2.33,7389197846.8
2024-03-18,4.93,5.05,5.06,4.88,564585,282030880.0,3.72,4.34,0.21,4.21,7709803538.5
2024-03-19,5.05,4.99,5.14,4.98,470771,238428485.0,3.17,-1.19,-0.06,3.51,7618201912.3
2024-03-20,5.01,5.19,5.21,4.97,611111,313606896.0,4.81,4.01,0.2,4.55,7923540666.3
2024-03-21,5.17,5.12,5.26,5.08,459199,236144312.0,3.47,-1.35,-0.07,3.42,7816672102.400001
2024-03-22,5.11,5.03,5.13,4.9,456777,228360784.0,4.49,-1.76,-0.09,3.4,7679269663.1
2024-03-25,5.03,4.82,5.06,4.81,340513,167581910.0,4.97,-4.17,-0.21,2.54,7358663971.400001
2024-03-26,4.81,4.71,4.86,4.64,315548,149438636.0,4.56,-2.28,-0.11,2.35,7190727656.7
2024-03-27,4.72,4.42,4.73,4.41,322593,146533412.0,6.79,-6.16,-0.29,2.4,6747986463.4
2024-03-28,4.41,4.56,4.64,4.36,354416,160621464.0,6.33,3.17,0.14,2.64,6961723591.2
2024-03-29,4.56,4.54,4.57,4.43,222271,99924976.0,3.07,-0.44,-0.02,1.66,6931189715.8
2024-04-01,4.55,4.69,4.69,4.55,258125,119953338.0,3.08,3.3,0.15,1.92,7160193781.3
2024-04-02,4.66,4.59,4.69,4.54,272070,125085166.0,3.2,-2.13,-0.1,2.03,7007524404.3
2024-04-03,4.59,4.45,4.6,4.43,291161,130595260.0,3.7,-3.05,-0.14,2.17,6793787276.5
2024-04-08,4.43,4.17,4.43,4.16,426705,180768509.0,6.07,-6.29,-0.28,3.18,6366313020.9
2024-04-09,4.17,4.3,4.3,4.17,323847,137152083.0,3.12,3.12,0.13,2.41,6564783211.0
2024-04-10,4.32,4.14,4.32,4.1,300055,124871434.0,5.12,-3.72,-0.16,2.24,6320512207.799999
2024-04-11,4.11,4.14,4.22,4.09,289039,120354765.0,3.14,0.0,0.0,2.15,6320512207.799999
2024-04-12,4.11,4.06,4.18,4.04,249940,102408022.0,3.38,-1.93,-0.08,1.86,6198376706.2
2024-04-15,4.04,3.83,4.07,3.77,554578,215013880.0,7.39,-5.67,-0.23,4.13,5847237139.1
2024-04-16,3.84,3.58,3.86,3.57,490699,180113565.0,7.57,-6.53,-0.25,3.66,5465563696.6
2024-04-17,3.64,3.83,3.84,3.63,444000,167771635.0,5.87,6.98,0.25,3.31,5847237139.1
2024-04-18,3.84,3.84,3.97,3.71,436310,167657732.0,6.79,0.26,0.01,3.25,5862504076.8
2024-04-19,3.82,3.76,3.88,3.72,285255,108061135.0,4.17,-2.08,-0.08,2.13,5740368575.2
2024-04-22,3.76,3.79,3.86,3.65,277069,104491857.0,5.59,0.8,0.03,2.07,5786169388.3
2024-04-23,3.8,3.94,3.99,3.78,367197,143395509.0,5.54,3.96,0.15,2.74,6015173453.8
2024-04-24,3.97,4.05,4.05,3.93,282081,113116274.0,3.05,2.79,0.11,2.1,6183109768.5
2024-04-25,4.02,4.03,4.08,3.97,215092,86726921.0,2.72,-0.49,-0.02,1.6,6152575893.1
2024-04-26,4.05,4.23,4.26,4.02,391275,163145134.0,5.96,4.96,0.2,2.92,6457914647.1
2024-04-29,4.24,4.34,4.36,4.23,326125,140937114.0,3.07,2.6,0.11,2.43,6625850961.8
2024-04-30,4.37,4.27,4.37,4.2,269520,114948451.0,3.92,-1.61,-0.07,2.01,6518982397.9
2024-05-06,4.35,4.36,4.46,4.27,350247,153303437.0,4.45,2.11,0.09,2.61,6656384837.200001
2024-05-07,4.36,4.44,4.46,4.32,309185,136496174.0,3.21,1.83,0.08,2.3,6778520338.8
2024-05-08,4.41,4.28,4.43,4.27,241232,104591267.0,3.6,-3.6,-0.16,1.8,6534249335.6
2024-05-09,4.32,4.36,4.4,4.29,214576,93519779.0,2.57,1.87,0.08,1.6,6656384837.200001
2024-05-10,4.38,4.21,4.38,4.18,279716,118878779.0,4.59,-3.44,-0.15,2.08,6427380771.7
2024-05-13,4.19,4.09,4.2,4.05,263258,107949287.0,3.56,-2.85,-0.12,1.96,6244177519.3
2024-05-14,4.12,4.14,4.2,4.1,226764,94001419.0,2.44,1.22,0.05,1.69,6320512207.799999
2024-05-15,4.11,4.07,4.15,4.04,249340,101888325.0,2.66,-1.69,-0.07,1.86,6213643643.900001
2024-05-16,4.12,4.17,4.22,4.09,307818,128242836.0,3.19,2.46,0.1,2.29,6366313020.9
2024-05-17,4.17,4.29,4.31,4.13,318258,135197376.0,4.32,2.88,0.12,2.37,6549516273.3
2024-05-20,4.29,4.33,4.37,4.22,335728,145174195.0,3.5,0.93,0.04,2.5,6610584024.1
2024-05-21,4.32,4.22,4.33,4.2,224456,95223442.0,3.0,-2.54,-0.11,1.67,6442647709.4
2024-05-22,4.18,4.23,4.25,4.14,246724,103493685.0,2.61,0.24,0.01,1.84,6457914647.1
2024-05-23,4.22,4.14,4.23,4.12,257110,106830471.0,2.6,-2.13,-0.09,1.92,6320512207.799999
2024-05-24,4.14,4.05,4.18,4.05,174917,71693461.0,3.14,-2.17,-0.09,1.3,6183109768.5
2024-05-27,4.06,4.03,4.08,3.9,317381,125869882.0,4.44,-0.49,-0.02,2.37,6152575893.1
2024-05-28,4.05,3.94,4.05,3.93,213140,84716679.0,2.98,-2.23,-0.09,1.59,6015173453.8
2024-05-29,3.95,3.92,4.04,3.89,252096,99828061.0,3.81,-0.51,-0.02,1.88,5984639578.4
2024-05-30,3.91,3.94,3.97,3.85,172374,67714447.0,3.06,0.51,0.02,1.28,6015173453.8
2024-05-31,3.93,4.09,4.13,3.92,283941,115083577.0,5.33,3.81,0.15,2.12,6244177519.3
2024-06-03,4.05,3.89,4.09,3.85,406427,159555915.0,5.87,-4.89,-0.2,3.03,5938838765.3
2024-06-04,3.91,3.93,3.95,3.81,290337,112446301.0,3.6,1.03,0.04,2.16,5999906516.1
2024-06-05,3.9,3.84,3.95,3.84,316230,123519242.0,2.8,-2.29,-0.09,2.36,5862504076.8
2024-06-06,3.85,3.69,3.89,3.65,411036,152954960.0,6.25,-3.91,-0.15,3.06,5633500011.3
2024-06-07,3.77,3.71,3.82,3.66,274897,102276804.0,4.34,0.54,0.02,2.05,5664033886.7
2024-06-11,3.7,3.75,3.76,3.62,348599,128936384.0,3.77,1.08,0.04,2.6,5725101637.5
2024-06-12,3.74,3.74,3.81,3.71,301612,113641242.0,2.67,-0.27,-0.01,2.25,5709834699.8
2024-06-13,3.75,3.72,3.78,3.65,368332,136590690.0,3.48,-0.53,-0.02,2.75,5679300824.400001
2024-06-14,3.71,3.8,3.82,3.64,538802,200899820.0,4.84,2.15,0.08,4.02,5801436326.0
2024-06-17,3.79,3.8,3.88,3.7,520100,197509745.0,4.74,0.0,0.0,3.88,5801436326.0
2024-06-18,3.79,3.97,4.02,3.79,501985,197150152.0,6.05,4.47,0.17,3.74,6060974266.900001
2024-06-19,3.97,3.86,4.02,3.85,448078,175012995.0,4.28,-2.77,-0.11,3.34,5893037952.2
2024-06-20,3.85,3.69,3.87,3.68,399279,150327705.0,4.92,-4.4,-0.17,2.98,5633500011.3
2024-06-21,3.67,3.67,3.73,3.63,333701,122725982.0,2.71,-0.54,-0.02,2.49,5602966135.9
2024-06-24,3.63,3.49,3.64,3.47,420693,148910024.0,4.63,-4.9,-0.18,3.14,5328161257.3
2024-06-25,3.52,3.44,3.56,3.39,329567,113990099.0,4.87,-1.43,-0.05,2.46,5251826568.8
2024-06-26,3.42,3.59,3.6,3.4,437801,152735372.0,5.81,4.36,0.15,3.26,5480830634.3
2024-06-27,3.58,3.51,3.63,3.5,338925,120947939.0,3.62,-2.23,-0.08,2.53,5358695132.7
2024-06-28,3.51,3.46,3.59,3.46,336339,118692682.0,3.7,-1.42,-0.05,2.51,5282360444.2
2024-07-01,3.49,3.44,3.49,3.38,343885,117572880.0,3.18,-0.58,-0.02,2.25,5251826568.8
2024-07-02,3.44,3.48,3.58,3.43,418716,147188227.0,4.36,1.16,0.04,2.74,5312894319.6
2024-07-03,3.48,3.43,3.51,3.42,285523,98623782.0,2.59,-1.44,-0.05,1.87,5236559631.1
2024-07-04,3.44,3.29,3.46,3.29,394721,132198309.0,4.96,-4.08,-0.14,2.59,5022822503.3
2024-07-05,3.29,3.38,3.4,3.23,418204,139853201.0,5.17,2.74,0.09,2.74,5160224942.599999
2024-07-08,3.37,3.21,3.37,3.18,400484,130328438.0,5.62,-5.03,-0.17,2.62,4900687001.7
2024-07-09,3.21,3.23,3.26,3.1,507371,161597168.0,4.98,0.62,0.02,3.32,4931220877.1
2024-07-10,3.19,3.2,3.26,3.15,384719,123244379.0,3.41,-0.93,-0.03,2.52,4885420064.0
2024-07-11,3.28,3.36,3.38,3.27,448776,149478659.0,3.44,5.0,0.16,2.94,5129691067.2
2024-07-12,3.37,3.32,3.4,3.31,271068,90628975.0,2.68,-1.19,-0.04,1.78,5068623316.4
2024-07-15,3.3,3.2,3.32,3.18,360325,116116754.0,4.22,-3.61,-0.12,2.36,4885420064.0
2024-07-16,3.2,3.23,3.26,3.16,266801,85818252.0,3.13,0.94,0.03,1.75,4931220877.1
2024-07-17,3.24,3.23,3.28,3.22,277616,90290131.0,1.86,0.0,0.0,1.82,4931220877.1
2024-07-18,3.21,3.22,3.23,3.13,314935,99995402.0,3.1,-0.31,-0.01,2.06,4915953939.400001
2024-07-19,3.22,3.25,3.28,3.17,301808,97452823.0,3.42,0.93,0.03,1.98,4961754752.5
2024-07-22,3.28,3.34,3.35,3.23,381207,126023592.0,3.69,2.77,0.09,2.5,5099157191.8
2024-07-23,3.32,3.58,3.89,3.29,1264782,446540500.0,17.96,7.19,0.24,8.28,5465563696.6
2024-07-24,3.48,3.42,3.52,3.35,1557505,532454793.0,4.75,-4.47,-0.16,10.2,5221292693.4
2024-07-25,3.33,3.27,3.38,3.23,953791,313769756.0,4.39,-4.39,-0.15,6.25,4992288627.9
2024-07-26,3.27,3.27,3.32,3.21,715138,233144933.0,3.36,0.0,0.0,4.68,4992288627.9
2024-07-29,3.25,3.28,3.34,3.19,595289,194297031.0,4.59,0.31,0.01,3.9,5007555565.599999
2024-07-30,3.29,3.3,3.33,3.24,553112,182071425.0,2.74,0.61,0.02,3.62,5038089441.0
2024-07-31,3.28,3.45,3.45,3.27,738393,250567335.0,5.45,4.55,0.15,4.84,5267093506.5
2024-08-01,3.45,3.44,3.48,3.41,482668,166253354.0,2.03,-0.29,-0.01,3.16,5251826568.8
2024-08-02,3.45,3.45,3.58,3.42,809395,283365570.0,4.65,0.29,0.01,5.3,5267093506.5
2024-08-05,3.5,3.34,3.53,3.33,704142,241380599.0,5.8,-3.19,-0.11,4.61,5099157191.8
2024-08-06,3.39,3.46,3.46,3.34,557142,189438351.0,3.59,3.59,0.12,3.65,5282360444.2
2024-08-07,3.43,3.38,3.45,3.37,412631,140308334.0,2.31,-2.31,-0.08,2.7,5160224942.599999
2024-08-08,3.37,3.37,3.43,3.32,399967,134697544.0,3.25,-0.3,-0.01,2.62,5144958004.900001
2024-08-09,3.38,3.28,3.42,3.28,423764,141376251.0,4.15,-2.67,-0.09,2.78,5007555565.599999
2024-08-12,3.26,3.22,3.27,3.2,380022,122750867.0,2.13,-1.83,-0.06,2.49,4915953939.400001
2024-08-13,3.21,3.24,3.24,3.15,347563,110917494.0,2.8,0.62,0.02,2.28,4946487814.8
2024-08-14,3.22,3.19,3.24,3.18,267189,85701892.0,1.85,-1.54,-0.05,1.75,4870153126.3
2024-08-15,3.19,3.27,3.31,3.16,514450,167551037.0,4.7,2.51,0.08,3.37,4992288627.9
2024-08-16,3.28,3.37,3.38,3.24,587220,195007412.0,4.28,3.06,0.1,3.85,5144958004.900001
2024-08-19,3.35,3.36,3.43,3.34,439066,148442898.0,2.67,-0.3,-0.01,2.88,5129691067.2
2024-08-20,3.35,3.26,3.37,3.24,342248,112363183.0,3.87,-2.98,-0.1,2.24,4977021690.2
2024-08-21,3.22,3.22,3.33,3.2,309564,100806776.0,3.99,-1.23,-0.04,2.03,4915953939.400001
2024-08-22,3.23,3.11,3.26,3.1,437107,138264561.0,4.97,-3.42,-0.11,2.86,4748017624.7
2024-08-23,3.09,3.1,3.15,3.07,314234,97487420.0,2.57,-0.32,-0.01,2.06,4732750687.0
2024-08-26,3.1,3.13,3.15,3.07,271113,84531133.0,2.58,0.97,0.03,1.78,4778551500.099999
2024-08-27,3.13,3.16,3.35,3.09,582073,184992402.0,8.31,0.96,0.03,3.81,4824352313.2
2024-08-28,3.11,3.18,3.19,3.06,480626,150172769.0,4.11,0.63,0.02,3.15,4854886188.6
2024-08-29,3.16,3.25,3.28,3.13,488696,157484618.0,4.72,2.2,0.07,3.2,4961754752.5
2024-08-30,3.28,3.33,3.38,3.25,554360,184890416.0,4.0,2.46,0.08,3.63,5083890254.1
2024-09-02,3.33,3.18,3.36,3.18,513888,167460518.0,5.41,-4.5,-0.15,3.37,4854886188.6
2024-09-03,3.18,3.29,3.29,3.17,504027,163482584.0,3.77,3.46,0.11,3.3,5022822503.3
2024-09-04,3.26,3.25,3.34,3.24,420639,138310632.0,3.04,-1.22,-0.04,2.76,4961754752.5
2024-09-05,3.26,3.31,3.34,3.26,378384,124969903.0,2.46,1.85,0.06,2.48,5053356378.7
2024-09-06,3.33,3.24,3.36,3.22,375503,123284139.0,4.23,-2.11,-0.07,2.46,4946487814.8
2024-09-09,3.24,3.38,3.58,3.2,1072616,363205341.0,11.73,4.32,0.14,7.03,5160224942.599999
2024-09-10,3.37,3.4,3.42,3.28,769492,257083093.0,4.14,0.59,0.02,5.04,5190758818.0
2024-09-11,3.37,3.34,3.4,3.32,495700,166499921.0,2.35,-1.76,-0.06,3.25,5099157191.8
2024-09-12,3.37,3.38,3.43,3.34,523813,177601481.0,2.69,1.2,0.04,3.43,5160224942.599999
2024-09-13,3.37,3.34,3.43,3.32,489632,165184542.0,3.25,-1.18,-0.04,3.21,5099157191.8
2024-09-18,3.34,3.23,3.35,3.18,471627,152789617.0,5.09,-3.29,-0.11,3.09,4931220877.1
2024-09-19,3.25,3.35,3.37,3.23,557910,185169575.0,4.33,3.72,0.12,3.65,5114424129.5
2024-09-20,3.37,3.38,3.4,3.34,450959,151938031.0,1.79,0.9,0.03,2.95,5160224942.599999
2024-09-23,3.38,3.41,3.45,3.35,454272,154879617.0,2.96,0.89,0.03,2.98,5206025755.7
2024-09-24,3.41,3.53,3.53,3.36,770890,266617749.0,4.99,3.52,0.12,5.05,5389229008.099999
2024-09-25,3.55,3.56,3.65,3.53,835504,300080888.0,3.4,0.85,0.03,5.47,5435029821.2
2024-09-26,3.56,3.68,3.69,3.55,716330,258791883.0,3.93,3.37,0.12,4.69,5618233073.6
2024-09-27,3.73,4.07,4.17,3.72,1409743,559585852.0,12.23,10.6,0.39,9.23,6213643643.900001
2024-09-30,4.39,4.87,4.88,4.32,1973681,905623006.0,13.76,19.66,0.8,12.93,7434998659.900001
2024-10-08,5.84,5.84,5.84,5.28,2263429,1295260670.0,11.5,19.92,0.97,14.83,8915891616.8
2024-10-09,5.64,5.63,6.14,5.36,2353749,1361489277.0,13.36,-3.6,-0.21,15.42,8595285925.1
2024-10-10,5.64,5.19,5.76,5.09,1661291,887881026.0,11.9,-7.82,-0.44,10.88,7923540666.3
2024-10-11,5.1,4.79,5.23,4.71,1194652,587374785.0,10.02,-7.71,-0.4,7.83,7312863158.3
2024-10-14,4.82,5.04,5.06,4.66,1037525,507425598.0,8.35,5.22,0.25,6.8,7694536600.8
2024-10-15,5.0,4.9,5.18,4.89,1053098,532900594.0,5.75,-2.78,-0.14,6.9,7480799473.000001
2024-10-16,4.76,4.81,4.96,4.75,655791,317968714.0,4.29,-1.84,-0.09,4.3,7343397033.7
2024-10-17,4.85,4.87,5.03,4.84,795586,392775469.0,3.95,1.25,0.06,5.21,7434998659.900001
2024-10-18,4.81,5.22,5.43,4.77,1217627,620373533.0,13.55,7.19,0.35,7.98,7969341479.4
2024-10-21,5.29,5.38,5.39,5.2,1182574,628720014.0,3.64,3.07,0.16,7.75,8213612482.599999
2024-10-22,5.4,5.33,5.48,5.21,942288,500513408.0,5.02,-0.93,-0.05,6.17,8137277794.1
2024-10-23,5.32,5.44,5.64,5.26,1099664,603629163.0,7.13,2.06,0.11,7.2,8305214108.8
2024-10-24,5.28,5.13,5.39,5.12,1039037,540869171.0,4.96,-5.7,-0.31,6.81,7831939040.099999
2024-10-25,5.15,5.2,5.3,5.08,885389,458316142.0,4.29,1.36,0.07,5.8,7938807604.0
2024-10-28,5.3,5.44,5.49,5.28,958190,516195142.0,4.04,4.62,0.24,6.28,8305214108.8
2024-10-29,5.41,5.34,5.65,5.33,1114914,609876544.0,5.88,-1.84,-0.1,7.3,8152544731.8
2024-10-30,5.32,5.46,5.49,5.23,1000131,536044880.0,4.87,2.25,0.12,6.55,8335747984.2
2024-10-31,5.48,5.64,5.79,5.31,1471345,816247516.0,8.79,3.3,0.18,9.64,8610552862.8
2024-11-01,5.56,5.09,5.64,5.08,1291158,688007518.0,9.93,-9.75,-0.55,8.46,7770871289.3
2024-11-04,5.2,5.25,5.5,5.17,695301,368416432.0,6.48,3.14,0.16,4.55,8015142292.5
2024-11-05,5.21,5.47,5.51,5.17,1026240,553428555.0,6.48,4.19,0.22,6.72,8351014921.9
2024-11-06,5.48,5.38,5.55,5.33,1128221,613022917.0,4.02,-1.65,-0.09,7.39,8213612482.599999
2024-11-07,5.3,5.78,5.78,5.28,1434370,799251435.0,9.29,7.43,0.4,9.4,8824289990.6
2024-11-08,5.89,5.66,5.92,5.62,1154852,663442072.0,5.19,-2.08,-0.12,7.56,8641086738.2
2024-11-11,5.69,5.86,5.86,5.66,984062,567700326.0,3.53,3.53,0.2,6.45,8946425492.2
2024-11-12,5.92,5.77,6.0,5.68,1200737,704674089.0,5.46,-1.54,-0.09,7.86,8809023052.9
2024-11-13,5.83,5.81,5.99,5.71,1006711,587750940.0,4.85,0.69,0.04,6.59,8870090803.699999
2024-11-14,5.75,5.46,5.76,5.43,907338,506564605.0,5.68,-6.02,-0.35,5.94,8335747984.2
2024-11-15,5.45,5.29,5.6,5.28,765899,416414625.0,5.86,-3.11,-0.17,5.02,8076210043.3
2024-11-18,5.3,4.92,5.35,4.88,832971,415824387.0,8.88,-6.99,-0.37,5.46,7511333348.4
2024-11-19,4.98,5.05,5.05,4.83,543897,268280354.0,4.47,2.64,0.13,3.56,7709803538.5
2024-11-20,4.98,5.39,5.54,4.98,1140527,607456685.0,11.09,6.73,0.34,7.47,8228879420.299999
2024-11-21,5.34,5.3,5.37,5.21,605913,320495185.0,2.97,-1.67,-0.09,3.97,8091476981.0
2024-11-22,5.28,5.02,5.38,5.01,636342,331463073.0,6.98,-5.28,-0.28,4.17,7664002725.4
2024-11-25,5.13,5.15,5.25,4.99,658171,334855962.0,5.18,2.59,0.13,4.31,7862472915.500001
2024-11-26,5.09,5.08,5.22,5.05,500656,257224423.0,3.3,-1.36,-0.07,3.28,7755604351.6
2024-11-27,5.05,5.28,5.3,4.86,708178,362342890.0,8.66,3.94,0.2,4.64,8060943105.6
2024-11-28,5.28,5.22,5.45,5.2,727942,387867387.0,4.73,-1.14,-0.06,4.77,7969341479.4
2024-11-29,5.2,5.35,5.44,5.18,709251,377345147.0,4.98,2.49,0.13,4.65,8167811669.499999
2024-12-02,5.6,5.65,5.8,5.5,1343187,763019256.0,5.61,5.61,0.3,8.8,8625819800.5
2024-12-03,5.62,5.61,5.63,5.45,779708,431811985.0,3.19,-0.71,-0.04,5.11,8564752049.700001
2024-12-04,5.55,5.43,5.67,5.4,740451,408543143.0,4.81,-3.21,-0.18,4.85,8289947171.099999
2024-12-05,5.44,5.59,5.64,5.42,613202,340850170.0,4.05,2.95,0.16,4.02,8534218174.3
2024-12-06,5.63,5.67,5.74,5.47,830134,467512666.0,4.83,1.43,0.08,5.44,8656353675.9
2024-12-09,5.75,5.6,5.85,5.52,769031,436246408.0,5.82,-1.23,-0.07,5.04,8549485111.999999
2024-12-10,5.79,5.61,5.84,5.6,1023683,585492784.0,4.29,0.18,0.01,6.71,8564752049.700001
2024-12-11,5.6,5.61,5.65,5.56,588988,330036002.0,1.6,0.0,0.0,3.86,8564752049.700001
2024-12-12,5.62,5.61,5.66,5.46,731448,405978695.0,3.57,0.0,0.0,4.79,8564752049.700001
2024-12-13,5.55,5.48,5.63,5.46,581266,322000731.0,3.03,-2.32,-0.13,3.81,8366281859.6
2024-12-16,5.49,5.7,5.92,5.47,1550594,885665628.0,8.21,4.01,0.22,10.16,8702154489.0
2024-12-17,5.66,5.35,5.68,5.32,1019435,556531290.0,6.32,-6.14,-0.35,6.68,8167811669.499999
2024-12-18,5.39,5.34,5.43,5.25,507723,271698329.0,3.36,-0.19,-0.01,3.33,8152544731.8
2024-12-19,5.25,5.41,5.42,5.23,562690,300589990.0,3.56,1.31,0.07,3.69,8259413295.7
2024-12-20,5.29,5.27,5.35,5.15,778121,408432847.0,3.7,-2.59,-0.14,5.1,8045676167.9
2024-12-23,5.27,4.87,5.27,4.86,874466,437620489.0,7.78,-7.59,-0.4,5.73,7434998659.900001
2024-12-24,4.93,4.87,4.93,4.79,471866,229006171.0,2.87,0.0,0.0,3.09,7434998659.900001
2024-12-25,4.87,4.79,4.91,4.72,404137,193966337.0,3.9,-1.64,-0.08,2.65,7312863158.3
2024-12-26,4.79,4.76,4.87,4.75,396723,190799802.0,2.51,-0.63,-0.03,2.6,7267062345.2
2024-12-27,4.76,4.8,4.88,4.72,394467,190221647.0,3.36,0.84,0.04,2.58,7328130096.0
2024-12-30,4.76,4.71,4.79,4.62,374604,176103672.0,3.54,-1.88,-0.09,2.45,7190727656.7
2024-12-31,4.75,4.48,4.78,4.48,449041,206599979.0,6.37,-4.88,-0.23,2.94,6839588089.6
2025-01-02,4.48,4.36,4.55,4.31,440950,195945842.0,5.36,-2.68,-0.12,2.89,6656384837.200001
2025-01-03,4.39,4.17,4.41,4.16,404381,172564492.0,5.73,-4.36,-0.19,2.65,6366313020.9
2025-01-06,4.16,4.16,4.22,4.07,336164,139774648.0,3.6,-0.24,-0.01,2.2,6351046083.2
2025-01-07,4.16,4.22,4.22,4.13,351740,147150122.0,2.16,1.44,0.06,2.3,6442647709.4
2025-01-08,4.2,4.21,4.25,4.05,472503,196680632.0,4.74,-0.24,-0.01,3.09,6427380771.7
2025-01-09,4.17,4.25,4.33,4.17,396010,168951748.0,3.8,0.95,0.04,2.59,6488448522.5
2025-01-10,4.27,4.08,4.31,4.08,318341,133477026.0,5.41,-4.0,-0.17,2.09,6228910581.6
2025-01-13,4.04,4.09,4.14,3.96,357636,145394525.0,4.41,0.25,0.01,2.34,6244177519.3
2025-01-14,4.11,4.33,4.35,4.1,550971,233855180.0,6.11,5.87,0.24,3.61,6610584024.1
2025-01-15,4.36,4.3,4.37,4.25,361955,155586474.0,2.77,-0.69,-0.03,2.37,6564783211.0
2025-01-16,4.33,4.33,4.44,4.3,360368,157205841.0,3.26,0.7,0.03,2.36,6610584024.1
2025-01-17,4.31,4.31,4.36,4.28,270604,116815293.0,1.85,-0.46,-0.02,1.77,6580050148.7
2025-01-20,4.37,4.32,4.39,4.31,254952,110753369.0,1.86,0.23,0.01,1.67,6595317086.400001
2025-01-21,4.34,4.25,4.37,4.2,347587,148125208.0,3.94,-1.62,-0.07,2.28,6488448522.5
2025-01-22,4.23,4.18,4.24,4.14,311447,129957540.0,2.35,-1.65,-0.07,2.04,6381579958.599999
2025-01-23,4.02,3.96,4.16,3.96,880774,356903072.0,4.78,-5.26,-0.22,5.77,6045707329.2
2025-01-24,3.95,4.14,4.15,3.91,700867,284896601.0,6.06,4.55,0.18,4.59,6320512207.799999
2025-01-27,4.19,4.06,4.21,4.06,380466,156378543.0,3.62,-1.93,-0.08,2.49,6198376706.2
2025-02-05,4.2,4.5,4.69,4.16,1394400,622680416.0,13.05,10.84,0.44,9.13,6870121965.0
2025-02-06,4.47,4.63,4.66,4.38,981698,445550394.0,6.22,2.89,0.13,6.43,7068592155.099999
2025-02-07,4.61,4.95,5.05,4.58,1504282,729475821.0,10.15,6.91,0.32,9.85,7557134161.5
2025-02-10,5.22,5.94,5.94,5.15,2544207,1418969812.0,15.96,20.0,0.99,16.66,9068560993.800001
2025-02-11,6.29,5.75,6.3,5.57,3379684,1976723792.0,12.29,-3.2,-0.19,22.14,8778489177.5
2025-02-12,5.79,5.88,6.2,5.71,2735547,1623341577.0,8.52,2.26,0.13,17.92,8976959367.6
2025-02-13,5.95,6.0,6.19,5.75,2320546,1391596830.0,7.48,2.04,0.12,15.2,9160162620.0
2025-02-14,6.14,6.76,7.18,6.13,3683732,2457542083.0,17.5,12.67,0.76,24.13,10320449885.199999
2025-02-17,7.11,6.75,7.44,6.67,3759427,2635399953.0,11.39,-0.15,-0.01,24.62,10305182947.5
2025-02-18,6.6,6.11,6.69,6.05,2725844,1730352557.0,9.48,-9.48,-0.64,17.85,9328098934.7
2025-02-19,6.11,6.14,6.25,5.95,1917696,1174338635.0,4.91,0.49,0.03,12.56,9373899747.8
2025-02-20,6.12,6.19,6.4,6.08,1801893,1123002155.0,5.21,0.81,0.05,11.8,9450234436.300001
2025-02-21,6.21,6.27,6.32,6.03,1740503,1076897440.0,4.68,1.29,0.08,11.4,9572369937.9
2025-02-24,6.32,6.57,6.68,6.15,2173494,1391893740.0,8.45,4.78,0.3,14.24,10030378068.9
2025-02-25,6.33,6.36,6.57,6.2,1504713,959045533.0,5.63,-3.2,-0.21,9.86,9709772377.2
2025-02-26,6.4,6.26,6.41,6.17,1151342,717331445.0,3.77,-1.57,-0.1,7.54,9557103000.199999
2025-02-27,6.27,6.09,6.3,5.98,1076624,657984649.0,5.11,-2.72,-0.17,7.05,9297565059.3
2025-02-28,6.03,5.73,6.12,5.68,892542,522896864.0,7.22,-5.91,-0.36,5.85,8747955302.1
2025-03-03,5.71,5.84,6.09,5.59,944855,558877299.0,8.73,1.92,0.11,6.19,8915891616.8
2025-03-04,5.78,6.88,7.01,5.71,3615634,2402303587.0,22.26,17.81,1.04,23.68,10503653137.6
2025-03-05,6.56,6.86,6.9,6.51,2619254,1757168845.0,5.67,-0.29,-0.02,17.16,10473119262.2
2025-03-06,6.86,6.87,7.1,6.77,2519794,1744437112.0,4.81,0.15,0.01,16.5,10488386199.9
2025-03-07,6.96,6.69,7.04,6.61,1626157,1108540955.0,6.26,-2.62,-0.18,10.65,10213581321.300001
2025-03-10,7.26,8.03,8.03,6.6,3943948,2887010021.0,21.38,20.03,1.34,25.83,12259350973.099998
2025-03-11,7.94,7.65,8.15,7.43,3766884,2925427922.0,8.97,-4.73,-0.38,24.67,11679207340.5
2025-03-12,7.87,7.71,7.92,7.53,2615213,2024513625.0,5.1,0.78,0.06,17.13,11770808966.7
2025-03-13,7.56,7.81,8.05,7.27,2705599,2087623700.0,10.12,1.3,0.1,17.72,11923478343.699999
2025-03-14,7.6,7.42,7.66,7.19,2002531,1479695968.0,6.02,-4.99,-0.39,13.12,11328067773.4
2025-03-17,7.3,7.16,7.34,7.08,1580803,1136837472.0,3.5,-3.5,-0.26,10.35,10931127393.2
2025-03-18,7.21,7.13,7.28,7.07,1073001,767420543.0,2.93,-0.42,-0.03,7.03,10885326580.1
2025-03-19,7.06,7.06,7.29,7.01,1104243,789275058.0,3.93,-0.98,-0.07,7.23,10778458016.199999
2025-03-20,7.02,7.08,7.25,6.95,1087919,773970884.0,4.25,0.28,0.02,7.13,10808991891.6
2025-03-21,7.0,6.68,7.0,6.67,1147053,777882032.0,4.66,-5.65,-0.4,7.51,10198314383.6
2025-03-24,6.8,6.57,6.86,6.4,943211,624818226.0,6.89,-1.65,-0.11,6.18,10030378068.9
2025-03-25,6.52,6.66,6.78,6.4,985566,649942745.0,5.78,1.37,0.09,6.46,10167780508.2
2025-03-26,6.57,6.44,6.67,6.42,701404,456388973.0,3.75,-3.3,-0.22,4.59,9831907878.800001
2025-03-27,6.38,6.28,6.43,6.24,702782,444221429.0,2.95,-2.48,-0.16,4.6,9587636875.6
2025-03-28,6.25,6.2,6.31,6.19,425053,265147261.0,1.91,-1.27,-0.08,2.78,9465501374.0
2025-03-31,6.13,6.14,6.18,5.9,670407,405276611.0,4.52,-0.97,-0.06,4.39,9373899747.8
2025-04-01,6.2,6.18,6.39,6.17,753435,472564287.0,3.58,0.65,0.04,4.94,9434967498.6
2025-04-02,6.12,6.19,6.29,6.11,563523,349451379.0,2.91,0.16,0.01,3.69,9450234436.300001
2025-04-03,6.12,6.2,6.34,6.08,567649,354183800.0,4.2,0.16,0.01,3.72,9465501374.0
2025-04-07,5.71,4.96,5.94,4.96,1169314,623098095.0,15.81,-20.0,-1.24,7.66,7572401099.2
2025-04-08,5.05,5.26,5.41,5.05,1068819,561174070.0,7.26,6.05,0.3,7.0,8030409230.2
2025-04-09,5.18,5.46,5.52,4.82,930105,487917560.0,13.31,3.8,0.2,6.09,8335747984.2
2025-04-10,5.6,5.55,5.77,5.54,800497,452552010.0,4.21,1.65,0.09,5.24,8473150423.5
2025-04-11,5.47,5.65,5.78,5.47,726688,412240558.0,5.59,1.8,0.1,4.76,8625819800.5
2025-04-14,5.73,5.66,5.8,5.65,582858,333534738.0,2.65,0.18,0.01,3.82,8641086738.2
2025-04-15,5.61,5.52,5.63,5.41,705908,388397103.0,3.89,-2.47,-0.14,4.62,8427349610.4
2025-04-16,5.48,5.39,5.49,5.26,505747,272319780.0,4.17,-2.36,-0.13,3.31,8228879420.299999
2025-04-17,5.36,5.35,5.48,5.32,386557,209083922.0,2.97,-0.74,-0.04,2.53,8167811669.499999
2025-04-18,5.34,5.28,5.38,5.23,351389,185689526.0,2.8,-1.31,-0.07,2.3,8060943105.6
2025-04-21,5.28,5.54,5.54,5.21,543741,294627126.0,6.25,4.92,0.26,3.56,8457883485.8
2025-04-22,5.52,5.47,5.58,5.42,436140,239374416.0,2.89,-1.26,-0.07,2.86,8351014921.9
2025-04-23,5.52,5.55,5.64,5.51,502940,280300681.0,2.38,1.46,0.08,3.29,8473150423.5
2025-04-24,5.53,5.32,5.56,5.3,458830,246676075.0,4.68,-4.14,-0.23,3.01,8122010856.400001
2025-04-25,5.64,5.39,5.88,5.39,983251,548956716.0,9.21,1.32,0.07,6.44,8228879420.299999
2025-04-28,5.2,5.23,5.39,5.2,611164,321378133.0,3.53,-2.97,-0.16,4.0,7984608417.1
2025-04-29,5.22,5.6,5.75,5.17,1125492,625373640.0,11.09,7.07,0.37,7.37,8549485111.999999
2025-04-30,5.66,5.7,5.78,5.56,648459,370057932.0,3.93,1.79,0.1,4.25,8702154489.0
2025-05-06,5.82,5.88,5.94,5.79,609885,357778856.0,2.63,3.16,0.18,3.99,8976959367.6
2025-05-07,6.01,5.81,6.05,5.74,554278,324348334.0,5.27,-1.19,-0.07,3.63,8870090803.699999
2025-05-08,5.82,5.83,5.89,5.78,462763,270576781.0,1.89,0.34,0.02,3.03,8900624679.1
2025-05-09,5.81,5.66,5.83,5.65,396193,225655681.0,3.09,-2.92,-0.17,2.6,8641086738.2
2025-05-12,5.74,5.68,5.76,5.65,377573,214752036.0,1.94,0.35,0.02,2.47,8671620613.6
2025-05-13,5.76,5.74,5.82,5.65,705108,404139481.0,2.99,1.06,0.06,4.62,8763222239.800001
2025-05-14,5.7,5.77,5.85,5.67,594284,342677723.0,3.14,0.52,0.03,3.89,8809023052.9
2025-05-15,5.7,5.38,5.71,5.34,904224,492298152.0,6.41,-6.76,-0.39,5.92,8213612482.599999
2025-05-16,5.33,5.37,5.42,5.29,404962,217513505.0,2.42,-0.19,-0.01,2.65,8198345544.900001
2025-05-19,5.4,5.38,5.4,5.24,409361,217528424.0,2.98,0.19,0.01,2.68,8213612482.599999
2025-05-20,5.36,5.41,5.43,5.32,291814,157327190.0,2.04,0.56,0.03,1.91,8259413295.7
2025-05-21,5.4,5.34,5.41,5.31,272961,145776828.0,1.85,-1.29,-0.07,1.79,8152544731.8
2025-05-22,5.37,5.25,5.42,5.25,472296,251910304.0,3.18,-1.69,-0.09,3.09,8015142292.5
2025-05-23,5.25,5.55,5.9,5.24,1483638,830374162.0,12.57,5.71,0.3,9.72,8473150423.5
2025-05-26,5.39,5.57,5.59,5.37,927435,506794307.0,3.96,0.36,0.02,6.07,8503684298.900001
2025-05-27,5.54,5.5,5.57,5.45,485084,266972973.0,2.15,-1.26,-0.07,3.18,8396815735.0
2025-05-28,5.48,5.37,5.51,5.33,495434,267001607.0,3.27,-2.36,-0.13,3.25,8198345544.900001
2025-05-29,5.38,5.54,5.54,5.35,570468,311838041.0,3.54,3.17,0.17,3.74,8457883485.8
2025-05-30,5.48,5.39,5.52,5.32,515085,278920079.0,3.61,-2.71,-0.15,3.37,8228879420.299999
2025-06-03,5.34,5.4,5.47,5.32,358217,193969333.0,2.78,0.19,0.01,2.35,8244146358.000001
2025-06-04,5.38,5.4,5.43,5.37,329229,177695822.0,1.11,0.0,0.0,2.16,8244146358.000001
2025-06-05,5.41,5.5,5.51,5.34,522798,285066936.0,3.15,1.85,0.1,3.42,8396815735.0
2025-06-06,5.45,5.42,5.49,5.39,344359,186647654.0,1.82,-1.45,-0.08,2.26,8274680233.4
2025-06-09,5.41,5.58,5.67,5.39,689975,384728732.0,5.17,2.95,0.16,4.52,8518951236.6
2025-06-10,5.61,5.47,5.65,5.38,507153,278247579.0,4.84,-1.97,-0.11,3.32,8351014921.9
2025-06-11,5.47,5.46,5.56,5.45,358017,196698290.0,2.01,-0.18,-0.01,2.35,8335747984.2
2025-06-12,5.44,5.52,5.65,5.39,620659,343116172.0,4.76,1.1,0.06,4.07,8427349610.4
2025-06-13,5.49,5.32,5.5,5.31,580634,311685274.0,3.44,-3.62,-0.2,3.8,8122010856.400001
2025-06-16,5.31,5.37,5.42,5.26,386929,206777038.0,3.01,0.94,0.05,2.53,8198345544.900001
2025-06-17,5.45,5.43,5.62,5.41,610983,335806763.0,3.91,1.12,0.06,4.0,8289947171.099999
2025-06-18,5.38,5.31,5.43,5.3,444202,237192791.0,2.39,-2.21,-0.12,2.91,8106743918.7
2025-06-19,5.31,5.16,5.34,5.15,386027,201648614.0,3.58,-2.82,-0.15,2.53,7877739853.2
2025-06-20,5.15,5.06,5.18,5.06,273389,139312585.0,2.33,-1.94,-0.1,1.79,7725070476.2
2025-06-23,5.01,5.41,5.5,5.0,964077,514113781.0,9.88,6.92,0.35,6.31,8259413295.7
2025-06-24,5.39,5.39,5.46,5.28,697380,373899281.0,3.33,-0.37,-0.02,4.57,8228879420.299999
2025-06-25,5.36,5.52,5.54,5.35,683530,372758473.0,3.53,2.41,0.13,4.48,8427349610.4
2025-06-26,5.52,5.59,5.72,5.52,894262,503250234.0,3.62,1.27,0.07,5.86,8534218174.3
2025-06-27,5.56,5.69,5.97,5.52,1160170,667378118.0,8.05,1.79,0.1,7.6,8686887551.300001
2025-06-30,5.69,5.65,5.71,5.59,592062,333587546.0,2.11,-0.7,-0.04,3.88,8625819800.5
2025-07-01,5.84,5.73,5.9,5.62,749799,430055589.0,4.96,1.42,0.08,4.91,8747955302.1
2025-07-02,5.63,5.57,5.67,5.51,537160,299119328.0,2.79,-2.79,-0.16,3.52,8503684298.900001
2025-07-03,5.54,5.57,5.6,5.53,311028,172863202.0,1.26,0.0,0.0,2.04,8503684298.900001
2025-07-04,5.57,5.52,5.63,5.5,450399,250612493.0,2.33,-0.9,-0.05,2.95,8427349610.4
2025-07-07,5.5,5.47,5.56,5.46,289780,159021440.0,1.81,-0.91,-0.05,1.9,8351014921.9
2025-07-08,5.48,5.55,5.55,5.42,354376,195772611.0,2.38,1.46,0.08,2.32,8473150423.5
2025-07-09,5.53,5.5,5.57,5.48,328847,181757890.0,1.62,-0.9,-0.05,2.15,8396815735.0
2025-07-10,5.42,5.46,5.51,5.36,450574,245175158.0,2.73,-0.73,-0.04,2.95,8335747984.2
2025-07-11,5.47,5.59,5.63,5.41,570889,316693757.0,4.03,2.38,0.13,3.74,8534218174.3
2025-07-14,5.62,5.52,5.62,5.47,380413,209651613.0,2.68,-1.25,-0.07,2.49,8427349610.4
2025-07-15,5.51,5.6,5.62,5.35,719471,394854943.0,4.89,1.45,0.08,4.71,8549485111.999999
2025-07-16,5.57,5.59,5.66,5.54,550982,308646367.0,2.14,-0.18,-0.01,3.61,8534218174.3
2025-07-17,5.55,5.67,5.69,5.55,477526,269439233.0,2.5,1.43,0.08,3.13,8656353675.9
2025-07-18,5.68,5.66,5.77,5.63,421767,239995178.0,2.47,-0.18,-0.01,2.76,8641086738.2
2025-07-21,5.65,5.7,5.83,5.61,535698,306474996.0,3.89,0.71,0.04,3.51,8702154489.0
2025-07-22,5.66,5.61,5.71,5.57,435521,244744821.0,2.46,-1.58,-0.09,2.85,8564752049.700001
2025-07-23,5.6,5.55,5.67,5.53,391430,219323364.0,2.5,-1.07,-0.06,2.56,8473150423.5
2025-07-24,5.53,5.69,5.69,5.53,511197,288421667.0,2.88,2.52,0.14,3.35,8686887551.300001
2025-07-25,5.71,5.84,5.89,5.66,912757,530348263.0,4.04,2.64,0.15,5.98,8915891616.8
2025-07-28,5.84,5.82,5.87,5.69,610645,351912216.0,3.08,-0.34,-0.02,4.0,8885357741.4
2025-07-29,5.78,5.84,5.86,5.69,504988,291488496.0,2.92,0.34,0.02,3.31,8915891616.8
2025-07-30,5.82,5.79,5.9,5.71,690635,400902618.0,3.25,-0.86,-0.05,4.52,8839556928.3
2025-07-31,5.74,5.79,5.97,5.74,824359,482295142.0,3.97,0.0,0.0,5.4,8839556928.3
2025-08-01,5.86,5.95,5.96,5.77,1026528,603898214.0,3.28,2.76,0.16,6.72,9083827931.5
2025-08-04,5.88,5.94,5.95,5.78,761704,446017562.0,2.86,-0.17,-0.01,4.99,9068560993.800001
2025-08-05,5.9,5.96,6.03,5.88,606474,361465774.0,2.53,0.34,0.02,3.97,9099094869.2
2025-08-06,5.83,5.8,5.9,5.75,938222,546144306.0,2.52,-2.68,-0.16,6.15,8854823866.0
2025-08-07,5.82,5.84,6.02,5.81,1047150,617744660.0,3.62,0.69,0.04,6.86,8915891616.8
2025-08-08,5.85,5.45,5.9,5.42,1354417,755778063.63,8.22,-6.68,-0.39,8.87,8320481046.5
