交易日期,开盘价,收盘价,最高价,最低价,成交量,成交额,振幅,涨跌幅,涨跌额,换手率
1998-01-08,13.68,13.82,14.35,13.61,185136.0,259430896.0,15.68,192.8,9.1,68.57
1998-01-09,13.51,13.73,14.0,12.95,53910.0,72314704.0,7.6,-0.65,-0.09,19.97
1998-01-12,13.6,13.79,14.65,13.51,50025.0,71048920.0,8.3,0.44,0.06,18.53
1998-01-13,13.5,12.86,13.7,12.41,39079.0,50464728.0,9.35,-6.74,-0.93,14.47
1998-01-14,12.73,13.03,13.36,12.73,21950.0,28569394.0,4.9,1.32,0.17,8.13
1998-01-15,13.03,12.82,13.05,12.55,19484.0,24891926.0,3.84,-1.61,-0.21,7.22
1998-01-16,12.95,12.84,13.29,12.65,8130.0,10550709.0,4.99,0.16,0.02,3.01
1998-01-19,13.03,13.18,13.33,12.8,10422.0,13645157.0,4.13,2.65,0.34,3.86
1998-01-20,13.04,13.18,13.29,12.81,6325.0,8207422.5,3.64,0.0,0.0,2.34
1998-01-21,13.15,13.42,13.59,13.02,19967.0,26731676.0,4.32,1.82,0.24,7.4
1998-01-22,13.45,13.03,13.45,12.85,8076.0,10635633.0,4.47,-2.91,-0.39,2.99
1998-01-23,12.98,12.92,13.1,12.81,8895.0,11485688.0,2.23,-0.84,-0.11,3.29
1998-02-09,13.1,13.25,13.5,13.0,11424.0,15213219.0,3.87,2.55,0.33,4.23
1998-02-10,13.1,12.93,13.25,12.88,6404.0,8329518.5,2.79,-2.42,-0.32,2.37
1998-02-11,12.84,12.89,13.25,12.8,5679.0,7334048.0,3.48,-0.31,-0.04,2.1
1998-02-12,12.61,12.81,13.08,12.61,5714.0,7304422.5,3.65,-0.62,-0.08,2.12
1998-02-13,12.76,12.89,12.99,12.75,4154.0,5331146.0,1.87,0.62,0.08,1.54
1998-02-16,12.85,13.04,13.19,12.85,5683.0,7398558.5,2.64,1.16,0.15,2.1
1998-02-17,13.0,12.9,13.08,12.51,4131.0,5284545.5,4.37,-1.07,-0.14,1.53
1998-02-18,12.9,12.7,12.9,12.62,3215.0,4079842.75,2.17,-1.55,-0.2,1.19
1998-02-19,12.65,12.2,12.73,12.18,13876.0,17092930.0,4.33,-3.94,-0.5,5.14
1998-02-20,12.2,12.33,12.45,12.18,5443.0,6694580.0,2.21,1.07,0.13,2.02
1998-02-23,12.3,11.74,12.3,11.65,9054.0,10695798.0,5.27,-4.79,-0.59,3.35
1998-02-24,11.75,11.52,11.96,11.5,6780.0,7871622.0,3.92,-1.87,-0.22,2.51
1998-02-25,11.48,11.54,11.8,11.38,3740.0,4345079.5,3.65,0.17,0.02,1.39
1998-02-26,11.5,11.76,11.78,11.43,3437.0,3972265.0,3.03,1.91,0.22,1.27
1998-02-27,11.85,11.51,11.86,11.48,2643.0,3064453.75,3.23,-2.13,-0.25,0.98
1998-03-02,11.37,10.52,11.37,10.41,7322.0,7943467.5,8.34,-8.6,-0.99,2.71
1998-03-03,10.46,10.88,10.98,10.4,4123.0,4404525.5,5.51,3.42,0.36,1.53
1998-03-04,10.94,10.8,10.95,10.5,2715.0,2914312.0,4.14,-0.74,-0.08,1.01
1998-03-05,10.91,10.76,10.91,10.7,1701.0,1834466.25,1.94,-0.37,-0.04,0.63
1998-03-06,10.72,10.54,10.8,10.5,2390.0,2536422.0,2.79,-2.04,-0.22,0.89
1998-03-09,10.66,10.72,10.9,10.55,2696.0,2900713.75,3.32,1.71,0.18,1.0
1998-03-10,10.65,10.94,11.06,10.6,3095.0,3360040.0,4.29,2.05,0.22,1.15
1998-03-11,10.9,10.8,11.08,10.8,3518.0,3850515.0,2.56,-1.28,-0.14,1.3
1998-03-12,10.75,10.8,10.98,10.51,3277.0,3504755.5,4.35,0.0,0.0,1.21
1998-03-13,10.81,10.95,11.0,10.65,2102.0,2273929.0,3.24,1.39,0.15,0.78
1998-03-16,10.96,11.34,11.38,10.96,6606.0,7436750.0,3.84,3.56,0.39,2.45
1998-03-17,11.38,11.37,11.45,11.1,4242.0,4790584.5,3.09,0.26,0.03,1.57
1998-03-18,11.31,11.05,11.4,11.01,3488.0,3911387.25,3.43,-2.81,-0.32,1.29
1998-03-19,11.09,11.01,11.19,11.0,2406.0,2664057.25,1.72,-0.36,-0.04,0.89
1998-03-20,11.04,10.85,11.07,10.7,3082.0,3344398.0,3.36,-1.45,-0.16,1.14
1998-03-23,10.8,11.38,11.58,10.8,6740.0,7543827.0,7.19,4.88,0.53,2.5
1998-03-24,11.3,11.21,11.45,11.18,2924.0,3297263.5,2.37,-1.49,-0.17,1.08
1998-03-25,11.33,10.93,11.44,10.85,4132.0,4559542.5,5.26,-2.5,-0.28,1.53
1998-03-26,10.91,10.73,10.96,10.72,2755.0,2982708.0,2.2,-1.83,-0.2,1.02
1998-03-27,10.67,10.95,11.05,10.66,3612.0,3924581.25,3.63,2.05,0.22,1.34
1998-03-30,10.95,11.0,11.18,10.65,5538.0,6026663.0,4.84,0.46,0.05,2.05
1998-03-31,11.0,11.76,11.94,10.83,18255.0,21181750.0,10.09,6.91,0.76,6.76
1998-04-01,11.71,11.76,12.14,11.65,11914.0,14087394.0,4.17,0.0,0.0,4.41
1998-04-02,11.76,11.67,11.99,11.55,10170.0,11935729.0,3.74,-0.77,-0.09,3.77
1998-04-03,11.58,11.73,11.86,11.49,5462.0,6354838.5,3.17,0.51,0.06,2.02
1998-04-06,11.75,11.9,12.1,11.59,6906.0,8188994.0,4.35,1.45,0.17,2.56
1998-04-07,12.0,12.16,12.19,11.64,13088.0,15666987.0,4.62,2.18,0.26,4.85
1998-04-08,12.2,12.69,12.8,12.15,18401.0,23014096.0,5.35,4.36,0.53,6.82
1998-04-09,12.55,12.2,12.9,12.0,14023.0,17512190.0,7.09,-3.86,-0.49,5.19
1998-04-10,12.05,12.23,12.34,12.05,5818.0,7104023.5,2.38,0.25,0.03,2.15
1998-04-13,12.25,12.27,12.4,12.09,6511.0,7984357.5,2.53,0.33,0.04,2.41
1998-04-14,12.35,11.99,12.5,11.96,5603.0,6819481.0,4.4,-2.28,-0.28,2.08
1998-04-15,12.0,12.06,12.19,11.92,5130.0,6176655.5,2.25,0.58,0.07,1.9
1998-04-16,12.0,12.01,12.3,11.81,6522.0,7868861.0,4.06,-0.41,-0.05,2.42
1998-04-17,12.0,11.6,12.17,11.53,5938.0,6975437.5,5.33,-3.41,-0.41,2.2
1998-04-20,11.5,11.2,11.5,11.08,7781.0,8721851.0,3.62,-3.45,-0.4,2.88
1998-04-21,11.23,11.43,11.8,11.21,4970.0,5681065.0,5.27,2.05,0.23,1.84
1998-04-22,11.4,11.72,11.79,11.4,5734.0,6629946.5,3.41,2.54,0.29,2.12
1998-04-23,11.65,11.73,11.88,11.56,4262.0,4992363.0,2.73,0.09,0.01,1.58
1998-04-24,11.8,11.71,11.97,11.65,4070.0,4803359.5,2.73,-0.17,-0.02,1.51
1998-04-27,11.65,11.33,11.69,11.29,4719.0,5399027.5,3.42,-3.25,-0.38,1.75
1998-04-28,11.48,12.2,12.31,11.39,8108.0,9645358.0,8.12,7.68,0.87,3.0
1998-04-29,12.31,12.01,12.4,12.0,5727.0,6932821.0,3.28,-1.56,-0.19,2.12
1998-04-30,12.01,12.27,12.46,12.0,8603.0,10602812.0,3.83,2.16,0.26,3.19
1998-05-04,12.27,12.38,12.48,12.25,6498.0,8021416.5,1.87,0.9,0.11,2.41
1998-05-05,12.4,12.17,12.46,12.1,6522.0,7993322.5,2.91,-1.7,-0.21,2.42
1998-05-06,12.2,12.06,12.45,11.98,8043.0,9808974.0,3.86,-0.9,-0.11,2.98
1998-05-07,12.25,12.15,12.65,12.03,11151.0,13802606.0,5.14,0.75,0.09,4.13
1998-05-08,12.02,12.27,12.4,12.02,6147.0,7497047.0,3.13,0.99,0.12,2.28
1998-05-11,12.38,12.15,12.6,11.86,11650.0,14185521.0,6.03,-0.98,-0.12,4.31
1998-05-12,12.15,12.19,12.49,12.05,7003.0,8620354.0,3.62,0.33,0.04,2.59
1998-05-13,12.1,12.34,12.4,12.09,8219.0,10082387.0,2.54,1.23,0.15,3.04
1998-05-14,12.34,12.74,12.9,12.2,16258.0,20516066.0,5.67,3.24,0.4,6.02
1998-05-15,12.78,12.92,13.19,12.71,23906.0,30955334.0,3.77,1.41,0.18,8.85
1998-05-18,13.0,12.75,13.1,12.7,10221.0,13164917.0,3.1,-1.32,-0.17,3.79
1998-05-19,12.77,12.62,12.89,12.48,4655.0,5867050.5,3.22,-1.02,-0.13,1.72
1998-05-20,12.75,12.54,12.75,12.35,6027.0,7500353.5,3.17,-0.63,-0.08,2.23
1998-05-21,12.5,12.5,12.79,12.28,6160.0,7703739.0,4.07,-0.32,-0.04,2.28
1998-05-22,12.6,12.91,12.95,12.5,11259.0,14449964.0,3.6,3.28,0.41,4.17
1998-05-25,12.95,13.31,13.5,12.95,18125.0,24072554.0,4.26,3.1,0.4,6.71
1998-05-26,13.4,13.37,13.45,13.05,8891.0,11766084.0,3.01,0.45,0.06,3.29
1998-05-27,13.34,13.71,13.89,13.2,11915.0,16236632.0,5.16,2.54,0.34,4.41
1998-05-28,13.78,13.49,13.8,13.33,8804.0,11862711.0,3.43,-1.6,-0.22,3.26
1998-05-29,13.47,13.78,13.81,13.12,12249.0,16655290.0,5.11,2.15,0.29,4.54
1998-06-01,13.78,13.33,14.03,13.25,10347.0,14088108.0,5.66,-3.27,-0.45,3.83
1998-06-02,13.35,13.6,13.75,13.3,9028.0,12218917.0,3.38,2.03,0.27,3.34
1998-06-03,13.7,13.86,14.0,13.58,8926.0,12345947.0,3.09,1.91,0.26,3.31
1998-06-04,13.9,14.18,14.65,13.9,19362.0,27699090.0,5.41,2.31,0.32,7.17
1998-06-05,14.18,13.9,14.38,13.6,12791.0,17835008.0,5.5,-1.97,-0.28,4.74
1998-06-08,14.0,14.1,14.5,13.75,8760.0,12441628.0,5.4,1.44,0.2,3.24
1998-06-09,14.1,13.9,14.5,13.8,14240.0,20168164.0,4.96,-1.42,-0.2,5.27
1998-06-10,13.91,14.01,14.54,13.9,8901.0,12577725.0,4.6,0.79,0.11,3.3
1998-06-11,13.98,13.09,14.08,13.05,12397.0,16613875.0,7.35,-6.57,-0.92,4.59
1998-06-12,13.5,13.59,13.6,13.23,9375.0,12609484.0,2.83,3.82,0.5,3.47
1998-06-15,13.5,13.09,13.65,12.96,6202.0,8266478.5,5.08,-3.68,-0.5,2.3
1998-06-16,13.0,12.71,13.03,12.45,7956.0,10103808.0,4.43,-2.9,-0.38,2.95
1998-06-17,12.8,12.9,13.12,12.75,4782.0,6194439.0,2.91,1.49,0.19,1.77
1998-06-18,12.9,13.07,13.18,12.9,3101.0,4050456.25,2.17,1.32,0.17,1.15
1998-06-19,13.11,13.46,13.5,13.11,3845.0,5140086.5,2.98,2.98,0.39,1.42
1998-06-22,13.65,13.7,13.8,13.51,6077.0,8307971.5,2.15,1.78,0.24,2.25
1998-06-23,13.7,13.75,13.89,13.5,4685.0,6379750.5,2.85,0.36,0.05,1.74
1998-06-24,13.7,13.9,14.0,13.63,5214.0,7227873.0,2.69,1.09,0.15,1.93
1998-06-25,13.8,13.32,13.8,13.3,4058.0,5464009.0,3.6,-4.17,-0.58,1.5
1998-06-26,13.27,13.2,13.45,13.02,2968.0,3915999.0,3.23,-0.9,-0.12,1.1
1998-06-29,13.1,12.8,13.1,12.75,3637.0,4683728.0,2.65,-3.03,-0.4,1.35
1998-06-30,12.91,12.79,13.0,12.65,2790.0,3572408.25,2.73,-0.08,-0.01,1.03
1998-07-01,13.15,12.6,13.24,12.59,2705.0,3453748.0,5.08,-1.49,-0.19,1.0
1998-07-02,12.55,12.48,12.7,12.11,3598.0,4470633.0,4.68,-0.95,-0.12,1.33
1998-07-03,12.58,12.68,12.8,12.35,2320.0,2918427.0,3.61,1.6,0.2,0.86
1998-07-06,12.65,12.15,12.65,12.05,4183.0,5128917.0,4.73,-4.18,-0.53,1.55
1998-07-07,12.08,12.39,12.4,12.06,1406.0,1719532.62,2.8,1.98,0.24,0.52
1998-07-08,12.4,12.45,12.48,12.22,1899.0,2345716.25,2.1,0.48,0.06,0.7
1998-07-09,12.15,12.68,12.95,12.0,15462.0,19487178.0,7.63,1.85,0.23,5.16
1998-07-10,12.5,12.81,12.98,12.42,8835.0,11120929.0,4.42,1.03,0.13,2.95
1998-07-13,12.9,12.62,12.97,12.5,3424.0,4346812.5,3.67,-1.48,-0.19,1.14
1998-07-14,12.65,12.2,12.68,12.09,6456.0,7935642.5,4.68,-3.33,-0.42,2.15
1998-07-15,12.15,12.28,12.44,12.02,2505.0,3069291.0,3.44,0.66,0.08,0.84
1998-07-16,12.2,12.4,12.42,12.1,3506.0,4289097.0,2.61,0.98,0.12,1.17
1998-07-17,12.36,12.21,12.56,12.18,2963.0,3645606.0,3.06,-1.53,-0.19,0.99
1998-07-20,12.12,11.81,12.21,11.7,3342.0,3974556.0,4.18,-3.28,-0.4,1.12
1998-07-21,11.81,12.0,12.15,11.6,2608.0,3091969.5,4.66,1.61,0.19,0.87
1998-07-22,11.9,11.58,11.9,11.5,1666.0,1941053.5,3.33,-3.5,-0.42,0.56
1998-07-23,11.55,11.72,11.9,11.53,1914.0,2240057.25,3.2,1.21,0.14,0.64
1998-07-24,11.75,11.87,12.05,11.65,3540.0,4187883.5,3.41,1.28,0.15,1.18
1998-07-27,11.87,12.08,12.1,11.6,3185.0,3771995.5,4.21,1.77,0.21,1.06
1998-07-28,12.09,11.93,12.09,11.81,1973.0,2354828.75,2.32,-1.24,-0.15,0.66
1998-07-29,11.38,11.1,11.49,11.01,9289.0,10376005.0,4.02,-6.96,-0.83,3.1
1998-07-30,11.1,10.83,11.19,10.78,6589.0,7178746.5,3.69,-2.43,-0.27,2.2
1998-07-31,10.8,11.0,11.09,10.68,5070.0,5502382.5,3.79,1.57,0.17,1.69
1998-08-03,10.94,10.96,11.01,10.8,2704.0,2947194.75,1.91,-0.36,-0.04,0.9
1998-08-04,10.95,11.1,11.13,10.8,2063.0,2248794.0,3.01,1.28,0.14,0.69
1998-08-05,11.1,11.28,11.35,10.96,3170.0,3556724.5,3.51,1.62,0.18,1.06
1998-08-06,11.2,11.0,11.29,10.97,1954.0,2178960.0,2.84,-2.48,-0.28,0.65
1998-08-07,10.81,10.81,10.99,10.81,3258.0,3540222.25,1.64,-1.73,-0.19,1.09
1998-08-10,10.72,10.21,10.8,10.15,3212.0,3333606.75,6.01,-5.55,-0.6,1.07
1998-08-11,10.22,10.18,10.38,10.15,2011.0,2059245.5,2.25,-0.29,-0.03,0.67
1998-08-12,10.11,9.8,10.19,9.58,3128.0,3065153.0,5.99,-3.73,-0.38,1.04
1998-08-13,10.0,9.85,10.0,9.6,2512.0,2456419.0,4.08,0.51,0.05,0.84
1998-08-14,9.73,9.49,9.85,9.4,3312.0,3173416.75,4.57,-3.65,-0.36,1.11
1998-08-17,9.35,8.55,9.35,8.54,3219.0,2824860.5,8.54,-9.91,-0.94,1.07
1998-08-18,8.15,8.4,9.0,8.15,2696.0,2297263.5,9.94,-1.75,-0.15,0.9
1998-08-19,8.4,8.99,9.08,8.38,4130.0,3641586.75,8.33,7.02,0.59,1.38
1998-08-20,9.18,9.21,9.29,8.8,5935.0,5374289.0,5.45,2.45,0.22,1.98
1998-08-21,9.2,9.26,9.3,9.0,3735.0,3413031.25,3.26,0.54,0.05,1.25
1998-08-24,9.2,9.7,9.79,9.09,7989.0,7557391.0,7.56,4.75,0.44,2.67
1998-08-25,9.53,9.72,9.85,9.32,5551.0,5368613.5,5.46,0.21,0.02,1.85
1998-08-26,9.2,9.48,9.75,9.2,3807.0,3656717.5,5.66,-2.47,-0.24,1.27
1998-08-27,9.31,9.55,9.8,9.25,5671.0,5404940.5,5.8,0.74,0.07,1.89
1998-08-28,9.4,9.7,9.9,9.35,5608.0,5458810.5,5.76,1.57,0.15,1.87
1998-08-31,9.5,10.33,10.42,9.35,13656.0,13631365.0,11.03,6.49,0.63,4.56
1998-09-01,10.35,10.24,10.6,10.01,12699.0,13185955.0,5.71,-0.87,-0.09,4.24
1998-09-02,10.1,10.09,10.48,10.01,5144.0,5236112.0,4.59,-1.46,-0.15,1.72
1998-09-03,10.11,10.34,10.44,10.11,3567.0,3678849.25,3.27,2.48,0.25,1.19
1998-09-04,10.4,10.52,10.55,10.27,3509.0,3650749.5,2.71,1.74,0.18,1.17
1998-09-07,10.72,10.67,10.77,10.55,4569.0,4855154.5,2.09,1.43,0.15,1.52
1998-09-08,10.67,10.37,10.7,10.32,4657.0,4866337.5,3.56,-2.81,-0.3,1.55
1998-09-09,10.3,10.56,10.62,10.2,3296.0,3444531.25,4.05,1.83,0.19,1.1
1998-09-10,10.6,10.82,11.0,10.5,7306.0,7841136.0,4.73,2.46,0.26,2.44
1998-09-11,10.82,10.82,10.98,10.6,4677.0,5025216.0,3.51,0.0,0.0,1.56
1998-09-14,10.82,10.94,11.1,10.75,4591.0,5011273.0,3.23,1.11,0.12,1.53
1998-09-15,11.0,10.76,11.02,10.75,4827.0,5231806.0,2.47,-1.65,-0.18,1.61
1998-09-16,10.7,10.76,10.8,10.59,3737.0,3993354.25,1.95,0.0,0.0,1.25
1998-09-17,10.8,10.4,10.86,10.39,4685.0,4980149.0,4.37,-3.35,-0.36,1.56
1998-09-18,10.4,10.37,10.43,10.1,5937.0,6117502.0,3.17,-0.29,-0.03,1.98
1998-09-21,10.4,10.64,10.65,10.27,2881.0,3000772.5,3.66,2.6,0.27,0.96
1998-09-22,10.64,10.56,10.75,10.5,2564.0,2725423.0,2.35,-0.75,-0.08,0.86
1998-09-23,10.75,11.15,11.18,10.7,7903.0,8656283.0,4.55,5.59,0.59,2.64
1998-09-24,11.24,10.86,11.25,10.85,6634.0,7334049.0,3.59,-2.6,-0.29,2.21
1998-09-25,10.8,10.91,10.97,10.6,3839.0,4150614.5,3.41,0.46,0.05,1.28
1998-09-28,11.0,11.49,11.68,10.71,14316.0,16247759.0,8.89,5.32,0.58,4.78
1998-09-29,11.58,11.26,11.6,11.17,7583.0,8583663.0,3.74,-2.0,-0.23,2.53
1998-09-30,11.29,11.53,11.55,11.29,7925.0,9054009.0,2.31,2.4,0.27,2.65
1998-10-05,11.65,11.68,11.85,11.62,7053.0,8263206.0,1.99,1.3,0.15,2.35
1998-10-06,11.72,11.4,11.72,11.35,3881.0,4448571.5,3.17,-2.4,-0.28,1.3
1998-10-07,11.25,11.41,11.53,11.25,5368.0,6135678.5,2.46,0.09,0.01,1.79
1998-10-08,11.45,11.58,11.6,11.3,2854.0,3275431.25,2.63,1.49,0.17,0.95
1998-10-09,11.58,11.43,11.77,11.4,3800.0,4396890.5,3.2,-1.3,-0.15,1.27
1998-10-12,11.4,11.5,11.74,11.4,6696.0,7689027.0,2.97,0.61,0.07,2.23
1998-10-13,11.6,11.55,11.68,11.4,5246.0,6056595.5,2.43,0.43,0.05,1.75
1998-10-14,11.45,11.34,11.6,11.19,2691.0,3051032.75,3.55,-1.82,-0.21,0.9
1998-10-15,11.48,11.52,11.75,11.25,4636.0,5332695.0,4.41,1.59,0.18,1.55
1998-10-16,11.75,11.91,12.12,11.65,8390.0,10047256.0,4.08,3.39,0.39,2.8
1998-10-19,12.08,12.34,12.85,12.08,13542.0,16959940.0,6.47,3.61,0.43,4.52
1998-10-20,12.29,12.25,12.5,12.15,5074.0,6250627.0,2.84,-0.73,-0.09,1.69
1998-10-21,12.1,12.01,12.27,11.9,9237.0,11147956.0,3.02,-1.96,-0.24,3.08
1998-10-22,11.98,12.52,12.58,11.81,7215.0,8746943.0,6.41,4.25,0.51,2.41
1998-10-23,12.49,13.23,13.29,12.37,26007.0,33578924.0,7.35,5.67,0.71,8.68
1998-10-26,13.1,13.02,13.4,12.78,13379.0,17518542.0,4.69,-1.59,-0.21,4.47
1998-10-27,13.02,13.17,13.35,12.9,5150.0,6784562.0,3.46,1.15,0.15,1.72
1998-10-28,13.25,13.46,13.46,13.01,10123.0,13420857.0,3.42,2.2,0.29,3.38
1998-10-29,13.68,13.32,13.88,13.2,10122.0,13692498.0,5.05,-1.04,-0.14,3.38
1998-10-30,13.3,13.24,13.38,12.87,9105.0,11823527.0,3.83,-0.6,-0.08,3.04
1998-11-02,13.18,13.21,13.25,12.91,3226.0,4213879.0,2.57,-0.23,-0.03,1.08
1998-11-03,13.21,13.8,13.85,13.01,7428.0,10018354.0,6.36,4.47,0.59,2.48
1998-11-04,13.8,13.89,14.06,13.5,11316.0,15655990.0,4.06,0.65,0.09,3.78
1998-11-05,13.78,13.71,13.85,13.49,6574.0,8988430.0,2.59,-1.3,-0.18,2.19
1998-11-06,13.6,13.24,13.82,13.18,9052.0,12191901.0,4.67,-3.43,-0.47,3.02
1998-11-09,13.25,13.76,13.76,12.96,9135.0,12176127.0,6.04,3.93,0.52,3.05
1998-11-10,13.8,13.31,13.8,13.21,5097.0,6819341.0,4.29,-3.27,-0.45,1.7
1998-11-11,13.25,13.23,13.5,13.05,6305.0,8301850.5,3.38,-0.6,-0.08,2.1
1998-11-12,13.15,13.34,13.4,12.95,5825.0,7656092.0,3.4,0.83,0.11,1.94
1998-11-13,13.3,13.38,13.39,13.0,3326.0,4384869.0,2.92,0.3,0.04,1.11
1998-11-16,13.3,13.27,13.3,13.09,4728.0,6229217.0,1.57,-0.82,-0.11,1.58
1998-11-17,13.12,13.31,13.45,13.09,3185.0,4250848.0,2.71,0.3,0.04,1.06
1998-11-18,13.18,13.59,13.61,13.18,7563.0,10216290.0,3.23,2.1,0.28,2.52
1998-11-19,13.55,13.38,13.68,13.0,3390.0,4574142.5,5.0,-1.55,-0.21,1.13
1998-11-20,13.08,13.31,13.42,13.08,2307.0,3079424.75,2.54,-0.52,-0.07,0.77
1998-11-23,13.2,13.47,13.72,13.2,6093.0,8253800.0,3.91,1.2,0.16,2.03
1998-11-24,13.47,13.59,13.71,13.4,5124.0,6966698.5,2.3,0.89,0.12,1.71
1998-11-25,13.58,13.4,13.65,13.3,3271.0,4422944.0,2.58,-1.4,-0.19,1.09
1998-11-26,13.1,13.1,13.4,12.88,3388.0,4453855.5,3.88,-2.24,-0.3,1.13
1998-11-27,13.03,12.38,13.2,12.01,7426.0,9396569.0,9.08,-5.5,-0.72,2.48
1998-11-30,12.12,12.17,12.36,11.98,4665.0,5650667.0,3.07,-1.7,-0.21,1.56
1998-12-01,12.18,12.07,12.23,12.05,3469.0,4204130.0,1.48,-0.82,-0.1,1.16
1998-12-02,12.05,11.94,12.1,11.5,3121.0,3701500.75,4.97,-1.08,-0.13,1.04
1998-12-03,11.8,11.76,12.02,11.66,1249.0,1483878.0,3.02,-1.51,-0.18,0.42
1998-12-04,11.76,11.8,11.96,11.7,1000.0,1179650.0,2.21,0.34,0.04,0.33
1998-12-07,11.99,11.84,12.19,11.5,1256.0,1476144.38,5.85,0.34,0.04,0.42
1998-12-08,11.7,11.93,11.95,11.7,809.0,957178.69,2.11,0.76,0.09,0.27
1998-12-09,11.93,11.89,12.02,11.86,780.0,928504.0,1.34,-0.34,-0.04,0.26
1998-12-10,11.97,11.73,11.98,11.65,445.0,522228.0,2.78,-1.35,-0.16,0.15
1998-12-11,11.5,11.93,11.95,11.5,1703.0,1996075.12,3.84,1.71,0.2,0.57
1998-12-14,11.58,11.6,11.88,11.58,640.0,751640.0,2.51,-2.77,-0.33,0.21
1998-12-15,11.5,11.64,11.75,11.1,1699.0,1923701.88,5.6,0.34,0.04,0.57
1998-12-16,11.5,11.26,11.69,11.25,1031.0,1167411.62,3.78,-3.26,-0.38,0.34
1998-12-17,11.15,10.78,11.15,10.5,3438.0,3679050.0,5.77,-4.26,-0.48,1.15
1998-12-18,10.55,10.55,10.77,10.52,1432.0,1525785.0,2.32,-2.13,-0.23,0.48
1998-12-21,10.66,10.66,10.66,10.35,918.0,972647.44,2.94,1.04,0.11,0.31
1998-12-22,10.76,11.16,11.16,10.6,1771.0,1936017.0,5.25,4.69,0.5,0.59
1998-12-23,11.3,10.96,11.3,10.94,1473.0,1629113.62,3.23,-1.79,-0.2,0.49
1998-12-24,10.98,10.88,10.99,10.82,502.0,546006.19,1.55,-0.73,-0.08,0.17
1998-12-25,11.38,10.97,11.38,9.85,3430.0,3645167.5,14.06,0.83,0.09,1.14
1998-12-28,10.85,10.54,10.95,10.5,2412.0,2578469.0,4.1,-3.92,-0.43,0.81
1998-12-29,10.5,10.5,10.69,10.01,2284.0,2369929.75,6.45,-0.38,-0.04,0.76
1998-12-30,10.4,10.52,10.6,10.1,1621.0,1671942.88,4.76,0.19,0.02,0.54
1998-12-31,10.6,10.57,10.6,10.42,630.0,663564.19,1.71,0.48,0.05,0.21
1999-01-04,10.11,10.34,10.7,10.11,590.0,609940.69,5.58,-2.18,-0.23,0.2
1999-01-05,10.28,10.24,10.35,10.08,866.0,882260.0,2.61,-0.97,-0.1,0.29
1999-01-06,10.3,10.42,10.52,10.2,570.0,594054.0,3.13,1.76,0.18,0.19
1999-01-07,10.48,10.47,10.51,10.36,316.0,330140.0,1.44,0.48,0.05,0.11
1999-01-08,10.56,10.94,10.99,10.55,1829.0,1982446.0,4.2,4.49,0.47,0.61
1999-01-11,11.0,11.16,11.24,10.85,2461.0,2712302.0,3.56,2.01,0.22,0.82
1999-01-12,11.18,10.94,11.27,10.88,1078.0,1197363.5,3.49,-1.97,-0.22,0.36
1999-01-13,10.7,10.75,10.9,10.68,877.0,947659.56,2.01,-1.74,-0.19,0.29
1999-01-14,10.8,10.76,10.9,10.58,917.0,980058.5,2.98,0.09,0.01,0.31
1999-01-15,10.75,10.53,10.75,10.3,1933.0,2026132.75,4.18,-2.14,-0.23,0.65
1999-01-18,10.21,10.61,10.65,9.95,1057.0,1096057.25,6.65,0.76,0.08,0.35
1999-01-19,10.6,10.76,11.0,10.6,679.0,731018.19,3.77,1.41,0.15,0.23
1999-01-20,10.75,10.7,10.98,10.57,575.0,618841.69,3.81,-0.56,-0.06,0.19
1999-01-21,10.02,10.6,10.7,10.02,783.0,825415.12,6.36,-0.93,-0.1,0.26
1999-01-22,10.8,10.62,10.82,10.57,1216.0,1299089.25,2.36,0.19,0.02,0.41
1999-01-25,10.52,10.34,10.65,10.28,1235.0,1299173.0,3.48,-2.64,-0.28,0.41
1999-01-26,10.3,10.38,10.5,10.2,1308.0,1351136.5,2.9,0.39,0.04,0.44
1999-01-27,10.35,10.28,10.47,10.2,1414.0,1451313.0,2.6,-0.96,-0.1,0.47
1999-01-28,10.25,10.3,10.35,10.2,1573.0,1612172.0,1.46,0.19,0.02,0.52
1999-01-29,9.31,10.04,10.45,9.31,1873.0,1872481.25,11.07,-2.52,-0.26,0.63
1999-02-01,10.0,9.66,10.01,9.63,1958.0,1919491.75,3.78,-3.78,-0.38,0.65
1999-02-02,9.67,9.68,9.72,9.49,2630.0,2525034.25,2.38,0.21,0.02,0.88
1999-02-03,9.7,9.7,9.84,9.62,1436.0,1396290.0,2.27,0.21,0.02,0.48
1999-02-04,9.56,9.6,9.79,9.55,1039.0,1005223.0,2.47,-1.03,-0.1,0.35
1999-02-05,9.7,9.42,9.7,9.38,1142.0,1084283.62,3.33,-1.88,-0.18,0.38
1999-02-08,9.28,9.25,9.6,9.1,1004.0,946347.0,5.31,-1.8,-0.17,0.34
1999-02-09,9.4,9.56,9.58,9.4,850.0,807813.0,1.95,3.35,0.31,0.28
1999-03-01,9.6,9.74,9.8,9.45,667.0,643465.25,3.66,1.88,0.18,0.22
1999-03-02,9.75,9.77,9.82,9.63,1191.0,1158077.62,1.95,0.31,0.03,0.4
1999-03-03,9.66,10.03,10.2,9.66,1248.0,1244538.5,5.53,2.66,0.26,0.42
1999-03-04,10.04,10.03,10.2,9.96,1718.0,1725105.12,2.39,0.0,0.0,0.57
1999-03-05,10.13,10.39,10.4,9.95,1982.0,2006553.0,4.49,3.59,0.36,0.66
1999-03-08,10.2,10.61,10.65,10.09,4557.0,4686621.0,5.39,2.12,0.22,1.52
1999-03-09,10.61,10.33,10.63,10.32,3082.0,3220472.0,2.92,-2.64,-0.28,1.03
1999-03-10,10.21,10.13,10.33,10.1,2225.0,2260600.75,2.23,-1.94,-0.2,0.74
1999-03-11,10.16,10.6,10.73,10.1,5267.0,5514555.0,6.22,4.64,0.47,1.76
1999-03-12,10.6,11.06,11.17,10.58,10619.0,11664584.0,5.57,4.34,0.46,3.54
1999-03-15,11.15,11.05,11.5,10.95,13846.0,15647275.0,4.97,-0.09,-0.01,4.62
1999-03-16,11.05,11.34,11.45,10.9,6324.0,7046819.0,4.98,2.62,0.29,2.11
1999-03-17,11.3,11.18,11.5,11.11,3629.0,4106795.75,3.44,-1.41,-0.16,1.21
1999-03-18,10.99,11.0,11.24,10.9,2171.0,2406458.0,3.04,-1.61,-0.18,0.72
1999-03-19,10.86,11.32,11.4,10.86,2438.0,2735766.25,4.91,2.91,0.32,0.81
1999-03-22,11.32,11.3,11.47,11.25,2531.0,2876855.75,1.94,-0.18,-0.02,0.84
1999-03-23,11.1,11.15,11.37,11.01,2827.0,3145296.0,3.19,-1.33,-0.15,0.94
1999-03-24,11.28,11.2,11.5,11.05,2970.0,3310448.0,4.04,0.45,0.05,0.99
1999-03-25,11.2,10.94,11.22,10.89,2748.0,3027851.5,2.95,-2.32,-0.26,0.92
1999-03-26,10.67,10.88,11.25,10.67,1559.0,1706551.25,5.3,-0.55,-0.06,0.52
1999-03-29,10.96,11.16,11.18,10.85,3231.0,3538690.0,3.03,2.57,0.28,1.08
1999-03-30,11.2,10.88,11.2,10.86,1374.0,1514489.12,3.05,-2.51,-0.28,0.46
1999-03-31,10.88,10.75,10.97,10.61,3828.0,4117999.75,3.31,-1.19,-0.13,1.28
1999-04-01,10.78,10.93,10.94,10.7,2822.0,3049861.0,2.23,1.67,0.18,0.94
1999-04-02,10.95,11.4,11.45,10.9,7076.0,7955476.5,5.03,4.3,0.47,2.36
1999-04-05,11.45,11.56,11.7,11.3,4097.0,4715037.0,3.51,1.4,0.16,1.37
1999-04-06,11.5,11.47,11.58,11.25,2345.0,2680721.0,2.85,-0.78,-0.09,0.78
1999-04-07,11.4,11.28,11.46,11.25,1834.0,2079601.25,1.83,-1.66,-0.19,0.61
1999-04-08,11.28,11.18,11.37,11.0,3234.0,3612859.5,3.28,-0.89,-0.1,1.08
1999-04-09,11.06,11.02,11.19,11.01,2175.0,2409357.0,1.61,-1.43,-0.16,0.73
1999-04-12,10.9,10.74,11.0,10.74,3048.0,3310991.5,2.36,-2.54,-0.28,1.02
1999-04-13,10.7,10.69,10.8,10.62,1790.0,1919497.5,1.68,-0.47,-0.05,0.6
1999-04-14,10.73,10.97,10.98,10.7,1302.0,1410165.5,2.62,2.62,0.28,0.43
1999-04-15,10.7,10.62,10.98,10.6,1943.0,2092009.0,3.46,-3.19,-0.35,0.65
1999-04-16,10.6,10.55,10.7,10.44,3425.0,3623123.75,2.45,-0.66,-0.07,1.14
1999-04-19,10.5,10.56,10.63,10.45,1858.0,1958594.0,1.71,0.09,0.01,0.62
1999-04-20,10.55,11.33,11.4,10.55,21228.0,23815374.0,8.05,7.29,0.77,7.08
1999-04-21,11.3,10.9,11.4,10.88,4773.0,5350132.0,4.59,-3.8,-0.43,1.59
1999-04-22,10.85,11.22,11.25,10.5,5463.0,5901217.0,6.88,2.94,0.32,1.82
1999-04-23,11.1,11.4,11.49,11.01,7628.0,8642775.0,4.28,1.6,0.18,2.55
1999-04-26,11.48,10.82,11.48,10.81,3322.0,3722458.25,5.88,-5.09,-0.58,1.11
1999-04-27,10.7,11.09,11.36,10.61,17955.0,19938270.0,6.93,2.5,0.27,5.99
1999-04-28,11.17,11.6,11.94,11.16,23856.0,27830354.0,7.03,4.6,0.51,7.96
1999-04-29,11.9,11.77,11.9,11.52,20234.0,23699732.0,3.28,1.47,0.17,6.75
1999-04-30,11.8,12.15,12.15,11.55,16401.0,19505546.0,5.1,3.23,0.38,5.47
1999-05-04,12.36,11.91,12.48,11.9,17250.0,21092998.0,4.77,-1.98,-0.24,5.76
1999-05-05,11.86,12.05,12.08,11.6,6998.0,8264672.5,4.03,1.18,0.14,2.34
1999-05-06,12.05,11.85,12.13,11.83,4265.0,5081098.5,2.49,-1.66,-0.2,1.42
1999-05-07,11.9,11.69,11.99,11.69,3811.0,4502509.5,2.53,-1.35,-0.16,1.27
1999-05-10,11.6,10.84,11.65,10.72,7760.0,8653502.0,7.96,-7.27,-0.85,2.59
1999-05-11,11.0,11.17,11.24,10.8,4429.0,4874280.5,4.06,3.04,0.33,1.48
1999-05-12,11.17,10.9,11.17,10.88,2961.0,3257954.0,2.6,-2.42,-0.27,0.99
1999-05-13,10.96,10.71,11.1,10.68,2630.0,2842877.0,3.85,-1.74,-0.19,0.88
1999-05-14,10.71,10.35,10.72,10.33,3339.0,3505427.5,3.64,-3.36,-0.36,1.11
1999-05-17,10.3,10.29,10.5,10.04,1970.0,2024402.5,4.44,-0.58,-0.06,0.66
1999-05-18,10.28,10.03,10.45,10.02,1724.0,1759540.0,4.18,-2.53,-0.26,0.58
1999-05-19,10.02,10.69,10.77,9.96,3072.0,3189107.75,8.08,6.58,0.66,1.03
1999-05-20,10.71,11.33,11.45,10.71,6945.0,7779323.5,6.92,5.99,0.64,2.32
1999-05-21,11.3,11.27,11.45,11.01,5969.0,6709106.5,3.88,-0.53,-0.06,1.99
1999-05-24,11.28,11.59,11.7,10.85,8509.0,9584963.0,7.54,2.84,0.32,2.84
1999-05-25,11.5,11.28,11.79,11.11,12078.0,13995290.0,5.87,-2.67,-0.31,4.03
1999-05-26,11.1,11.5,11.55,11.01,6097.0,6879351.0,4.79,1.95,0.22,2.03
1999-05-27,11.7,12.0,12.19,11.4,21556.0,25639348.0,6.87,4.35,0.5,7.19
1999-05-28,12.2,11.74,12.27,11.5,8144.0,9562695.0,6.42,-2.17,-0.26,2.72
1999-05-31,11.71,11.64,11.99,11.26,12188.0,14194428.0,6.22,-0.85,-0.1,4.07
1999-06-01,11.58,11.81,11.85,11.5,7884.0,9218809.0,3.01,1.46,0.17,2.63
1999-06-02,11.8,11.4,12.08,11.38,8736.0,10218473.0,5.93,-3.47,-0.41,2.92
1999-06-03,11.3,10.99,11.38,10.92,4618.0,5141532.0,4.04,-3.6,-0.41,1.54
1999-06-04,11.0,11.67,11.85,10.98,20957.0,23792934.0,7.92,6.19,0.68,6.99
1999-06-07,11.6,12.08,12.15,11.3,17723.0,20848208.0,7.28,3.51,0.41,5.92
1999-06-08,12.2,12.49,12.6,11.72,22078.0,26882060.0,7.28,3.39,0.41,7.37
1999-06-09,12.46,12.3,12.58,12.25,8379.0,10372438.0,2.64,-1.52,-0.19,2.8
1999-06-10,12.58,12.25,12.78,12.0,14375.0,17925106.0,6.34,-0.41,-0.05,4.8
1999-06-11,12.01,12.26,12.3,12.01,10269.0,12456743.0,2.37,0.08,0.01,3.43
1999-06-14,12.4,12.58,12.78,12.35,12809.0,16068626.0,3.51,2.61,0.32,4.28
1999-06-15,12.71,12.4,13.28,12.0,24477.0,31471660.0,10.17,-1.43,-0.18,8.17
1999-06-16,12.45,13.05,13.18,12.4,12920.0,16494302.0,6.29,5.24,0.65,4.31
1999-06-17,13.5,13.2,13.65,12.8,15586.0,20434346.0,6.51,1.15,0.15,5.2
1999-06-18,13.2,12.94,13.24,12.88,18519.0,24139658.0,2.73,-1.97,-0.26,6.18
1999-06-22,13.15,13.78,14.0,13.1,19962.0,27048924.0,6.96,6.49,0.84,6.66
1999-06-23,13.8,14.13,14.15,13.52,18627.0,25814100.0,4.57,2.54,0.35,6.22
1999-06-24,14.18,15.22,15.25,14.18,30254.0,45348664.0,7.57,7.71,1.09,10.1
1999-06-25,15.25,13.71,15.5,13.7,24620.0,36651000.0,11.83,-9.92,-1.51,8.22
1999-06-28,14.0,15.18,15.18,14.0,18815.0,27529714.0,8.61,10.72,1.47,6.28
1999-06-29,15.5,15.24,15.8,14.7,19248.0,29309860.0,7.25,0.4,0.06,6.42
1999-06-30,15.3,14.18,15.45,13.8,14458.0,20989724.0,10.83,-6.96,-1.06,4.83
1999-07-01,14.0,12.8,14.2,12.76,16208.0,21470602.0,10.16,-9.73,-1.38,5.41
1999-07-02,13.01,13.86,13.9,12.97,12041.0,16124151.0,7.27,8.28,1.06,4.02
1999-07-05,13.94,13.5,14.2,13.46,7101.0,9839093.0,5.34,-2.6,-0.36,2.37
1999-07-06,13.49,13.0,13.5,12.88,5171.0,6801467.0,4.59,-3.7,-0.5,1.73
1999-07-07,13.0,13.42,13.45,12.95,6587.0,8683433.0,3.85,3.23,0.42,2.2
1999-07-08,13.3,13.44,13.75,13.25,5086.0,6860871.5,3.73,0.15,0.02,1.7
1999-07-09,13.45,14.1,14.25,13.31,9704.0,13493623.0,6.99,4.91,0.66,3.24
1999-07-12,14.12,14.33,14.59,13.81,9633.0,13776777.0,5.53,1.63,0.23,3.22
1999-07-13,14.2,14.2,14.9,14.0,14078.0,20395230.0,6.28,-0.91,-0.13,4.7
1999-07-14,14.1,14.27,14.5,13.88,9741.0,13826056.0,4.37,0.49,0.07,3.25
1999-07-15,14.0,13.54,14.2,13.39,5355.0,7314017.5,5.68,-5.12,-0.73,1.79
1999-07-16,13.49,13.0,13.49,12.98,7320.0,9581231.0,3.77,-3.99,-0.54,2.44
1999-07-19,12.7,12.1,12.74,12.0,5757.0,7114331.5,5.69,-6.92,-0.9,1.92
1999-07-20,12.0,13.05,13.08,12.0,4635.0,5840772.5,8.93,7.85,0.95,1.55
1999-07-21,13.0,13.02,13.3,12.8,5440.0,7089796.0,3.83,-0.23,-0.03,1.82
1999-07-22,13.1,12.48,13.24,12.25,5967.0,7500434.5,7.6,-4.15,-0.54,1.99
1999-07-23,12.44,12.48,12.72,12.4,4052.0,5089448.5,2.56,0.0,0.0,1.35
1999-07-26,12.6,12.57,13.18,12.5,8030.0,10304737.0,5.45,0.72,0.09,2.68
1999-07-27,12.69,12.77,13.0,12.6,3127.0,3993257.25,3.18,1.59,0.2,1.04
1999-07-28,12.95,12.85,12.98,12.7,2512.0,3219663.0,2.19,0.63,0.08,0.84
1999-07-29,12.89,13.06,13.18,12.78,3718.0,4823484.0,3.11,1.63,0.21,1.24
1999-07-30,13.2,12.99,13.35,12.9,3360.0,4387516.0,3.45,-0.54,-0.07,1.12
1999-08-02,13.25,13.07,13.25,12.92,3561.0,4656824.0,2.54,0.62,0.08,1.19
1999-08-03,13.22,13.35,13.49,13.03,5543.0,7345375.0,3.52,2.14,0.28,1.85
1999-08-04,13.5,13.39,13.5,13.25,3880.0,5179411.5,1.87,0.3,0.04,1.29
1999-08-05,13.5,13.12,13.5,13.05,3669.0,4836644.5,3.36,-2.02,-0.27,1.22
1999-08-06,13.15,12.93,13.15,12.5,5226.0,6696114.0,4.95,-1.45,-0.19,1.74
1999-08-09,12.95,12.78,13.0,12.65,3234.0,4129342.75,2.71,-1.16,-0.15,1.08
1999-08-10,12.5,12.7,12.8,12.31,1405.0,1770908.0,3.83,-0.63,-0.08,0.47
1999-08-11,12.6,12.4,12.69,12.33,3115.0,3891757.25,2.83,-2.36,-0.3,1.04
1999-08-12,12.3,12.3,12.57,12.28,2559.0,3159133.0,2.34,-0.81,-0.1,0.85
1999-08-13,12.4,12.4,12.5,12.36,1179.0,1467081.5,1.14,0.81,0.1,0.39
1999-08-16,12.42,12.8,12.86,12.42,1706.0,2151156.25,3.55,3.23,0.4,0.57
1999-08-17,12.78,12.91,13.29,12.78,3188.0,4148178.75,3.98,0.86,0.11,1.06
1999-08-18,12.95,12.88,12.95,12.73,1233.0,1578042.88,1.7,-0.23,-0.03,0.41
1999-08-19,13.01,13.28,13.3,12.85,6088.0,8018281.0,3.49,3.11,0.4,2.03
1999-08-20,13.3,13.02,13.4,13.0,3300.0,4355816.0,3.01,-1.96,-0.26,1.1
1999-08-23,13.02,13.19,13.27,13.02,2617.0,3452807.0,1.92,1.31,0.17,0.87
1999-08-24,13.25,13.26,13.52,13.2,4558.0,6086232.5,2.43,0.53,0.07,1.52
1999-08-25,13.3,12.98,13.35,12.9,2513.0,3286149.5,3.39,-2.11,-0.28,0.84
1999-08-26,12.98,13.16,13.2,12.9,2259.0,2954564.0,2.31,1.39,0.18,0.75
1999-08-27,13.16,13.44,13.45,13.13,3069.0,4086108.0,2.43,2.13,0.28,1.02
1999-08-30,14.39,13.5,14.39,13.41,5639.0,7702896.0,7.29,0.45,0.06,1.88
1999-08-31,13.65,13.43,13.68,13.2,2272.0,3048496.75,3.56,-0.52,-0.07,0.76
1999-09-01,13.41,13.05,13.52,12.96,3018.0,3983000.5,4.17,-2.83,-0.38,1.01
1999-09-02,12.95,13.36,13.37,12.93,2918.0,3828403.0,3.37,2.38,0.31,0.97
1999-09-03,13.38,13.05,13.5,12.9,1810.0,2387875.0,4.49,-2.32,-0.31,0.6
1999-09-06,13.07,12.85,13.07,12.8,1433.0,1849384.5,2.07,-1.53,-0.2,0.48
1999-09-07,12.8,12.86,13.05,12.78,869.0,1120276.75,2.1,0.08,0.01,0.29
1999-09-08,12.88,12.96,13.11,12.87,780.0,1013758.06,1.87,0.78,0.1,0.26
1999-09-09,13.08,13.63,13.72,13.08,4596.0,6213204.0,4.94,5.17,0.67,1.53
1999-09-10,13.7,13.95,14.09,13.48,8968.0,12319296.0,4.48,2.35,0.32,2.99
1999-09-13,14.0,13.93,14.15,13.76,5959.0,8298932.5,2.8,-0.14,-0.02,1.99
1999-09-14,13.95,13.72,14.1,13.68,3232.0,4465843.5,3.02,-1.51,-0.21,1.08
1999-09-15,13.6,13.52,13.8,13.48,2427.0,3307996.0,2.33,-1.46,-0.2,0.81
1999-09-16,13.51,13.54,13.6,13.44,1999.0,2706613.75,1.18,0.15,0.02,0.67
1999-09-17,13.81,13.59,13.81,13.55,2429.0,3314264.0,1.92,0.37,0.05,0.81
1999-09-20,13.7,13.52,13.8,13.4,1543.0,2094577.0,2.94,-0.52,-0.07,0.51
1999-09-21,13.51,13.34,13.53,13.25,1077.0,1438306.0,2.07,-1.33,-0.18,0.36
1999-09-22,13.49,13.3,13.49,13.23,1031.0,1375049.38,1.95,-0.3,-0.04,0.34
1999-09-23,13.3,13.0,13.38,12.95,2289.0,2997563.0,3.23,-2.26,-0.3,0.76
1999-09-24,13.1,13.09,13.25,13.02,1598.0,2096285.5,1.77,0.69,0.09,0.53
1999-09-27,13.16,12.91,13.36,12.82,2099.0,2721886.5,4.13,-1.38,-0.18,0.7
1999-09-28,12.92,12.79,12.98,12.77,1513.0,1943246.75,1.63,-0.93,-0.12,0.5
1999-09-29,12.7,12.81,12.99,12.7,1813.0,2315027.5,2.27,0.16,0.02,0.61
1999-09-30,12.8,12.57,12.82,12.5,2054.0,2607750.25,2.5,-1.87,-0.24,0.69
1999-10-08,12.52,12.45,12.6,12.4,1112.0,1386054.0,1.59,-0.95,-0.12,0.37
1999-10-11,12.4,12.16,12.4,12.08,973.0,1187735.5,2.57,-2.33,-0.29,0.32
1999-10-12,12.18,12.25,12.29,12.18,1203.0,1469412.0,0.9,0.74,0.09,0.4
1999-10-13,12.32,11.92,12.34,11.88,1598.0,1923484.0,3.76,-2.69,-0.33,0.53
1999-10-14,11.8,11.81,12.12,11.7,1574.0,1877902.5,3.52,-0.92,-0.11,0.53
1999-10-15,11.85,12.21,12.26,11.85,1809.0,2187769.0,3.47,3.39,0.4,0.6
1999-10-18,12.21,11.87,12.21,11.85,1506.0,1811557.75,2.95,-2.78,-0.34,0.5
1999-10-19,11.84,11.42,11.84,11.41,1799.0,2092680.25,3.62,-3.79,-0.45,0.6
1999-10-20,11.5,11.59,11.69,11.4,1626.0,1876628.62,2.54,1.49,0.17,0.54
1999-10-21,11.51,11.22,11.51,11.2,1625.0,1845525.25,2.67,-3.19,-0.37,0.54
1999-10-22,11.28,11.67,11.68,11.24,3488.0,4006175.75,3.92,4.01,0.45,1.16
1999-10-25,11.68,11.51,11.69,11.31,8056.0,9240814.0,3.26,-1.37,-0.16,2.69
1999-10-26,10.88,10.95,11.14,10.61,4149.0,4540754.0,4.6,-4.87,-0.56,1.06
1999-10-27,11.1,11.39,11.44,11.02,4110.0,4616561.5,3.84,4.02,0.44,1.05
1999-10-28,11.38,11.2,11.38,11.15,2121.0,2382081.25,2.02,-1.67,-0.19,0.54
1999-10-29,11.02,11.35,11.38,11.02,2491.0,2808479.75,3.21,1.34,0.15,0.64
1999-11-01,11.37,11.2,11.37,11.17,1478.0,1664140.75,1.76,-1.32,-0.15,0.38
1999-11-02,11.0,11.13,11.29,11.0,991.0,1101272.38,2.59,-0.63,-0.07,0.25
1999-11-03,11.2,10.96,11.23,10.9,1035.0,1140773.25,2.96,-1.53,-0.17,0.27
1999-11-04,10.96,10.72,10.96,10.68,1271.0,1367762.0,2.55,-2.19,-0.24,0.33
1999-11-05,10.85,10.79,10.99,10.7,1793.0,1939705.38,2.71,0.65,0.07,0.46
1999-11-08,10.78,10.85,10.88,10.71,2476.0,2672645.5,1.58,0.56,0.06,0.64
1999-11-09,10.9,10.74,10.9,10.65,3077.0,3314191.0,2.3,-1.01,-0.11,0.79
1999-11-10,10.78,10.47,10.78,10.3,5480.0,5725480.5,4.47,-2.51,-0.27,1.41
1999-11-11,10.4,10.88,10.9,10.4,2909.0,3123405.25,4.78,3.92,0.41,0.75
1999-11-12,10.88,11.26,11.29,10.86,6981.0,7745432.0,3.95,3.49,0.38,1.79
1999-11-15,11.3,11.59,11.61,11.1,14911.0,17120678.0,4.53,2.93,0.33,3.83
1999-11-16,11.42,11.49,11.72,11.42,9834.0,11375050.0,2.59,-0.86,-0.1,2.52
1999-11-17,11.45,11.86,11.95,11.45,6018.0,7043828.5,4.35,3.22,0.37,1.54
1999-11-18,11.8,11.67,11.99,11.66,6643.0,7865600.5,2.78,-1.6,-0.19,1.71
1999-11-19,11.8,11.67,11.8,11.6,3659.0,4283852.0,1.71,0.0,0.0,0.94
1999-11-22,11.8,12.07,12.15,11.62,5711.0,6817429.5,4.54,3.43,0.4,1.47
1999-11-23,11.9,11.92,12.22,11.72,4199.0,5067206.5,4.14,-1.24,-0.15,1.08
1999-11-24,11.92,11.87,12.01,11.85,1679.0,2004567.12,1.34,-0.42,-0.05,0.43
1999-11-25,11.78,11.7,11.9,11.58,3019.0,3541235.75,2.7,-1.43,-0.17,0.77
1999-11-26,11.85,11.78,11.85,11.58,1300.0,1520522.5,2.31,0.68,0.08,0.33
1999-11-29,11.81,11.75,11.95,11.65,2797.0,3304350.0,2.55,-0.25,-0.03,0.72
1999-11-30,11.57,11.61,11.72,11.55,4472.0,5205892.0,1.45,-1.19,-0.14,1.15
1999-12-01,11.53,11.77,11.79,11.53,2574.0,3017597.25,2.24,1.38,0.16,0.66
1999-12-02,11.7,12.0,12.1,11.62,8832.0,10522231.0,4.08,1.95,0.23,2.27
1999-12-03,11.96,12.17,12.3,11.96,8309.0,10118718.0,2.83,1.42,0.17,2.13
1999-12-06,12.3,12.15,12.32,12.04,5920.0,7187616.5,2.3,-0.16,-0.02,1.52
1999-12-07,12.08,12.18,12.35,11.9,3292.0,4012452.25,3.7,0.25,0.03,0.85
1999-12-08,12.18,12.04,12.19,12.01,4377.0,5288475.0,1.48,-1.15,-0.14,1.12
1999-12-09,11.92,12.02,12.3,11.86,3985.0,4780016.5,3.65,-0.17,-0.02,1.02
1999-12-10,12.14,11.84,12.14,11.8,2887.0,3435174.75,2.83,-1.5,-0.18,0.74
1999-12-13,11.9,11.59,11.9,11.57,3980.0,4631683.5,2.79,-2.11,-0.25,1.02
1999-12-14,11.61,11.67,11.7,11.57,2245.0,2612713.0,1.12,0.69,0.08,0.58
1999-12-15,11.68,11.94,12.2,11.61,2573.0,3062940.5,5.06,2.31,0.27,0.66
1999-12-16,11.95,11.7,11.95,11.69,1715.0,2021240.62,2.18,-2.01,-0.24,0.44
1999-12-17,11.67,11.9,11.9,11.65,1660.0,1942546.0,2.14,1.71,0.2,0.43
1999-12-21,11.8,11.43,11.8,11.34,3147.0,3620228.5,3.87,-3.95,-0.47,0.81
1999-12-22,11.23,11.25,11.4,11.02,1257.0,1409781.75,3.32,-1.57,-0.18,0.32
1999-12-23,11.2,10.84,11.2,10.8,1426.0,1569907.12,3.56,-3.64,-0.41,0.37
1999-12-24,10.85,10.72,10.9,10.6,2733.0,2935732.0,2.77,-1.11,-0.12,0.7
1999-12-28,10.8,10.56,10.99,10.45,3022.0,3205299.5,5.04,-1.49,-0.16,0.78
1999-12-29,10.53,10.71,10.8,10.48,1599.0,1710080.88,3.03,1.42,0.15,0.41
1999-12-30,10.75,10.97,11.0,10.71,1057.0,1151986.88,2.71,2.43,0.26,0.27
2000-01-04,10.97,11.22,11.28,10.8,1756.0,1949397.5,4.38,2.28,0.25,0.45
2000-01-05,11.22,11.09,11.45,11.0,2466.0,2769697.5,4.01,-1.16,-0.13,0.63
2000-01-06,11.0,11.49,11.56,10.85,3371.0,3786812.25,6.4,3.61,0.4,0.87
2000-01-07,11.59,11.98,12.06,11.53,11019.0,13002874.0,4.61,4.26,0.49,2.83
2000-01-10,11.99,12.06,12.38,11.81,8934.0,10738587.0,4.76,0.67,0.08,2.29
2000-01-11,12.06,11.57,12.06,11.5,6281.0,7383974.5,4.64,-4.06,-0.49,1.61
2000-01-12,11.48,11.2,11.78,11.05,4691.0,5305568.5,6.31,-3.2,-0.37,1.2
2000-01-13,11.37,11.24,11.37,11.02,2107.0,2351806.5,3.13,0.36,0.04,0.54
2000-01-14,11.19,11.19,11.48,11.07,2153.0,2434670.5,3.65,-0.44,-0.05,0.55
2000-01-17,11.03,11.4,11.41,11.03,1916.0,2158276.75,3.4,1.88,0.21,0.49
2000-01-18,11.28,11.44,11.52,11.25,2153.0,2446147.0,2.37,0.35,0.04,0.55
2000-01-19,11.38,11.8,11.8,11.38,5240.0,6119091.0,3.67,3.15,0.36,1.35
2000-01-20,11.88,11.81,11.9,11.58,4741.0,5561709.0,2.71,0.08,0.01,1.22
2000-01-21,11.95,11.78,11.99,11.61,5941.0,6977949.5,3.22,-0.25,-0.03,1.52
2000-01-24,11.7,12.7,12.7,11.67,29628.0,36451052.0,8.74,7.81,0.92,7.61
2000-01-25,12.8,12.59,12.98,12.31,25908.0,32810708.0,5.28,-0.87,-0.11,6.65
2000-01-26,12.52,12.76,12.8,12.3,8809.0,11022700.0,3.97,1.35,0.17,2.26
2000-01-27,12.64,12.54,12.8,12.4,7979.0,10028027.0,3.13,-1.72,-0.22,2.05
2000-01-28,12.41,12.15,12.5,12.11,9989.0,12222486.0,3.11,-3.11,-0.39,2.56
2000-02-14,12.48,13.2,13.3,12.15,21207.0,27055364.0,9.47,8.64,1.05,5.44
2000-02-15,13.25,12.6,13.3,12.48,18986.0,24505646.0,6.21,-4.55,-0.6,4.87
2000-02-16,12.48,12.28,12.53,12.0,12667.0,15492054.0,4.21,-2.54,-0.32,3.25
2000-02-17,12.3,11.82,12.96,11.7,13142.0,16039820.0,10.26,-3.75,-0.46,3.37
2000-02-18,11.76,12.13,12.36,11.7,8221.0,9929118.0,5.58,2.62,0.31,2.11
2000-02-21,12.14,12.63,12.75,11.88,13954.0,17320828.0,7.17,4.12,0.5,3.58
2000-02-22,12.63,12.35,13.1,12.33,14020.0,17900816.0,6.1,-2.22,-0.28,3.6
2000-02-23,12.25,13.16,13.5,12.15,30651.0,39644856.0,10.93,6.56,0.81,7.87
2000-02-24,13.15,13.24,13.62,12.94,31293.0,41729792.0,5.17,0.61,0.08,8.03
2000-02-25,13.28,13.61,13.89,13.2,30198.0,41038032.0,5.21,2.79,0.37,7.75
2000-02-28,13.8,14.97,14.97,13.75,51539.0,75654192.0,8.96,9.99,1.36,13.23
2000-02-29,15.31,15.09,15.39,14.01,34649.0,51015843.0,9.22,0.8,0.12,8.89
2000-03-01,14.78,15.05,15.68,14.46,28637.0,43123420.0,8.08,-0.27,-0.04,7.35
2000-03-02,14.96,14.8,15.48,14.6,16590.0,24790514.0,5.85,-1.66,-0.25,4.26
2000-03-03,14.7,14.76,15.19,14.51,14622.0,21754968.0,4.59,-0.27,-0.04,3.75
2000-03-06,14.81,13.39,14.95,13.38,19102.0,26904234.0,10.64,-9.28,-1.37,4.9
2000-03-07,13.98,13.39,13.98,13.04,12077.0,16116363.0,7.02,0.0,0.0,3.1
2000-03-08,13.44,14.16,14.57,13.3,12835.0,17959538.0,9.48,5.75,0.77,3.29
2000-03-09,14.2,14.23,14.6,14.16,12385.0,17877460.0,3.11,0.49,0.07,3.18
2000-03-10,14.01,13.67,14.35,13.65,9758.0,13594409.0,4.92,-3.94,-0.56,2.5
2000-03-13,13.5,14.1,14.17,13.5,6106.0,8535651.0,4.9,3.15,0.43,1.57
2000-03-14,14.0,14.55,14.6,13.5,15534.0,22097108.0,7.8,3.19,0.45,3.99
2000-03-15,14.61,14.63,15.2,14.45,17037.0,25380338.0,5.15,0.55,0.08,4.37
2000-03-16,14.6,13.92,14.6,13.68,11258.0,15790045.0,6.29,-4.85,-0.71,2.89
2000-03-17,14.4,14.94,15.2,13.95,26686.0,39509876.0,8.98,7.33,1.02,6.85
2000-03-20,14.7,16.43,16.43,13.8,43895.0,70598040.0,17.6,9.97,1.49,11.27
2000-03-21,16.8,16.18,16.88,15.8,25023.0,40414528.0,6.57,-1.52,-0.25,6.42
2000-03-22,16.2,15.85,16.3,15.48,14476.0,22797420.0,5.07,-2.04,-0.33,3.72
2000-03-23,15.85,16.34,17.2,15.8,20835.0,34373620.0,8.83,3.09,0.49,5.35
2000-03-24,15.8,15.71,16.79,15.7,22309.0,35715744.0,6.67,-3.86,-0.63,5.73
2000-03-27,16.0,15.7,16.38,15.4,21558.0,34112736.0,6.24,-0.06,-0.01,5.53
2000-03-28,16.17,16.13,16.17,15.51,23245.0,36834188.0,4.2,2.74,0.43,5.97
2000-03-29,16.3,16.91,17.1,15.6,38988.0,64211644.0,9.3,4.84,0.78,10.01
2000-03-30,16.21,16.37,17.03,16.21,14964.0,24697096.0,4.85,-3.19,-0.54,3.84
2000-03-31,15.89,15.62,16.3,15.6,19851.0,31425856.0,4.28,-4.58,-0.75,5.1
2000-04-03,15.6,15.57,15.79,15.2,17189.0,26535306.0,3.78,-0.32,-0.05,4.41
2000-04-04,16.04,15.54,16.04,15.15,7473.0,11552875.0,5.72,-0.19,-0.03,1.92
2000-04-05,15.4,15.88,15.97,15.4,7389.0,11598803.0,3.67,2.19,0.34,1.9
2000-04-06,15.94,15.98,16.28,15.5,10998.0,17406140.0,4.91,0.63,0.1,2.82
2000-04-07,16.2,15.75,16.2,15.61,9077.0,14358022.0,3.69,-1.44,-0.23,2.33
2000-04-10,15.71,15.39,15.99,15.35,11438.0,17862166.0,4.06,-2.29,-0.36,2.94
2000-04-11,15.39,15.35,15.59,15.26,12897.0,19830862.0,2.14,-0.26,-0.04,3.31
2000-04-12,15.54,14.82,15.54,14.75,17611.0,26402940.0,5.15,-3.45,-0.53,4.52
2000-04-13,14.8,15.19,15.38,14.58,17243.0,25621182.0,5.4,2.5,0.37,4.43
2000-04-14,15.14,14.86,15.35,14.81,12064.0,18278466.0,3.55,-2.17,-0.33,3.1
2000-04-17,14.82,15.08,15.09,14.61,14190.0,21020174.0,3.23,1.48,0.22,3.64
2000-04-18,15.01,16.59,16.59,15.01,60629.0,99088496.0,10.48,10.01,1.51,15.56
2000-04-19,16.85,18.25,18.25,16.85,29666.0,53145128.0,8.44,10.01,1.66,7.61
2000-04-20,19.9,19.26,20.08,18.2,122039.0,239875984.0,10.3,5.53,1.01,31.33
2000-04-21,19.26,19.09,19.7,18.5,38477.0,72962376.0,6.23,-0.88,-0.17,9.88
2000-04-24,19.36,18.96,20.48,18.88,32521.0,64178328.0,8.38,-0.68,-0.13,8.35
2000-04-25,18.8,18.73,19.25,18.29,20228.0,37634868.0,5.06,-1.21,-0.23,5.19
2000-04-26,18.9,18.85,18.9,18.5,7456.0,13963445.0,2.14,0.64,0.12,1.91
2000-04-27,18.8,19.18,19.95,18.38,16471.0,31577394.0,8.33,1.75,0.33,4.23
2000-05-08,19.6,19.4,20.18,19.0,13353.0,25998270.0,6.15,1.15,0.22,3.43
2000-05-09,19.46,18.52,19.5,18.4,8502.0,16080786.0,5.67,-4.54,-0.88,2.18
2000-05-10,18.5,16.96,18.5,16.9,13648.0,23690252.0,8.64,-8.42,-1.56,3.5
2000-05-11,16.95,17.17,17.52,16.9,9320.0,15962865.0,3.66,1.24,0.21,2.39
2000-05-12,17.35,17.67,18.01,17.35,10110.0,17965386.0,3.84,2.91,0.5,2.6
2000-05-15,17.85,17.53,18.05,17.45,5202.0,9228035.0,3.4,-0.79,-0.14,1.34
2000-05-16,17.5,18.8,19.0,17.5,12691.0,23447406.0,8.56,7.24,1.27,3.26
2000-05-17,18.8,18.83,18.99,18.2,8829.0,16361312.0,4.2,0.16,0.03,2.27
2000-05-18,18.94,19.2,19.55,18.66,7903.0,15179103.0,4.73,1.96,0.37,2.03
2000-05-19,19.11,19.04,19.4,18.95,8649.0,16573394.0,2.34,-0.83,-0.16,2.22
2000-05-22,19.46,19.72,19.94,19.01,11134.0,21619268.0,4.88,3.57,0.68,2.86
2000-05-23,19.6,19.41,19.9,19.4,5710.0,11228647.0,2.54,-1.57,-0.31,1.47
2000-05-24,19.46,18.86,19.5,18.8,9690.0,18432920.0,3.61,-2.83,-0.55,2.49
2000-05-25,18.95,19.02,19.48,18.25,7992.0,15046711.0,6.52,0.85,0.16,2.05
2000-05-26,19.1,18.7,19.3,18.5,5808.0,10940143.0,4.21,-1.68,-0.32,1.49
2000-05-29,18.71,18.88,19.0,18.0,8380.0,15613218.0,5.35,0.96,0.18,2.15
2000-05-30,18.9,19.0,19.4,18.5,11139.0,21182556.0,4.77,0.64,0.12,2.86
2000-05-31,19.0,19.7,19.9,19.0,15097.0,29522438.0,4.74,3.68,0.7,3.88
2000-06-01,19.88,19.55,20.4,19.21,10923.0,21427894.0,6.04,-0.76,-0.15,2.8
2000-06-02,19.5,19.27,19.85,19.2,8873.0,17380372.0,3.32,-1.43,-0.28,2.28
2000-06-05,19.21,19.13,19.39,18.6,8530.0,16102826.0,4.1,-0.73,-0.14,2.19
2000-06-06,19.1,19.28,19.3,18.82,4822.0,9227469.0,2.51,0.78,0.15,1.24
2000-06-07,19.35,19.01,19.35,18.88,6355.0,12103128.0,2.44,-1.4,-0.27,1.63
2000-06-08,18.99,19.36,19.5,17.12,10300.0,19579078.0,12.52,1.84,0.35,2.64
2000-06-09,19.33,18.7,19.33,18.58,3874.0,7289532.5,3.87,-3.41,-0.66,0.99
2000-06-12,18.64,18.2,18.7,18.02,6440.0,11730560.0,3.64,-2.67,-0.5,1.65
2000-06-13,18.63,18.18,18.74,18.0,6741.0,12247731.0,4.07,-0.11,-0.02,1.73
2000-06-14,18.3,17.99,18.3,17.88,4638.0,8396667.0,2.31,-1.05,-0.19,1.19
2000-06-15,18.0,17.88,18.31,17.12,5768.0,10325380.0,6.61,-0.61,-0.11,1.48
2000-06-16,18.0,17.67,18.0,17.2,4530.0,8027091.0,4.47,-1.17,-0.21,1.16
2000-06-19,17.8,18.48,18.65,17.8,5658.0,10383053.0,4.81,4.58,0.81,1.45
2000-06-20,18.5,18.22,18.55,17.98,2939.0,5316863.0,3.08,-1.41,-0.26,0.75
2000-06-21,18.3,18.22,18.3,17.8,3596.0,6508974.0,2.74,0.0,0.0,0.92
2000-06-22,18.23,17.88,18.3,17.85,3372.0,6073344.0,2.47,-1.87,-0.34,0.87
2000-06-23,17.99,17.95,17.99,17.66,4670.0,8296295.5,1.85,0.39,0.07,1.2
2000-06-26,18.28,18.02,18.5,17.76,4569.0,8223917.0,4.12,0.39,0.07,1.17
2000-06-27,18.3,18.48,19.0,18.3,5075.0,9440038.0,3.88,2.55,0.46,1.3
2000-06-28,18.48,18.12,18.48,18.0,4449.0,8077921.5,2.6,-1.95,-0.36,1.14
2000-06-29,18.0,17.7,18.0,17.6,6338.0,11251945.0,2.21,-2.32,-0.42,1.63
2000-06-30,17.6,17.32,17.78,17.25,5541.0,9655778.0,2.99,-2.15,-0.38,1.42
2000-07-03,17.2,17.06,17.5,16.0,4358.0,7446166.5,8.66,-1.5,-0.26,1.12
2000-07-04,17.0,17.2,17.3,16.65,3108.0,5296161.0,3.81,0.82,0.14,0.8
2000-07-05,17.31,16.87,17.31,16.35,3470.0,5878651.5,5.58,-1.92,-0.33,0.89
2000-07-06,16.86,17.64,17.88,16.85,5291.0,9264051.0,6.11,4.56,0.77,1.36
2000-07-07,17.58,19.17,19.4,17.55,20762.0,39211372.0,10.49,8.67,1.53,5.33
2000-07-10,19.25,20.68,20.79,19.0,25751.0,51958312.0,9.34,7.88,1.51,6.61
2000-07-11,20.7,20.72,21.2,20.15,18250.0,37879772.0,5.08,0.19,0.04,4.68
2000-07-12,20.81,20.04,21.2,19.9,14288.0,28982940.0,6.27,-3.28,-0.68,3.67
2000-07-13,20.06,20.76,21.01,20.05,9133.0,18618617.0,4.79,3.59,0.72,2.34
2000-07-14,20.98,21.95,22.45,20.98,15798.0,34665448.0,7.08,5.73,1.19,4.06
2000-07-17,22.3,21.7,22.4,21.05,7371.0,16156309.0,6.15,-1.14,-0.25,1.89
2000-07-18,21.7,21.26,21.75,20.5,7853.0,16576372.0,5.76,-2.03,-0.44,2.02
2000-07-19,21.15,20.55,21.15,20.52,5911.0,12265001.0,2.96,-3.34,-0.71,1.52
2000-07-20,20.5,19.28,21.0,19.15,19055.0,37861184.0,9.0,-6.18,-1.27,4.89
2000-07-21,18.85,19.61,20.56,18.79,16886.0,33473896.0,9.18,1.71,0.33,4.33
2000-07-24,19.44,19.89,20.1,19.1,5785.0,11347218.0,5.1,1.43,0.28,1.48
2000-07-25,19.95,19.31,19.95,19.16,4344.0,8483294.0,3.97,-2.92,-0.58,1.12
2000-07-26,19.31,19.49,19.65,19.18,2641.0,5119174.0,2.43,0.93,0.18,0.68
2000-07-27,19.52,19.4,19.87,19.3,3367.0,6563497.0,2.92,-0.46,-0.09,0.86
2000-07-28,19.4,19.25,19.71,19.2,3242.0,6312196.5,2.63,-0.77,-0.15,0.83
2000-07-31,19.3,18.83,19.48,18.73,5736.0,10886459.0,3.9,-2.18,-0.42,1.47
2000-08-01,18.85,19.06,19.2,18.8,2941.0,5574122.0,2.12,1.22,0.23,0.75
2000-08-02,19.1,18.51,19.12,18.4,6978.0,12985401.0,3.78,-2.89,-0.55,1.79
2000-08-03,18.55,18.66,19.0,18.38,4386.0,8150255.0,3.35,0.81,0.15,1.13
2000-08-04,18.79,19.17,19.2,18.57,3721.0,7047676.5,3.38,2.73,0.51,0.96
2000-08-07,19.2,19.9,20.19,19.02,8003.0,15759576.0,6.1,3.81,0.73,2.05
2000-08-08,20.26,19.9,20.8,19.5,6795.0,13613562.0,6.53,0.0,0.0,1.74
2000-08-09,20.0,19.1,20.2,19.08,6077.0,11778908.0,5.63,-4.02,-0.8,1.56
2000-08-10,19.0,19.01,19.28,18.8,4311.0,8174450.5,2.51,-0.47,-0.09,1.11
2000-08-11,19.0,19.36,19.4,18.85,4072.0,7793579.5,2.89,1.84,0.35,1.05
2000-08-14,19.01,19.49,19.5,19.0,2715.0,5241179.5,2.58,0.67,0.13,0.7
2000-08-15,19.59,19.22,19.59,19.22,1757.0,3402245.0,1.9,-1.39,-0.27,0.45
2000-08-16,19.22,19.13,19.33,19.1,1510.0,2900754.5,1.2,-0.47,-0.09,0.39
2000-08-17,19.13,18.97,19.3,18.95,2305.0,4397099.0,1.83,-0.84,-0.16,0.59
2000-08-18,19.1,19.49,19.49,18.7,2825.0,5351436.0,4.16,2.74,0.52,0.73
2000-08-21,19.4,19.38,19.49,19.02,3378.0,6491389.0,2.41,-0.56,-0.11,0.87
2000-08-22,19.4,18.9,19.55,18.9,2338.0,4480387.5,3.35,-2.48,-0.48,0.6
2000-08-23,18.8,18.71,18.9,18.0,5261.0,9766842.0,4.76,-1.01,-0.19,1.35
2000-08-24,18.7,18.58,18.99,18.5,1833.0,3424461.0,2.62,-0.69,-0.13,0.47
2000-08-25,18.6,18.65,18.82,18.5,2046.0,3812442.0,1.72,0.38,0.07,0.53
2000-08-28,18.67,18.68,18.68,18.27,2556.0,4701455.0,2.2,0.16,0.03,0.66
2000-08-29,18.4,18.5,18.76,18.3,2033.0,3746708.25,2.46,-0.96,-0.18,0.52
2000-08-30,18.51,18.2,18.51,18.15,2974.0,5439320.5,1.95,-1.62,-0.3,0.76
2000-08-31,18.02,17.83,18.2,17.8,2726.0,4918795.0,2.2,-2.03,-0.37,0.7
2000-09-01,17.83,17.31,17.83,17.2,4082.0,7153561.5,3.53,-2.92,-0.52,1.05
2000-09-04,17.32,17.81,18.2,17.3,3041.0,5323469.0,5.2,2.89,0.5,0.78
2000-09-05,17.95,17.76,17.95,17.6,3040.0,5378862.0,1.97,-0.28,-0.05,0.78
2000-09-06,17.61,17.52,17.8,17.5,3655.0,6440866.5,1.69,-1.35,-0.24,0.94
2000-09-07,17.62,17.48,17.73,17.4,1788.0,3137904.0,1.88,-0.23,-0.04,0.46
2000-09-08,17.51,17.46,17.6,17.4,1017.0,1777227.5,1.14,-0.11,-0.02,0.26
2000-09-11,17.42,17.25,17.42,17.0,1880.0,3223614.5,2.41,-1.2,-0.21,0.48
2000-09-12,17.04,17.42,17.42,17.0,3411.0,5843195.0,2.43,0.99,0.17,0.88
2000-09-13,17.21,18.43,18.55,17.21,4199.0,7603686.0,7.69,5.8,1.01,1.08
2000-09-14,18.43,18.72,19.15,18.43,5648.0,10664348.0,3.91,1.57,0.29,1.45
2000-09-15,18.75,18.32,18.8,18.22,1554.0,2854038.0,3.1,-2.14,-0.4,0.4
2000-09-18,18.5,18.57,18.83,18.42,1779.0,3327099.75,2.24,1.36,0.25,0.46
2000-09-19,18.65,18.36,18.94,18.0,1193.0,2181687.75,5.06,-1.13,-0.21,0.31
2000-09-20,18.09,18.68,18.9,18.08,1353.0,2498747.25,4.47,1.74,0.32,0.35
2000-09-21,18.85,18.51,18.85,18.4,801.0,1491618.0,2.41,-0.91,-0.17,0.21
2000-09-22,18.37,18.4,18.58,18.12,1183.0,2177442.25,2.49,-0.59,-0.11,0.3
2000-09-25,18.32,18.2,18.75,18.13,742.0,1358336.62,3.37,-1.09,-0.2,0.19
2000-09-26,18.2,17.86,18.2,17.8,1748.0,3152110.0,2.2,-1.87,-0.34,0.45
2000-09-27,17.86,17.89,18.0,17.6,1067.0,1895806.25,2.24,0.17,0.03,0.27
2000-09-28,17.89,17.58,18.0,17.55,1264.0,2239718.75,2.52,-1.73,-0.31,0.32
2000-09-29,17.97,17.88,17.97,17.5,687.0,1219972.0,2.67,1.71,0.3,0.18
2000-10-09,17.1,17.67,17.75,17.1,848.0,1475829.5,3.64,-1.17,-0.21,0.22
2000-10-10,18.67,19.02,19.15,17.75,16987.0,31273766.0,7.92,7.64,1.35,4.36
2000-10-11,18.9,19.19,19.48,18.73,49073.0,94123184.0,3.94,0.89,0.17,12.6
2000-10-12,19.19,18.66,19.38,18.65,5324.0,10109286.0,3.8,-2.76,-0.53,1.37
2000-10-13,18.67,18.66,19.3,18.48,8053.0,15118901.0,4.39,0.0,0.0,2.07
2000-10-16,18.75,18.72,19.1,18.5,1905.0,3567941.5,3.22,0.32,0.06,0.49
2000-10-17,18.76,18.22,18.76,18.02,2921.0,5367302.0,3.95,-2.67,-0.5,0.75
2000-10-18,18.22,18.23,18.6,17.85,3529.0,6384697.0,4.12,0.05,0.01,0.91
2000-10-19,18.5,18.25,18.55,17.96,2052.0,3726329.5,3.24,0.11,0.02,0.53
2000-10-20,17.3,18.5,18.54,17.3,2296.0,4166699.0,6.79,1.37,0.25,0.59
2000-10-23,18.6,18.92,18.97,18.5,9072.0,17046284.0,2.54,2.27,0.42,2.33
2000-10-24,18.95,19.15,19.21,18.85,12369.0,23627660.0,1.9,1.22,0.23,3.17
2000-10-25,19.19,19.34,19.44,19.1,9852.0,18998438.0,1.78,0.99,0.19,2.53
2000-10-26,19.5,19.18,19.77,19.12,7593.0,14857795.0,3.36,-0.83,-0.16,1.95
2000-10-27,19.2,19.1,19.46,18.9,4406.0,8481313.0,2.92,-0.42,-0.08,1.13
2000-10-30,19.25,19.35,19.4,19.03,3828.0,7373985.0,1.94,1.31,0.25,0.98
2000-10-31,19.38,19.81,20.31,19.38,12871.0,25734428.0,4.81,2.38,0.46,3.3
2000-11-01,19.8,20.0,20.0,19.7,3164.0,6285467.0,1.51,0.96,0.19,0.81
2000-11-02,20.0,20.15,20.3,19.81,5798.0,11676110.0,2.45,0.75,0.15,1.49
2000-11-03,20.01,20.45,20.56,20.01,7124.0,14484024.0,2.73,1.49,0.3,1.83
2000-11-06,20.49,20.26,20.98,20.22,8150.0,16798530.0,3.72,-0.93,-0.19,2.09
2000-11-07,20.21,20.0,20.46,19.84,5842.0,11776310.0,3.06,-1.28,-0.26,1.5
2000-11-08,20.0,20.87,20.96,19.9,9031.0,18534060.0,5.3,4.35,0.87,2.32
2000-11-09,20.8,20.8,21.2,20.51,5036.0,10519049.0,3.31,-0.34,-0.07,1.29
2000-11-10,20.82,20.9,21.1,20.4,5114.0,10591820.0,3.37,0.48,0.1,1.31
2000-11-13,20.99,21.0,21.25,20.7,5631.0,11829546.0,2.63,0.48,0.1,1.45
2000-11-14,20.9,20.8,21.19,20.7,5298.0,11062464.0,2.33,-0.95,-0.2,1.36
2000-11-15,20.8,20.63,20.9,20.52,4130.0,8528272.0,1.83,-0.82,-0.17,1.06
2000-11-16,20.58,20.35,20.58,20.02,7132.0,14467005.0,2.71,-1.36,-0.28,1.83
2000-11-17,20.48,20.2,20.7,20.15,4002.0,8140029.5,2.7,-0.74,-0.15,1.03
2000-11-20,20.6,20.6,20.7,20.13,4552.0,9267547.0,2.82,1.98,0.4,1.17
2000-11-21,20.8,20.31,20.9,20.21,3358.0,6897224.5,3.35,-1.41,-0.29,0.86
2000-11-22,20.4,19.94,20.6,19.78,8518.0,17089444.0,4.04,-1.82,-0.37,2.19
2000-11-23,19.98,19.96,20.1,19.71,6832.0,13547257.0,1.96,0.1,0.02,1.75
2000-11-24,20.0,19.39,20.0,19.22,5489.0,10790040.0,3.91,-2.86,-0.57,1.41
2000-11-28,19.5,19.76,20.0,19.3,4146.0,8147392.0,3.61,1.91,0.37,1.06
2000-11-29,19.75,19.56,19.75,19.38,3593.0,7018539.0,1.87,-1.01,-0.2,0.92
2000-11-30,19.66,19.49,19.66,19.36,2614.0,5097290.5,1.53,-0.36,-0.07,0.67
2000-12-01,19.6,19.5,19.63,19.32,3053.0,5945054.0,1.59,0.05,0.01,0.78
2000-12-04,19.65,19.99,19.99,19.5,4052.0,7969091.5,2.51,2.51,0.49,1.04
2000-12-05,19.99,20.55,20.58,19.95,10210.0,20782080.0,3.15,2.8,0.56,2.62
2000-12-06,20.6,20.35,20.75,20.05,4642.0,9438562.0,3.41,-0.97,-0.2,1.19
2000-12-07,20.35,19.66,20.35,19.52,4706.0,9326506.0,4.08,-3.39,-0.69,1.21
2000-12-08,19.66,19.71,19.88,19.2,5374.0,10460364.0,3.46,0.25,0.05,1.38
2000-12-11,19.42,19.37,19.43,19.0,2593.0,4997645.5,2.18,-1.73,-0.34,0.67
2000-12-12,19.15,19.5,19.57,19.15,1184.0,2295056.0,2.17,0.67,0.13,0.3
2000-12-13,19.4,19.65,19.65,19.35,849.0,1656062.25,1.54,0.77,0.15,0.22
2000-12-14,19.65,19.36,19.69,19.28,1497.0,2899838.25,2.09,-1.48,-0.29,0.38
2000-12-15,19.2,18.97,19.25,18.96,3282.0,6254209.0,1.5,-2.01,-0.39,0.84
2000-12-18,19.0,18.58,19.0,18.3,4126.0,7660156.5,3.69,-2.06,-0.39,1.06
2000-12-19,18.6,18.94,19.0,18.6,1310.0,2465199.5,2.15,1.94,0.36,0.34
2000-12-20,18.88,19.07,19.1,18.7,2210.0,4193651.5,2.11,0.69,0.13,0.57
2000-12-21,19.47,19.0,19.47,18.94,2144.0,4091420.5,2.78,-0.37,-0.07,0.55
2000-12-22,19.0,18.72,19.3,18.56,2373.0,4461183.0,3.89,-1.47,-0.28,0.61
2000-12-25,18.6,18.48,18.72,18.38,2423.0,4483166.5,1.82,-1.28,-0.24,0.62
2000-12-26,18.52,18.36,18.52,18.2,2711.0,4981096.5,1.73,-0.65,-0.12,0.7
2000-12-27,18.4,18.44,18.7,18.35,5072.0,9389306.0,1.91,0.44,0.08,1.3
2000-12-28,18.68,18.57,18.9,18.45,1275.0,2375439.0,2.44,0.7,0.13,0.33
2000-12-29,18.61,19.3,19.5,18.48,4210.0,7881166.0,5.49,3.93,0.73,1.08
2001-01-02,19.1,19.38,19.4,18.6,2090.0,3991502.25,4.15,0.41,0.08,0.54
2001-01-03,19.4,19.49,19.6,19.0,3944.0,7606712.0,3.1,0.57,0.11,1.01
2001-01-04,19.49,19.66,19.75,19.35,3524.0,6905314.0,2.05,0.87,0.17,0.9
2001-01-05,19.7,19.58,19.7,19.39,1915.0,3724422.5,1.58,-0.41,-0.08,0.49
2001-01-08,19.3,19.53,19.58,18.8,4899.0,9337536.0,3.98,-0.26,-0.05,1.26
2001-01-09,19.6,19.05,19.6,18.94,1186.0,2264656.0,3.38,-2.46,-0.48,0.3
2001-01-10,19.0,19.42,19.45,19.0,1782.0,3440790.5,2.36,1.94,0.37,0.46
2001-01-11,19.35,19.05,19.58,19.0,1810.0,3484078.25,2.99,-1.91,-0.37,0.46
2001-01-12,19.0,18.89,19.01,18.8,1513.0,2858078.5,1.1,-0.84,-0.16,0.39
2001-01-15,18.89,18.36,19.0,18.22,3489.0,6496317.5,4.13,-2.81,-0.53,0.9
2001-01-16,18.31,18.2,18.5,18.18,2326.0,4266493.5,1.74,-0.87,-0.16,0.6
2001-01-17,18.2,18.24,18.4,18.2,1715.0,3133018.75,1.1,0.22,0.04,0.44
2001-01-18,18.24,18.33,18.4,18.24,2058.0,3766271.0,0.88,0.49,0.09,0.53
2001-01-19,18.35,19.02,19.05,18.35,2871.0,5410153.0,3.82,3.76,0.69,0.74
2001-02-05,19.18,18.37,19.2,18.0,1155.0,2145873.0,6.31,-3.42,-0.65,0.3
2001-02-06,18.32,17.96,18.49,17.81,1143.0,2064080.12,3.7,-2.23,-0.41,0.29
2001-02-07,18.0,17.61,18.2,17.6,1609.0,2870739.0,3.34,-1.95,-0.35,0.41
2001-02-08,17.65,17.35,18.07,17.33,3063.0,5371605.0,4.2,-1.48,-0.26,0.79
2001-02-09,17.4,17.58,17.89,17.3,985.0,1723916.5,3.4,1.33,0.23,0.25
2001-02-12,17.58,17.7,17.75,17.58,405.0,716890.75,0.97,0.68,0.12,0.1
2001-02-13,17.89,17.61,17.95,17.58,687.0,1218655.62,2.09,-0.51,-0.09,0.18
2001-02-14,17.5,17.64,17.85,17.5,276.0,487523.0,1.99,0.17,0.03,0.07
2001-02-15,17.95,17.7,17.95,17.68,588.0,1043299.88,1.53,0.34,0.06,0.15
2001-02-19,17.65,18.32,18.48,17.6,4432.0,8035550.5,4.97,3.5,0.62,1.14
2001-02-20,18.35,18.11,18.85,18.0,2481.0,4553710.0,4.64,-1.15,-0.21,0.64
2001-02-21,17.91,17.34,18.3,17.29,1785.0,3126077.75,5.58,-4.25,-0.77,0.46
2001-02-22,17.1,17.21,17.84,17.1,1625.0,2796840.5,4.27,-0.75,-0.13,0.42
2001-02-23,17.28,17.22,17.45,17.19,804.0,1388848.0,1.51,0.06,0.01,0.21
2001-02-26,17.0,17.3,17.58,17.0,1300.0,2237392.25,3.37,0.46,0.08,0.33
2001-02-27,17.31,17.18,17.49,17.15,1502.0,2590804.5,1.97,-0.69,-0.12,0.39
2001-02-28,17.33,17.29,17.5,17.23,955.0,1652122.5,1.57,0.64,0.11,0.25
2001-03-01,17.31,17.73,17.74,17.02,4606.0,7932297.0,4.16,2.54,0.44,1.18
2001-03-02,17.5,17.8,17.85,17.5,2086.0,3702888.5,1.97,0.39,0.07,0.54
2001-03-05,17.71,17.5,17.75,17.3,1940.0,3377375.0,2.53,-1.69,-0.3,0.5
2001-03-06,17.6,17.35,17.6,17.31,1388.0,2407505.25,1.66,-0.86,-0.15,0.36
2001-03-07,17.72,17.38,17.79,17.2,1281.0,2226526.75,3.4,0.17,0.03,0.33
2001-03-08,17.18,17.7,17.96,17.18,4524.0,8027194.0,4.49,1.84,0.32,1.16
2001-03-09,17.78,17.72,17.96,17.56,3141.0,5567918.0,2.26,0.11,0.02,0.81
2001-03-12,17.92,18.0,18.06,17.51,2521.0,4513239.5,3.1,1.58,0.28,0.65
2001-03-13,18.08,17.8,18.12,17.75,2230.0,4005832.75,2.06,-1.11,-0.2,0.57
2001-03-14,17.89,17.91,18.08,17.7,3134.0,5617815.0,2.13,0.62,0.11,0.8
2001-03-15,17.91,18.28,18.4,17.7,4799.0,8769680.0,3.91,2.07,0.37,1.23
2001-03-16,18.26,18.21,18.48,18.0,1997.0,3654839.5,2.63,-0.38,-0.07,0.51
2001-03-19,18.01,18.36,18.5,18.01,1160.0,2109513.5,2.69,0.82,0.15,0.3
2001-03-20,18.08,18.57,18.6,18.08,2247.0,4150832.25,2.83,1.14,0.21,0.58
2001-03-21,18.58,18.48,18.76,18.29,1721.0,3182074.0,2.53,-0.48,-0.09,0.44
2001-03-22,18.5,18.58,19.0,18.0,3436.0,6334097.0,5.41,0.54,0.1,0.88
2001-03-23,18.5,18.3,18.62,18.3,1307.0,2410580.75,1.72,-1.51,-0.28,0.34
2001-03-26,18.2,18.34,18.54,18.2,1115.0,2042026.62,1.86,0.22,0.04,0.29
2001-03-27,18.6,19.38,19.46,18.22,7321.0,13810888.0,6.76,5.67,1.04,1.88
2001-03-28,19.3,19.35,19.42,19.02,7056.0,13619632.0,2.06,-0.15,-0.03,1.81
2001-03-29,19.35,19.39,19.45,19.05,10413.0,20043662.0,2.07,0.21,0.04,2.67
2001-03-30,19.48,20.18,20.19,19.48,12858.0,25675988.0,3.66,4.07,0.79,3.3
2001-04-02,20.28,20.38,20.74,20.05,10813.0,22109460.0,3.42,0.99,0.2,2.78
2001-04-03,20.38,20.23,20.6,19.86,8734.0,17614548.0,3.63,-0.74,-0.15,2.24
2001-04-04,20.23,19.89,20.23,19.5,9068.0,18008642.0,3.61,-1.68,-0.34,2.33
2001-04-05,19.68,19.8,19.92,19.67,5152.0,10190594.0,1.26,-0.45,-0.09,1.32
2001-04-06,19.88,20.07,20.26,19.88,4460.0,8951674.0,1.92,1.36,0.27,1.14
2001-04-09,20.1,19.97,20.19,19.76,3274.0,6550771.5,2.14,-0.5,-0.1,0.84
2001-04-10,19.95,20.28,20.29,19.95,4584.0,9253870.0,1.7,1.55,0.31,1.18
2001-04-11,20.28,20.2,20.42,20.12,4476.0,9047709.0,1.48,-0.39,-0.08,1.15
2001-04-12,20.13,20.33,20.35,20.05,5594.0,11346874.0,1.49,0.64,0.13,1.44
2001-04-13,20.32,20.49,20.5,20.0,5935.0,12035952.0,2.46,0.79,0.16,1.52
2001-04-16,20.5,20.49,20.67,20.26,8614.0,17663176.0,2.0,0.0,0.0,2.21
2001-04-17,20.38,20.5,20.52,20.12,6084.0,12386435.0,1.95,0.05,0.01,1.56
2001-04-18,20.6,20.27,20.64,20.05,6264.0,12677510.0,2.88,-1.12,-0.23,1.61
2001-04-19,20.2,19.81,20.2,19.7,3863.0,7673890.5,2.47,-2.27,-0.46,0.99
2001-04-20,19.59,19.31,20.0,19.0,5410.0,10611001.0,5.05,-2.52,-0.5,1.39
2001-04-23,19.15,19.5,19.5,19.15,4020.0,7779577.0,1.81,0.98,0.19,1.03
2001-04-24,19.6,20.14,20.2,19.4,3011.0,5944033.5,4.1,3.28,0.64,0.77
2001-04-25,20.2,19.79,20.45,19.56,4601.0,9252888.0,4.42,-1.74,-0.35,1.18
2001-04-26,19.8,19.83,20.0,19.56,2794.0,5533487.0,2.22,0.2,0.04,0.72
2001-04-27,20.1,20.02,20.1,19.81,3007.0,6000285.5,1.46,0.96,0.19,0.77
2001-04-30,20.0,19.71,20.08,19.7,1549.0,3076149.75,1.9,-1.55,-0.31,0.4
2001-05-08,19.55,19.88,20.0,19.55,1237.0,2454845.0,2.28,0.86,0.17,0.32
2001-05-09,19.88,19.65,19.99,19.5,1481.0,2925693.0,2.46,-1.16,-0.23,0.38
2001-05-10,19.8,19.83,19.95,19.6,2599.0,5159526.5,1.78,0.92,0.18,0.67
2001-05-11,19.85,19.52,19.95,19.37,2477.0,4847210.5,2.92,-1.56,-0.31,0.64
2001-05-14,19.52,19.59,19.6,19.4,1952.0,3800140.0,1.02,0.36,0.07,0.5
2001-05-15,19.6,19.6,19.7,19.46,2193.0,4289358.5,1.23,0.05,0.01,0.56
2001-05-16,19.66,20.2,20.38,19.5,5514.0,11078065.0,4.49,3.06,0.6,1.42
2001-05-17,20.26,20.26,20.28,20.0,4797.0,9675286.0,1.39,0.3,0.06,1.23
2001-05-18,20.3,20.99,21.05,20.0,17710.0,36721376.0,5.18,3.6,0.73,4.55
2001-05-21,21.08,21.65,22.1,21.05,22090.0,47859428.0,5.0,3.14,0.66,5.67
2001-05-22,21.68,21.41,21.78,21.28,9091.0,19469746.0,2.31,-1.11,-0.24,2.33
2001-05-23,21.41,21.64,21.75,21.35,5931.0,12768248.0,1.87,1.07,0.23,1.52
2001-05-24,21.68,21.67,22.1,21.55,8148.0,17888218.0,2.54,0.14,0.03,2.09
2001-05-25,21.7,21.4,21.95,21.3,10221.0,21957326.0,3.0,-1.25,-0.27,2.62
2001-05-28,21.5,21.21,21.69,21.0,4066.0,8697256.0,3.22,-0.89,-0.19,1.04
2001-05-29,21.2,20.87,21.29,20.77,5122.0,10735529.0,2.45,-1.6,-0.34,1.31
2001-05-30,20.61,21.1,21.19,20.61,3683.0,7726157.5,2.78,1.1,0.23,0.95
2001-05-31,21.37,21.98,22.3,21.36,6997.0,15280516.0,4.45,4.17,0.88,1.8
2001-06-01,21.98,21.92,22.4,21.78,7353.0,16239097.0,2.82,-0.27,-0.06,1.89
2001-06-04,22.0,22.65,22.9,22.0,8078.0,18169166.0,4.11,3.33,0.73,2.07
2001-06-05,22.7,22.66,22.85,22.43,3873.0,8777952.0,1.85,0.04,0.01,0.99
2001-06-06,22.66,22.39,22.8,22.19,5039.0,11305506.0,2.69,-1.19,-0.27,1.29
2001-06-07,22.3,22.39,22.5,22.01,5663.0,12607586.0,2.19,0.0,0.0,1.45
2001-06-08,22.41,22.2,22.76,22.01,4785.0,10671199.0,3.35,-0.85,-0.19,1.23
2001-06-11,22.5,22.31,22.5,22.06,2041.0,4543584.0,1.98,0.5,0.11,0.52
2001-06-12,22.31,22.32,22.48,22.08,5919.0,13204507.0,1.79,0.04,0.01,1.52
2001-06-13,22.35,22.47,22.49,22.2,3101.0,6935903.0,1.3,0.67,0.15,0.8
2001-06-14,22.5,22.52,23.15,22.0,7708.0,17510946.0,5.12,0.22,0.05,1.98
2001-06-18,22.63,22.53,23.15,22.05,7536.0,17133546.0,4.88,0.04,0.01,1.93
2001-06-19,22.52,23.7,24.5,22.5,20234.0,47788864.0,8.88,5.19,1.17,5.19
2001-06-20,23.7,23.37,23.8,23.25,4807.0,11284500.0,2.32,-1.39,-0.33,1.23
2001-06-21,23.4,23.36,23.6,22.95,7850.0,18169706.0,2.78,-0.04,-0.01,2.01
2001-06-22,23.39,23.16,23.6,23.0,6865.0,15968212.0,2.57,-0.86,-0.2,1.76
2001-06-25,23.0,23.49,23.6,23.0,4039.0,9434761.0,2.59,1.42,0.33,1.04
2001-06-26,23.5,23.3,23.5,23.22,2021.0,4722348.5,1.19,-0.81,-0.19,0.52
2001-06-27,23.28,23.69,23.79,23.14,3531.0,8287003.0,2.79,1.67,0.39,0.91
2001-06-28,23.69,23.69,24.2,23.61,4784.0,11430274.0,2.49,0.0,0.0,1.23
2001-06-29,23.7,23.69,24.1,23.4,3240.0,7702604.0,2.95,0.0,0.0,0.83
2001-07-02,23.75,23.8,24.17,23.7,4333.0,10369787.0,1.98,0.46,0.11,1.11
2001-07-03,23.8,23.51,24.12,23.3,2805.0,6597570.0,3.45,-1.22,-0.29,0.72
2001-07-04,23.5,22.95,23.5,22.8,7179.0,16528794.0,2.98,-2.38,-0.56,1.84
2001-07-05,22.9,22.64,22.9,22.6,3686.0,8382933.0,1.31,-1.35,-0.31,0.95
2001-07-06,22.59,22.31,22.7,22.1,2951.0,6618163.0,2.65,-1.46,-0.33,0.76
2001-07-09,22.23,22.82,23.18,22.1,3349.0,7645821.5,4.84,2.29,0.51,0.86
2001-07-10,22.99,22.55,23.1,22.41,2922.0,6586525.0,3.02,-1.18,-0.27,0.75
2001-07-11,22.8,22.16,22.8,22.15,3282.0,7322278.0,2.88,-1.73,-0.39,0.84
2001-07-12,22.1,22.08,22.23,21.85,6579.0,14516654.0,1.71,-0.36,-0.08,1.69
2001-07-13,22.2,22.5,22.55,21.96,5076.0,11314393.0,2.67,1.9,0.42,1.3
2001-07-16,23.15,22.42,23.99,22.4,12857.0,29640816.0,7.07,-0.36,-0.08,3.3
2001-07-17,22.42,21.59,22.42,21.2,5774.0,12496569.0,5.44,-3.7,-0.83,1.48
2001-07-18,21.54,21.18,21.86,21.01,2716.0,5786352.5,3.94,-1.9,-0.41,0.7
2001-07-19,21.3,21.46,21.5,21.02,2440.0,5167895.5,2.27,1.32,0.28,0.63
2001-07-20,21.55,21.79,21.85,21.2,2582.0,5588747.0,3.03,1.54,0.33,0.66
2001-07-23,21.79,21.49,21.85,21.37,2843.0,6096741.0,2.2,-1.38,-0.3,0.73
2001-07-24,21.36,20.83,21.36,20.76,4045.0,8493428.0,2.79,-3.07,-0.66,1.04
2001-07-25,20.47,20.91,20.97,20.47,4756.0,9813470.0,2.4,0.38,0.08,1.22
2001-07-26,20.58,20.49,20.83,20.31,1323.0,2717906.0,2.49,-2.01,-0.42,0.34
2001-07-27,20.76,20.61,20.8,20.39,1868.0,3842181.5,2.0,0.59,0.12,0.48
2001-07-30,20.59,19.07,20.59,18.95,4942.0,9596588.0,7.96,-7.47,-1.54,1.27
2001-07-31,19.1,19.09,19.55,17.98,4787.0,9040594.0,8.23,0.1,0.02,1.23
2001-08-01,19.0,19.96,20.15,18.8,7951.0,15461532.0,7.07,4.56,0.87,2.04
2001-08-02,19.95,19.74,19.95,18.78,5842.0,11337484.0,5.86,-1.1,-0.22,1.5
2001-08-03,19.62,19.8,19.96,19.0,2005.0,3934631.75,4.86,0.3,0.06,0.51
2001-08-06,19.68,19.29,19.68,18.83,3304.0,6323312.0,4.29,-2.58,-0.51,0.85
2001-08-07,19.27,19.19,19.4,18.78,2871.0,5478732.0,3.21,-0.52,-0.1,0.74
2001-08-08,19.02,19.51,19.59,19.02,760.0,1467256.0,2.97,1.67,0.32,0.2
2001-08-09,19.15,19.59,19.68,19.15,1149.0,2247664.5,2.72,0.41,0.08,0.29
2001-08-10,19.61,20.06,20.09,19.55,3868.0,7704738.0,2.76,2.4,0.47,0.99
2001-08-13,20.0,19.88,20.0,19.1,1545.0,3053584.5,4.49,-0.9,-0.18,0.4
2001-08-14,19.9,19.72,19.96,19.44,1318.0,2592457.25,2.62,-0.8,-0.16,0.34
2001-08-15,19.68,19.5,19.7,19.23,1165.0,2269417.25,2.38,-1.12,-0.22,0.3
2001-08-16,19.38,19.33,19.6,19.2,940.0,1820729.0,2.05,-0.87,-0.17,0.24
2001-08-17,19.38,19.19,19.38,19.02,829.0,1589515.5,1.86,-0.72,-0.14,0.21
2001-08-20,19.1,19.41,19.54,19.1,1056.0,2035631.0,2.29,1.15,0.22,0.27
2001-08-21,19.41,19.89,20.0,19.26,6748.0,13367401.0,3.81,2.47,0.48,1.73
2001-08-22,19.88,19.7,19.95,19.22,1095.0,2139456.5,3.67,-0.96,-0.19,0.28
2001-08-23,19.5,19.5,19.66,19.33,713.0,1389579.0,1.68,-1.02,-0.2,0.18
2001-08-24,19.66,19.42,19.75,19.36,386.0,755213.81,2.0,-0.41,-0.08,0.1
2001-08-27,19.3,18.89,19.3,18.61,1678.0,3165912.25,3.55,-2.73,-0.53,0.43
2001-08-28,18.25,18.99,18.99,18.25,994.0,1850289.75,3.92,0.53,0.1,0.26
2001-08-29,19.0,18.98,19.13,18.75,1206.0,2294125.5,2.0,-0.05,-0.01,0.31
2001-08-30,18.98,18.93,19.3,18.7,5715.0,10857023.0,3.16,-0.26,-0.05,1.47
2001-08-31,18.72,18.8,19.15,18.71,340.0,640964.38,2.32,-0.69,-0.13,0.09
2001-09-03,18.57,18.08,18.8,18.0,1261.0,2305090.0,4.26,-3.83,-0.72,0.32
2001-09-04,18.36,18.52,18.6,18.0,2106.0,3854755.5,3.32,2.43,0.44,0.54
2001-09-05,18.3,18.8,18.86,18.3,1372.0,2571251.0,3.02,1.51,0.28,0.35
2001-09-06,18.68,18.68,18.85,18.38,673.0,1254464.0,2.5,-0.64,-0.12,0.17
2001-09-07,17.71,18.29,18.88,17.71,2278.0,4140359.5,6.26,-2.09,-0.39,0.58
2001-09-10,17.8,18.63,18.65,17.72,1555.0,2849665.0,5.08,1.86,0.34,0.4
2001-09-11,18.36,18.74,18.85,18.36,1637.0,3064174.5,2.63,0.59,0.11,0.42
2001-09-12,18.5,18.39,18.5,17.8,3347.0,6068141.0,3.74,-1.87,-0.35,0.86
2001-09-13,18.46,18.46,18.65,18.26,1343.0,2468457.75,2.12,0.38,0.07,0.34
2001-09-14,18.5,18.47,18.98,18.1,4537.0,8346803.5,4.77,0.05,0.01,1.16
2001-09-17,18.22,17.94,18.5,17.8,1214.0,2193341.0,3.79,-2.87,-0.53,0.31
2001-09-18,17.91,18.3,18.4,17.9,1426.0,2583745.5,2.79,2.01,0.36,0.37
2001-09-19,18.04,18.46,18.49,18.02,1129.0,2069949.62,2.57,0.87,0.16,0.29
2001-09-20,18.3,18.48,18.7,18.09,2811.0,5194870.5,3.3,0.11,0.02,0.72
2001-09-21,18.35,18.37,18.71,17.85,3382.0,6181116.0,4.65,-0.6,-0.11,0.87
2001-09-24,18.38,18.02,18.38,17.98,614.0,1107771.5,2.18,-1.91,-0.35,0.16
2001-09-25,18.02,17.98,18.29,17.8,698.0,1250193.0,2.72,-0.22,-0.04,0.18
2001-09-26,17.99,18.18,18.3,17.76,5009.0,9010884.0,3.0,1.11,0.2,1.29
2001-09-27,18.1,17.74,18.1,17.7,2372.0,4249907.0,2.2,-2.42,-0.44,0.61
2001-09-28,17.99,17.78,17.99,17.3,1256.0,2209605.5,3.89,0.23,0.04,0.32
2001-10-08,17.8,17.15,17.82,17.15,582.0,1010031.62,3.77,-3.54,-0.63,0.15
2001-10-09,17.02,17.39,17.49,16.53,7509.0,12942862.0,5.6,1.4,0.24,1.93
2001-10-10,17.39,16.72,17.39,16.22,1819.0,3028755.75,6.73,-3.85,-0.67,0.47
2001-10-11,16.69,15.05,16.7,15.05,13235.0,20038882.0,9.87,-9.99,-1.67,3.4
2001-10-12,14.98,15.38,15.4,13.75,8758.0,12742504.0,10.96,2.19,0.33,2.25
2001-10-15,14.8,15.31,15.36,14.6,2859.0,4280727.0,4.94,-0.46,-0.07,0.73
2001-10-16,15.02,15.05,15.28,14.8,545.0,815055.06,3.14,-1.7,-0.26,0.14
2001-10-17,14.8,15.01,15.05,14.5,1881.0,2789674.25,3.65,-0.27,-0.04,0.48
2001-10-18,14.95,14.62,14.95,14.4,800.0,1162885.0,3.66,-2.6,-0.39,0.21
2001-10-19,14.02,13.93,14.52,13.38,2601.0,3571393.0,7.8,-4.72,-0.69,0.67
2001-10-22,13.75,13.2,13.75,13.12,1864.0,2509048.5,4.52,-5.24,-0.73,0.48
2001-10-23,14.14,14.52,14.52,14.0,9103.0,13185885.0,3.94,10.0,1.32,2.34
2001-10-24,15.1,15.05,15.4,14.6,8424.0,12716840.0,5.51,3.65,0.53,2.16
2001-10-25,14.6,14.65,15.05,14.38,2127.0,3136472.5,4.45,-2.66,-0.4,0.55
2001-10-26,14.29,14.59,14.76,14.28,1506.0,2179951.75,3.28,-0.41,-0.06,0.39
2001-10-29,14.35,14.91,14.95,14.35,1310.0,1928726.62,4.11,2.19,0.32,0.34
2001-10-30,14.9,14.77,15.0,13.5,1956.0,2831248.25,10.06,-0.94,-0.14,0.5
2001-10-31,14.52,14.73,15.5,14.31,1960.0,2895130.5,8.06,-0.27,-0.04,0.5
2001-11-01,14.8,15.06,15.08,14.7,1957.0,2929332.25,2.58,2.24,0.33,0.5
2001-11-02,15.0,14.91,15.02,14.56,1139.0,1681825.0,3.05,-1.0,-0.15,0.29
2001-11-05,14.87,14.63,14.88,14.45,704.0,1027405.31,2.88,-1.88,-0.28,0.18
2001-11-06,14.6,14.45,14.63,14.05,2471.0,3531893.25,3.96,-1.23,-0.18,0.63
2001-11-07,14.03,13.56,14.29,13.41,2048.0,2825333.0,6.09,-6.16,-0.89,0.53
2001-11-08,13.35,13.5,13.55,13.18,5453.0,7274274.5,2.73,-0.44,-0.06,1.4
2001-11-09,13.32,14.08,14.08,13.32,4920.0,6792779.0,5.63,4.3,0.58,1.26
2001-11-12,14.0,14.4,14.6,14.0,3790.0,5449057.5,4.26,2.27,0.32,0.97
2001-11-13,14.1,14.29,14.5,13.99,1969.0,2819211.75,3.54,-0.76,-0.11,0.51
2001-11-14,14.15,14.12,14.4,14.0,1164.0,1649849.88,2.8,-1.19,-0.17,0.3
2001-11-15,14.04,14.09,14.28,13.96,1139.0,1600504.5,2.27,-0.21,-0.03,0.29
2001-11-16,14.8,14.55,15.48,14.38,4316.0,6309531.5,7.81,3.26,0.46,1.11
2001-11-19,14.3,14.88,14.89,14.3,4316.0,6309531.0,4.05,2.27,0.33,1.11
2001-11-20,14.94,15.48,15.5,14.62,1188.0,1746695.0,5.91,4.03,0.6,0.3
2001-11-21,15.49,15.55,15.55,15.06,3617.0,5577882.0,3.17,0.45,0.07,0.93
2001-11-22,15.21,15.88,15.95,15.21,4365.0,6844232.5,4.76,2.12,0.33,1.12
2001-11-23,15.99,15.72,15.99,15.6,1524.0,2399680.0,2.46,-1.01,-0.16,0.39
2001-11-26,15.69,15.4,15.69,15.18,1207.0,1854206.62,3.24,-2.04,-0.32,0.31
2001-11-27,15.37,15.7,15.75,15.3,1673.0,2594870.0,2.92,1.95,0.3,0.43
2001-11-28,15.7,15.85,15.95,15.65,3139.0,4968037.5,1.91,0.96,0.15,0.81
2001-11-29,16.0,15.8,16.05,15.68,5486.0,8705580.0,2.33,-0.32,-0.05,1.41
2001-11-30,15.8,15.81,15.85,15.61,1398.0,2205223.5,1.52,0.06,0.01,0.36
2001-12-03,15.88,16.03,16.15,15.8,2779.0,4428120.5,2.21,1.39,0.22,0.71
2001-12-04,15.95,16.2,16.3,15.7,3129.0,4996283.5,3.74,1.06,0.17,0.8
2001-12-05,16.17,15.81,16.17,15.54,5997.0,9470691.0,3.89,-2.41,-0.39,1.54
2001-12-06,15.62,15.84,15.85,15.62,1431.0,2255036.5,1.45,0.19,0.03,0.37
2001-12-07,15.85,15.84,16.06,15.6,4848.0,7683563.0,2.9,0.0,0.0,1.24
2001-12-10,15.84,15.91,15.98,15.5,2316.0,3640497.75,3.03,0.44,0.07,0.59
2001-12-11,15.88,15.74,15.89,15.45,1482.0,2320318.0,2.77,-1.07,-0.17,0.38
2001-12-12,15.52,15.39,15.55,15.29,1683.0,2584497.0,1.65,-2.22,-0.35,0.43
2001-12-13,15.18,15.07,15.48,14.9,4274.0,6454095.0,3.77,-2.08,-0.32,1.1
2001-12-14,15.09,14.86,15.09,14.5,2220.0,3298626.0,3.92,-1.39,-0.21,0.57
2001-12-17,14.54,14.59,15.05,14.4,3192.0,4635155.5,4.37,-1.82,-0.27,0.82
2001-12-18,14.51,14.7,14.86,14.38,1168.0,1702154.75,3.29,0.75,0.11,0.3
2001-12-19,14.52,14.42,14.85,14.4,1764.0,2567668.25,3.06,-1.9,-0.28,0.45
2001-12-20,14.19,13.91,14.38,13.9,1438.0,2015854.0,3.33,-3.54,-0.51,0.37
2001-12-21,13.98,13.94,14.19,13.68,2710.0,3756161.5,3.67,0.22,0.03,0.7
2001-12-24,13.9,14.08,14.14,13.6,1033.0,1425769.0,3.87,1.0,0.14,0.27
2001-12-25,13.8,14.42,14.67,13.73,2068.0,2932446.75,6.68,2.41,0.34,0.53
2001-12-26,14.2,14.63,14.7,14.0,5188.0,7498844.0,4.85,1.46,0.21,1.33
2001-12-27,14.6,14.65,14.75,14.5,5213.0,7657074.0,1.71,0.14,0.02,1.34
2001-12-28,14.7,14.43,14.8,14.3,5322.0,7785375.0,3.41,-1.5,-0.22,1.37
2001-12-31,14.6,14.6,14.63,14.4,2295.0,3342040.25,1.59,1.18,0.17,0.59
2002-01-04,14.41,14.16,14.41,14.15,495.0,707049.0,1.78,-3.01,-0.44,0.13
2002-01-07,13.88,14.09,14.82,13.81,1205.0,1689182.0,7.13,-0.49,-0.07,0.31
2002-01-08,14.25,13.94,14.28,13.91,541.0,761473.0,2.63,-1.06,-0.15,0.14
2002-01-09,13.9,13.78,14.0,13.61,813.0,1123414.0,2.8,-1.15,-0.16,0.21
2002-01-10,13.6,14.12,14.18,13.54,1493.0,2058173.5,4.64,2.47,0.34,0.38
2002-01-11,14.0,13.7,14.0,13.7,403.0,556780.0,2.12,-2.97,-0.42,0.1
2002-01-14,13.52,13.37,13.6,13.15,1767.0,2352789.5,3.28,-2.41,-0.33,0.45
2002-01-15,13.37,13.07,13.4,12.91,1220.0,1599666.75,3.66,-2.24,-0.3,0.31
2002-01-16,13.0,13.45,13.49,12.83,1465.0,1922950.88,5.05,2.91,0.38,0.38
2002-01-17,13.0,12.85,13.15,12.3,1984.0,2531061.5,6.32,-4.46,-0.6,0.51
2002-01-18,12.58,12.89,13.1,12.3,1857.0,2381612.0,6.23,0.31,0.04,0.48
2002-01-21,12.7,12.69,12.95,12.35,1873.0,2368521.75,4.65,-1.55,-0.2,0.48
2002-01-22,12.6,12.94,13.09,12.35,3165.0,4054136.0,5.83,1.97,0.25,0.81
2002-01-23,12.54,13.73,13.78,12.36,3274.0,4329712.5,10.97,6.11,0.79,0.84
2002-01-24,13.2,13.56,13.8,13.1,3131.0,4233522.0,5.1,-1.24,-0.17,0.8
2002-01-25,13.6,13.45,13.6,13.18,1164.0,1555483.0,3.1,-0.81,-0.11,0.3
2002-01-28,14.7,12.8,14.7,12.5,2236.0,2940256.0,16.36,-4.83,-0.65,0.57
2002-01-29,12.0,12.93,13.0,12.0,1207.0,1538445.5,7.81,1.02,0.13,0.31
2002-01-30,12.93,12.96,13.05,12.76,1090.0,1408470.0,2.24,0.23,0.03,0.28
2002-01-31,13.18,13.9,14.0,13.0,13149.0,17899898.0,7.72,7.25,0.94,3.37
2002-02-01,13.8,13.62,14.15,13.61,4087.0,5666676.0,3.88,-2.01,-0.28,1.05
2002-02-04,13.6,13.78,13.88,13.6,1486.0,2045485.88,2.06,1.17,0.16,0.38
2002-02-05,13.88,13.62,13.92,13.52,3613.0,4930509.0,2.9,-1.16,-0.16,0.93
2002-02-06,13.65,13.32,13.79,13.3,2688.0,3614532.0,3.6,-2.2,-0.3,0.69
2002-02-07,13.3,13.6,13.73,13.3,8330.0,11310228.0,3.23,2.1,0.28,2.14
2002-02-08,13.79,13.51,13.83,13.5,4830.0,6593969.0,2.43,-0.66,-0.09,1.24
2002-02-25,14.21,13.64,14.21,13.51,2850.0,3897652.25,5.18,0.96,0.13,0.73
2002-02-26,13.7,13.8,13.83,13.49,1089.0,1481850.0,2.49,1.17,0.16,0.28
2002-02-27,13.65,13.79,13.87,13.65,2760.0,3810520.75,1.59,-0.07,-0.01,0.71
2002-02-28,13.7,13.61,13.78,13.56,2998.0,4093177.0,1.6,-1.31,-0.18,0.77
2002-03-01,13.58,12.76,13.58,12.48,9351.0,12041126.0,8.08,-6.25,-0.85,2.4
2002-03-04,12.67,13.0,13.0,12.52,2405.0,3083109.75,3.76,1.88,0.24,0.62
2002-03-05,13.1,13.35,13.53,12.9,5796.0,7704258.0,4.85,2.69,0.35,1.49
2002-03-06,13.4,13.54,13.89,13.4,7853.0,10742611.0,3.67,1.42,0.19,2.02
2002-03-07,13.6,14.09,14.1,13.6,7711.0,10738159.0,3.69,4.06,0.55,1.98
2002-03-08,14.19,14.64,14.65,13.82,14102.0,20085814.0,5.89,3.9,0.55,3.62
2002-03-11,14.64,14.7,14.79,14.46,9852.0,14388675.0,2.25,0.41,0.06,2.53
2002-03-12,14.75,14.83,15.09,14.58,13540.0,20125718.0,3.47,0.88,0.13,3.48
2002-03-13,14.72,14.54,15.09,14.41,8762.0,12930456.0,4.59,-1.96,-0.29,2.25
2002-03-14,14.48,15.0,15.0,14.38,6966.0,10278888.0,4.26,3.16,0.46,1.79
2002-03-15,15.0,14.55,15.1,14.5,6781.0,10046835.0,4.0,-3.0,-0.45,1.74
2002-03-18,14.7,14.47,14.8,14.33,2118.0,3079313.0,3.23,-0.55,-0.08,0.54
2002-03-19,14.49,15.11,15.12,14.46,7576.0,11325828.0,4.56,4.42,0.64,1.94
2002-03-20,15.3,15.02,15.3,14.81,4383.0,6600613.0,3.24,-0.6,-0.09,1.12
2002-03-21,15.03,15.27,15.38,14.82,7541.0,11349842.0,3.73,1.66,0.25,1.94
2002-03-22,15.27,14.98,15.27,14.91,3672.0,5524691.0,2.36,-1.9,-0.29,0.94
2002-03-25,14.51,14.59,14.96,14.51,8301.0,12164676.0,3.0,-2.6,-0.39,2.13
2002-03-26,14.6,14.6,14.75,14.43,6248.0,9107513.0,2.19,0.07,0.01,1.6
2002-03-27,14.51,14.53,14.61,14.38,2299.0,3326572.75,1.58,-0.48,-0.07,0.59
2002-03-28,14.55,14.3,14.55,14.25,2606.0,3743487.5,2.06,-1.58,-0.23,0.67
2002-03-29,14.32,13.88,14.44,13.8,2241.0,3157267.75,4.48,-2.94,-0.42,0.58
2002-04-01,13.88,14.6,14.6,13.7,8262.0,11897550.0,6.48,5.19,0.72,2.12
2002-04-02,14.6,14.55,14.8,14.14,6533.0,9460113.0,4.52,-0.34,-0.05,1.68
2002-04-03,14.53,14.47,14.64,14.15,2675.0,3848900.25,3.37,-0.55,-0.08,0.69
2002-04-04,14.53,14.75,14.79,14.18,11529.0,16861638.0,4.22,1.94,0.28,2.96
2002-04-05,14.8,14.77,15.1,14.27,16517.0,24462458.0,5.63,0.14,0.02,4.24
2002-04-08,14.75,14.6,14.85,14.55,4881.0,7169693.5,2.03,-1.15,-0.17,1.25
2002-04-09,14.51,14.93,15.1,14.51,8395.0,12482014.0,4.04,2.26,0.33,2.15
2002-04-10,15.05,14.9,15.05,14.73,3786.0,5618852.0,2.14,-0.2,-0.03,0.97
2002-04-11,14.85,14.63,14.97,14.6,4354.0,6395810.0,2.48,-1.81,-0.27,1.12
2002-04-12,14.7,14.7,14.75,14.5,2588.0,3776197.0,1.71,0.48,0.07,0.66
2002-04-15,14.8,15.08,15.15,14.62,7980.0,11944183.0,3.61,2.59,0.38,2.05
2002-04-16,15.03,14.95,15.1,14.8,2336.0,3484287.0,1.99,-0.86,-0.13,0.6
2002-04-17,14.98,14.76,14.99,14.6,3056.0,4500598.5,2.61,-1.27,-0.19,0.78
2002-04-18,14.76,14.4,14.77,14.37,2486.0,3608929.0,2.71,-2.44,-0.36,0.64
2002-04-19,14.4,14.56,14.58,14.08,2786.0,3984768.5,3.47,1.11,0.16,0.72
2002-04-22,14.43,14.5,14.55,14.3,2333.0,3374945.5,1.72,-0.41,-0.06,0.6
2002-04-23,14.48,14.49,14.99,14.39,1655.0,2422654.5,4.14,-0.07,-0.01,0.42
2002-04-24,14.52,14.31,14.52,14.23,1056.0,1516367.25,2.0,-1.24,-0.18,0.27
2002-04-25,14.08,14.57,14.95,14.08,4003.0,5878531.5,6.08,1.82,0.26,1.03
2002-04-26,14.6,14.71,14.8,14.42,2187.0,3206057.5,2.61,0.96,0.14,0.56
2002-04-29,14.8,15.05,15.1,14.71,9298.0,13948541.0,2.65,2.31,0.34,2.39
2002-04-30,15.15,14.96,15.25,14.86,5745.0,8610854.0,2.59,-0.6,-0.09,1.47
2002-05-08,15.0,15.0,15.1,14.73,3537.0,5292063.5,2.47,0.27,0.04,0.91
2002-05-09,14.95,14.8,15.06,14.78,2210.0,3293181.5,1.87,-1.33,-0.2,0.57
2002-05-10,14.75,14.7,14.9,14.7,1619.0,2395474.75,1.35,-0.68,-0.1,0.42
2002-05-13,14.7,14.57,14.7,14.5,1386.0,2017697.38,1.36,-0.88,-0.13,0.36
2002-05-14,14.35,14.68,14.89,14.35,3222.0,4737716.0,3.71,0.75,0.11,0.83
2002-05-15,14.55,14.52,14.75,14.5,1568.0,2293423.5,1.7,-1.09,-0.16,0.4
2002-05-16,14.4,13.91,14.5,13.88,2620.0,3711933.0,4.27,-4.2,-0.61,0.67
2002-05-17,13.95,14.03,14.15,13.73,2211.0,3083093.75,3.02,0.86,0.12,0.57
2002-05-20,13.9,13.86,13.9,13.32,2500.0,3374917.0,4.13,-1.21,-0.17,0.64
2002-05-21,14.1,14.27,14.39,13.9,5238.0,7433126.5,3.54,2.96,0.41,1.34
2002-05-22,14.28,14.2,14.28,14.05,1743.0,2464054.25,1.61,-0.49,-0.07,0.45
2002-05-23,14.19,14.4,14.43,14.19,2162.0,3091157.75,1.69,1.41,0.2,0.55
2002-05-24,14.31,14.12,14.31,14.06,803.0,1133472.0,1.74,-1.94,-0.28,0.21
2002-05-27,14.1,13.88,14.39,13.55,788.0,1094346.25,5.95,-1.7,-0.24,0.2
2002-05-28,13.85,13.81,14.12,13.76,1062.0,1476205.5,2.59,-0.5,-0.07,0.27
2002-05-29,13.85,13.38,13.85,13.28,1968.0,2651011.0,4.13,-3.11,-0.43,0.51
2002-05-30,13.51,13.46,13.6,13.2,570.0,764634.25,2.99,0.6,0.08,0.15
2002-05-31,13.45,13.25,13.45,13.2,876.0,1164079.0,1.86,-1.56,-0.21,0.22
2002-06-03,13.2,13.0,13.2,12.9,1441.0,1872292.0,2.26,-1.89,-0.25,0.37
2002-06-04,13.17,13.0,13.17,12.91,697.0,910106.25,2.0,0.0,0.0,0.18
2002-06-05,13.25,12.69,13.25,12.65,1128.0,1444567.0,4.62,-2.38,-0.31,0.29
2002-06-06,12.69,13.4,13.6,12.58,2374.0,3116690.5,8.04,5.59,0.71,0.61
2002-06-07,12.7,13.27,13.5,12.7,3066.0,4062504.75,5.97,-0.97,-0.13,0.79
2002-06-10,13.26,13.1,13.3,13.03,1053.0,1388666.5,2.03,-1.28,-0.17,0.27
2002-06-11,13.13,13.15,13.29,13.03,579.0,763857.5,1.98,0.38,0.05,0.15
2002-06-12,13.14,13.0,13.15,12.92,565.0,735287.81,1.75,-1.14,-0.15,0.15
2002-06-13,13.1,12.88,13.1,12.88,513.0,665863.19,1.69,-0.92,-0.12,0.13
2002-06-14,12.75,12.83,13.05,12.7,1169.0,1496460.75,2.72,-0.39,-0.05,0.3
2002-06-17,12.7,12.62,12.82,12.5,1602.0,2022476.0,2.49,-1.64,-0.21,0.41
2002-06-18,12.58,12.9,12.95,12.54,1595.0,2045281.25,3.25,2.22,0.28,0.41
2002-06-19,12.9,12.79,12.92,12.69,1626.0,2076466.0,1.78,-0.85,-0.11,0.42
2002-06-20,12.88,12.85,13.05,12.8,808.0,1044703.69,1.95,0.47,0.06,0.21
2002-06-24,14.14,14.14,14.14,13.61,15325.0,21634700.0,4.12,10.04,1.29,3.93
2002-06-25,14.35,14.27,14.8,14.1,10769.0,15615333.0,4.95,0.92,0.13,2.76
2002-06-26,14.28,14.44,14.45,14.0,6146.0,8764343.0,3.15,1.19,0.17,1.58
2002-06-27,14.49,14.28,14.49,14.14,3369.0,4815400.5,2.42,-1.11,-0.16,0.86
2002-06-28,14.26,13.86,14.26,13.7,5483.0,7620294.5,3.92,-2.94,-0.42,1.41
2002-07-01,13.8,13.86,13.95,13.77,2289.0,3171043.0,1.3,0.0,0.0,0.59
2002-07-02,13.91,13.99,13.99,13.77,1181.0,1640411.12,1.59,0.94,0.13,0.3
2002-07-03,13.98,13.92,13.98,13.84,2475.0,3438367.0,1.0,-0.5,-0.07,0.64
2002-07-04,13.9,13.67,14.0,13.6,2091.0,2870713.5,2.87,-1.8,-0.25,0.54
2002-07-05,13.61,13.83,13.85,13.61,562.0,773752.69,1.76,1.17,0.16,0.14
2002-07-08,13.8,13.8,13.9,13.5,3742.0,5130472.5,2.89,-0.22,-0.03,0.96
2002-07-09,13.8,13.76,13.8,13.6,2621.0,3582194.0,1.45,-0.29,-0.04,0.67
2002-07-10,13.87,13.79,14.18,13.7,4242.0,5918272.0,3.49,0.22,0.03,1.09
2002-07-11,13.79,13.91,13.93,13.62,2019.0,2792318.5,2.25,0.87,0.12,0.52
2002-07-12,13.9,13.87,13.91,13.75,1295.0,1792779.62,1.15,-0.29,-0.04,0.33
2002-07-15,13.85,13.74,13.85,13.64,522.0,717408.0,1.51,-0.94,-0.13,0.13
2002-07-16,13.8,13.58,13.8,13.51,892.0,1219278.5,2.11,-1.16,-0.16,0.23
2002-07-17,13.6,13.67,13.68,13.5,746.0,1014338.5,1.33,0.66,0.09,0.19
2002-07-18,13.6,13.56,13.68,13.5,1260.0,1713099.88,1.32,-0.8,-0.11,0.32
2002-07-19,13.6,13.54,13.6,13.45,873.0,1181694.75,1.11,-0.15,-0.02,0.22
2002-07-22,13.5,13.4,13.65,13.38,1032.0,1392870.62,1.99,-1.03,-0.14,0.26
2002-07-23,13.3,13.2,13.4,13.19,1254.0,1665503.0,1.57,-1.49,-0.2,0.32
2002-07-24,13.18,13.15,13.3,13.07,1777.0,2342249.5,1.74,-0.38,-0.05,0.46
2002-07-25,13.2,13.12,13.2,13.06,1439.0,1887853.38,1.06,-0.23,-0.03,0.37
2002-07-26,13.33,13.02,13.33,13.0,1019.0,1331888.0,2.52,-0.76,-0.1,0.26
2002-07-29,12.93,13.26,13.28,12.9,833.0,1083653.38,2.92,1.84,0.24,0.21
2002-07-30,13.16,13.18,13.26,13.03,382.0,503645.69,1.73,-0.6,-0.08,0.1
2002-07-31,13.11,12.97,13.2,12.95,1174.0,1530419.0,1.9,-1.59,-0.21,0.3
2002-08-01,12.87,12.92,13.0,12.86,856.0,1109016.88,1.08,-0.39,-0.05,0.22
2002-08-02,12.97,13.03,13.05,12.9,1197.0,1552739.0,1.16,0.85,0.11,0.31
2002-08-05,13.05,13.18,13.2,12.91,2287.0,2980368.25,2.23,1.15,0.15,0.59
2002-08-06,13.2,13.2,13.3,13.17,1897.0,2509424.0,0.99,0.15,0.02,0.49
2002-08-07,13.22,13.0,13.22,12.99,1090.0,1423938.62,1.74,-1.52,-0.2,0.28
2002-08-08,13.1,12.95,13.14,12.93,1023.0,1330691.0,1.62,-0.38,-0.05,0.26
2002-08-09,12.95,13.11,13.11,12.8,6573.0,8519160.0,2.39,1.24,0.16,1.69
2002-08-12,13.05,12.91,13.08,12.89,1051.0,1363374.62,1.45,-1.53,-0.2,0.27
2002-08-13,13.05,12.91,13.08,12.9,1136.0,1471807.62,1.39,0.0,0.0,0.29
2002-08-14,13.05,13.03,13.06,12.89,834.0,1078938.25,1.32,0.93,0.12,0.21
2002-08-15,13.07,12.88,13.07,12.86,618.0,799858.38,1.61,-1.15,-0.15,0.16
2002-08-16,12.9,12.93,13.0,12.8,2413.0,3117386.0,1.55,0.39,0.05,0.62
2002-08-19,13.0,12.8,13.0,12.8,1081.0,1390772.0,1.55,-1.01,-0.13,0.28
2002-08-20,12.86,12.92,12.99,12.8,2061.0,2662860.25,1.48,0.94,0.12,0.53
2002-08-21,12.86,12.96,12.98,12.86,1325.0,1713154.25,0.93,0.31,0.04,0.34
2002-08-22,13.0,13.18,13.28,12.92,4237.0,5563127.0,2.78,1.7,0.22,1.09
2002-08-23,13.18,13.1,13.18,13.03,1093.0,1431527.0,1.14,-0.61,-0.08,0.28
2002-08-26,13.1,13.17,13.27,13.03,1819.0,2389899.0,1.83,0.53,0.07,0.47
2002-08-27,13.16,13.44,13.64,13.16,8564.0,11549905.0,3.64,2.05,0.27,2.2
2002-08-28,13.54,13.43,13.56,13.36,3298.0,4439903.5,1.49,-0.07,-0.01,0.85
2002-08-29,13.5,13.17,13.5,13.17,2127.0,2826294.0,2.46,-1.94,-0.26,0.55
2002-08-30,13.24,13.2,13.25,13.15,961.0,1268201.38,0.76,0.23,0.03,0.25
2002-09-02,13.25,13.24,13.3,13.16,1120.0,1480308.75,1.06,0.3,0.04,0.29
2002-09-03,13.24,13.18,13.36,13.17,1509.0,1997181.0,1.44,-0.45,-0.06,0.39
2002-09-04,13.15,13.18,13.35,13.14,2171.0,2872201.5,1.59,0.0,0.0,0.56
2002-09-05,13.14,13.1,13.2,13.01,1416.0,1857187.62,1.44,-0.61,-0.08,0.36
2002-09-06,13.18,13.02,13.28,13.01,1219.0,1593867.88,2.06,-0.61,-0.08,0.31
2002-09-09,13.02,12.94,13.02,12.86,1058.0,1367404.38,1.23,-0.61,-0.08,0.27
2002-09-10,12.9,13.18,13.18,12.9,1825.0,2389404.25,2.16,1.85,0.24,0.47
2002-09-11,13.2,13.06,13.21,12.88,1337.0,1740814.0,2.5,-0.91,-0.12,0.34
2002-09-12,13.16,13.21,13.25,13.0,1280.0,1688839.5,1.91,1.15,0.15,0.33
2002-09-13,13.21,13.08,13.21,13.06,681.0,894226.19,1.14,-0.98,-0.13,0.17
2002-09-16,13.18,13.31,13.4,13.18,12281.0,16343491.0,1.68,1.76,0.23,3.15
2002-09-17,13.26,13.25,13.38,13.0,3362.0,4434711.5,2.85,-0.45,-0.06,0.86
2002-09-18,13.25,13.0,13.25,12.96,3604.0,4696185.0,2.19,-1.89,-0.25,0.92
2002-09-19,12.89,13.12,13.15,12.88,2192.0,2845527.0,2.08,0.92,0.12,0.56
2002-09-20,13.05,13.23,13.25,12.97,2150.0,2830744.0,2.13,0.84,0.11,0.55
2002-09-23,13.2,13.37,13.4,13.2,4293.0,5730507.5,1.51,1.06,0.14,1.1
2002-09-24,13.4,13.29,13.4,13.26,1677.0,2231414.0,1.05,-0.6,-0.08,0.43
2002-09-25,13.28,13.2,13.28,13.17,1441.0,1903054.5,0.83,-0.68,-0.09,0.37
2002-09-26,13.25,12.98,13.27,12.93,2598.0,3406197.75,2.58,-1.67,-0.22,0.67
2002-09-27,12.95,12.87,13.06,12.8,2361.0,3044910.0,2.0,-0.85,-0.11,0.61
2002-10-08,12.8,12.82,12.9,12.76,1338.0,1715878.5,1.09,-0.39,-0.05,0.34
2002-10-09,12.87,12.65,12.87,12.6,1459.0,1852485.88,2.11,-1.33,-0.17,0.37
2002-10-10,12.6,12.6,12.73,12.48,1028.0,1295368.0,1.98,-0.4,-0.05,0.26
2002-10-11,12.61,12.48,12.74,12.48,1356.0,1707903.62,2.06,-0.95,-0.12,0.35
2002-10-14,12.5,11.91,12.5,11.78,6417.0,7700130.5,5.77,-4.57,-0.57,1.65
2002-10-15,11.91,11.77,11.99,11.72,1712.0,2032075.0,2.27,-1.18,-0.14,0.44
2002-10-16,11.68,11.85,12.05,11.68,1877.0,2233245.75,3.14,0.68,0.08,0.48
2002-10-17,11.9,11.37,11.9,11.22,2719.0,3136545.0,5.74,-4.05,-0.48,0.7
2002-10-18,11.25,11.31,11.41,11.19,1627.0,1834275.75,1.93,-0.53,-0.06,0.42
2002-10-21,11.3,11.32,11.4,11.2,943.0,1060515.25,1.77,0.09,0.01,0.24
2002-10-22,11.4,11.56,11.7,11.4,1434.0,1656416.12,2.65,2.12,0.24,0.37
2002-10-23,11.55,11.68,11.68,11.5,1098.0,1275656.88,1.56,1.04,0.12,0.28
2002-10-24,11.6,11.58,11.75,11.58,1029.0,1194922.75,1.46,-0.86,-0.1,0.26
2002-10-25,12.41,11.52,12.41,11.51,1588.0,1849405.38,7.77,-0.52,-0.06,0.41
2002-10-28,11.4,11.05,11.45,11.03,1800.0,2025052.25,3.65,-4.08,-0.47,0.46
2002-10-29,11.0,11.36,11.52,10.98,3621.0,4094255.25,4.89,2.81,0.31,0.93
2002-10-30,11.4,11.54,11.56,11.3,1627.0,1873218.12,2.29,1.58,0.18,0.42
2002-10-31,11.46,11.86,11.92,11.45,4136.0,4892901.0,4.07,2.77,0.32,1.06
2002-11-01,11.77,11.72,11.88,11.63,1171.0,1372550.62,2.11,-1.18,-0.14,0.3
2002-11-04,11.7,11.93,12.05,11.7,847.0,1008936.38,2.99,1.79,0.21,0.22
2002-11-05,12.0,12.0,12.08,11.92,2234.0,2680481.5,1.34,0.59,0.07,0.57
2002-11-06,12.05,12.16,12.27,11.9,5870.0,7094983.5,3.08,1.33,0.16,1.51
2002-11-07,12.0,11.86,12.12,11.82,1875.0,2245435.0,2.47,-2.47,-0.3,0.48
2002-11-08,11.9,11.71,12.2,11.71,3383.0,4015438.5,4.13,-1.26,-0.15,0.87
2002-11-11,11.62,11.56,11.7,11.51,1386.0,1612092.0,1.62,-1.28,-0.15,0.36
2002-11-12,11.56,11.3,11.56,11.2,783.0,888071.56,3.11,-2.25,-0.26,0.2
2002-11-13,11.3,11.29,11.32,10.98,1634.0,1813562.5,3.01,-0.09,-0.01,0.42
2002-11-14,11.29,11.09,11.3,11.08,616.0,687745.0,1.95,-1.77,-0.2,0.16
2002-11-15,11.01,11.12,11.28,11.01,463.0,515348.0,2.43,0.27,0.03,0.12
2002-11-18,11.12,11.0,11.12,10.99,500.0,552325.0,1.17,-1.08,-0.12,0.13
2002-11-19,11.01,10.93,11.01,10.69,1234.0,1335645.88,2.91,-0.64,-0.07,0.32
2002-11-20,10.98,10.55,11.1,10.3,1230.0,1293169.75,7.32,-3.48,-0.38,0.32
2002-11-21,10.4,9.88,10.4,9.87,2815.0,2836637.25,5.02,-6.35,-0.67,0.72
2002-11-22,9.9,9.98,10.17,9.85,1760.0,1757449.75,3.24,1.01,0.1,0.45
2002-11-25,9.95,10.04,10.08,9.62,631.0,631510.62,4.61,0.6,0.06,0.16
2002-11-26,10.08,9.9,10.09,9.9,884.0,882472.0,1.89,-1.39,-0.14,0.23
2002-11-27,9.9,10.02,10.13,9.64,1294.0,1287963.88,4.95,1.21,0.12,0.33
2002-11-28,10.17,10.27,10.33,9.9,1402.0,1429112.75,4.29,2.5,0.25,0.36
2002-11-29,10.3,10.48,10.56,10.1,2359.0,2456148.0,4.48,2.04,0.21,0.61
2002-12-02,10.31,10.13,10.34,10.06,651.0,660340.0,2.67,-3.34,-0.35,0.17
2002-12-03,10.0,10.13,10.25,10.0,364.0,368739.53,2.47,0.0,0.0,0.09
2002-12-04,10.05,10.21,10.26,10.05,750.0,764384.88,2.07,0.79,0.08,0.19
2002-12-05,10.27,10.1,10.27,10.09,422.0,427281.5,1.76,-1.08,-0.11,0.11
2002-12-06,9.25,10.11,10.25,9.25,746.0,755289.25,9.9,0.1,0.01,0.19
2002-12-09,10.01,10.0,10.19,10.0,550.0,552766.88,1.88,-1.09,-0.11,0.14
2002-12-10,10.22,10.0,10.22,9.85,410.0,409943.0,3.7,0.0,0.0,0.11
2002-12-11,10.0,9.78,10.0,9.71,984.0,973708.19,2.9,-2.2,-0.22,0.25
2002-12-12,9.8,10.0,10.0,9.78,853.0,849565.12,2.25,2.25,0.22,0.22
2002-12-13,9.9,10.06,10.15,9.81,900.0,896446.69,3.4,0.6,0.06,0.23
2002-12-16,10.0,10.12,10.25,10.0,1321.0,1339629.88,2.49,0.6,0.06,0.34
2002-12-17,10.06,10.15,10.2,10.03,1289.0,1307790.0,1.68,0.3,0.03,0.33
2002-12-18,10.2,10.27,10.38,10.13,1523.0,1565787.0,2.46,1.18,0.12,0.39
2002-12-19,10.26,10.18,10.26,10.01,547.0,553180.5,2.43,-0.88,-0.09,0.14
2002-12-20,10.13,10.25,10.32,10.09,851.0,868399.25,2.26,0.69,0.07,0.22
2002-12-23,10.32,10.36,10.68,10.32,1952.0,2055731.12,3.51,1.07,0.11,0.5
2002-12-24,10.25,10.34,10.36,10.2,746.0,766960.69,1.54,-0.19,-0.02,0.19
2002-12-25,10.27,10.19,10.4,10.18,974.0,1004528.69,2.13,-1.45,-0.15,0.25
2002-12-26,10.19,10.0,10.19,9.92,1457.0,1467020.62,2.65,-1.86,-0.19,0.37
2002-12-27,9.87,10.01,10.1,9.87,751.0,750851.0,2.3,0.1,0.01,0.19
2002-12-31,9.9,9.68,10.1,9.6,1621.0,1609548.62,5.0,-3.3,-0.33,0.42
2003-01-02,9.66,9.26,9.68,9.25,1004.0,948128.0,4.44,-4.34,-0.42,0.26
2003-01-03,9.11,9.18,9.38,9.08,1752.0,1617812.0,3.24,-0.86,-0.08,0.45
2003-01-06,9.12,9.28,9.28,9.0,1510.0,1377306.88,3.05,1.09,0.1,0.39
2003-01-07,9.4,9.5,9.8,9.28,2995.0,2835815.75,5.6,2.37,0.22,0.77
2003-01-08,9.36,9.6,9.65,9.2,1774.0,1687034.5,4.74,1.05,0.1,0.46
2003-01-09,9.65,9.82,9.84,9.43,2573.0,2471241.5,4.27,2.29,0.22,0.66
2003-01-10,9.82,9.55,9.84,9.5,3960.0,3844399.5,3.46,-2.75,-0.27,1.02
2003-01-13,9.45,9.43,9.65,9.34,1435.0,1363492.88,3.25,-1.26,-0.12,0.37
2003-01-14,9.45,10.04,10.05,9.44,4962.0,4850303.5,6.47,6.47,0.61,1.27
2003-01-15,10.06,9.99,10.19,9.93,4885.0,4913648.5,2.59,-0.5,-0.05,1.25
2003-01-16,9.98,10.16,10.18,9.88,2934.0,2951750.5,3.0,1.7,0.17,0.75
2003-01-17,10.21,10.11,10.21,9.95,2673.0,2692221.5,2.56,-0.49,-0.05,0.69
2003-01-20,10.05,10.31,10.32,9.9,2709.0,2754877.5,4.15,1.98,0.2,0.7
2003-01-21,10.31,10.03,10.31,9.96,1475.0,1487453.25,3.39,-2.72,-0.28,0.38
2003-01-22,10.0,10.4,10.49,10.0,7189.0,7405287.0,4.89,3.69,0.37,1.85
2003-01-23,10.35,10.5,10.62,10.3,8785.0,9235138.0,3.08,0.96,0.1,2.25
2003-01-24,10.52,10.7,10.7,10.43,5244.0,5557098.5,2.57,1.9,0.2,1.35
2003-01-27,10.7,11.41,11.61,10.0,21875.0,24484702.0,15.05,6.64,0.71,5.61
2003-01-28,11.4,11.68,11.75,11.31,14695.0,16864284.0,3.86,2.37,0.27,3.77
2003-01-29,11.68,11.51,11.69,11.3,6709.0,7707582.5,3.34,-1.46,-0.17,1.72
2003-02-10,11.51,11.52,11.59,11.35,2960.0,3403492.5,2.09,0.09,0.01,0.76
2003-02-11,11.45,11.63,11.68,11.4,3543.0,4083620.75,2.43,0.95,0.11,0.91
2003-02-12,11.62,11.91,12.16,11.57,9396.0,11216256.0,5.07,2.41,0.28,2.41
2003-02-13,11.91,12.27,12.3,11.73,12649.0,15245574.0,4.79,3.02,0.36,3.25
2003-02-14,12.72,12.41,13.39,12.3,61604.0,78099320.0,8.88,1.14,0.14,15.81
2003-02-17,12.3,12.1,12.37,12.05,12011.0,14580224.0,2.58,-2.5,-0.31,3.08
2003-02-18,12.1,12.15,12.29,12.1,4916.0,5975775.0,1.57,0.41,0.05,1.26
2003-02-19,12.15,11.87,12.15,11.72,11237.0,13330847.0,3.54,-2.3,-0.28,2.88
2003-02-20,11.87,11.76,11.95,11.73,5640.0,6672708.0,1.85,-0.93,-0.11,1.45
2003-02-21,11.72,11.45,11.72,11.45,5683.0,6541094.0,2.3,-2.64,-0.31,1.46
2003-02-24,11.32,11.56,11.57,11.3,4135.0,4723925.0,2.36,0.96,0.11,1.06
2003-02-25,11.59,11.73,11.73,11.48,4200.0,4881565.0,2.16,1.47,0.17,1.08
2003-02-26,11.73,11.8,11.82,11.7,3241.0,3809864.25,1.02,0.6,0.07,0.83
2003-02-27,11.8,11.64,11.8,11.6,2556.0,2985826.75,1.69,-1.36,-0.16,0.66
2003-02-28,11.63,11.54,11.63,11.45,2022.0,2324903.75,1.55,-0.86,-0.1,0.52
2003-03-03,11.51,11.45,11.51,11.33,2858.0,3255581.25,1.56,-0.78,-0.09,0.73
2003-03-04,11.45,11.46,11.47,11.38,2797.0,3191163.0,0.79,0.09,0.01,0.72
2003-03-05,11.5,11.31,11.5,11.28,2275.0,2577338.75,1.92,-1.31,-0.15,0.58
2003-03-06,11.28,11.06,11.3,11.0,4509.0,4993493.0,2.65,-2.21,-0.25,1.16
2003-03-07,11.0,10.81,11.05,10.8,3924.0,4278688.5,2.26,-2.26,-0.25,1.01
2003-03-10,10.79,10.9,10.95,10.71,3656.0,3966196.25,2.22,0.83,0.09,0.94
2003-03-11,10.8,10.93,10.95,10.8,1678.0,1828388.75,1.38,0.28,0.03,0.43
2003-03-12,10.95,10.81,10.95,10.7,2053.0,2225249.75,2.29,-1.1,-0.12,0.53
2003-03-13,10.79,10.55,10.79,10.53,2473.0,2629491.75,2.41,-2.41,-0.26,0.63
2003-03-14,10.56,10.48,10.6,10.42,2483.0,2612848.5,1.71,-0.66,-0.07,0.64
2003-03-17,10.51,10.5,10.51,10.36,1907.0,1987944.38,1.43,0.19,0.02,0.49
2003-03-18,10.51,10.51,10.74,10.5,2052.0,2178814.0,2.29,0.1,0.01,0.53
2003-03-19,10.52,10.54,10.64,10.42,1408.0,1479017.38,2.09,0.29,0.03,0.36
2003-03-20,10.62,10.33,10.63,10.3,1180.0,1235279.38,3.13,-1.99,-0.21,0.3
2003-03-21,10.35,10.42,10.51,10.32,1023.0,1067318.25,1.84,0.87,0.09,0.26
2003-03-24,10.42,10.77,10.81,10.4,3573.0,3801106.25,3.93,3.36,0.35,0.92
2003-03-25,10.74,10.59,10.75,10.55,2327.0,2470104.0,1.86,-1.67,-0.18,0.6
2003-03-26,10.6,10.47,10.69,10.46,2237.0,2363127.25,2.17,-1.13,-0.12,0.57
2003-03-27,10.5,10.69,10.74,10.31,2557.0,2689488.75,4.11,2.1,0.22,0.66
2003-03-28,10.69,10.53,10.74,10.5,1865.0,1983059.75,2.25,-1.5,-0.16,0.48
2003-03-31,10.6,10.62,10.68,10.52,1474.0,1559951.38,1.52,0.85,0.09,0.38
2003-04-01,10.69,10.81,10.83,10.68,3471.0,3743541.25,1.41,1.79,0.19,0.89
2003-04-02,10.8,10.96,11.07,10.7,5191.0,5666031.0,3.42,1.39,0.15,1.33
2003-04-03,10.96,11.16,11.17,10.9,6755.0,7458715.5,2.46,1.82,0.2,1.73
2003-04-04,11.15,11.17,11.23,11.08,3421.0,3815458.5,1.34,0.09,0.01,0.88
2003-04-07,11.2,10.91,11.26,10.9,3199.0,3519663.0,3.22,-2.33,-0.26,0.82
2003-04-08,10.88,10.88,11.0,10.72,3691.0,4002634.25,2.57,-0.27,-0.03,0.95
2003-04-09,10.75,11.1,11.15,10.5,6465.0,7027143.5,5.97,2.02,0.22,1.66
2003-04-10,10.9,11.72,11.78,10.53,11923.0,13086606.0,11.26,5.59,0.62,3.06
2003-04-11,11.3,11.74,12.1,11.05,45105.0,53616720.0,8.96,0.17,0.02,11.58
2003-04-14,11.61,11.68,12.15,11.41,27514.0,32565622.0,6.3,-0.51,-0.06,7.06
2003-04-15,11.69,11.14,11.98,11.12,13830.0,15679762.0,7.36,-4.62,-0.54,3.55
2003-04-16,11.14,10.6,11.3,10.55,9701.0,10593263.0,6.73,-4.85,-0.54,2.49
2003-04-17,10.7,10.19,10.79,10.0,19046.0,19437634.0,7.45,-3.87,-0.41,4.89
2003-04-18,10.19,10.11,10.2,9.85,7417.0,7437114.5,3.43,-0.79,-0.08,1.9
2003-04-21,10.0,9.68,10.0,9.52,10172.0,9828570.0,4.75,-4.25,-0.43,2.61
2003-04-22,9.6,9.88,9.95,9.6,4082.0,3996110.75,3.62,2.07,0.2,1.05
2003-04-23,9.86,9.75,9.88,9.69,3317.0,3236312.25,1.92,-1.32,-0.13,0.85
2003-04-24,9.56,9.1,9.65,9.0,6862.0,6392217.5,6.67,-6.67,-0.65,1.76
2003-04-25,9.1,9.1,9.37,9.01,3431.0,3144727.5,3.96,0.0,0.0,0.88
2003-04-28,9.1,8.7,9.1,8.4,6921.0,5947415.0,7.69,-4.4,-0.4,1.78
2003-04-29,8.7,8.67,8.85,8.44,4279.0,3692480.5,4.71,-0.34,-0.03,1.1
2003-04-30,8.65,8.89,8.92,8.55,5728.0,5039531.5,4.27,2.54,0.22,1.47
2003-05-12,8.9,8.85,8.96,8.72,2675.0,2354743.5,2.7,-0.45,-0.04,0.69
2003-05-13,8.6,8.5,8.6,8.11,6621.0,5589433.5,5.54,-3.95,-0.35,1.7
2003-05-14,8.35,8.8,9.0,8.35,4367.0,3851467.0,7.65,3.53,0.3,1.12
2003-05-15,8.7,9.13,9.26,8.6,4650.0,4182219.75,7.5,3.75,0.33,1.19
2003-05-16,9.18,9.33,9.37,9.01,4599.0,4252656.0,3.94,2.19,0.2,1.18
2003-05-19,9.33,9.42,9.47,9.2,3192.0,2992393.5,2.89,0.96,0.09,0.82
2003-05-20,9.45,9.48,9.52,9.25,5294.0,4976190.5,2.87,0.64,0.06,1.36
2003-05-21,9.47,9.56,9.58,9.4,4439.0,4218583.0,1.9,0.84,0.08,1.14
2003-05-22,9.5,9.34,9.52,9.3,2744.0,2583850.5,2.3,-2.3,-0.22,0.7
2003-05-23,9.34,9.28,9.4,9.18,2913.0,2697595.0,2.36,-0.64,-0.06,0.75
2003-05-26,9.3,9.47,9.48,9.15,3399.0,3173896.75,3.56,2.05,0.19,0.87
2003-05-27,9.49,9.59,9.67,9.46,2904.0,2770801.25,2.22,1.27,0.12,0.75
2003-05-28,9.59,9.51,9.78,9.46,2099.0,2002097.25,3.34,-0.83,-0.08,0.54
2003-05-29,9.51,9.45,9.68,9.0,2919.0,2768129.25,7.15,-0.63,-0.06,0.75
2003-05-30,9.35,9.5,9.59,9.2,2961.0,2801926.0,4.13,0.53,0.05,0.76
2003-06-02,9.58,9.65,9.79,9.38,3976.0,3828654.75,4.32,1.58,0.15,1.02
2003-06-03,9.7,9.61,9.75,9.5,2123.0,2037970.0,2.59,-0.41,-0.04,0.54
2003-06-04,9.61,9.5,9.61,9.4,2121.0,2010917.5,2.19,-1.14,-0.11,0.54
2003-06-05,9.5,9.67,9.77,9.42,3837.0,3687147.0,3.68,1.79,0.17,0.98
2003-06-06,9.67,9.46,9.67,9.45,1425.0,1353845.25,2.28,-2.17,-0.21,0.37
2003-06-09,9.42,9.28,9.44,9.24,2332.0,2173736.5,2.11,-1.9,-0.18,0.6
2003-06-10,9.25,9.44,9.55,9.15,2348.0,2192884.5,4.31,1.72,0.16,0.6
2003-06-11,9.2,9.38,9.44,9.2,1172.0,1092657.38,2.54,-0.64,-0.06,0.3
2003-06-12,9.3,9.3,9.35,9.26,997.0,926525.0,0.96,-0.85,-0.08,0.26
2003-06-13,9.3,9.33,9.39,9.2,2786.0,2582712.0,2.04,0.32,0.03,0.72
2003-06-16,9.33,9.36,9.41,9.33,1363.0,1277720.0,0.86,0.32,0.03,0.35
2003-06-17,9.36,9.23,9.38,9.22,1593.0,1478840.75,1.71,-1.39,-0.13,0.41
2003-06-18,9.25,9.24,9.28,9.23,2073.0,1918720.0,0.54,0.11,0.01,0.53
2003-06-19,9.2,9.2,9.25,9.0,1057.0,964779.0,2.71,-0.43,-0.04,0.27
2003-06-20,9.15,9.1,9.18,9.05,1763.0,1602275.0,1.41,-1.09,-0.1,0.45
2003-06-23,9.06,8.86,9.06,8.8,375.0,335075.81,2.86,-2.64,-0.24,0.1
2003-06-24,8.81,9.37,9.38,8.81,3076.0,2827450.5,6.43,5.76,0.51,0.79
2003-06-25,9.37,9.12,9.49,9.08,4114.0,3841840.25,4.38,-2.67,-0.25,1.06
2003-06-26,8.42,9.09,9.27,8.42,1256.0,1136524.62,9.32,-0.33,-0.03,0.32
2003-06-27,9.01,9.02,9.15,9.0,879.0,795706.0,1.65,-0.77,-0.07,0.23
2003-07-01,8.8,8.99,9.04,8.8,957.0,856952.75,2.66,-0.33,-0.03,0.25
2003-07-02,8.88,8.99,9.03,8.81,440.0,391576.0,2.45,0.0,0.0,0.11
2003-07-03,8.9,8.97,8.98,8.77,909.0,804198.38,2.34,-0.22,-0.02,0.23
2003-07-04,8.81,8.94,8.99,8.8,915.0,813606.31,2.12,-0.33,-0.03,0.23
2003-07-07,8.82,8.85,8.99,8.81,572.0,506553.19,2.01,-1.01,-0.09,0.15
2003-07-08,8.83,8.91,8.97,8.8,403.0,356102.5,1.92,0.68,0.06,0.1
2003-07-09,8.85,8.85,8.97,8.8,1207.0,1070533.0,1.91,-0.67,-0.06,0.31
2003-07-10,8.8,8.9,8.9,8.8,1279.0,1132282.25,1.13,0.56,0.05,0.33
2003-07-11,8.85,8.8,8.9,8.75,844.0,743395.0,1.69,-1.12,-0.1,0.22
2003-07-14,8.85,8.79,8.85,8.75,888.0,779489.12,1.14,-0.11,-0.01,0.23
2003-07-15,8.76,8.73,8.81,8.69,1124.0,979954.5,1.37,-0.68,-0.06,0.29
2003-07-16,8.6,8.6,8.68,8.48,1238.0,1063312.0,2.29,-1.49,-0.13,0.32
2003-07-17,8.6,8.5,8.6,8.47,1932.0,1642791.88,1.51,-1.16,-0.1,0.5
2003-07-18,8.43,8.36,8.46,8.35,1517.0,1274998.5,1.29,-1.65,-0.14,0.39
2003-07-21,8.36,8.45,8.48,8.19,1270.0,1062259.62,3.47,1.08,0.09,0.33
2003-07-22,8.45,8.8,8.93,7.61,2216.0,1930093.0,15.62,4.14,0.35,0.57
2003-07-23,8.8,8.7,8.89,8.62,723.0,635301.19,3.07,-1.14,-0.1,0.19
2003-07-24,8.78,8.75,8.9,8.66,654.0,574913.06,2.76,0.57,0.05,0.17
2003-07-25,8.7,8.77,8.8,8.66,797.0,695775.0,1.6,0.23,0.02,0.2
2003-07-28,8.5,8.7,8.8,8.5,769.0,669350.0,3.42,-0.8,-0.07,0.2
2003-07-29,8.75,8.7,8.75,8.64,391.0,339596.53,1.26,0.0,0.0,0.1
2003-07-30,8.7,8.86,8.99,8.6,1299.0,1148950.38,4.48,1.84,0.16,0.33
2003-07-31,8.9,9.2,9.2,8.88,4417.0,4019505.0,3.61,3.84,0.34,1.13
2003-08-01,9.2,9.58,9.59,9.06,7746.0,7304740.0,5.76,4.13,0.38,1.99
2003-08-04,9.58,9.87,9.9,9.55,5488.0,5315301.0,3.65,3.03,0.29,1.41
2003-08-05,9.9,9.65,9.96,9.62,5355.0,5253703.0,3.44,-2.23,-0.22,1.37
2003-08-06,9.65,9.47,9.71,9.43,2914.0,2787019.0,2.9,-1.87,-0.18,0.75
2003-08-07,9.38,9.59,9.6,9.38,1530.0,1452372.38,2.32,1.27,0.12,0.39
2003-08-08,9.51,9.52,9.64,9.4,1256.0,1194722.25,2.5,-0.73,-0.07,0.32
2003-08-11,9.6,9.53,9.6,9.46,327.0,311331.47,1.47,0.11,0.01,0.08
2003-08-12,9.5,9.57,9.6,9.5,804.0,767264.0,1.05,0.42,0.04,0.21
2003-08-13,9.63,9.35,9.63,9.35,1236.0,1169357.0,2.93,-2.3,-0.22,0.32
2003-08-14,9.3,9.26,9.49,9.1,982.0,912639.0,4.17,-0.96,-0.09,0.25
2003-08-15,9.2,9.21,9.43,9.12,701.0,647301.38,3.35,-0.54,-0.05,0.18
2003-08-18,9.15,9.07,9.25,9.05,1237.0,1131619.75,2.17,-1.52,-0.14,0.32
2003-08-19,9.07,9.05,9.12,8.99,755.0,683690.0,1.43,-0.22,-0.02,0.19
2003-08-20,9.0,8.9,9.05,8.82,464.0,413514.0,2.54,-1.66,-0.15,0.12
2003-08-21,8.86,9.05,9.21,8.86,445.0,402720.41,3.93,1.69,0.15,0.11
2003-08-22,9.06,9.24,9.33,9.06,877.0,809676.38,2.98,2.1,0.19,0.23
2003-08-25,9.24,9.4,9.55,9.13,1364.0,1283850.75,4.55,1.73,0.16,0.35
2003-08-26,9.4,9.4,9.48,9.36,1072.0,1009039.44,1.28,0.0,0.0,0.28
2003-08-27,9.35,9.46,9.53,9.35,363.0,340975.0,1.91,0.64,0.06,0.09
2003-08-28,9.46,9.32,9.64,9.32,654.0,619847.0,3.38,-1.48,-0.14,0.17
2003-08-29,9.2,9.47,9.5,9.17,526.0,492411.56,3.54,1.61,0.15,0.13
2003-09-01,9.32,9.49,9.55,9.32,1237.0,1170885.25,2.43,0.21,0.02,0.32
2003-09-02,9.49,9.79,9.8,9.44,5139.0,4961063.0,3.79,3.16,0.3,1.32
2003-09-03,9.71,9.75,9.94,9.71,1715.0,1685134.75,2.35,-0.41,-0.04,0.44
2003-09-04,9.75,9.79,9.88,9.51,3543.0,3456535.0,3.79,0.41,0.04,0.91
2003-09-05,9.79,9.68,9.84,9.53,904.0,876613.75,3.17,-1.12,-0.11,0.23
2003-09-08,9.75,9.81,9.9,9.7,2437.0,2391986.0,2.07,1.34,0.13,0.63
2003-09-09,9.79,9.55,9.89,9.5,1713.0,1654972.75,3.98,-2.65,-0.26,0.44
2003-09-10,9.49,9.4,9.5,9.28,1930.0,1809943.62,2.3,-1.57,-0.15,0.5
2003-09-11,9.35,9.42,9.44,9.35,1078.0,1014342.56,0.96,0.21,0.02,0.28
2003-09-12,9.5,9.35,9.5,9.34,786.0,737815.0,1.7,-0.74,-0.07,0.2
2003-09-15,9.3,9.25,9.45,9.2,501.0,465688.19,2.67,-1.07,-0.1,0.13
2003-09-16,9.35,9.43,9.5,9.16,1732.0,1607406.75,3.68,1.95,0.18,0.44
2003-09-17,9.45,9.28,9.45,9.16,2367.0,2211413.25,3.08,-1.59,-0.15,0.61
2003-09-18,9.5,9.24,9.52,9.22,198.0,183508.0,3.23,-0.43,-0.04,0.05
2003-09-19,9.2,9.44,9.49,9.1,2216.0,2049804.75,4.22,2.16,0.2,0.57
2003-09-22,9.33,9.6,9.86,9.23,23331.0,22745634.0,6.67,1.69,0.16,5.99
2003-09-23,9.62,9.55,9.65,9.5,1201.0,1146227.5,1.56,-0.52,-0.05,0.31
2003-09-24,9.65,9.45,9.66,9.41,1262.0,1201587.75,2.62,-1.05,-0.1,0.32
2003-09-25,9.4,9.14,9.42,9.13,1316.0,1215893.75,3.07,-3.28,-0.31,0.34
2003-09-26,9.14,9.23,9.23,9.1,871.0,798876.0,1.42,0.98,0.09,0.22
2003-09-29,9.28,9.4,9.5,9.2,7634.0,7143912.5,3.25,1.84,0.17,1.96
2003-09-30,9.43,9.69,9.78,9.4,9442.0,9084278.0,4.04,3.09,0.29,2.42
2003-10-08,9.7,9.84,9.88,9.68,7800.0,7645873.5,2.06,1.55,0.15,2.0
2003-10-09,9.85,9.71,9.95,9.68,3601.0,3527565.25,2.74,-1.32,-0.13,0.92
2003-10-10,9.7,9.7,9.85,9.65,6011.0,5870662.0,2.06,-0.1,-0.01,1.54
2003-10-13,9.7,9.71,9.86,9.62,1620.0,1573731.0,2.47,0.1,0.01,0.42
2003-10-14,9.7,9.58,9.7,9.45,1113.0,1065755.0,2.57,-1.34,-0.13,0.29
2003-10-15,9.64,9.6,9.68,8.75,1710.0,1610101.5,9.71,0.21,0.02,0.44
2003-10-16,9.51,9.14,9.54,9.08,1309.0,1210928.0,4.79,-4.79,-0.46,0.34
2003-10-17,9.14,9.16,9.3,9.0,568.0,519466.0,3.28,0.22,0.02,0.15
2003-10-20,9.02,9.0,9.18,9.0,994.0,898268.0,1.97,-1.75,-0.16,0.26
2003-10-21,8.85,9.06,9.12,8.85,398.0,356181.0,3.0,0.67,0.06,0.1
2003-10-22,9.28,9.3,9.35,8.9,1943.0,1795746.0,4.97,2.65,0.24,0.5
2003-10-23,9.28,9.1,9.31,9.1,424.0,387126.69,2.26,-2.15,-0.2,0.11
2003-10-24,9.11,9.12,9.3,9.1,603.0,556333.12,2.2,0.22,0.02,0.15
2003-10-27,8.63,9.13,9.15,8.62,908.0,809193.88,5.81,0.11,0.01,0.23
2003-10-28,8.92,8.85,8.97,8.7,833.0,733032.0,2.96,-3.07,-0.28,0.21
2003-10-29,8.72,8.71,8.94,8.62,666.0,579383.06,3.62,-1.58,-0.14,0.17
2003-10-30,8.5,8.65,8.75,8.5,455.0,389768.94,2.87,-0.69,-0.06,0.12
2003-10-31,8.65,8.83,8.9,8.55,450.0,394271.56,4.05,2.08,0.18,0.12
2003-11-03,8.8,8.7,8.8,8.66,232.0,202594.98,1.59,-1.47,-0.13,0.06
2003-11-04,8.6,8.79,8.8,8.6,796.0,690724.19,2.3,1.03,0.09,0.2
2003-11-05,8.65,8.54,8.73,8.54,258.0,222237.0,2.16,-2.84,-0.25,0.07
2003-11-06,8.42,8.31,8.57,8.1,1174.0,976093.0,5.5,-2.69,-0.23,0.3
2003-11-07,8.35,8.0,8.4,7.98,479.0,385185.0,5.05,-3.73,-0.31,0.12
2003-11-10,7.97,7.36,7.97,7.3,935.0,704706.06,8.38,-8.0,-0.64,0.24
2003-11-11,7.3,7.42,7.54,7.3,295.0,219000.0,3.26,0.82,0.06,0.08
2003-11-12,7.48,7.24,7.48,7.23,371.0,272362.5,3.37,-2.43,-0.18,0.1
2003-11-13,7.22,7.0,7.22,6.96,523.0,368382.06,3.59,-3.31,-0.24,0.13
2003-11-14,7.02,7.05,7.05,7.0,642.0,450689.91,0.71,0.71,0.05,0.16
2003-11-17,7.06,6.89,7.06,6.85,367.0,255521.0,2.98,-2.27,-0.16,0.09
2003-11-18,6.89,6.9,6.95,6.82,336.0,231837.0,1.89,0.15,0.01,0.09
2003-11-19,7.03,7.09,7.19,6.95,1127.0,792596.81,3.48,2.75,0.19,0.29
2003-11-20,7.1,7.35,7.45,7.1,1297.0,942646.44,4.94,3.67,0.26,0.33
2003-11-21,7.35,7.1,7.61,7.1,1124.0,827580.75,6.94,-3.4,-0.25,0.29
2003-11-24,7.3,7.61,7.65,7.22,1948.0,1453396.38,6.06,7.18,0.51,0.5
2003-11-25,7.55,7.58,7.65,7.38,3491.0,2611347.0,3.55,-0.39,-0.03,0.9
2003-11-26,7.53,7.41,7.53,7.36,1550.0,1149025.0,2.24,-2.24,-0.17,0.4
2003-11-27,7.38,7.2,7.5,7.2,724.0,528080.0,4.05,-2.83,-0.21,0.19
2003-11-28,7.45,7.3,7.45,7.15,1521.0,1097202.12,4.17,1.39,0.1,0.39
2003-12-01,7.31,7.38,7.38,7.25,1063.0,780197.06,1.78,1.1,0.08,0.27
2003-12-02,7.35,7.46,7.7,7.35,5739.0,4340478.0,4.74,1.08,0.08,1.47
2003-12-03,7.46,7.3,7.46,7.2,2488.0,1820408.75,3.49,-2.14,-0.16,0.64
2003-12-04,7.28,7.24,7.35,7.18,1775.0,1285863.62,2.33,-0.82,-0.06,0.46
2003-12-05,7.27,7.34,7.35,7.17,2286.0,1656641.62,2.49,1.38,0.1,0.59
2003-12-08,7.33,7.22,7.38,7.1,2436.0,1752761.38,3.81,-1.63,-0.12,0.63
2003-12-09,7.13,7.52,7.65,7.08,18773.0,13933404.0,7.89,4.16,0.3,4.82
2003-12-10,7.52,7.48,7.52,7.36,1940.0,1442905.0,2.13,-0.53,-0.04,0.5
2003-12-11,7.4,7.52,7.54,7.3,1700.0,1260503.88,3.21,0.53,0.04,0.44
2003-12-12,7.48,7.6,8.18,7.3,3980.0,3073508.5,11.7,1.06,0.08,1.02
2003-12-15,7.62,7.6,7.77,7.55,1005.0,766649.0,2.89,0.0,0.0,0.26
2003-12-16,7.63,7.48,7.63,7.41,1219.0,912603.38,2.89,-1.58,-0.12,0.31
2003-12-17,7.48,7.5,7.68,7.41,1582.0,1189035.0,3.61,0.27,0.02,0.41
2003-12-18,7.4,7.39,7.82,7.21,1609.0,1183584.62,8.13,-1.47,-0.11,0.41
2003-12-19,7.38,6.78,7.38,6.65,5150.0,3492275.25,9.88,-8.25,-0.61,1.32
2003-12-22,6.7,6.64,6.88,6.1,5828.0,3783643.25,11.5,-2.06,-0.14,1.5
2003-12-23,6.59,6.49,6.59,6.35,2242.0,1441943.0,3.61,-2.26,-0.15,0.58
2003-12-24,6.39,6.33,6.45,6.21,3035.0,1915563.5,3.7,-2.47,-0.16,0.78
2003-12-25,6.38,6.25,6.38,6.21,1975.0,1234347.75,2.69,-1.26,-0.08,0.51
2003-12-26,6.24,6.3,6.48,6.2,2850.0,1803899.38,4.48,0.8,0.05,0.73
2003-12-29,6.3,6.06,6.3,6.05,2375.0,1451356.0,3.97,-3.81,-0.24,0.61
2003-12-30,6.02,5.97,6.14,5.71,4243.0,2510118.25,7.1,-1.49,-0.09,1.09
2003-12-31,5.9,5.94,5.97,5.8,1173.0,690355.25,2.85,-0.5,-0.03,0.3
2004-01-02,5.94,6.21,6.27,5.82,3998.0,2441933.75,7.58,4.55,0.27,1.03
2004-01-05,6.25,6.12,6.28,6.01,2959.0,1818744.62,4.35,-1.45,-0.09,0.76
2004-01-06,6.06,6.13,6.15,5.67,5588.0,3270803.5,7.84,0.16,0.01,1.43
2004-01-07,6.13,6.01,6.13,5.97,3707.0,2224016.0,2.61,-1.96,-0.12,0.95
2004-01-08,5.95,5.99,6.08,5.86,4895.0,2907299.25,3.66,-0.33,-0.02,1.26
2004-01-09,5.99,6.05,6.08,5.9,4034.0,2422135.0,3.01,1.0,0.06,1.04
2004-01-12,6.04,6.05,6.2,5.87,4040.0,2416033.25,5.45,0.0,0.0,1.04
2004-01-13,6.04,6.1,6.12,5.9,4285.0,2569342.5,3.64,0.83,0.05,1.1
2004-01-14,6.08,6.15,6.2,5.96,4741.0,2905374.5,3.93,0.82,0.05,1.22
2004-01-15,6.13,6.35,6.5,6.13,10101.0,6425250.5,6.02,3.25,0.2,2.59
2004-01-16,6.38,6.32,6.4,6.03,8205.0,5129692.0,5.83,-0.47,-0.03,2.11
2004-01-29,6.3,6.42,6.5,6.17,6680.0,4221312.0,5.22,1.58,0.1,1.71
2004-01-30,6.42,6.48,6.57,6.3,5406.0,3491643.5,4.21,0.93,0.06,1.39
2004-02-02,6.8,6.74,7.13,6.5,13396.0,9079618.0,9.72,4.01,0.26,3.44
2004-02-03,6.7,6.87,6.99,6.5,13236.0,8917854.0,7.27,1.93,0.13,3.4
2004-02-04,7.1,7.14,7.29,7.02,24279.0,17288774.0,3.93,3.93,0.27,6.23
2004-02-05,7.15,7.45,7.46,6.88,29852.0,21170504.0,8.12,4.34,0.31,7.66
2004-02-06,7.39,7.15,7.39,7.14,13546.0,9811941.0,3.36,-4.03,-0.3,3.48
2004-02-09,7.14,7.15,7.16,6.99,8809.0,6244534.5,2.38,0.0,0.0,2.26
2004-02-10,7.12,7.0,7.25,6.99,14813.0,10474305.0,3.64,-2.1,-0.15,3.8
2004-02-11,7.06,7.19,7.22,6.97,11983.0,8494151.0,3.57,2.71,0.19,3.08
2004-02-12,7.2,7.31,7.41,7.13,17713.0,12937786.0,3.89,1.67,0.12,4.55
2004-02-13,7.31,7.06,7.41,7.05,12812.0,9239671.0,4.92,-3.42,-0.25,3.29
2004-02-16,7.1,7.19,7.2,6.91,7226.0,5117309.0,4.11,1.84,0.13,1.85
2004-02-17,7.25,7.33,7.36,7.14,13268.0,9597692.0,3.06,1.95,0.14,3.41
2004-02-18,7.33,7.37,7.58,7.28,15111.0,11210460.0,4.09,0.55,0.04,3.88
2004-02-19,7.44,7.67,7.69,7.28,16261.0,12162133.0,5.56,4.07,0.3,4.17
2004-02-20,7.67,7.82,7.91,7.52,20512.0,15950312.0,5.08,1.96,0.15,5.26
2004-02-23,7.85,7.7,8.0,7.62,15148.0,11917125.0,4.86,-1.53,-0.12,3.89
2004-02-24,7.61,7.46,7.68,7.25,10242.0,7601154.5,5.58,-3.12,-0.24,2.63
2004-02-25,7.44,7.39,7.65,7.26,9288.0,6866579.0,5.23,-0.94,-0.07,2.38
2004-02-26,7.58,7.22,7.58,7.1,7409.0,5429314.5,6.5,-2.3,-0.17,1.9
2004-02-27,7.08,7.12,7.2,6.88,9222.0,6493694.0,4.43,-1.39,-0.1,2.37
2004-03-01,7.12,7.17,7.18,7.0,5730.0,4063769.0,2.53,0.7,0.05,1.47
2004-03-02,7.17,7.24,7.28,7.08,3813.0,2737799.25,2.79,0.98,0.07,0.98
2004-03-03,7.2,7.06,7.3,7.02,3449.0,2454947.75,3.87,-2.49,-0.18,0.89
2004-03-04,7.0,7.09,7.25,7.0,3087.0,2193010.0,3.54,0.42,0.03,0.79
2004-03-05,7.08,7.02,7.2,7.0,3972.0,2810118.75,2.82,-0.99,-0.07,1.02
2004-03-08,7.0,6.69,7.02,6.68,4954.0,3377138.25,4.84,-4.7,-0.33,1.27
2004-03-09,6.71,6.51,6.71,6.5,3496.0,2312293.0,3.14,-2.69,-0.18,0.9
2004-03-10,6.49,6.97,7.0,6.49,4757.0,3226885.75,7.83,7.07,0.46,1.22
2004-03-11,6.94,7.02,7.1,6.8,7722.0,5428131.0,4.3,0.72,0.05,1.98
2004-03-12,6.81,6.76,6.85,6.7,6127.0,4145710.0,2.14,-3.7,-0.26,1.57
2004-03-15,6.7,6.67,6.77,6.5,20205.0,13340580.0,3.99,-1.33,-0.09,5.19
2004-03-16,6.66,6.9,6.98,6.5,49099.0,32805012.0,7.2,3.45,0.23,12.6
2004-03-17,6.8,7.59,7.59,6.75,59617.0,43402380.0,12.17,10.0,0.69,15.3
2004-03-18,7.68,7.73,7.96,7.53,87731.0,67791960.0,5.67,1.84,0.14,22.52
2004-03-19,7.72,7.89,8.1,7.54,43266.0,33960256.0,7.24,2.07,0.16,11.1
2004-03-22,7.88,7.9,8.09,7.75,26098.0,20620966.0,4.31,0.13,0.01,6.7
2004-03-23,7.9,8.2,8.38,7.83,41427.0,33899476.0,6.96,3.8,0.3,10.63
2004-03-24,8.2,7.84,8.2,7.76,28192.0,22514226.0,5.37,-4.39,-0.36,7.24
2004-03-25,7.8,7.78,7.88,7.66,18527.0,14360063.0,2.81,-0.77,-0.06,4.76
2004-03-26,7.76,7.54,7.76,7.37,30238.0,22631182.0,5.01,-3.08,-0.24,7.76
2004-03-30,7.16,7.16,7.16,7.16,4554.0,3260664.0,0.0,-5.04,-0.38,1.17
2004-03-31,6.81,7.12,7.39,6.81,63734.0,44474736.0,8.1,-0.56,-0.04,16.36
2004-04-01,7.01,7.18,7.25,7.0,27044.0,19255242.0,3.51,0.84,0.06,6.94
2004-04-02,7.18,7.21,7.23,7.08,17073.0,12201706.0,2.09,0.42,0.03,4.38
2004-04-05,7.18,7.25,7.35,7.16,20243.0,14676443.0,2.64,0.55,0.04,5.2
2004-04-06,7.25,7.61,7.61,7.25,33350.0,24762908.0,4.97,4.97,0.36,8.56
2004-04-07,7.58,7.73,7.75,7.46,29299.0,22267734.0,3.81,1.58,0.12,7.52
2004-04-08,7.67,7.5,7.67,7.48,12425.0,9387936.0,2.46,-2.98,-0.23,3.19
2004-04-09,7.51,7.15,7.52,7.13,18842.0,13675915.0,5.2,-4.67,-0.35,4.84
2004-04-12,7.12,7.17,7.24,7.09,7354.0,5270969.5,2.1,0.28,0.02,1.89
2004-04-13,7.17,6.94,7.27,6.88,9570.0,6791440.0,5.44,-3.21,-0.23,2.46
2004-04-14,6.9,7.07,7.16,6.6,18617.0,12715294.0,8.07,1.87,0.13,4.78
2004-04-15,7.0,6.73,7.01,6.72,10456.0,7146386.0,4.1,-4.81,-0.34,2.68
2004-04-16,6.7,6.43,6.78,6.39,17793.0,11490661.0,5.79,-4.46,-0.3,4.57
2004-04-19,6.46,6.11,6.48,6.11,17150.0,10620674.0,5.75,-4.98,-0.32,4.4
2004-04-20,6.11,6.11,6.18,5.86,14416.0,8608835.0,5.24,0.0,0.0,3.7
2004-04-21,6.07,6.15,6.2,5.95,8199.0,4994394.0,4.09,0.65,0.04,2.1
2004-04-22,6.17,6.14,6.18,6.08,5017.0,3079485.25,1.63,-0.16,-0.01,1.29
2004-04-23,6.05,5.83,6.05,5.83,13794.0,8083790.0,3.58,-5.05,-0.31,3.54
2004-04-26,5.75,5.81,5.95,5.61,6041.0,3497221.0,5.83,-0.34,-0.02,1.55
2004-04-27,5.75,5.69,5.87,5.65,4557.0,2613233.0,3.79,-2.07,-0.12,1.17
2004-04-28,5.65,5.62,5.72,5.41,9528.0,5254841.0,5.45,-1.23,-0.07,2.45
2004-04-29,5.58,5.6,5.75,5.5,6420.0,3621901.5,4.45,-0.36,-0.02,1.65
2004-04-30,5.58,5.68,5.72,5.55,4083.0,2304111.25,3.04,1.43,0.08,1.05
2004-05-10,5.72,5.51,5.72,5.48,2744.0,1518574.0,4.23,-2.99,-0.17,0.7
2004-05-11,5.46,5.56,5.57,5.45,3161.0,1745585.25,2.18,0.91,0.05,0.81
2004-05-12,5.59,5.7,5.75,5.52,4352.0,2460774.75,4.14,2.52,0.14,1.12
2004-05-13,5.65,5.72,5.83,5.65,5271.0,3031440.0,3.16,0.35,0.02,1.35
2004-05-14,5.69,5.65,5.74,5.55,3004.0,1689504.5,3.32,-1.22,-0.07,0.77
2004-05-17,5.56,5.54,5.64,5.5,1752.0,973513.69,2.48,-1.95,-0.11,0.45
2004-05-18,5.54,5.65,5.67,5.5,3497.0,1948951.62,3.07,1.99,0.11,0.9
2004-05-19,5.64,5.66,5.75,5.59,5432.0,3082195.75,2.83,0.18,0.01,1.39
2004-05-20,5.68,5.56,5.72,5.49,6353.0,3555382.25,4.06,-1.77,-0.1,1.63
2004-05-21,5.56,5.28,5.6,5.28,14222.0,7579604.5,5.76,-5.04,-0.28,3.65
2004-05-24,5.24,5.1,5.24,5.02,10346.0,5283103.0,4.17,-3.41,-0.18,2.66
2004-05-25,5.07,4.85,5.09,4.85,9878.0,4849989.5,4.71,-4.9,-0.25,2.54
2004-05-27,5.09,5.09,5.09,5.09,857.0,436263.91,0.0,4.95,0.24,0.22
2004-05-31,5.34,5.34,5.34,5.3,7910.0,4223385.5,0.79,4.91,0.25,2.03
2004-06-01,5.5,5.53,5.55,5.34,17374.0,9439419.0,3.93,3.56,0.19,4.46
2004-06-02,5.5,5.37,5.5,5.33,8755.0,4729059.0,3.07,-2.89,-0.16,2.25
2004-06-03,5.37,5.34,5.4,5.31,4457.0,2383850.5,1.68,-0.56,-0.03,1.14
2004-06-04,5.37,5.5,5.61,5.35,9482.0,5237576.5,4.87,3.0,0.16,2.43
2004-06-07,5.48,5.49,5.5,5.31,4605.0,2481763.0,3.45,-0.18,-0.01,1.18
2004-06-08,5.47,5.39,5.49,5.35,3389.0,1825358.38,2.55,-1.82,-0.1,0.87
2004-06-09,5.31,5.12,5.34,5.12,8090.0,4168499.25,4.08,-5.01,-0.27,2.08
2004-06-10,5.08,4.94,5.09,4.92,4147.0,2066022.88,3.32,-3.52,-0.18,1.06
2004-06-11,4.99,4.87,5.08,4.82,2710.0,1348101.5,5.26,-1.42,-0.07,0.7
2004-06-14,4.81,4.63,4.9,4.63,3785.0,1761862.0,5.54,-4.93,-0.24,0.97
2004-06-15,4.52,4.65,4.73,4.43,4156.0,1901250.12,6.48,0.43,0.02,1.07
2004-06-16,4.64,4.65,4.68,4.52,3127.0,1439420.38,3.44,0.0,0.0,0.8
2004-06-17,4.65,4.47,4.7,4.42,4158.0,1874600.38,6.02,-3.87,-0.18,1.07
2004-06-18,4.45,4.57,4.58,4.42,3592.0,1612949.0,3.58,2.24,0.1,0.92
2004-06-21,4.55,4.63,4.63,4.5,2447.0,1122676.5,2.84,1.31,0.06,0.63
2004-06-22,4.63,4.65,4.65,4.58,2245.0,1036721.5,1.51,0.43,0.02,0.58
2004-06-23,4.64,4.55,4.66,4.49,2248.0,1019196.31,3.66,-2.15,-0.1,0.58
2004-06-24,4.52,4.47,4.61,4.45,2483.0,1117408.0,3.52,-1.76,-0.08,0.64
2004-06-25,4.42,4.26,4.53,4.25,5238.0,2276374.0,6.26,-4.7,-0.21,1.34
2004-06-28,4.13,4.13,4.25,4.06,4677.0,1926434.25,4.46,-3.05,-0.13,1.2
2004-06-29,4.11,4.09,4.17,3.92,6467.0,2608773.25,6.05,-0.97,-0.04,1.66
2004-06-30,4.01,4.1,4.13,3.93,4214.0,1696711.88,4.89,0.24,0.01,1.08
2004-07-01,4.05,4.24,4.26,3.93,3900.0,1614245.62,8.05,3.41,0.14,1.0
2004-07-02,4.16,4.31,4.33,4.05,4767.0,2006117.12,6.6,1.65,0.07,1.22
2004-07-05,4.53,4.53,4.53,4.42,5210.0,2357413.0,2.55,5.1,0.22,1.34
2004-07-06,4.69,4.53,4.69,4.45,9220.0,4204758.5,5.3,0.0,0.0,2.37
2004-07-07,4.5,4.43,4.55,4.43,2826.0,1265586.0,2.65,-2.21,-0.1,0.73
2004-07-08,4.41,4.34,4.43,4.28,2928.0,1269523.5,3.39,-2.03,-0.09,0.75
2004-07-09,4.34,4.32,4.41,4.27,1981.0,855491.12,3.23,-0.46,-0.02,0.51
2004-07-12,4.2,4.1,4.2,4.1,4564.0,1876012.38,2.31,-5.09,-0.22,1.17
2004-07-13,4.05,4.12,4.12,4.01,2090.0,849013.56,2.68,0.49,0.02,0.54
2004-07-14,4.13,4.02,4.15,3.96,2601.0,1047017.5,4.61,-2.43,-0.1,0.67
2004-07-15,4.0,4.01,4.04,3.83,3747.0,1479321.38,5.22,-0.25,-0.01,0.96
2004-07-16,4.01,4.15,4.15,3.95,3674.0,1497667.38,4.99,3.49,0.14,0.94
2004-07-19,4.1,4.24,4.27,4.03,3597.0,1492173.38,5.78,2.17,0.09,0.92
2004-07-20,4.23,4.12,4.23,4.1,2254.0,935016.5,3.07,-2.83,-0.12,0.58
2004-07-21,4.12,4.15,4.17,4.03,2081.0,852377.5,3.4,0.73,0.03,0.53
2004-07-22,4.09,4.01,4.15,4.0,2207.0,894883.25,3.61,-3.37,-0.14,0.57
2004-07-23,3.96,4.0,4.01,3.93,1473.0,585793.12,2.0,-0.25,-0.01,0.38
2004-07-26,3.97,3.88,3.98,3.85,1897.0,741417.5,3.25,-3.0,-0.12,0.49
2004-07-27,3.9,3.69,3.9,3.69,4304.0,1608552.75,5.41,-4.9,-0.19,1.1
2004-07-28,3.7,3.67,3.73,3.59,2723.0,992450.19,3.79,-0.54,-0.02,0.7
2004-07-29,3.7,3.75,3.76,3.63,2243.0,826761.75,3.54,2.18,0.08,0.58
2004-07-30,3.73,3.75,3.92,3.71,2297.0,873775.5,5.6,0.0,0.0,0.59
2004-08-02,3.7,3.74,3.8,3.7,1130.0,421620.69,2.67,-0.27,-0.01,0.29
2004-08-03,3.71,3.77,3.79,3.68,1092.0,407374.0,2.94,0.8,0.03,0.28
2004-08-04,3.8,3.88,3.95,3.8,3482.0,1354833.25,3.98,2.92,0.11,0.89
2004-08-05,3.9,3.89,3.98,3.86,2455.0,960493.25,3.09,0.26,0.01,0.63
2004-08-06,3.95,3.86,3.95,3.8,2770.0,1059998.25,3.86,-0.77,-0.03,0.71
2004-08-09,3.86,3.93,3.94,3.81,1532.0,594789.69,3.37,1.81,0.07,0.39
2004-08-10,3.9,3.95,3.99,3.9,2384.0,944504.19,2.29,0.51,0.02,0.61
2004-08-11,4.0,3.76,4.0,3.75,1644.0,631096.5,6.33,-4.81,-0.19,0.42
2004-08-12,3.73,3.69,3.73,3.57,4535.0,1654263.12,4.26,-1.86,-0.07,1.16
2004-08-13,3.62,3.87,3.87,3.62,6843.0,2638867.75,6.78,4.88,0.18,1.76
2004-08-16,3.9,3.71,3.92,3.68,3128.0,1172327.12,6.2,-4.13,-0.16,0.8
2004-08-17,3.58,3.52,3.65,3.52,3601.0,1278149.5,3.5,-5.12,-0.19,0.92
2004-08-18,3.41,3.44,3.6,3.36,3453.0,1199394.62,6.82,-2.27,-0.08,0.89
2004-08-19,3.41,3.41,3.45,3.36,1171.0,398110.19,2.62,-0.87,-0.03,0.3
2004-08-20,3.38,3.38,3.45,3.32,1371.0,464296.0,3.81,-0.88,-0.03,0.35
2004-08-23,3.4,3.37,3.4,3.32,1523.0,510699.0,2.37,-0.3,-0.01,0.39
2004-08-24,3.35,3.46,3.53,3.3,3213.0,1096668.88,6.82,2.67,0.09,0.82
2004-08-25,3.5,3.39,3.5,3.34,2432.0,830308.0,4.62,-2.02,-0.07,0.62
2004-08-26,3.35,3.34,3.38,3.32,1189.0,397391.81,1.77,-1.47,-0.05,0.31
2004-08-27,3.39,3.31,3.39,3.3,2158.0,719321.0,2.69,-0.9,-0.03,0.55
2004-08-30,3.38,3.3,3.38,3.2,1397.0,458914.47,5.44,-0.3,-0.01,0.36
2004-08-31,3.36,3.36,3.45,3.33,1783.0,601413.75,3.64,1.82,0.06,0.46
2004-09-01,3.33,3.33,3.35,3.3,1806.0,598400.0,1.49,-0.89,-0.03,0.46
2004-09-02,3.29,3.39,3.46,3.28,2083.0,706089.38,5.41,1.8,0.06,0.53
2004-09-03,3.4,3.45,3.47,3.36,2220.0,762732.31,3.24,1.77,0.06,0.57
2004-09-06,3.45,3.48,3.51,3.42,2319.0,805813.75,2.61,0.87,0.03,0.6
2004-09-07,3.44,3.44,3.47,3.4,1746.0,599078.0,2.01,-1.15,-0.04,0.45
2004-09-08,3.46,3.54,3.54,3.45,3366.0,1180845.88,2.62,2.91,0.1,0.86
2004-09-09,3.5,3.36,3.5,3.36,3313.0,1125640.0,3.95,-5.08,-0.18,0.85
2004-09-10,3.38,3.37,3.38,3.3,1153.0,385637.75,2.38,0.3,0.01,0.3
2004-09-13,3.4,3.31,3.41,3.3,887.0,296711.0,3.26,-1.78,-0.06,0.23
2004-09-14,3.31,3.38,3.43,3.31,1918.0,650003.75,3.63,2.11,0.07,0.49
2004-09-15,3.38,3.55,3.55,3.38,8720.0,3073125.0,5.03,5.03,0.17,2.24
2004-09-16,3.55,3.66,3.68,3.54,6822.0,2463687.75,3.94,3.1,0.11,1.75
2004-09-17,3.62,3.76,3.77,3.6,10544.0,3898891.75,4.64,2.73,0.1,2.71
2004-09-20,3.95,3.91,3.95,3.8,16296.0,6336031.5,3.99,3.99,0.15,4.18
2004-09-21,3.9,3.97,4.06,3.82,13665.0,5389625.0,6.14,1.53,0.06,3.51
2004-09-22,3.91,3.77,3.97,3.77,8567.0,3268801.0,5.04,-5.04,-0.2,2.2
2004-09-23,3.77,3.8,3.83,3.67,5081.0,1900499.5,4.24,0.8,0.03,1.3
2004-09-24,3.78,3.66,3.85,3.66,8510.0,3186894.0,5.0,-3.68,-0.14,2.18
2004-09-27,3.66,3.48,3.71,3.48,5460.0,1948205.88,6.28,-4.92,-0.18,1.4
2004-09-28,3.48,3.49,3.52,3.41,3878.0,1344781.62,3.16,0.29,0.01,1.0
2004-09-29,3.46,3.47,3.52,3.45,1645.0,569821.12,2.01,-0.57,-0.02,0.42
2004-09-30,3.47,3.42,3.52,3.39,2119.0,730142.0,3.75,-1.44,-0.05,0.54
2004-10-08,3.46,3.45,3.46,3.36,1765.0,600096.81,2.92,0.88,0.03,0.45
2004-10-11,3.47,3.43,3.5,3.4,3455.0,1189042.0,2.9,-0.58,-0.02,0.89
2004-10-12,3.41,3.41,3.45,3.38,3151.0,1079457.25,2.04,-0.58,-0.02,0.81
2004-10-13,3.38,3.27,3.43,3.24,8148.0,2659169.75,5.57,-4.11,-0.14,2.09
2004-10-14,3.25,3.11,3.27,3.11,3730.0,1166600.0,4.89,-4.89,-0.16,0.96
2004-10-15,3.0,2.95,3.0,2.95,5192.0,1533495.25,1.61,-5.14,-0.16,1.33
2004-10-18,2.96,2.84,2.96,2.8,7495.0,2113177.75,5.42,-3.73,-0.11,1.92
2004-10-19,2.82,2.84,2.9,2.8,4385.0,1250211.12,3.52,0.0,0.0,1.13
2004-10-20,2.81,2.74,2.87,2.7,5081.0,1409331.75,5.99,-3.52,-0.1,1.3
2004-10-21,2.7,2.6,2.75,2.6,4558.0,1192784.0,5.47,-5.11,-0.14,1.17
2004-10-22,2.47,2.47,2.54,2.47,11976.0,2970004.25,2.69,-5.0,-0.13,3.07
2004-10-25,2.38,2.4,2.46,2.35,10193.0,2430865.25,4.45,-2.83,-0.07,2.62
2004-10-26,2.38,2.47,2.48,2.36,5143.0,1243703.38,5.0,2.92,0.07,1.32
2004-10-27,2.48,2.59,2.59,2.45,7755.0,1968207.62,5.67,4.86,0.12,1.99
2004-10-28,2.59,2.56,2.65,2.53,7293.0,1889079.75,4.63,-1.16,-0.03,1.87
2004-10-29,2.43,2.52,2.55,2.43,8604.0,2135774.0,4.69,-1.56,-0.04,2.21
2004-11-01,2.43,2.5,2.52,2.43,2644.0,658113.5,3.57,-0.79,-0.02,0.68
2004-11-02,2.51,2.63,2.63,2.51,14551.0,3788095.0,4.8,5.2,0.13,3.73
2004-11-03,2.6,2.63,2.68,2.56,4544.0,1182509.5,4.56,0.0,0.0,1.17
2004-11-04,2.56,2.61,2.67,2.56,6197.0,1623370.0,4.18,-0.76,-0.02,1.59
2004-11-05,2.61,2.56,2.62,2.48,8109.0,2056089.5,5.36,-1.92,-0.05,2.08
2004-11-08,2.54,2.56,2.57,2.5,3044.0,771928.25,2.73,0.0,0.0,0.78
2004-11-09,2.56,2.55,2.58,2.5,4186.0,1062961.88,3.13,-0.39,-0.01,1.07
2004-11-10,2.55,2.61,2.62,2.51,4759.0,1228376.12,4.31,2.35,0.06,1.22
2004-11-11,2.64,2.62,2.67,2.56,8689.0,2267749.0,4.21,0.38,0.01,2.23
2004-11-12,2.62,2.61,2.65,2.58,5718.0,1484072.25,2.67,-0.38,-0.01,1.47
2004-11-15,2.6,2.69,2.7,2.6,4411.0,1174742.12,3.83,3.07,0.08,1.13
2004-11-16,2.69,2.7,2.72,2.65,6460.0,1732625.38,2.6,0.37,0.01,1.66
2004-11-17,2.7,2.7,2.74,2.62,6029.0,1625471.5,4.44,0.0,0.0,1.55
2004-11-18,2.67,2.75,2.75,2.67,5561.0,1514657.62,2.96,1.85,0.05,1.43
2004-11-19,2.77,2.81,2.82,2.72,10008.0,2785292.25,3.64,2.18,0.06,2.57
2004-11-22,2.84,2.95,2.95,2.84,13745.0,4023205.75,3.91,4.98,0.14,3.53
2004-11-23,3.0,3.1,3.1,3.0,20274.0,6244922.0,3.39,5.08,0.15,5.2
2004-11-24,3.14,2.99,3.26,2.95,28613.0,8844722.0,10.0,-3.55,-0.11,7.34
2004-11-25,3.0,3.04,3.14,3.0,16777.0,5178166.5,4.68,1.67,0.05,4.31
2004-11-26,3.0,2.95,3.07,2.89,9388.0,2803507.5,5.92,-2.96,-0.09,2.41
2004-11-29,2.87,3.06,3.1,2.87,12038.0,3638667.0,7.8,3.73,0.11,3.09
2004-11-30,3.05,3.08,3.12,3.01,3952.0,1208503.25,3.59,0.65,0.02,1.01
2004-12-01,3.03,3.07,3.11,3.03,3455.0,1064708.62,2.6,-0.32,-0.01,0.89
2004-12-02,3.1,3.03,3.1,3.02,3230.0,986502.38,2.61,-1.3,-0.04,0.83
2004-12-03,3.0,3.06,3.08,3.0,3777.0,1152993.75,2.64,0.99,0.03,0.97
2004-12-06,3.06,3.2,3.21,3.06,11044.0,3517152.75,4.9,4.58,0.14,2.83
2004-12-07,3.21,3.36,3.36,3.17,14211.0,4705656.5,5.94,5.0,0.16,3.65
2004-12-08,3.44,3.36,3.52,3.31,15402.0,5256159.0,6.25,0.0,0.0,3.95
2004-12-09,3.32,3.19,3.42,3.19,14094.0,4592901.0,6.85,-5.06,-0.17,3.62
2004-12-10,3.18,3.35,3.35,3.16,13121.0,4363217.5,5.96,5.02,0.16,3.37
2004-12-13,3.34,3.52,3.52,3.31,10252.0,3573014.5,6.27,5.07,0.17,2.63
2004-12-14,3.64,3.5,3.68,3.42,15028.0,5369949.5,7.39,-0.57,-0.02,3.86
2004-12-15,3.52,3.65,3.66,3.4,9700.0,3390422.5,7.43,4.29,0.15,2.49
2004-12-16,3.65,3.83,3.83,3.62,12796.0,4838800.5,5.75,4.93,0.18,3.28
2004-12-17,3.88,3.96,4.02,3.83,19144.0,7566392.0,4.96,3.39,0.13,4.91
2004-12-20,3.91,4.06,4.16,3.8,22716.0,9096190.0,9.09,2.53,0.1,5.83
2004-12-21,4.06,3.96,4.16,3.91,16782.0,6749066.5,6.16,-2.46,-0.1,4.31
2004-12-22,3.96,3.98,4.06,3.77,11081.0,4359056.0,7.32,0.51,0.02,2.84
2004-12-23,4.03,3.86,4.07,3.85,10345.0,4121017.5,5.53,-3.02,-0.12,2.66
2004-12-24,3.85,3.8,3.88,3.67,13234.0,4940865.5,5.44,-1.55,-0.06,3.4
2004-12-28,3.88,3.61,3.88,3.61,8040.0,2931342.5,7.11,-5.0,-0.19,2.06
2004-12-29,3.55,3.78,3.79,3.43,15582.0,5604719.5,9.97,4.71,0.17,4.0
2004-12-30,3.73,3.7,3.79,3.65,4441.0,1658934.12,3.7,-2.12,-0.08,1.14
2004-12-31,3.6,3.78,3.8,3.6,1919.0,719443.69,5.41,2.16,0.08,0.49
2005-01-04,3.74,3.75,3.82,3.7,1512.0,568732.0,3.17,-0.79,-0.03,0.39
2005-01-05,3.73,3.74,3.78,3.71,2221.0,832821.75,1.87,-0.27,-0.01,0.57
2005-01-06,3.76,3.69,3.76,3.61,1751.0,646740.44,4.01,-1.34,-0.05,0.45
2005-01-07,3.63,3.6,3.7,3.59,2507.0,909132.62,2.98,-2.44,-0.09,0.64
2005-01-10,3.58,3.5,3.62,3.48,4645.0,1642333.0,3.89,-2.78,-0.1,1.19
2005-01-11,3.5,3.59,3.59,3.45,2161.0,759545.0,4.0,2.57,0.09,0.55
2005-01-12,3.58,3.76,3.77,3.55,3831.0,1413107.75,6.13,4.74,0.17,0.98
2005-01-13,3.76,3.73,3.77,3.67,2583.0,961848.0,2.66,-0.8,-0.03,0.66
2005-01-14,3.69,3.63,3.75,3.6,1660.0,603278.0,4.02,-2.68,-0.1,0.43
2005-01-17,3.57,3.6,3.67,3.52,2112.0,753568.38,4.13,-0.83,-0.03,0.54
2005-01-18,3.65,3.6,3.65,3.56,1753.0,632811.38,2.5,0.0,0.0,0.45
2005-01-19,3.56,3.63,3.63,3.55,1252.0,448560.88,2.22,0.83,0.03,0.32
2005-01-20,3.6,3.55,3.6,3.52,2032.0,720058.94,2.2,-2.2,-0.08,0.52
2005-01-21,3.56,3.63,3.63,3.54,2021.0,724300.88,2.54,2.25,0.08,0.52
2005-01-25,3.52,3.53,3.69,3.45,6015.0,2119261.25,6.61,-2.75,-0.1,1.54
2005-01-26,3.54,3.4,3.55,3.35,4227.0,1447744.5,5.67,-3.68,-0.13,1.08
2005-01-27,3.35,3.44,3.5,3.31,2206.0,752989.0,5.59,1.18,0.04,0.57
2005-01-28,3.49,3.5,3.52,3.41,3714.0,1296621.88,3.2,1.74,0.06,0.95
2005-02-01,3.33,3.39,3.5,3.33,3203.0,1095935.88,4.86,-3.14,-0.11,0.82
2005-02-02,3.4,3.47,3.48,3.39,2978.0,1019940.31,2.65,2.36,0.08,0.76
2005-02-03,3.42,3.42,3.46,3.4,1342.0,460361.91,1.73,-1.44,-0.05,0.34
2005-02-04,3.35,3.44,3.46,3.35,1665.0,568348.12,3.22,0.58,0.02,0.43
2005-02-16,3.46,3.57,3.59,3.41,2611.0,927233.75,5.23,3.78,0.13,0.67
2005-02-17,3.6,3.63,3.65,3.55,2282.0,822506.0,2.8,1.68,0.06,0.59
2005-02-18,3.65,3.64,3.68,3.61,1800.0,656438.38,1.93,0.28,0.01,0.46
2005-02-21,3.68,3.82,3.82,3.66,3868.0,1468341.38,4.4,4.95,0.18,0.99
2005-02-22,3.97,4.01,4.01,3.88,9941.0,3974150.0,3.4,4.97,0.19,2.55
2005-02-23,4.06,3.97,4.06,3.86,8486.0,3356124.0,4.99,-1.0,-0.04,2.18
2005-02-24,3.96,3.87,3.96,3.84,5748.0,2233315.75,3.02,-2.52,-0.1,1.48
2005-02-25,3.83,3.82,3.91,3.82,4345.0,1674441.0,2.33,-1.29,-0.05,1.12
2005-02-28,3.82,4.01,4.01,3.78,8273.0,3278766.0,6.02,4.97,0.19,2.12
2005-03-01,4.08,3.9,4.13,3.89,3938.0,1564999.0,5.99,-2.74,-0.11,1.01
2005-03-02,3.9,3.83,3.94,3.83,3837.0,1488449.75,2.82,-1.79,-0.07,0.98
2005-03-03,3.83,3.87,3.9,3.81,1972.0,758493.69,2.35,1.04,0.04,0.51
2005-03-04,3.86,3.92,3.96,3.85,1589.0,619445.12,2.84,1.29,0.05,0.41
2005-03-07,3.9,3.94,4.01,3.9,1291.0,510767.0,2.81,0.51,0.02,0.33
2005-03-08,3.94,3.94,3.98,3.9,1652.0,652172.5,2.03,0.0,0.0,0.42
2005-03-09,3.93,3.84,3.93,3.81,3091.0,1198473.38,3.05,-2.54,-0.1,0.79
2005-03-10,3.81,3.82,3.88,3.8,2439.0,937729.88,2.08,-0.52,-0.02,0.63
2005-03-11,3.8,3.75,3.83,3.7,3230.0,1219935.38,3.4,-1.83,-0.07,0.83
2005-03-14,3.73,3.74,3.8,3.72,1435.0,537714.12,2.13,-0.27,-0.01,0.37
2005-03-15,3.66,3.58,3.71,3.55,5148.0,1853945.25,4.28,-4.28,-0.16,1.32
2005-03-16,3.56,3.75,3.76,3.56,5019.0,1875739.5,5.59,4.75,0.17,1.29
2005-03-17,3.76,3.73,3.81,3.67,3611.0,1350015.25,3.73,-0.53,-0.02,0.93
2005-03-18,3.72,3.6,3.72,3.58,2609.0,951097.62,3.75,-3.49,-0.13,0.67
2005-03-21,3.63,3.71,3.72,3.57,1435.0,523487.34,4.17,3.06,0.11,0.37
2005-03-22,3.73,3.65,3.73,3.56,1834.0,664740.62,4.58,-1.62,-0.06,0.47
2005-03-23,3.56,3.67,3.69,3.56,1342.0,486886.0,3.56,0.55,0.02,0.34
2005-03-24,3.61,3.8,3.85,3.61,5118.0,1939470.0,6.54,3.54,0.13,1.31
2005-03-25,3.76,3.8,3.85,3.74,1336.0,508197.0,2.89,0.0,0.0,0.34
2005-03-28,3.8,3.7,3.83,3.65,1887.0,703572.5,4.74,-2.63,-0.1,0.48
2005-03-29,3.63,3.66,3.78,3.63,1144.0,423756.0,4.05,-1.08,-0.04,0.29
2005-03-30,3.7,3.61,3.7,3.61,1725.0,627392.0,2.46,-1.37,-0.05,0.44
2005-03-31,3.61,3.56,3.61,3.5,3019.0,1070546.0,3.05,-1.39,-0.05,0.77
2005-04-01,3.53,3.65,3.67,3.53,1081.0,387444.0,3.93,2.53,0.09,0.28
2005-04-04,3.67,3.67,3.79,3.61,3175.0,1174374.0,4.93,0.55,0.02,0.81
2005-04-05,3.74,3.7,3.75,3.65,2003.0,742217.0,2.72,0.82,0.03,0.51
2005-04-07,3.86,3.79,3.88,3.72,6150.0,2327544.0,4.32,2.43,0.09,1.58
2005-04-08,3.89,3.83,3.89,3.73,3251.0,1232339.0,4.22,1.06,0.04,0.83
2005-04-11,3.82,3.77,3.85,3.76,2577.0,982171.0,2.35,-1.57,-0.06,0.66
2005-04-12,3.78,3.71,3.81,3.71,985.0,369810.0,2.65,-1.59,-0.06,0.25
2005-04-13,3.71,3.72,3.78,3.69,2185.0,813022.44,2.43,0.27,0.01,0.56
2005-04-14,3.72,3.62,3.72,3.53,2090.0,759416.94,5.11,-2.69,-0.1,0.54
2005-04-15,3.62,3.62,3.64,3.54,3700.0,1324874.12,2.76,0.0,0.0,0.95
2005-04-19,3.8,3.69,3.8,3.66,1852.0,694860.0,3.87,1.93,0.07,0.48
2005-04-20,3.66,3.66,3.72,3.57,1275.0,462534.59,4.07,-0.81,-0.03,0.33
2005-04-21,3.6,3.53,3.66,3.51,4056.0,1442627.75,4.1,-3.55,-0.13,1.04
2005-04-22,3.51,3.36,3.53,3.35,4389.0,1498627.75,5.1,-4.82,-0.17,1.13
2005-04-25,3.34,3.35,3.36,3.19,3760.0,1213447.12,5.06,-0.3,-0.01,0.97
2005-04-26,3.33,3.35,3.38,3.22,1841.0,604848.0,4.78,0.0,0.0,0.47
2005-04-27,3.35,3.26,3.35,3.26,1822.0,598894.0,2.69,-2.69,-0.09,0.47
2005-04-28,3.25,3.37,3.4,3.21,1191.0,394076.5,5.83,3.37,0.11,0.31
2005-04-29,3.31,3.4,3.41,3.31,1107.0,372438.56,2.97,0.89,0.03,0.28
2005-05-09,3.4,3.3,3.4,3.23,737.0,243977.0,5.0,-2.94,-0.1,0.19
2005-05-10,3.19,3.3,3.3,3.18,759.0,245722.5,3.64,0.0,0.0,0.19
2005-05-11,3.25,3.35,3.36,3.25,468.0,155201.0,3.33,1.52,0.05,0.12
2005-05-12,3.32,3.28,3.37,3.23,782.0,256433.0,4.18,-2.09,-0.07,0.2
2005-05-13,3.27,3.32,3.34,3.27,552.0,182445.5,2.13,1.22,0.04,0.14
2005-05-16,3.28,3.28,3.34,3.26,608.0,200357.8,2.41,-1.2,-0.04,0.16
2005-05-17,3.26,3.36,3.36,3.24,992.0,329087.59,3.66,2.44,0.08,0.25
2005-05-18,3.36,3.34,3.36,3.3,909.0,302372.19,1.79,-0.6,-0.02,0.23
2005-05-19,3.33,3.36,3.37,3.27,598.0,198225.41,2.99,0.6,0.02,0.15
2005-05-20,3.34,3.26,3.34,3.2,1192.0,388643.0,4.17,-2.98,-0.1,0.31
2005-05-23,3.24,3.1,3.24,3.1,1297.0,409016.0,4.29,-4.91,-0.16,0.33
2005-05-24,3.1,3.15,3.15,3.02,1150.0,356800.19,4.19,1.61,0.05,0.3
2005-05-25,3.12,3.17,3.18,3.1,922.0,290493.81,2.54,0.63,0.02,0.24
2005-05-26,3.15,3.15,3.22,3.14,652.0,207179.92,2.52,-0.63,-0.02,0.17
2005-05-27,3.15,3.16,3.21,3.15,757.0,240101.0,1.9,0.32,0.01,0.19
2005-05-30,3.18,3.28,3.32,3.15,994.0,322531.31,5.38,3.8,0.12,0.26
2005-05-31,3.26,3.28,3.32,3.23,841.0,276571.62,2.74,0.0,0.0,0.22
2005-06-01,3.26,3.26,3.28,3.23,690.0,224988.0,1.52,-0.61,-0.02,0.18
2005-06-02,3.3,3.25,3.3,3.21,548.0,177989.0,2.76,-0.31,-0.01,0.14
2005-06-03,3.21,3.28,3.3,3.2,863.0,280533.78,3.08,0.92,0.03,0.22
2005-06-06,3.23,3.3,3.3,3.22,607.0,198535.59,2.44,0.61,0.02,0.16
2005-06-07,3.36,3.3,3.46,3.28,1392.0,462640.0,5.45,0.0,0.0,0.36
2005-06-08,3.3,3.47,3.47,3.27,3944.0,1344634.38,6.06,5.15,0.17,1.01
2005-06-09,3.47,3.46,3.53,3.38,3307.0,1137195.75,4.32,-0.29,-0.01,0.85
2005-06-10,3.44,3.41,3.45,3.34,1906.0,648656.0,3.18,-1.45,-0.05,0.49
2005-06-13,3.37,3.39,3.39,3.33,1830.0,615184.0,1.76,-0.59,-0.02,0.47
2005-06-14,3.39,3.35,3.45,3.35,1276.0,432119.38,2.95,-1.18,-0.04,0.33
2005-06-15,3.34,3.26,3.37,3.25,676.0,223015.0,3.58,-2.69,-0.09,0.17
2005-06-16,3.3,3.28,3.3,3.12,761.0,245375.0,5.52,0.61,0.02,0.2
2005-06-17,3.28,3.22,3.28,3.15,1200.0,381852.0,3.96,-1.83,-0.06,0.31
2005-06-20,3.2,3.25,3.26,3.15,880.0,282875.0,3.42,0.93,0.03,0.23
2005-06-21,3.21,3.23,3.26,3.2,1164.0,374836.0,1.85,-0.62,-0.02,0.3
2005-06-22,3.21,3.39,3.39,3.17,4603.0,1543518.62,6.81,4.95,0.16,1.18
2005-06-23,3.35,3.4,3.53,3.33,5162.0,1756629.62,5.9,0.29,0.01,1.32
2005-06-24,3.38,3.39,3.43,3.34,1740.0,588139.0,2.65,-0.29,-0.01,0.45
2005-06-27,3.39,3.43,3.45,3.39,3900.0,1329147.38,1.77,1.18,0.04,1.0
2005-06-28,3.39,3.48,3.58,3.39,6471.0,2254722.25,5.54,1.46,0.05,1.66
2005-06-29,3.46,3.42,3.5,3.39,2800.0,959887.88,3.16,-1.72,-0.06,0.72
2005-06-30,3.39,3.41,3.44,3.38,1386.0,472264.91,1.75,-0.29,-0.01,0.36
2005-07-01,3.41,3.29,3.42,3.27,2787.0,931409.0,4.4,-3.52,-0.12,0.72
2005-07-04,3.28,3.24,3.34,3.18,766.0,249547.41,4.86,-1.52,-0.05,0.2
2005-07-05,3.28,3.26,3.28,3.22,388.0,126156.0,1.85,0.62,0.02,0.1
2005-07-06,3.33,3.25,3.33,3.18,1144.0,371392.0,4.6,-0.31,-0.01,0.29
2005-07-07,3.25,3.2,3.28,3.2,605.0,195016.0,2.46,-1.54,-0.05,0.16
2005-07-08,3.2,3.08,3.2,3.04,2513.0,778499.0,5.0,-3.75,-0.12,0.64
2005-07-11,3.19,3.02,3.19,3.0,1824.0,560202.75,6.17,-1.95,-0.06,0.47
2005-07-12,2.92,3.04,3.08,2.92,1163.0,349589.47,5.3,0.66,0.02,0.3
2005-07-13,3.02,3.02,3.05,3.0,858.0,259406.0,1.64,-0.66,-0.02,0.22
2005-07-14,3.03,3.04,3.08,2.98,882.0,267504.31,3.31,0.66,0.02,0.23
2005-07-15,3.03,3.06,3.08,3.01,1232.0,374471.5,2.3,0.66,0.02,0.32
2005-07-18,3.05,2.94,3.09,2.91,976.0,291674.0,5.88,-3.92,-0.12,0.25
2005-07-19,2.95,2.86,2.95,2.8,2306.0,653282.5,5.1,-2.72,-0.08,0.59
2005-07-20,2.82,2.8,2.87,2.75,1929.0,542758.38,4.2,-2.1,-0.06,0.5
2005-07-21,2.77,2.8,2.84,2.77,731.0,204955.0,2.5,0.0,0.0,0.19
2005-07-22,2.8,2.86,2.91,2.8,1765.0,502601.81,3.93,2.14,0.06,0.45
2005-07-25,2.82,2.81,2.86,2.75,1475.0,413195.81,3.85,-1.75,-0.05,0.38
2005-07-26,2.83,2.93,2.95,2.8,3381.0,974624.19,5.34,4.27,0.12,0.87
2005-07-27,2.9,2.95,2.96,2.88,1329.0,387314.31,2.73,0.68,0.02,0.34
2005-07-28,2.95,2.98,3.04,2.95,1989.0,596012.62,3.05,1.02,0.03,0.51
2005-07-29,2.96,2.93,2.96,2.9,2215.0,645890.88,2.01,-1.68,-0.05,0.57
2005-08-01,2.92,3.03,3.03,2.89,2671.0,797779.31,4.78,3.41,0.1,0.69
2005-08-02,3.03,3.17,3.18,2.98,7559.0,2373430.75,6.6,4.62,0.14,1.94
2005-08-03,3.15,3.16,3.21,3.05,5484.0,1707691.62,5.05,-0.32,-0.01,1.41
2005-08-04,3.13,3.12,3.15,3.08,1866.0,580493.12,2.22,-1.27,-0.04,0.48
2005-08-05,3.12,3.19,3.25,3.09,3216.0,1014333.88,5.13,2.24,0.07,0.83
2005-08-08,3.15,3.17,3.23,3.15,3410.0,1083072.5,2.51,-0.63,-0.02,0.88
2005-08-09,3.17,3.25,3.28,3.17,2817.0,912811.0,3.47,2.52,0.08,0.72
2005-08-10,3.26,3.37,3.38,3.23,5081.0,1688075.62,4.62,3.69,0.12,1.3
2005-08-11,3.37,3.54,3.54,3.33,9526.0,3317074.75,6.23,5.04,0.17,2.44
2005-08-12,3.71,3.43,3.71,3.38,16158.0,5724061.0,9.32,-3.11,-0.11,4.15
2005-08-15,3.45,3.57,3.6,3.45,9475.0,3374105.25,4.37,4.08,0.14,2.43
2005-08-16,3.51,3.49,3.56,3.46,5676.0,1988460.0,2.8,-2.24,-0.08,1.46
2005-08-17,3.49,3.49,3.55,3.38,5900.0,2029925.62,4.87,0.0,0.0,1.51
2005-08-18,3.49,3.43,3.66,3.4,10950.0,3863945.25,7.45,-1.72,-0.06,2.81
2005-08-19,3.4,3.42,3.49,3.37,3162.0,1087222.12,3.5,-0.29,-0.01,0.81
2005-08-22,3.47,3.51,3.52,3.42,3041.0,1059788.88,2.92,2.63,0.09,0.78
2005-08-23,3.54,3.46,3.54,3.4,3209.0,1114009.62,3.99,-1.42,-0.05,0.82
2005-08-24,3.4,3.56,3.58,3.4,7308.0,2571334.5,5.2,2.89,0.1,1.88
2005-08-25,3.56,3.59,3.63,3.53,8322.0,2990886.75,2.81,0.84,0.03,2.14
2005-08-26,3.59,3.7,3.77,3.56,19579.0,7267292.0,5.85,3.06,0.11,5.03
2005-08-29,3.7,3.54,3.79,3.52,14746.0,5330858.0,7.3,-4.32,-0.16,3.78
2005-08-30,3.52,3.46,3.52,3.38,6818.0,2344448.25,3.95,-2.26,-0.08,1.75
2005-08-31,3.46,3.47,3.48,3.39,3446.0,1185749.0,2.6,0.29,0.01,0.88
2005-09-01,3.5,3.57,3.58,3.46,5676.0,2003896.5,3.46,2.88,0.1,1.46
2005-09-02,3.6,3.63,3.66,3.56,8620.0,3116312.0,2.8,1.68,0.06,2.21
2005-09-05,3.63,3.71,3.74,3.62,7990.0,2940679.75,3.31,2.2,0.08,2.05
2005-09-06,3.73,3.56,3.75,3.52,11815.0,4330095.0,6.2,-4.04,-0.15,3.03
2005-09-07,3.56,3.74,3.74,3.53,14992.0,5533057.0,5.9,5.06,0.18,3.85
2005-09-08,3.79,3.73,3.79,3.66,8027.0,2993009.25,3.48,-0.27,-0.01,2.06
2005-09-09,3.73,3.66,3.75,3.62,5367.0,1971703.0,3.49,-1.88,-0.07,1.38
2005-09-12,3.64,3.84,3.84,3.64,23903.0,9142909.0,5.46,4.92,0.18,6.13
2005-09-13,3.94,4.03,4.03,3.83,30584.0,12192005.0,5.21,4.95,0.19,7.85
2005-09-14,4.11,4.12,4.15,3.95,32425.0,13177738.0,4.96,2.23,0.09,8.32
2005-09-15,4.2,4.1,4.2,4.0,19466.0,7931158.5,4.85,-0.49,-0.02,5.0
2005-09-16,4.08,4.06,4.15,4.03,11035.0,4499064.0,2.93,-0.98,-0.04,2.83
2005-09-19,4.03,4.12,4.16,4.03,11523.0,4727478.0,3.2,1.48,0.06,2.96
2005-09-20,4.17,4.33,4.33,4.12,48796.0,20882264.0,5.1,5.1,0.21,12.52
2005-09-21,4.32,4.11,4.37,4.11,27654.0,11670523.0,6.0,-5.08,-0.22,7.1
2005-09-22,4.05,4.0,4.13,3.9,17733.0,7093468.0,5.6,-2.68,-0.11,4.55
2005-09-23,4.0,4.13,4.2,3.96,35948.0,14949657.0,6.0,3.25,0.13,9.23
2005-09-26,4.1,3.99,4.11,3.92,18890.0,7460704.0,4.6,-3.39,-0.14,4.85
2005-09-27,3.93,4.19,4.19,3.91,34571.0,14314178.0,7.02,5.01,0.2,8.87
2005-09-28,4.4,4.4,4.4,4.06,64926.0,27860234.0,8.11,5.01,0.21,16.66
2005-09-29,4.58,4.35,4.62,4.31,73372.0,33166680.0,7.05,-1.14,-0.05,18.83
2005-09-30,4.21,4.13,4.25,4.13,17776.0,7378206.5,2.76,-5.06,-0.22,4.56
2005-10-10,4.03,3.94,4.12,3.92,12790.0,5099590.5,4.84,-4.6,-0.19,3.28
2005-10-11,3.92,4.01,4.02,3.82,10740.0,4207057.0,5.08,1.78,0.07,2.76
2005-10-12,4.0,3.95,4.02,3.92,9189.0,3644522.0,2.49,-1.5,-0.06,2.36
2005-10-13,3.93,3.95,3.99,3.92,7432.0,2936782.25,1.77,0.0,0.0,1.91
2005-10-14,3.95,3.79,3.95,3.77,13061.0,4992896.0,4.56,-4.05,-0.16,3.35
2005-10-17,3.78,3.82,3.83,3.73,6148.0,2331573.5,2.64,0.79,0.03,1.58
2005-10-18,3.84,3.94,3.98,3.8,6696.0,2611306.75,4.71,3.14,0.12,1.72
2005-10-19,3.94,3.88,3.96,3.88,6940.0,2715441.5,2.03,-1.52,-0.06,1.78
2005-10-20,3.86,3.93,3.94,3.81,4832.0,1866942.25,3.35,1.29,0.05,1.24
2005-10-21,3.9,3.96,3.96,3.9,6173.0,2431421.25,1.53,0.76,0.03,1.58
2005-10-24,4.1,4.03,4.12,4.02,13934.0,5658567.0,2.53,1.77,0.07,3.58
2005-10-25,4.0,3.85,4.0,3.84,8790.0,3430897.0,3.97,-4.47,-0.18,2.26
2005-10-26,3.82,3.72,3.87,3.72,5347.0,2028926.25,3.9,-3.38,-0.13,1.37
2005-10-27,3.7,3.73,3.78,3.68,4528.0,1693541.88,2.69,0.27,0.01,1.16
2005-10-28,3.73,3.64,3.76,3.59,8856.0,3234289.25,4.56,-2.41,-0.09,2.27
2005-10-31,3.65,3.72,3.73,3.61,3880.0,1430162.0,3.3,2.2,0.08,1.0
2005-11-01,3.61,3.67,3.72,3.61,3530.0,1292523.75,2.96,-1.34,-0.05,0.91
2005-11-02,3.67,3.72,3.75,3.67,2914.0,1081899.0,2.18,1.36,0.05,0.75
2005-11-03,3.72,3.66,3.75,3.66,2451.0,905604.5,2.42,-1.61,-0.06,0.63
2005-11-04,3.62,3.71,3.72,3.58,3198.0,1170712.12,3.83,1.37,0.05,0.82
2005-11-07,3.71,3.73,3.74,3.65,2221.0,821315.19,2.43,0.54,0.02,0.57
2005-11-08,3.73,3.81,3.83,3.7,5599.0,2115415.0,3.49,2.14,0.08,1.44
2005-11-09,3.8,3.76,3.83,3.75,3189.0,1206193.62,2.1,-1.31,-0.05,0.82
2005-11-10,3.76,3.64,3.78,3.62,4487.0,1644654.0,4.26,-3.19,-0.12,1.15
2005-11-11,3.62,3.69,3.7,3.6,2417.0,881610.25,2.75,1.37,0.05,0.62
2005-11-14,3.66,3.71,3.75,3.63,3197.0,1179309.75,3.25,0.54,0.02,0.82
2005-11-15,3.89,3.72,3.9,3.68,5878.0,2221885.75,5.93,0.27,0.01,1.51
2005-11-16,3.73,3.76,3.79,3.63,5218.0,1934100.38,4.3,1.08,0.04,1.34
2005-11-17,3.75,3.78,3.84,3.74,4247.0,1611851.38,2.66,0.53,0.02,1.09
2005-11-18,3.79,3.84,3.88,3.78,6638.0,2545064.25,2.65,1.59,0.06,1.7
2005-11-21,3.81,3.8,3.85,3.78,3664.0,1399970.88,1.82,-1.04,-0.04,0.94
2005-11-22,3.8,3.79,3.89,3.79,5818.0,2233972.5,2.63,-0.26,-0.01,1.49
2005-11-23,3.79,3.82,3.88,3.75,5098.0,1957160.88,3.43,0.79,0.03,1.31
2005-11-24,3.88,3.94,3.94,3.83,7184.0,2795178.0,2.88,3.14,0.12,1.84
2005-11-25,3.96,3.91,3.97,3.88,6697.0,2631969.75,2.28,-0.76,-0.03,1.72
2005-11-28,3.92,3.95,4.05,3.91,5972.0,2378613.25,3.58,1.02,0.04,1.53
2005-11-29,3.93,3.83,4.0,3.78,6082.0,2362481.25,5.57,-3.04,-0.12,1.56
2005-11-30,3.8,3.78,3.83,3.7,5804.0,2182109.5,3.39,-1.31,-0.05,1.49
2005-12-01,3.73,3.75,3.79,3.7,2082.0,778226.0,2.38,-0.79,-0.03,0.53
2005-12-02,3.76,3.71,3.76,3.7,2743.0,1020339.0,1.6,-1.07,-0.04,0.7
2005-12-06,3.63,3.6,3.67,3.53,5427.0,1953512.0,3.77,-2.96,-0.11,1.39
2005-12-07,3.59,3.66,3.67,3.55,1920.0,695910.0,3.33,1.67,0.06,0.49
2005-12-08,3.65,3.64,3.7,3.61,2198.0,802468.69,2.46,-0.55,-0.02,0.56
2005-12-09,3.65,3.68,3.72,3.64,2181.0,803793.69,2.2,1.1,0.04,0.56
2005-12-12,3.74,3.71,3.74,3.68,2719.0,1007447.25,1.63,0.82,0.03,0.7
2005-12-13,3.72,3.71,3.74,3.65,2046.0,754812.0,2.43,0.0,0.0,0.53
2005-12-14,3.71,3.73,3.74,3.64,2982.0,1098858.25,2.7,0.54,0.02,0.77
2005-12-15,3.7,3.69,3.74,3.66,2393.0,884422.0,2.14,-1.07,-0.04,0.61
2005-12-16,3.67,3.7,3.72,3.66,1619.0,598201.0,1.63,0.27,0.01,0.42
2005-12-19,3.7,3.73,3.74,3.68,1961.0,726954.88,1.62,0.81,0.03,0.5
2005-12-20,3.73,3.92,3.92,3.71,14191.0,5455281.5,5.63,5.09,0.19,3.64
2005-12-21,3.91,4.08,4.1,3.85,15490.0,6132036.5,6.38,4.08,0.16,3.98
2005-12-22,4.05,3.96,4.05,3.93,10791.0,4305854.5,2.94,-2.94,-0.12,2.77
2005-12-23,3.94,4.08,4.09,3.9,9800.0,3937999.5,4.8,3.03,0.12,2.52
2005-12-27,4.28,4.28,4.28,4.18,54175.0,23137560.0,2.45,4.9,0.2,13.9
2005-12-28,4.32,4.27,4.49,4.23,97119.0,42591656.0,6.07,-0.23,-0.01,24.93
2005-12-29,4.27,4.07,4.27,4.06,44417.0,18274464.0,4.92,-4.68,-0.2,11.4
2005-12-30,4.01,3.93,4.11,3.9,17643.0,7035069.0,5.16,-3.44,-0.14,4.53
2006-01-05,4.0,4.01,4.1,3.98,15929.0,6417118.0,3.05,2.04,0.08,4.09
2006-01-06,4.01,4.04,4.07,3.99,10341.0,4172717.75,2.0,0.75,0.03,2.65
2006-01-09,4.04,4.2,4.24,4.03,15974.0,6652927.5,5.2,3.96,0.16,4.1
2006-01-10,4.2,4.25,4.28,4.13,14282.0,6018931.5,3.57,1.19,0.05,3.67
2006-01-11,4.25,4.21,4.3,4.19,7746.0,3282159.0,2.59,-0.94,-0.04,1.99
2006-01-12,4.2,4.21,4.26,4.15,9498.0,4000885.5,2.61,0.0,0.0,2.44
2006-01-13,4.23,4.24,4.26,4.19,8708.0,3674396.25,1.66,0.71,0.03,2.23
2006-01-16,4.24,4.24,4.3,4.18,7471.0,3180772.75,2.83,0.0,0.0,1.92
2006-01-17,4.2,4.39,4.45,4.2,17521.0,7635592.5,5.9,3.54,0.15,4.5
2006-01-18,4.37,4.41,4.44,4.31,14851.0,6473975.0,2.96,0.46,0.02,3.81
2006-01-19,4.42,4.44,4.48,4.36,12431.0,5516419.5,2.72,0.68,0.03,3.19
2006-01-20,4.44,4.45,4.55,4.41,12757.0,5708983.5,3.15,0.23,0.01,3.27
2006-01-23,4.46,4.39,4.51,4.25,13081.0,5713488.0,5.84,-1.35,-0.06,3.36
2006-01-24,4.4,4.3,4.4,4.28,13111.0,5689394.5,2.73,-2.05,-0.09,3.37
2006-01-25,4.28,4.32,4.34,4.27,10742.0,4615472.5,1.63,0.47,0.02,2.76
2006-02-06,4.32,4.37,4.38,4.28,8620.0,3750075.0,2.31,1.16,0.05,2.21
2006-02-07,4.36,4.36,4.51,4.29,10900.0,4765787.0,5.03,-0.23,-0.01,2.8
2006-02-08,4.32,4.37,4.37,4.28,6212.0,2685295.5,2.06,0.23,0.01,1.59
2006-02-09,4.37,4.25,4.37,4.24,9118.0,3925264.75,2.97,-2.75,-0.12,2.34
2006-02-10,4.24,4.32,4.33,4.23,9222.0,3945972.0,2.35,1.65,0.07,2.37
2006-02-13,4.32,4.32,4.33,4.24,4672.0,1994150.5,2.08,0.0,0.0,1.2
2006-02-14,4.28,4.3,4.34,4.27,3356.0,1442897.38,1.62,-0.46,-0.02,0.86
2006-02-15,4.34,4.35,4.39,4.31,6182.0,2691920.5,1.86,1.16,0.05,1.59
2006-02-16,4.35,4.15,4.35,4.13,12949.0,5429616.5,5.06,-4.6,-0.2,3.32
2006-02-17,4.14,4.09,4.19,4.08,5244.0,2169021.25,2.65,-1.45,-0.06,1.35
2006-02-20,4.09,4.06,4.13,4.05,6393.0,2612050.5,1.96,-0.73,-0.03,1.64
2006-02-21,4.05,4.2,4.2,4.05,5991.0,2480074.75,3.69,3.45,0.14,1.54
2006-02-22,4.19,4.2,4.21,4.16,6993.0,2925293.5,1.19,0.0,0.0,1.79
2006-02-24,4.25,4.29,4.33,4.2,17632.0,7541871.5,3.1,2.14,0.09,4.53
2006-02-27,4.29,4.2,4.3,4.18,4845.0,2049096.75,2.8,-2.1,-0.09,1.24
2006-02-28,4.2,4.2,4.22,4.07,6631.0,2743650.75,3.57,0.0,0.0,1.7
2006-03-01,4.19,4.18,4.21,4.14,4520.0,1886770.88,1.67,-0.48,-0.02,1.16
2006-03-02,4.18,4.1,4.18,4.08,5846.0,2410837.0,2.39,-1.91,-0.08,1.5
2006-03-03,4.1,4.15,4.16,4.06,4308.0,1769826.38,2.44,1.22,0.05,1.11
2006-03-06,4.1,4.09,4.13,4.08,3559.0,1460979.12,1.2,-1.45,-0.06,0.91
2006-03-07,4.09,3.96,4.09,3.96,7075.0,2839972.75,3.18,-3.18,-0.13,1.82
2006-03-08,3.94,3.97,4.03,3.9,4597.0,1826765.62,3.28,0.25,0.01,1.18
2006-03-09,3.99,3.93,4.02,3.9,3322.0,1315892.62,3.02,-1.01,-0.04,0.85
2006-03-10,3.92,3.93,3.98,3.9,2957.0,1160826.0,2.04,0.0,0.0,0.76
2006-03-13,3.96,4.02,4.03,3.93,4235.0,1693172.88,2.54,2.29,0.09,1.09
2006-03-14,4.0,4.08,4.1,3.95,5882.0,2376439.0,3.73,1.49,0.06,1.51
2006-03-15,4.04,4.12,4.12,4.03,3614.0,1477553.75,2.21,0.98,0.04,0.93
2006-03-16,4.15,4.19,4.22,4.14,11026.0,4602743.5,1.94,1.7,0.07,2.83
2006-03-17,4.22,4.26,4.29,4.15,19633.0,8314328.0,3.34,1.67,0.07,5.04
2006-03-20,4.23,4.2,4.24,4.15,6231.0,2615493.25,2.11,-1.41,-0.06,1.6
2006-03-21,4.2,4.22,4.24,4.16,5084.0,2131098.0,1.9,0.48,0.02,1.3
2006-03-22,4.18,4.22,4.23,4.17,2577.0,1082956.88,1.42,0.0,0.0,0.66
2006-03-23,4.22,4.27,4.28,4.17,7636.0,3232214.75,2.61,1.18,0.05,1.96
2006-03-24,4.27,4.17,4.28,4.13,5489.0,2310289.75,3.51,-2.34,-0.1,1.41
2006-04-11,4.38,4.38,4.38,4.38,448.0,196228.38,0.0,5.04,0.21,0.11
2006-04-13,4.82,4.82,4.82,4.82,3405.0,1640978.62,0.0,10.05,0.44,0.87
2006-04-14,5.05,5.14,5.24,4.82,67962.0,34358640.0,8.71,6.64,0.32,17.44
2006-04-17,5.1,5.65,5.65,5.07,52061.0,28130718.0,11.28,9.92,0.51,13.36
2006-05-29,4.52,5.16,5.19,4.51,110383.0,53077796.0,12.04,-8.67,-0.49,18.34
2006-05-30,5.09,5.09,5.17,4.89,58619.0,29546554.0,5.43,-1.36,-0.07,9.74
2006-05-31,5.07,4.79,5.08,4.74,44802.0,22026756.0,6.68,-5.89,-0.3,7.44
2006-06-01,4.78,4.86,5.05,4.75,36000.0,17661558.0,6.26,1.46,0.07,5.98
2006-06-02,4.87,5.2,5.3,4.75,75725.0,38046276.0,11.32,7.0,0.34,12.58
2006-06-05,5.18,5.26,5.42,5.11,41263.0,21745852.0,5.96,1.15,0.06,6.85
2006-06-06,5.26,5.28,5.3,5.11,24242.0,12579429.0,3.61,0.38,0.02,4.03
2006-06-07,5.2,4.88,5.28,4.75,34288.0,17047442.0,10.04,-7.58,-0.4,5.7
2006-06-08,4.82,4.72,4.92,4.58,24319.0,11452433.0,6.97,-3.28,-0.16,4.04
2006-06-09,4.72,4.52,4.79,4.52,17608.0,8168457.5,5.72,-4.24,-0.2,2.93
2006-06-12,4.46,4.44,4.52,4.37,13148.0,5843462.0,3.32,-1.77,-0.08,2.18
2006-06-13,4.46,4.48,4.62,4.42,9439.0,4268220.5,4.5,0.9,0.04,1.57
2006-06-14,4.46,4.65,4.7,4.44,11243.0,5162073.0,5.8,3.79,0.17,1.87
2006-06-15,4.64,4.58,4.68,4.53,6545.0,3023495.25,3.23,-1.51,-0.07,1.09
2006-06-16,4.61,4.67,4.72,4.58,9475.0,4397727.5,3.06,1.97,0.09,1.57
2006-06-20,4.68,4.75,4.79,4.65,11251.0,5314003.0,3.0,1.71,0.08,1.87
2006-06-21,4.68,4.65,4.75,4.62,8275.0,3859971.75,2.74,-2.11,-0.1,1.37
2006-06-22,4.62,4.71,4.72,4.5,12984.0,5918658.5,4.73,1.29,0.06,2.16
2006-06-23,4.62,4.9,4.93,4.62,25129.0,12112640.0,6.58,4.03,0.19,4.17
2006-06-26,4.92,5.06,5.2,4.87,23022.0,11699556.0,6.73,3.27,0.16,3.82
2006-06-27,5.06,5.06,5.16,4.96,12471.0,6314491.5,3.95,0.0,0.0,2.07
2006-06-28,5.05,5.02,5.14,4.97,11834.0,5978894.5,3.36,-0.79,-0.04,1.97
2006-06-29,5.02,5.08,5.1,5.02,15378.0,7783746.0,1.59,1.2,0.06,2.55
2006-06-30,5.1,4.96,5.13,4.92,14439.0,7210354.5,4.13,-2.36,-0.12,2.4
2006-07-03,4.92,5.02,5.06,4.92,10397.0,5191381.0,2.82,1.21,0.06,1.73
2006-07-04,5.01,5.05,5.12,4.92,17358.0,8709889.0,3.98,0.6,0.03,2.88
2006-07-05,5.02,5.2,5.3,5.01,39620.0,20507484.0,5.74,2.97,0.15,6.58
2006-07-06,5.18,5.3,5.32,5.13,26939.0,14117462.0,3.65,1.92,0.1,4.48
2006-07-07,5.29,5.28,5.38,5.16,29763.0,15737138.0,4.15,-0.38,-0.02,4.94
2006-07-10,5.22,5.81,5.81,5.2,76016.0,42632340.0,11.55,10.04,0.53,12.63
2006-07-11,5.79,5.85,6.1,5.65,78216.0,45797512.0,7.75,0.69,0.04,12.99
2006-07-12,5.8,5.67,5.88,5.66,36465.0,21007188.0,3.76,-3.08,-0.18,6.06
2006-07-13,5.63,5.1,5.64,5.1,41267.0,22031308.0,9.52,-10.05,-0.57,6.86
2006-07-14,5.1,5.58,5.61,5.03,47732.0,25786020.0,11.37,9.41,0.48,7.93
2006-07-17,5.52,5.68,5.75,5.49,29848.0,16802794.0,4.66,1.79,0.1,4.96
2006-07-18,5.63,5.62,5.69,5.31,23038.0,12708633.0,6.69,-1.06,-0.06,3.83
2006-07-19,5.59,6.01,6.18,5.5,105398.0,63852888.0,12.1,6.94,0.39,17.51
2006-07-20,5.86,6.03,6.15,5.83,41848.0,25091478.0,5.32,0.33,0.02,6.95
2006-07-21,5.99,6.63,6.63,5.98,88896.0,57506432.0,10.78,9.95,0.6,14.77
2006-07-24,6.43,6.68,7.08,6.21,82667.0,55244008.0,13.12,0.75,0.05,13.73
2006-07-25,6.69,6.72,6.8,6.5,47668.0,31614572.0,4.49,0.6,0.04,7.92
2006-07-26,6.62,6.58,6.68,6.42,40119.0,26208962.0,3.87,-2.08,-0.14,6.66
2006-07-27,6.51,6.4,6.62,6.31,25389.0,16393712.0,4.71,-2.74,-0.18,4.22
2006-07-28,6.4,6.42,6.5,6.08,32283.0,20269352.0,6.56,0.31,0.02,5.36
2006-07-31,6.32,6.09,6.37,6.03,24117.0,14925276.0,5.3,-5.14,-0.33,4.01
2006-08-01,6.06,5.84,6.23,5.83,23290.0,13995515.0,6.57,-4.11,-0.25,3.87
2006-08-02,5.83,5.81,5.94,5.64,22554.0,13043759.0,5.14,-0.51,-0.03,3.75
2006-08-03,5.8,5.9,5.97,5.78,15343.0,9017477.0,3.27,1.55,0.09,2.55
2006-08-04,5.95,5.54,5.98,5.5,18119.0,10420099.0,8.14,-6.1,-0.36,3.01
2006-08-07,5.39,5.39,5.6,5.36,15023.0,8202121.5,4.33,-2.71,-0.15,2.5
2006-08-08,5.41,5.74,5.75,5.41,25234.0,14052135.0,6.31,6.49,0.35,4.19
2006-08-09,5.75,5.79,5.9,5.64,23766.0,13722032.0,4.53,0.87,0.05,3.95
2006-08-10,5.79,5.8,5.88,5.75,12418.0,7223872.0,2.25,0.17,0.01,2.06
2006-08-11,5.8,5.9,5.99,5.77,21621.0,12760370.0,3.79,1.72,0.1,3.59
2006-08-14,5.9,5.56,5.98,5.55,17034.0,9756459.0,7.29,-5.76,-0.34,2.83
2006-08-15,5.54,5.75,5.75,5.48,11231.0,6361747.0,4.86,3.42,0.19,1.87
2006-08-16,5.78,5.85,5.92,5.72,11710.0,6838888.0,3.48,1.74,0.1,1.95
2006-08-17,5.78,5.69,5.81,5.61,10768.0,6135336.5,3.42,-2.74,-0.16,1.79
2006-08-18,5.61,5.7,5.79,5.61,9324.0,5337414.5,3.16,0.18,0.01,1.55
2006-08-21,5.45,5.81,5.85,5.41,19400.0,10962165.0,7.72,1.93,0.11,3.22
2006-08-22,5.77,5.97,6.02,5.75,26784.0,15856859.0,4.65,2.75,0.16,4.45
2006-08-24,5.96,5.94,5.99,5.8,15821.0,9376284.0,3.18,-0.5,-0.03,2.63
2006-08-25,5.95,6.09,6.2,5.89,29232.0,17839210.0,5.22,2.53,0.15,4.86
2006-08-28,6.11,6.43,6.49,6.11,39585.0,25208306.0,6.24,5.58,0.34,6.58
2006-08-29,6.44,6.33,6.62,6.22,40549.0,26212910.0,6.22,-1.56,-0.1,6.74
2006-08-30,6.28,6.64,6.65,6.25,42914.0,28013258.0,6.32,4.9,0.31,7.13
2006-08-31,6.62,6.9,7.07,6.56,67909.0,46698520.0,7.68,3.92,0.26,11.28
2006-09-01,6.87,6.68,6.96,6.55,48936.0,32998964.0,5.94,-3.19,-0.22,8.13
2006-09-04,6.72,7.35,7.35,6.71,83328.0,59842656.0,9.58,10.03,0.67,13.84
2006-09-05,7.35,7.33,7.69,7.13,91340.0,67504728.0,7.62,-0.27,-0.02,15.17
2006-09-06,7.2,7.06,7.2,6.72,85035.0,59397044.0,6.55,-3.68,-0.27,14.13
2006-09-07,7.01,6.86,7.1,6.83,32168.0,22331704.0,3.82,-2.83,-0.2,5.34
2006-09-08,6.88,6.82,7.03,6.79,27487.0,18957624.0,3.5,-0.58,-0.04,4.57
2006-09-11,6.81,6.97,6.97,6.58,30350.0,20589980.0,5.72,2.2,0.15,5.04
2006-09-12,6.97,6.95,7.1,6.9,29663.0,20735790.0,2.87,-0.29,-0.02,4.93
2006-09-13,6.91,6.67,6.97,6.67,19044.0,12937599.0,4.32,-4.03,-0.28,3.16
2006-09-14,6.62,6.9,6.94,6.59,21129.0,14242117.0,5.25,3.45,0.23,3.51
2006-09-15,6.85,6.91,7.0,6.82,19953.0,13806536.0,2.61,0.14,0.01,3.31
2006-09-18,6.95,7.14,7.26,6.95,38760.0,27728950.0,4.49,3.33,0.23,6.44
2006-09-19,7.1,7.05,7.14,6.96,24180.0,17022504.0,2.52,-1.26,-0.09,4.02
2006-09-20,7.0,6.98,7.1,6.86,18199.0,12697001.0,3.4,-0.99,-0.07,3.02
2006-09-21,6.94,6.93,7.17,6.85,33484.0,23415202.0,4.58,-0.72,-0.05,5.56
2006-09-22,6.94,6.91,6.99,6.85,19435.0,13439936.0,2.02,-0.29,-0.02,3.23
2006-09-25,6.85,6.68,6.9,6.66,22654.0,15276500.0,3.47,-3.33,-0.23,3.76
2006-09-26,6.7,6.72,6.85,6.69,12954.0,8747806.0,2.4,0.6,0.04,2.15
2006-09-27,6.72,6.84,6.88,6.72,10418.0,7099151.5,2.38,1.79,0.12,1.73
2006-09-28,6.84,6.84,6.86,6.71,15006.0,10172610.0,2.19,0.0,0.0,2.49
2006-09-29,6.83,6.85,6.94,6.76,19859.0,13634428.0,2.63,0.15,0.01,3.3
2006-10-09,6.96,6.89,7.0,6.84,17605.0,12140797.0,2.34,0.58,0.04,2.92
2006-10-10,6.86,6.8,6.97,6.8,15630.0,10734771.0,2.47,-1.31,-0.09,2.6
2006-10-12,6.8,6.54,6.83,6.5,27713.0,18287870.0,4.85,-3.82,-0.26,4.6
2006-10-13,6.46,6.5,6.64,6.46,13545.0,8842130.0,2.75,-0.61,-0.04,2.25
2006-10-16,6.52,6.73,6.73,6.52,13972.0,9256125.0,3.23,3.54,0.23,2.32
2006-10-17,6.72,6.61,6.81,6.6,18661.0,12530061.0,3.12,-1.78,-0.12,3.1
2006-10-18,6.58,6.7,6.72,6.5,10707.0,7095986.5,3.33,1.36,0.09,1.78
2006-10-19,6.7,6.7,6.75,6.61,8864.0,5913245.5,2.09,0.0,0.0,1.47
2006-10-20,6.67,6.57,6.69,6.55,8997.0,5943534.0,2.09,-1.94,-0.13,1.49
2006-10-23,6.57,6.36,6.71,6.36,12984.0,8404525.0,5.33,-3.2,-0.21,2.16
2006-10-24,6.36,6.51,6.53,6.31,9239.0,5952066.0,3.46,2.36,0.15,1.53
2006-10-25,6.53,6.45,6.55,6.43,9916.0,6421657.5,1.84,-0.92,-0.06,1.65
2006-10-26,6.45,6.6,6.7,6.35,19391.0,12713264.0,5.43,2.33,0.15,3.22
2006-10-27,6.55,6.65,6.69,6.49,14757.0,9737211.0,3.03,0.76,0.05,2.45
2006-10-30,6.65,6.52,6.71,6.42,8648.0,5652714.5,4.36,-1.95,-0.13,1.44
2006-10-31,6.52,6.5,6.59,6.42,7827.0,5085094.5,2.61,-0.31,-0.02,1.3
2006-11-01,6.5,6.41,6.5,6.37,12097.0,7767762.0,2.0,-1.38,-0.09,2.01
2006-11-02,6.42,6.32,6.46,6.2,13644.0,8601118.0,4.06,-1.4,-0.09,2.27
2006-11-03,6.3,6.36,6.38,6.21,12468.0,7832358.0,2.69,0.63,0.04,2.07
2006-11-06,6.29,6.21,6.35,6.18,12172.0,7585930.5,2.67,-2.36,-0.15,2.02
2006-11-07,6.19,6.0,6.23,5.98,17164.0,10364607.0,4.03,-3.38,-0.21,2.85
2006-11-08,5.95,6.0,6.08,5.86,9793.0,5840024.0,3.67,0.0,0.0,1.63
2006-11-09,5.99,6.2,6.32,5.98,17450.0,10831831.0,5.67,3.33,0.2,2.9
2006-11-10,6.2,6.06,6.23,6.06,9270.0,5671397.0,2.74,-2.26,-0.14,1.54
2006-11-13,6.05,5.95,6.25,5.88,7048.0,4257705.5,6.11,-1.82,-0.11,1.17
2006-11-14,5.9,6.14,6.14,5.9,11698.0,6978078.5,4.03,3.19,0.19,1.94
2006-11-15,6.1,6.15,6.21,5.97,9748.0,5952864.0,3.91,0.16,0.01,1.62
2006-11-16,6.18,6.0,6.18,5.98,10534.0,6370578.5,3.25,-2.44,-0.15,1.75
2006-11-17,5.98,5.85,5.99,5.81,14988.0,8804591.0,3.0,-2.5,-0.15,2.49
2006-11-20,5.89,5.8,5.89,5.67,13402.0,7735620.0,3.76,-0.85,-0.05,2.23
2006-11-21,5.8,5.76,5.82,5.64,9729.0,5565801.5,3.1,-0.69,-0.04,1.62
2006-11-22,5.78,5.97,6.13,5.78,18326.0,11010708.0,6.08,3.65,0.21,3.04
2006-11-23,6.01,6.06,6.1,5.94,19163.0,11549997.0,2.68,1.51,0.09,3.18
2006-11-24,6.02,6.26,6.3,6.0,17355.0,10729708.0,4.95,3.3,0.2,2.88
2006-11-27,6.21,6.28,6.35,6.2,10553.0,6613174.0,2.4,0.32,0.02,1.75
2006-11-28,6.26,6.5,6.58,6.21,28254.0,18069898.0,5.89,3.5,0.22,4.69
2006-11-29,6.39,6.43,6.59,6.27,19087.0,12359765.0,4.92,-1.08,-0.07,3.17
2006-11-30,6.41,6.49,6.53,6.35,19171.0,12402596.0,2.8,0.93,0.06,3.18
2006-12-01,6.46,6.49,6.53,6.39,22653.0,14637854.0,2.16,0.0,0.0,3.76
2006-12-04,6.49,6.56,6.7,6.45,20543.0,13538855.0,3.85,1.08,0.07,3.41
2006-12-05,6.6,6.71,6.71,6.47,27689.0,18281460.0,3.66,2.29,0.15,4.6
2006-12-06,6.7,6.45,6.7,6.28,20163.0,13082455.0,6.26,-3.87,-0.26,3.35
2006-12-07,6.45,6.23,6.49,6.23,17434.0,11055914.0,4.03,-3.41,-0.22,2.9
2006-12-08,6.2,6.1,6.33,6.09,12853.0,7971114.0,3.85,-2.09,-0.13,2.14
2006-12-11,6.09,6.3,6.33,6.09,8117.0,5031297.0,3.93,3.28,0.2,1.35
2006-12-12,6.33,6.55,6.75,6.2,28453.0,18513874.0,8.73,3.97,0.25,4.73
2006-12-13,6.51,6.36,6.51,6.21,18979.0,12142142.0,4.58,-2.9,-0.19,3.15
2006-12-14,6.35,6.54,6.58,6.31,15154.0,9795063.0,4.25,2.83,0.18,2.52
2006-12-15,6.53,6.55,6.68,6.48,17173.0,11288918.0,3.06,0.15,0.01,2.85
2006-12-18,6.6,6.86,6.96,6.58,42829.0,29202134.0,5.8,4.73,0.31,7.11
2006-12-19,6.84,6.8,6.88,6.62,26141.0,17678500.0,3.79,-0.87,-0.06,4.34
2006-12-20,6.68,6.86,6.86,6.55,25386.0,17191494.0,4.56,0.88,0.06,4.22
2006-12-21,6.8,6.6,6.85,6.57,23108.0,15535488.0,4.08,-3.79,-0.26,3.84
2006-12-22,6.58,6.51,6.64,6.48,16026.0,10473834.0,2.42,-1.36,-0.09,2.66
2006-12-25,6.51,6.59,6.79,6.49,14425.0,9574561.0,4.61,1.23,0.08,2.4
2006-12-26,6.58,6.42,6.58,6.38,13984.0,9035463.0,3.03,-2.58,-0.17,2.32
2006-12-27,6.4,6.51,6.62,6.35,10825.0,7021899.5,4.21,1.4,0.09,1.8
2006-12-28,6.57,6.27,6.57,6.25,14108.0,9000472.0,4.92,-3.69,-0.24,2.34
2006-12-29,6.28,6.35,6.39,6.28,19951.0,12624258.0,1.75,1.28,0.08,3.31
2007-01-05,6.43,6.74,6.76,6.42,34682.0,23023640.0,5.35,6.14,0.39,5.76
2007-01-08,6.74,7.04,7.15,6.68,43519.0,30364294.0,6.97,4.45,0.3,7.23
2007-01-09,7.04,7.05,7.23,7.0,37326.0,26408894.0,3.27,0.14,0.01,6.2
2007-01-10,7.03,7.24,7.25,6.99,42348.0,30221788.0,3.69,2.7,0.19,7.04
2007-01-11,7.22,7.4,7.7,7.12,57065.0,42700512.0,8.01,2.21,0.16,9.48
2007-01-12,7.4,7.0,7.4,6.95,40568.0,29082480.0,6.08,-5.41,-0.4,6.74
2007-01-15,6.93,7.55,7.61,6.91,37897.0,28057608.0,10.0,7.86,0.55,6.3
2007-01-16,7.58,7.79,7.85,7.47,47232.0,36623176.0,5.03,3.18,0.24,7.85
2007-01-17,7.74,8.0,8.37,7.72,64175.0,51532184.0,8.34,2.7,0.21,10.66
2007-01-18,8.0,8.39,8.39,7.85,46139.0,37496544.0,6.75,4.88,0.39,7.66
2007-01-19,8.49,8.38,8.86,8.33,62378.0,53284868.0,6.32,-0.12,-0.01,10.36
2007-01-22,8.45,8.76,8.85,8.42,57054.0,49219352.0,5.13,4.53,0.38,9.48
2007-01-23,8.73,8.49,8.8,8.1,44325.0,37370672.0,7.99,-3.08,-0.27,7.36
2007-01-24,8.39,8.38,8.45,8.2,29610.0,24752006.0,2.94,-1.3,-0.11,4.92
2007-01-25,8.25,7.98,8.36,7.95,37474.0,30485528.0,4.89,-4.77,-0.4,6.23
2007-01-26,7.85,8.0,8.01,7.55,36167.0,28191742.0,5.76,0.25,0.02,6.01
2007-01-29,8.01,8.22,8.3,8.01,24741.0,20175140.0,3.63,2.75,0.22,4.11
2007-01-30,8.24,8.19,8.32,8.0,27348.0,22257656.0,3.89,-0.36,-0.03,4.54
2007-01-31,8.05,7.67,8.18,7.58,27672.0,21863722.0,7.33,-6.35,-0.52,4.6
2007-02-01,7.53,7.64,7.79,7.47,23158.0,17642208.0,4.17,-0.39,-0.03,3.85
2007-02-02,7.66,7.39,7.72,7.39,20282.0,15277189.0,4.32,-3.27,-0.25,3.37
2007-02-05,7.36,7.55,7.61,7.35,13263.0,9934996.0,3.52,2.17,0.16,2.2
2007-02-06,7.6,7.8,7.87,7.55,18591.0,14400356.0,4.24,3.31,0.25,3.09
2007-02-07,7.86,7.79,7.9,7.7,19976.0,15562834.0,2.56,-0.13,-0.01,3.32
2007-02-08,7.81,8.09,8.2,7.72,30110.0,24268644.0,6.16,3.85,0.3,5.0
2007-02-09,8.1,8.14,8.2,8.0,18291.0,14796557.0,2.47,0.62,0.05,3.04
2007-02-12,8.25,8.22,8.38,8.18,19919.0,16439634.0,2.46,0.98,0.08,3.31
2007-02-13,8.26,8.26,8.3,8.1,21179.0,17322288.0,2.43,0.49,0.04,3.52
2007-02-14,8.23,8.39,8.45,8.23,25909.0,21655014.0,2.66,1.57,0.13,4.3
2007-02-15,8.38,8.65,8.7,8.31,40006.0,34009176.0,4.65,3.1,0.26,6.65
2007-02-16,8.66,8.69,8.98,8.53,38545.0,33698240.0,5.2,0.46,0.04,6.4
2007-02-26,8.8,9.11,9.17,8.53,42371.0,37775068.0,7.36,4.83,0.42,7.04
2007-02-27,9.1,8.2,9.15,8.2,51582.0,45019356.0,10.43,-9.99,-0.91,8.57
2007-02-28,7.81,8.44,8.57,7.81,34213.0,28295556.0,9.27,2.93,0.24,5.68
2007-03-01,8.44,8.11,8.44,8.02,27229.0,22369374.0,4.98,-3.91,-0.33,4.52
2007-03-02,8.11,8.4,8.49,8.11,26761.0,22365028.0,4.69,3.58,0.29,4.45
2007-03-05,8.43,9.0,9.05,8.33,61830.0,54168628.0,8.57,7.14,0.6,10.27
2007-03-06,8.9,9.0,9.3,8.68,56348.0,50963152.0,6.89,0.0,0.0,9.36
2007-03-07,9.0,9.31,9.46,9.0,53230.0,49442740.0,5.11,3.44,0.31,8.84
2007-03-08,9.3,9.4,9.49,9.13,42699.0,39846480.0,3.87,0.97,0.09,7.09
2007-03-09,9.37,9.66,9.87,9.09,69722.0,66258420.0,8.3,2.77,0.26,11.58
2007-03-12,9.6,9.68,9.88,9.37,52733.0,50895708.0,5.28,0.21,0.02,8.76
2007-03-13,9.65,9.46,9.65,9.42,41065.0,39082572.0,2.38,-2.27,-0.22,6.82
2007-03-14,9.34,10.41,10.41,9.13,105129.0,106046536.0,13.53,10.04,0.95,17.46
2007-03-15,10.2,10.5,10.97,10.11,89127.0,94196144.0,8.26,0.86,0.09,14.81
2007-03-16,10.5,10.19,10.81,9.82,63104.0,65517456.0,9.43,-2.95,-0.31,10.48
2007-03-19,9.85,10.55,10.76,9.81,56606.0,59274492.0,9.32,3.53,0.36,9.4
2007-03-20,10.55,11.44,11.61,10.55,67949.0,76597968.0,10.05,8.44,0.89,11.29
2007-03-21,11.44,12.03,12.18,11.3,61750.0,72714992.0,7.69,5.16,0.59,10.26
2007-03-22,12.28,13.02,13.23,12.05,84170.0,106690448.0,9.81,8.23,0.99,13.98
2007-03-23,13.03,14.32,14.32,12.8,109997.0,151804096.0,11.67,9.98,1.3,18.27
2007-03-26,14.35,15.75,15.75,14.35,64012.0,97709480.0,9.78,9.99,1.43,10.63
2007-03-27,16.48,15.73,17.28,15.0,172405.0,279358912.0,14.48,-0.13,-0.02,28.64
2007-03-28,15.69,16.58,17.1,14.73,146828.0,231508688.0,15.07,5.4,0.85,24.39
2007-03-29,16.08,15.59,16.37,15.3,83980.0,133355064.0,6.45,-5.97,-0.99,13.95
2007-03-30,15.15,15.56,16.0,14.93,45119.0,70033640.0,6.86,-0.19,-0.03,7.5
2007-04-02,15.5,15.66,15.8,15.3,35028.0,54502560.0,3.21,0.64,0.1,5.82
2007-04-03,15.7,15.9,16.25,15.5,58906.0,93877192.0,4.79,1.53,0.24,9.79
2007-04-04,15.8,16.19,16.5,15.51,78487.0,125248344.0,6.23,1.82,0.29,13.04
2007-04-05,16.03,16.1,16.5,15.78,66591.0,107732088.0,4.45,-0.56,-0.09,11.06
2007-04-06,15.8,15.96,16.4,15.73,57357.0,92075696.0,4.16,-0.87,-0.14,9.53
2007-04-09,15.95,17.12,17.12,15.83,109051.0,179844896.0,8.08,7.27,1.16,18.12
2007-04-10,17.19,17.58,17.96,16.81,102907.0,179672048.0,6.72,2.69,0.46,17.1
2007-04-11,17.78,17.3,17.78,17.01,59972.0,103555696.0,4.38,-1.59,-0.28,9.96
2007-04-12,17.3,17.34,17.58,17.01,60655.0,104486448.0,3.29,0.23,0.04,10.08
2007-04-13,17.29,16.69,17.3,16.6,68884.0,116919216.0,4.04,-3.75,-0.65,11.44
2007-04-16,16.69,17.24,17.49,16.65,50900.0,87375408.0,5.03,3.3,0.55,8.46
2007-04-17,16.88,16.79,16.97,16.04,89807.0,148212192.0,5.39,-2.61,-0.45,14.92
2007-04-19,16.6,16.99,17.25,16.15,80619.0,135114080.0,6.55,1.19,0.2,13.39
2007-04-20,16.97,18.36,18.63,16.88,116545.0,205901360.0,10.3,8.06,1.37,19.36
2007-04-23,18.51,19.36,19.51,18.51,100136.0,191948384.0,5.45,5.45,1.0,16.63
2007-04-24,19.33,18.6,19.33,18.51,84907.0,159534240.0,4.24,-3.93,-0.76,14.11
2007-04-25,18.6,17.98,18.6,17.5,51663.0,93076960.0,5.91,-3.33,-0.62,8.58
2007-04-26,17.88,18.12,18.48,17.76,32231.0,58371776.0,4.0,0.78,0.14,5.35
2007-04-27,18.12,17.44,18.13,17.22,46832.0,82132440.0,5.02,-3.75,-0.68,7.78
2007-04-30,17.45,16.99,17.75,16.4,55133.0,93437408.0,7.74,-2.58,-0.45,9.16
2007-05-09,17.2,17.1,17.4,16.3,65042.0,109409088.0,6.47,0.65,0.11,10.8
2007-05-10,17.08,17.09,17.38,16.56,47127.0,80161688.0,4.8,-0.06,-0.01,7.83
2007-05-11,16.9,17.13,17.47,16.68,42943.0,73928744.0,4.62,0.23,0.04,7.13
2007-05-14,16.8,16.73,17.02,16.71,37924.0,63677960.0,1.81,-2.34,-0.4,6.3
2007-05-15,16.74,16.3,17.38,16.3,42039.0,71019776.0,6.46,-2.57,-0.43,6.98
2007-05-16,16.16,16.35,16.67,15.88,34572.0,55896100.0,4.85,0.31,0.05,5.74
2007-05-17,16.34,16.93,17.22,16.11,52534.0,88016816.0,6.79,3.55,0.58,8.73
2007-05-18,16.83,16.6,16.9,16.45,30442.0,50627004.0,2.66,-1.95,-0.33,5.06
2007-05-21,16.01,16.39,16.6,15.87,45908.0,74858536.0,4.4,-1.27,-0.21,7.63
2007-05-22,16.5,16.64,16.75,16.3,48794.0,80944104.0,2.75,1.53,0.25,8.11
2007-05-23,16.72,17.9,17.9,16.72,96009.0,165848528.0,7.09,7.57,1.26,15.95
2007-05-24,17.9,17.16,17.9,16.8,71075.0,122381992.0,6.15,-4.13,-0.74,11.81
2007-05-25,17.14,17.25,17.5,16.71,56088.0,95885440.0,4.6,0.52,0.09,9.32
2007-05-28,17.25,17.5,17.8,17.24,71572.0,125620800.0,3.25,1.45,0.25,11.89
2007-05-29,17.52,18.26,18.49,17.5,98824.0,177944768.0,5.66,4.34,0.76,16.42
2007-05-30,17.0,18.18,19.6,16.81,159845.0,294270400.0,15.28,-0.44,-0.08,26.55
2007-05-31,18.2,18.58,19.2,16.36,136974.0,248444688.0,15.62,2.2,0.4,22.75
2007-06-01,18.6,19.83,20.44,18.45,223045.0,442149760.0,10.71,6.73,1.25,37.05
2007-06-04,17.85,17.85,17.85,17.85,3587.0,6402795.0,0.0,-9.98,-1.98,0.6
2007-06-05,16.07,16.07,16.07,16.07,22508.0,36170356.0,0.0,-9.97,-1.78,3.74
2007-06-06,14.5,16.06,16.68,14.5,106682.0,167945536.0,13.57,-0.06,-0.01,17.72
2007-06-07,15.67,16.39,16.47,14.8,96721.0,154978480.0,10.4,2.05,0.33,16.07
2007-06-08,16.24,16.23,16.68,16.0,64510.0,105281496.0,4.15,-0.98,-0.16,10.72
2007-06-11,16.23,17.85,17.85,16.23,92382.0,158418528.0,9.98,9.98,1.62,15.35
2007-06-12,18.18,17.89,18.32,16.8,97738.0,174069712.0,8.52,0.22,0.04,16.24
2007-06-13,18.05,18.47,19.3,17.7,69731.0,129092648.0,8.94,3.24,0.58,11.58
2007-06-14,18.4,17.94,18.88,17.91,56225.0,102747504.0,5.25,-2.87,-0.53,9.34
2007-06-15,17.45,17.42,18.0,17.0,45352.0,79638040.0,5.57,-2.9,-0.52,7.53
2007-06-18,17.9,18.08,18.38,17.6,42081.0,75639192.0,4.48,3.79,0.66,6.99
2007-06-19,18.12,18.52,18.99,17.88,55757.0,103607464.0,6.14,2.43,0.44,9.26
2007-06-20,18.7,17.91,19.28,17.8,56590.0,106050224.0,7.99,-3.29,-0.61,9.4
2007-06-21,18.0,18.94,19.02,17.58,52055.0,94646560.0,8.04,5.75,1.03,8.65
2007-06-22,19.1,19.1,20.0,18.1,128039.0,246561184.0,10.03,0.84,0.16,21.27
2007-06-25,19.65,19.8,21.0,18.5,157472.0,315890432.0,13.09,3.66,0.7,26.16
2007-06-26,18.5,18.5,19.4,17.82,87733.0,160618848.0,7.98,-6.57,-1.3,14.57
2007-06-27,18.6,19.73,20.1,18.1,81667.0,156906240.0,10.81,6.65,1.23,13.57
2007-06-28,19.5,20.3,21.5,19.26,158119.0,325917312.0,11.35,2.89,0.57,26.27
2007-06-29,19.4,19.97,20.89,18.27,113203.0,221550160.0,12.91,-1.63,-0.33,18.81
2007-07-02,20.3,18.95,20.58,18.22,78539.0,150857808.0,11.82,-5.11,-1.02,13.05
2007-07-03,19.05,18.24,19.16,17.36,72280.0,130188944.0,9.5,-3.75,-0.71,12.01
2007-07-04,18.16,17.95,18.8,17.36,43321.0,78285416.0,7.89,-1.59,-0.29,7.2
2007-07-05,17.4,16.16,17.79,16.16,61739.0,102279584.0,9.08,-9.97,-1.79,10.26
2007-07-06,15.2,16.68,16.9,14.6,69522.0,109068168.0,14.23,3.22,0.52,11.55
2007-07-09,16.7,17.08,17.5,16.23,58385.0,98272032.0,7.61,2.4,0.4,9.7
2007-07-10,16.9,15.88,17.0,15.8,46818.0,76030208.0,7.03,-7.03,-1.2,7.78
2007-07-11,15.7,15.95,16.19,15.4,20734.0,32887794.0,4.97,0.44,0.07,3.44
2007-07-12,15.98,16.3,16.79,15.88,26036.0,42811264.0,5.71,2.19,0.35,4.33
2007-07-13,16.2,16.26,16.5,16.0,15506.0,25191354.0,3.07,-0.25,-0.04,2.58
2007-07-16,16.26,15.3,16.26,15.3,20378.0,32100914.0,5.9,-5.9,-0.96,3.39
2007-07-17,15.27,15.5,15.66,14.9,18458.0,28296018.0,4.97,1.31,0.2,3.07
2007-07-18,15.3,15.85,16.25,15.3,23560.0,37418740.0,6.13,2.26,0.35,3.91
2007-07-19,15.86,15.86,16.15,15.6,14122.0,22460912.0,3.47,0.06,0.01,2.35
2007-07-20,15.9,16.45,16.5,15.9,25879.0,42296496.0,3.78,3.72,0.59,4.3
2007-07-23,16.66,17.09,17.25,16.35,37843.0,64109352.0,5.47,3.89,0.64,6.29
2007-07-24,17.2,18.07,18.8,17.06,79922.0,145148928.0,10.18,5.73,0.98,13.28
2007-07-25,18.0,18.41,19.11,17.9,49304.0,91191912.0,6.7,1.88,0.34,8.19
2007-07-26,18.42,18.42,18.8,17.9,37870.0,69403000.0,4.89,0.05,0.01,6.29
2007-07-27,18.3,18.59,18.85,17.95,33673.0,62190712.0,4.89,0.92,0.17,5.59
2007-07-30,18.5,19.33,19.82,18.35,48357.0,93276600.0,7.91,3.98,0.74,8.03
2007-07-31,19.34,19.04,19.38,18.76,38711.0,73578592.0,3.21,-1.5,-0.29,6.43
2007-08-01,19.15,18.0,19.7,17.9,44372.0,83432040.0,9.45,-5.46,-1.04,7.37
2007-08-02,18.2,19.8,19.8,18.2,86945.0,167654704.0,8.89,10.0,1.8,14.44
2007-08-03,20.3,21.78,21.78,20.1,120044.0,252761792.0,8.48,10.0,1.98,19.94
2007-08-06,22.86,22.7,23.96,22.16,139365.0,321705536.0,8.26,4.22,0.92,23.15
2007-08-07,22.91,24.97,24.97,22.03,137361.0,326706432.0,12.95,10.0,2.27,22.82
2007-08-08,24.5,23.7,26.4,23.0,156290.0,387247392.0,13.62,-5.09,-1.27,25.96
2007-08-09,21.68,22.16,23.0,21.52,125624.0,278176384.0,6.24,-6.5,-1.54,20.87
2007-08-10,21.9,20.1,21.9,19.96,98664.0,202203680.0,8.75,-9.3,-2.06,16.39
2007-08-13,19.8,20.18,20.78,19.54,54224.0,109591208.0,6.17,0.4,0.08,9.01
2007-08-14,20.15,20.8,21.19,20.0,41837.0,87083144.0,5.9,3.07,0.62,6.95
2007-08-15,20.9,20.29,21.15,19.81,40043.0,80945144.0,6.44,-2.45,-0.51,6.65
2007-08-16,20.05,20.34,20.8,19.55,34652.0,70169368.0,6.16,0.25,0.05,5.76
2007-08-17,20.3,20.55,21.0,20.3,37689.0,78005696.0,3.44,1.03,0.21,6.26
2007-08-20,20.88,22.0,22.0,20.7,55430.0,118279752.0,6.33,7.06,1.45,9.21
2007-08-21,22.1,21.58,22.3,21.5,37103.0,80442912.0,3.64,-1.91,-0.42,6.16
2007-08-22,20.9,21.55,21.98,20.83,36166.0,77095752.0,5.33,-0.14,-0.03,6.01
2007-08-23,21.35,21.16,21.67,21.0,32313.0,68719960.0,3.11,-1.81,-0.39,5.37
2007-08-24,21.1,20.77,21.4,20.58,37341.0,78083312.0,3.88,-1.84,-0.39,6.2
2007-08-27,20.72,20.9,21.39,20.12,41299.0,85712048.0,6.11,0.63,0.13,6.86
2007-08-28,20.74,20.32,20.74,20.1,28889.0,58735608.0,3.06,-2.78,-0.58,4.8
2007-08-29,20.2,20.48,20.93,20.12,25556.0,52679528.0,3.99,0.79,0.16,4.25
2007-08-30,20.48,21.28,21.58,20.4,44071.0,93098544.0,5.76,3.91,0.8,7.32
2007-08-31,21.28,20.96,21.55,20.9,31054.0,65629364.0,3.05,-1.5,-0.32,5.16
2007-09-03,20.9,21.27,21.64,20.86,30427.0,64717532.0,3.72,1.48,0.31,5.05
2007-09-04,21.3,22.2,22.8,21.17,64759.0,143042736.0,7.66,4.37,0.93,10.76
2007-09-05,22.3,21.8,22.5,21.3,32893.0,71471288.0,5.41,-1.8,-0.4,5.46
2007-09-06,21.8,22.27,22.54,21.53,48502.0,106967600.0,4.63,2.16,0.47,8.06
2007-09-07,21.8,23.05,23.98,21.41,98939.0,227515552.0,11.54,3.5,0.78,16.44
2007-09-10,22.8,24.49,24.5,22.3,80863.0,193927888.0,9.54,6.25,1.44,13.43
2007-09-11,24.5,22.04,24.66,22.04,59359.0,139062496.0,10.7,-10.0,-2.45,9.86
2007-09-12,21.95,21.05,22.15,20.0,50039.0,104818648.0,9.75,-4.49,-0.99,8.31
2007-09-13,20.97,21.32,21.36,20.45,28496.0,59498644.0,4.32,1.28,0.27,4.73
2007-09-14,21.32,21.25,21.5,20.8,25517.0,53739356.0,3.28,-0.33,-0.07,4.24
2007-09-17,21.2,21.68,22.0,20.86,32677.0,69923224.0,5.36,2.02,0.43,5.43
2007-09-18,21.7,22.6,23.09,21.7,40291.0,90900544.0,6.41,4.24,0.92,6.69
2007-09-19,22.79,21.67,22.96,21.49,28139.0,61782144.0,6.5,-4.12,-0.93,4.67
2007-09-20,21.69,21.4,22.03,21.0,21489.0,46024452.0,4.75,-1.25,-0.27,3.57
2007-09-21,21.41,21.42,21.74,20.78,21108.0,44729928.0,4.49,0.09,0.02,3.51
2007-09-24,21.44,21.95,22.49,21.44,28974.0,63826744.0,4.9,2.47,0.53,4.81
2007-09-25,21.96,21.43,22.32,21.15,19512.0,42379144.0,5.33,-2.37,-0.52,3.24
2007-09-26,21.39,21.0,21.65,20.9,17788.0,37597868.0,3.5,-2.01,-0.43,2.95
2007-09-27,21.0,20.75,21.28,20.62,17214.0,35779104.0,3.14,-1.19,-0.25,2.86
2007-09-28,20.82,20.95,21.29,20.82,18939.0,39734636.0,2.27,0.96,0.2,3.15
2007-10-08,21.25,20.18,21.3,20.0,28470.0,57743728.0,6.21,-3.68,-0.77,4.73
2007-10-09,20.0,20.42,20.55,20.0,16177.0,32653272.0,2.73,1.19,0.24,2.69
2007-10-10,20.43,20.08,20.44,20.02,19614.0,39396772.0,2.06,-1.67,-0.34,3.26
2007-10-11,20.15,19.16,20.3,19.16,28135.0,54695120.0,5.68,-4.58,-0.92,4.67
2007-10-12,19.19,18.47,19.3,17.3,40505.0,73544432.0,10.44,-3.6,-0.69,6.73
2007-10-15,18.4,18.66,18.97,17.85,23654.0,43337832.0,6.06,1.03,0.19,3.93
2007-10-16,18.68,18.73,18.98,17.5,17691.0,32546842.0,7.93,0.38,0.07,2.94
2007-10-17,18.76,18.8,19.27,18.25,13925.0,26381166.0,5.45,0.37,0.07,2.31
2007-10-18,19.02,18.85,19.38,18.61,22518.0,43127144.0,4.1,0.27,0.05,3.74
2007-10-19,18.85,18.12,19.04,18.1,13806.0,25346216.0,4.99,-3.87,-0.73,2.29
2007-10-22,18.05,17.91,18.49,17.69,10769.0,19619202.0,4.42,-1.16,-0.21,1.79
2007-10-23,18.15,18.2,18.78,18.0,13278.0,24388270.0,4.36,1.62,0.29,2.21
2007-10-24,18.32,17.8,18.35,17.6,14037.0,25140376.0,4.12,-2.2,-0.4,2.33
2007-10-25,17.81,16.4,17.81,16.03,20672.0,34335500.0,10.0,-7.87,-1.4,3.43
2007-10-26,16.18,16.07,16.61,15.55,13518.0,21617254.0,6.46,-2.01,-0.33,2.25
2007-10-29,16.07,15.43,16.2,15.03,13804.0,21463486.0,7.28,-3.98,-0.64,2.29
2007-10-30,15.6,16.87,16.9,15.6,14568.0,23772828.0,8.43,9.33,1.44,2.42
2007-10-31,16.88,17.26,17.64,16.88,15406.0,26669136.0,4.51,2.31,0.39,2.56
2007-11-01,17.31,16.65,17.49,16.51,10630.0,17796392.0,5.68,-3.53,-0.61,1.77
2007-11-02,16.5,16.7,16.99,16.05,8881.0,14741216.0,5.65,0.3,0.05,1.48
2007-11-05,16.5,16.62,17.1,16.5,6369.0,10714022.0,3.59,-0.48,-0.08,1.06
2007-11-06,16.62,16.89,17.07,16.62,5734.0,9689429.0,2.71,1.62,0.27,0.95
2007-11-07,16.9,16.65,17.29,16.5,4265.0,7124306.5,4.68,-1.42,-0.24,0.71
2007-11-08,16.66,16.48,16.97,16.48,6808.0,11374692.0,2.94,-1.02,-0.17,1.13
2007-11-09,16.61,15.92,16.86,15.6,7119.0,11453518.0,7.65,-3.4,-0.56,1.18
2007-11-12,15.5,15.84,16.17,15.45,6872.0,10778288.0,4.52,-0.5,-0.08,1.14
2007-11-13,15.9,15.9,16.36,15.7,6175.0,9880018.0,4.17,0.38,0.06,1.03
2007-11-14,16.02,16.39,16.44,16.0,6132.0,9964517.0,2.77,3.08,0.49,1.02
2007-11-15,16.42,15.9,16.55,15.9,7203.0,11658380.0,3.97,-2.99,-0.49,1.2
2007-11-16,15.9,16.05,16.18,15.85,4821.0,7717244.0,2.08,0.94,0.15,0.8
2007-11-19,16.23,17.66,17.66,16.02,26403.0,46119456.0,10.22,10.03,1.61,4.39
2007-11-20,18.1,18.25,19.05,17.7,51891.0,95231304.0,7.64,3.34,0.59,8.62
2007-11-21,18.19,18.55,19.0,17.73,29458.0,54399320.0,6.96,1.64,0.3,4.89
2007-11-22,18.19,17.78,18.85,17.7,21899.0,39919332.0,6.2,-4.15,-0.77,3.64
2007-11-23,17.5,18.66,18.87,17.33,22157.0,40199220.0,8.66,4.95,0.88,3.68
2007-11-26,18.75,18.5,19.3,18.45,25572.0,48216336.0,4.56,-0.86,-0.16,4.25
2007-11-27,18.29,17.9,18.78,17.9,11539.0,21035568.0,4.76,-3.24,-0.6,1.92
2007-11-28,17.91,17.9,18.45,17.63,7886.0,14154377.0,4.58,0.0,0.0,1.31
2007-11-29,18.2,18.52,18.69,17.88,12505.0,22990090.0,4.53,3.46,0.62,2.08
2007-11-30,18.48,18.8,19.2,18.48,32800.0,62317224.0,3.89,1.51,0.28,5.45
2007-12-03,18.4,19.81,20.4,18.25,35520.0,69773128.0,11.44,5.37,1.01,5.9
2007-12-04,19.6,19.73,20.0,19.32,21109.0,41520680.0,3.43,-0.4,-0.08,3.51
2007-12-05,19.8,20.15,20.5,19.71,25215.0,51174256.0,4.0,2.13,0.42,4.19
2007-12-06,19.99,20.43,20.52,19.85,24993.0,50519208.0,3.33,1.39,0.28,4.15
2007-12-07,20.43,20.47,20.68,20.1,24060.0,48928016.0,2.84,0.2,0.04,4.0
2007-12-10,20.06,21.85,22.15,20.0,50044.0,106322000.0,10.5,6.74,1.38,8.31
2007-12-11,21.7,21.32,22.1,21.2,42794.0,92141512.0,4.12,-2.43,-0.53,7.11
2007-12-12,21.32,21.59,22.0,21.08,30411.0,65915656.0,4.32,1.27,0.27,5.05
2007-12-13,21.58,20.41,21.77,20.4,26536.0,55769480.0,6.35,-5.47,-1.18,4.41
2007-12-14,20.02,21.9,22.25,19.88,40203.0,84787248.0,11.61,7.3,1.49,6.68
2007-12-18,21.5,22.16,22.5,21.0,45839.0,100812624.0,6.85,1.19,0.26,7.61
2007-12-19,22.2,22.38,23.04,21.95,43740.0,98996672.0,4.92,0.99,0.22,7.27
2007-12-20,22.3,22.2,22.88,22.03,26378.0,58943968.0,3.8,-0.8,-0.18,4.38
2007-12-21,22.1,22.23,22.45,21.8,25228.0,55588292.0,2.93,0.14,0.03,4.19
2007-12-24,22.23,22.56,22.61,22.0,30414.0,68218448.0,2.74,1.48,0.33,5.05
2007-12-25,22.51,22.1,22.73,22.0,24638.0,54735788.0,3.24,-2.04,-0.46,4.09
2007-12-26,22.02,23.45,23.96,22.0,56404.0,130579648.0,8.87,6.11,1.35,9.37
2007-12-27,23.19,23.27,23.82,23.13,29859.0,69815376.0,2.94,-0.77,-0.18,4.96
2007-12-28,23.44,24.26,24.6,23.44,54176.0,130838552.0,4.98,4.25,0.99,9.0
2008-01-02,24.95,26.69,26.69,24.6,108710.0,285820416.0,8.62,10.02,2.43,18.06
2008-01-03,26.69,27.38,28.58,25.81,106285.0,293244096.0,10.38,2.59,0.69,17.66
2008-01-04,27.38,27.66,28.28,26.0,60950.0,165045600.0,8.33,1.02,0.28,10.13
2008-01-07,26.98,27.14,27.79,26.6,40785.0,110431952.0,4.3,-1.88,-0.52,6.78
2008-01-08,27.0,26.37,27.0,25.48,69621.0,182242288.0,5.6,-2.84,-0.77,11.57
2008-01-09,25.98,26.63,26.85,25.81,28063.0,74139416.0,3.94,0.99,0.26,4.66
2008-01-10,26.95,26.48,27.27,26.3,29777.0,79652032.0,3.64,-0.56,-0.15,4.95
2008-01-11,26.8,25.97,26.8,25.8,25236.0,65915436.0,3.78,-1.93,-0.51,4.19
2008-01-14,25.77,26.36,27.0,25.21,29634.0,78287080.0,6.89,1.5,0.39,4.92
2008-01-15,26.36,25.82,26.6,25.7,24707.0,64038860.0,3.41,-2.05,-0.54,4.1
2008-01-16,25.7,25.93,26.52,25.52,26757.0,70108824.0,3.87,0.43,0.11,4.45
2008-01-17,25.85,24.5,26.3,23.8,35246.0,87639072.0,9.64,-5.51,-1.43,5.86
2008-01-18,24.48,24.77,25.07,23.9,22157.0,54083248.0,4.78,1.1,0.27,3.68
2008-01-21,24.82,23.1,24.98,22.33,19356.0,46677788.0,10.7,-6.74,-1.67,3.22
2008-01-22,22.4,20.79,22.4,20.79,31850.0,67763656.0,6.97,-10.0,-2.31,5.29
2008-01-23,20.6,22.87,22.87,20.6,37109.0,81002880.0,10.92,10.0,2.08,6.16
2008-01-24,22.96,23.85,24.45,22.96,42712.0,101527456.0,6.52,4.29,0.98,7.1
2008-01-25,23.74,23.55,23.8,23.0,20927.0,49055292.0,3.35,-1.26,-0.3,3.48
2008-01-28,23.4,21.2,23.4,21.2,25864.0,56268352.0,9.34,-9.98,-2.35,4.3
2008-01-29,21.35,22.6,23.23,21.35,25963.0,58009952.0,8.87,6.6,1.4,4.31
2008-01-30,22.89,22.45,23.22,21.65,20509.0,46270464.0,6.95,-0.66,-0.15,3.41
2008-01-31,22.75,22.61,23.38,22.05,25379.0,58247212.0,5.92,0.71,0.16,4.22
2008-02-01,22.61,21.57,22.83,20.6,19246.0,41540000.0,9.86,-4.6,-1.04,3.2
2008-02-04,22.57,23.73,23.73,22.12,26401.0,61330656.0,7.46,10.01,2.16,4.39
2008-02-05,23.89,24.62,25.4,23.02,39766.0,97502240.0,10.03,3.75,0.89,6.61
2008-02-13,24.7,24.1,25.09,23.52,26293.0,64680156.0,6.38,-2.11,-0.52,4.37
2008-02-14,24.32,24.35,24.9,24.0,13298.0,32444908.0,3.73,1.04,0.25,2.21
2008-02-15,24.35,23.4,24.35,23.0,22280.0,52070156.0,5.54,-3.9,-0.95,3.7
2008-02-18,23.72,23.72,24.28,23.5,16105.0,38357176.0,3.33,1.37,0.32,2.68
2008-02-19,23.61,24.14,24.3,23.2,18852.0,45117892.0,4.64,1.77,0.42,3.13
2008-02-20,24.22,23.85,24.74,23.71,19286.0,46737028.0,4.27,-1.2,-0.29,3.2
2008-02-21,23.79,23.54,23.88,22.8,17232.0,40220676.0,4.53,-1.3,-0.31,2.86
2008-02-22,23.26,23.48,23.84,23.0,15561.0,36275624.0,3.57,-0.25,-0.06,2.59
2008-02-25,23.7,21.69,23.7,21.58,17410.0,39097720.0,9.03,-7.62,-1.79,2.89
2008-02-26,22.1,22.36,22.97,21.25,13656.0,30060140.0,7.93,3.09,0.67,2.27
2008-02-27,22.3,22.6,22.8,22.02,8889.0,20072724.0,3.49,1.07,0.24,1.48
2008-02-28,22.71,22.42,22.81,22.01,8130.0,18258656.0,3.54,-0.8,-0.18,1.35
2008-02-29,22.44,23.49,23.6,22.22,20022.0,46590300.0,6.16,4.77,1.07,3.33
2008-03-03,23.2,23.91,24.33,22.9,22679.0,54215140.0,6.09,1.79,0.42,3.77
2008-03-04,23.75,23.79,24.44,23.6,23211.0,55737096.0,3.51,-0.5,-0.12,3.86
2008-03-05,23.6,23.22,23.92,22.5,20470.0,47277316.0,5.97,-2.4,-0.57,3.4
2008-03-06,23.22,25.54,25.54,23.0,92955.0,232721040.0,10.94,9.99,2.32,15.44
2008-03-07,25.3,24.48,25.5,24.16,48764.0,120953568.0,5.25,-4.15,-1.06,8.1
2008-03-10,23.96,23.5,24.8,23.18,30815.0,74173272.0,6.62,-4.0,-0.98,5.12
2008-03-11,23.13,24.2,24.2,23.1,19572.0,46256288.0,4.68,2.98,0.7,3.25
2008-03-12,25.0,24.15,25.1,23.92,24467.0,60093632.0,4.88,-0.21,-0.05,4.06
2008-03-13,23.68,23.2,24.44,22.6,25130.0,58859840.0,7.62,-3.93,-0.95,4.17
2008-03-14,23.1,22.9,23.53,22.3,15220.0,34892656.0,5.3,-1.29,-0.3,2.53
2008-03-17,22.09,20.61,22.88,20.61,23201.0,49718388.0,9.91,-10.0,-2.29,3.85
2008-03-18,20.15,18.55,20.51,18.55,23270.0,44585944.0,9.51,-10.0,-2.06,3.87
2008-03-19,19.1,19.77,20.1,18.7,23884.0,46602812.0,7.55,6.58,1.22,3.97
2008-03-20,19.5,21.75,21.75,18.69,42739.0,89156160.0,15.48,10.02,1.98,7.1
2008-03-21,22.42,22.75,23.85,22.0,59348.0,137175648.0,8.51,4.6,1.0,9.86
2008-03-24,23.43,22.6,23.98,22.5,40428.0,94123328.0,6.51,-0.66,-0.15,6.72
2008-03-25,21.9,23.15,23.16,21.63,24798.0,56279308.0,6.77,2.43,0.55,4.12
2008-03-26,23.18,22.68,23.5,22.47,17779.0,40756412.0,4.45,-2.03,-0.47,2.95
2008-03-27,22.18,20.8,22.45,20.8,26160.0,56364664.0,7.28,-8.29,-1.88,4.35
2008-03-28,20.26,21.98,22.18,18.95,29052.0,60937124.0,15.53,5.67,1.18,4.83
2008-03-31,21.5,21.39,22.49,21.0,22096.0,48226456.0,6.78,-2.68,-0.59,3.67
2008-04-01,21.2,19.29,21.78,19.28,28723.0,57265284.0,11.69,-9.82,-2.1,4.77
2008-04-02,19.44,18.0,20.0,17.68,25748.0,47898560.0,12.03,-6.69,-1.29,4.28
2008-04-03,17.51,18.55,19.0,17.4,16436.0,29895008.0,8.89,3.06,0.55,2.73
2008-04-07,18.55,19.61,19.7,18.01,14324.0,27501324.0,9.11,5.71,1.06,2.38
2008-04-08,19.61,20.62,21.38,19.5,26500.0,54282972.0,9.59,5.15,1.01,4.4
2008-04-09,20.45,18.9,20.76,18.68,23218.0,45968252.0,10.09,-8.34,-1.72,3.86
2008-04-10,18.5,19.46,19.5,18.45,13572.0,25929212.0,5.56,2.96,0.56,2.25
2008-04-11,19.62,20.49,21.16,19.62,25421.0,51923012.0,7.91,5.29,1.03,4.22
2008-04-14,19.8,18.99,20.19,18.81,20179.0,39133924.0,6.73,-7.32,-1.5,3.35
2008-04-15,19.1,19.99,20.0,19.01,17533.0,34519024.0,5.21,5.27,1.0,2.91
2008-04-16,20.0,19.62,20.24,19.28,12892.0,25631026.0,4.8,-1.85,-0.37,2.14
2008-04-17,19.58,19.47,20.17,19.06,9758.0,19099168.0,5.66,-0.76,-0.15,1.62
2008-04-18,19.18,18.37,19.5,18.09,14190.0,26515230.0,7.24,-5.65,-1.1,2.36
2008-04-22,18.3,18.0,18.3,17.01,15945.0,28004652.0,7.02,-2.01,-0.37,2.65
2008-04-23,18.02,18.88,18.99,17.6,14262.0,26322362.0,7.72,4.89,0.88,2.37
2008-04-24,20.75,20.77,20.77,20.0,41493.0,85229448.0,4.08,10.01,1.89,6.89
2008-04-25,20.79,21.23,22.19,20.32,44979.0,96838704.0,9.0,2.21,0.46,7.47
2008-04-28,20.6,21.82,22.5,20.28,53337.0,116568112.0,10.46,2.78,0.59,8.86
2008-04-29,21.52,21.5,22.12,21.1,29772.0,63879120.0,4.67,-1.47,-0.32,4.95
2008-04-30,21.83,22.53,23.0,21.83,52688.0,118282696.0,5.44,4.79,1.03,8.75
2008-05-05,22.54,22.55,22.93,22.3,44794.0,100920128.0,2.8,0.09,0.02,7.44
2008-05-06,22.2,22.55,23.5,21.53,47805.0,106171320.0,8.74,0.0,0.0,7.94
2008-05-07,22.38,21.1,22.4,21.08,26991.0,59048956.0,5.85,-6.43,-1.45,4.48
2008-05-08,20.7,21.39,21.5,20.58,18771.0,39765360.0,4.36,1.37,0.29,3.12
2008-05-09,21.5,21.54,21.92,21.0,26719.0,57307552.0,4.3,0.7,0.15,4.44
2008-05-12,21.01,21.74,21.93,20.91,21234.0,45848432.0,4.74,0.93,0.2,3.53
2008-05-13,20.87,20.34,21.45,20.3,31737.0,65830752.0,5.29,-6.44,-1.4,5.27
2008-05-14,20.0,20.63,20.85,19.95,18137.0,37286180.0,4.42,1.43,0.29,3.01
2008-05-15,20.61,20.53,21.2,20.0,27803.0,57708596.0,5.82,-0.48,-0.1,4.62
2008-05-16,20.4,20.3,20.89,20.04,18403.0,37493396.0,4.14,-1.12,-0.23,3.06
2008-05-19,20.49,20.0,20.49,19.69,13143.0,26206644.0,3.94,-1.48,-0.3,2.18
2008-05-20,20.2,19.3,20.5,18.98,18028.0,36014948.0,7.6,-3.5,-0.7,2.99
2008-05-21,18.97,20.08,20.25,18.38,19617.0,37302260.0,9.69,4.04,0.78,3.26
2008-05-22,19.85,19.71,20.49,19.35,15943.0,31911468.0,5.68,-1.84,-0.37,2.65
2008-05-23,19.52,19.0,19.92,18.49,9835.0,18810916.0,7.26,-3.6,-0.71,1.63
2008-05-26,18.95,18.58,19.0,18.48,9636.0,17923076.0,2.74,-2.21,-0.42,1.6
2008-05-27,18.58,18.8,19.08,18.56,6129.0,11538512.0,2.8,1.18,0.22,1.02
2008-05-28,18.81,19.57,19.8,18.71,10410.0,20062392.0,5.8,4.1,0.77,1.73
2008-05-29,19.5,18.8,19.5,18.8,8279.0,15812402.0,3.58,-3.93,-0.77,1.38
2008-05-30,18.88,19.09,19.18,18.51,7936.0,15025924.0,3.56,1.54,0.29,1.32
2008-06-02,19.01,19.07,19.49,18.6,8413.0,16118679.0,4.66,-0.1,-0.02,1.4
2008-06-03,19.1,19.7,20.0,18.75,19080.0,37198740.0,6.55,3.3,0.63,3.17
2008-06-04,19.58,19.18,19.58,18.91,9556.0,18376364.0,3.4,-2.64,-0.52,1.59
2008-06-05,19.3,19.2,19.5,19.0,8614.0,16640476.0,2.61,0.1,0.02,1.43
2008-06-06,19.15,19.29,19.62,19.05,9058.0,17573902.0,2.97,0.47,0.09,1.5
2008-06-10,18.4,17.36,18.82,17.36,13652.0,24368204.0,7.57,-10.01,-1.93,2.27
2008-06-11,17.35,17.1,17.5,16.42,11460.0,19435704.0,6.22,-1.5,-0.26,1.9
2008-06-12,17.1,16.36,17.4,16.0,11860.0,19830596.0,8.19,-4.33,-0.74,1.97
2008-06-13,16.36,15.2,16.7,15.2,11358.0,17892806.0,9.17,-7.09,-1.16,1.89
2008-06-16,15.21,14.29,15.69,13.81,12534.0,18086482.0,12.37,-5.99,-0.91,2.08
2008-06-17,14.2,12.86,14.5,12.86,14803.0,19874120.0,11.48,-10.01,-1.43,2.46
2008-06-18,12.8,14.15,14.15,11.7,27416.0,35938500.0,19.05,10.03,1.29,4.55
2008-06-19,14.18,12.79,14.9,12.75,32835.0,46134812.0,15.19,-9.61,-1.36,5.45
2008-06-20,12.9,13.55,13.81,11.81,26549.0,35335184.0,15.64,5.94,0.76,4.41
2008-06-23,13.5,13.6,14.1,12.93,16052.0,21834596.0,8.63,0.37,0.05,2.67
2008-06-24,13.4,14.96,14.96,13.4,38786.0,56588332.0,11.47,10.0,1.36,6.44
2008-06-25,15.2,16.46,16.46,15.2,59755.0,95007768.0,8.42,10.03,1.5,9.93
2008-06-26,16.52,16.9,17.48,16.1,61786.0,104987544.0,8.38,2.67,0.44,10.26
2008-06-27,16.08,15.64,16.67,15.21,43566.0,68865720.0,8.64,-7.46,-1.26,7.24
2008-06-30,15.65,17.2,17.2,15.29,82367.0,139636160.0,12.21,9.97,1.56,13.68
2008-07-01,17.6,18.92,18.92,17.6,111487.0,204229440.0,7.67,10.0,1.72,18.52
2008-07-02,18.8,19.44,20.48,18.13,113663.0,221887120.0,12.42,2.75,0.52,18.88
2008-07-03,18.95,21.38,21.38,18.6,108242.0,220515280.0,14.3,9.98,1.94,17.98
2008-07-04,21.41,23.52,23.52,21.41,120455.0,275967680.0,9.87,10.01,2.14,20.01
2008-07-07,24.5,25.25,25.87,24.5,208433.0,527691552.0,5.82,7.36,1.73,34.63
2008-07-08,23.51,24.69,25.2,23.4,181848.0,442008256.0,7.13,-2.22,-0.56,30.21
2008-07-09,24.3,24.19,25.38,23.65,159575.0,388659776.0,7.01,-2.03,-0.5,26.51
2008-07-10,23.7,22.74,25.18,22.74,150105.0,361978080.0,10.09,-5.99,-1.45,24.94
2008-07-11,22.65,22.16,23.2,21.39,131561.0,292014784.0,7.96,-2.55,-0.58,21.86
2008-07-14,22.21,22.81,22.98,21.76,98364.0,220732080.0,5.51,2.93,0.65,16.34
2008-07-15,22.6,25.09,25.09,20.88,253755.0,594460672.0,18.46,10.0,2.28,42.15
2008-07-16,24.0,23.31,25.8,22.58,206645.0,505034752.0,12.83,-7.09,-1.78,34.33
2008-07-17,22.96,21.0,23.8,21.0,124758.0,275459104.0,12.01,-9.91,-2.31,20.73
2008-07-18,20.5,21.66,22.45,19.42,131485.0,276870592.0,14.43,3.14,0.66,21.84
2008-07-21,21.0,22.32,23.12,20.51,122902.0,272035520.0,12.05,3.05,0.66,20.42
2008-07-22,22.0,22.3,23.5,21.82,88098.0,199640576.0,7.53,-0.09,-0.02,14.64
2008-07-23,22.27,21.76,22.58,21.61,63914.0,140324176.0,4.35,-2.42,-0.54,10.62
2008-07-24,21.8,21.94,22.35,21.5,58444.0,127800096.0,3.91,0.83,0.18,9.71
2008-07-25,21.6,22.56,23.0,21.5,100294.0,226368512.0,6.84,2.83,0.62,16.66
2008-07-28,22.83,22.6,23.16,22.5,66147.0,150672528.0,2.93,0.18,0.04,10.99
2008-07-29,22.3,21.48,22.35,21.2,53192.0,115389640.0,5.09,-4.96,-1.12,8.84
2008-07-30,21.75,21.62,21.98,21.3,33834.0,73205472.0,3.17,0.65,0.14,5.62
2008-07-31,21.75,20.31,21.79,20.3,43376.0,90128480.0,6.89,-6.06,-1.31,7.21
2008-08-01,20.28,22.34,22.34,19.68,131109.0,287544768.0,13.1,10.0,2.03,21.78
2008-08-04,23.39,24.57,24.57,22.7,194682.0,462424576.0,8.37,9.98,2.23,32.34
2008-08-05,24.0,23.03,24.5,22.6,123097.0,289031776.0,7.73,-6.27,-1.54,20.45
2008-08-06,23.15,25.09,25.21,23.15,151990.0,371842816.0,8.94,8.94,2.06,25.25
2008-08-07,25.13,27.58,27.58,24.2,176499.0,457056672.0,13.47,9.92,2.49,29.32
2008-08-08,27.6,25.7,29.79,24.88,219826.0,605841984.0,17.8,-6.82,-1.88,36.52
2008-08-11,24.88,23.13,24.88,23.13,21596.0,50706680.0,6.81,-10.0,-2.57,3.59
2008-08-12,20.82,20.82,20.82,20.82,3042.0,6333444.0,0.0,-9.99,-2.31,0.51
2008-08-13,18.74,19.35,20.73,18.74,161549.0,306783232.0,9.56,-7.06,-1.47,26.84
2008-08-14,19.0,17.42,19.29,17.42,144753.0,260054256.0,9.66,-9.97,-1.93,24.05
2008-08-18,16.88,15.68,17.47,15.68,135072.0,220828960.0,10.28,-9.99,-1.74,22.44
2008-08-19,15.06,15.8,16.46,14.6,136548.0,214026608.0,11.86,0.77,0.12,22.68
2008-08-20,15.5,16.54,17.17,15.49,179775.0,296948096.0,10.63,4.68,0.74,29.86
2008-08-21,15.7,14.89,16.17,14.89,143614.0,222384656.0,7.74,-9.98,-1.65,23.86
2008-08-22,14.06,15.8,16.3,13.4,208097.0,303840256.0,19.48,6.11,0.91,34.57
2008-08-25,15.05,14.44,15.88,14.3,132074.0,198821280.0,10.0,-8.61,-1.36,21.94
2008-08-26,13.8,13.0,14.28,13.0,106481.0,142691728.0,8.86,-9.97,-1.44,17.69
2008-08-27,12.7,13.2,13.7,12.12,114867.0,149593440.0,12.15,1.54,0.2,19.08
2008-08-28,12.8,12.93,13.5,12.6,86646.0,113580952.0,6.82,-2.05,-0.27,14.39
2008-08-29,12.83,12.95,13.39,12.73,75793.0,99273960.0,5.1,0.15,0.02,12.59
2008-09-01,12.8,13.42,13.8,12.29,142437.0,188402128.0,11.66,3.63,0.47,23.66
2008-09-02,13.2,13.27,13.76,12.85,88741.0,118368008.0,6.78,-1.12,-0.15,14.74
2008-09-03,13.17,13.45,13.73,12.8,92466.0,123004064.0,7.01,1.36,0.18,15.36
2008-09-04,13.15,12.96,13.36,12.9,60598.0,79314088.0,3.42,-3.64,-0.49,10.07
2008-09-05,12.35,11.66,12.55,11.66,86556.0,103486184.0,6.87,-10.03,-1.3,14.38
2008-09-08,11.21,10.49,11.55,10.49,67349.0,73716640.0,9.09,-10.03,-1.17,11.19
2008-09-09,10.18,10.19,10.45,9.8,74042.0,74810824.0,6.2,-2.86,-0.3,12.3
2008-09-10,10.13,10.84,11.2,9.82,120441.0,129376296.0,13.54,6.38,0.65,20.01
2008-09-11,10.84,10.39,10.84,10.2,74540.0,78331184.0,5.9,-4.15,-0.45,12.38
2008-09-12,10.16,9.91,10.49,9.9,63583.0,64732648.0,5.68,-4.62,-0.48,10.56
2008-09-16,9.93,9.12,9.98,8.99,74002.0,68622520.0,9.99,-7.97,-0.79,12.29
2008-09-17,9.08,9.42,9.85,9.0,72450.0,67866920.0,9.32,3.29,0.3,12.04
2008-09-18,9.21,9.04,9.3,8.62,62260.0,55614316.0,7.22,-4.03,-0.38,10.34
2008-09-19,9.69,9.94,9.94,9.6,76976.0,75823208.0,3.76,9.96,0.9,12.79
2008-09-22,10.7,10.93,10.93,10.06,143054.0,151813760.0,8.75,9.96,0.99,23.76
2008-09-23,10.72,10.18,10.72,10.01,80934.0,83994432.0,6.5,-6.86,-0.75,13.45
2008-09-24,9.92,11.2,11.2,9.78,145475.0,158219008.0,13.95,10.02,1.02,24.17
2008-09-25,11.75,11.6,11.97,11.19,182608.0,210961408.0,6.96,3.57,0.4,30.34
2008-09-26,11.55,10.88,11.55,10.68,124123.0,136193888.0,7.5,-6.21,-0.72,20.62
2008-10-06,10.75,9.79,10.75,9.79,68630.0,68977752.0,8.82,-10.02,-1.09,11.4
2008-10-07,9.15,9.39,10.02,8.9,74499.0,69705616.0,11.44,-4.09,-0.4,12.38
2008-10-08,9.18,8.7,9.3,8.6,49551.0,44205720.0,7.45,-7.35,-0.69,8.23
2008-10-09,8.98,8.61,9.05,8.6,39341.0,34538832.0,5.17,-1.03,-0.09,6.54
2008-10-10,8.01,7.75,8.21,7.75,40015.0,31269954.0,5.34,-9.99,-0.86,6.65
2008-10-13,7.21,7.5,7.51,6.98,75629.0,54281792.0,6.84,-3.23,-0.25,12.56
2008-10-14,7.72,7.76,8.16,7.3,107786.0,82776304.0,11.47,3.47,0.26,17.91
2008-10-15,7.48,7.05,7.48,7.02,52697.0,38181028.0,5.93,-9.15,-0.71,8.75
2008-10-16,6.56,6.35,6.65,6.35,49118.0,31415860.0,4.26,-9.93,-0.7,8.16
2008-10-20,6.1,6.44,6.75,5.95,61559.0,39283336.0,12.6,1.42,0.09,10.23
2008-10-21,6.4,6.36,6.67,6.26,53316.0,34356920.0,6.37,-1.24,-0.08,8.86
2008-10-22,6.1,6.02,6.39,6.01,40052.0,24669416.0,5.97,-5.35,-0.34,6.65
2008-10-23,6.08,6.62,6.62,6.06,77572.0,50514104.0,9.3,9.97,0.6,12.89
2008-10-24,6.95,6.3,7.03,6.3,114511.0,76672064.0,11.03,-4.83,-0.32,19.02
2008-10-27,5.95,5.67,5.95,5.67,57052.0,32770886.0,4.44,-10.0,-0.63,9.48
2008-10-28,5.3,5.58,5.81,5.13,57927.0,31713966.0,11.99,-1.59,-0.09,9.62
2008-10-29,5.72,5.08,5.72,5.07,44886.0,24020800.0,11.65,-8.96,-0.5,7.46
2008-10-30,5.1,5.1,5.33,5.0,41249.0,21294448.0,6.5,0.39,0.02,6.85
2008-10-31,5.15,5.07,5.29,5.01,35923.0,18550490.0,5.49,-0.59,-0.03,5.97
2008-11-03,5.0,4.76,5.0,4.7,39499.0,18980884.0,5.92,-6.11,-0.31,6.56
2008-11-04,4.72,4.66,4.85,4.6,26906.0,12642779.0,5.25,-2.1,-0.1,4.47
2008-11-05,4.69,4.76,4.95,4.69,46715.0,22441498.0,5.58,2.15,0.1,7.76
2008-11-07,4.47,4.82,4.99,4.4,56433.0,26753786.0,12.39,1.26,0.06,9.37
2008-11-10,4.82,5.14,5.18,4.79,76194.0,38256120.0,8.09,6.64,0.32,12.66
2008-11-11,5.08,5.35,5.49,5.0,104024.0,54590092.0,9.53,4.09,0.21,17.28
2008-11-12,5.3,5.41,5.45,5.26,59213.0,31667018.0,3.55,1.12,0.06,9.84
2008-11-13,5.42,5.75,5.95,5.34,141574.0,81639368.0,11.28,6.28,0.34,23.52
2008-11-14,5.68,6.04,6.08,5.55,139005.0,81722712.0,9.22,5.04,0.29,23.09
2008-11-17,6.07,6.25,6.34,6.0,98682.0,60815268.0,5.63,3.48,0.21,16.39
2008-11-18,6.21,5.8,6.21,5.63,102835.0,60639764.0,9.28,-7.2,-0.45,17.08
2008-11-19,5.76,6.3,6.35,5.7,88412.0,53299472.0,11.21,8.62,0.5,14.69
2008-11-20,6.41,6.93,6.93,6.25,177366.0,117533400.0,10.79,10.0,0.63,29.46
2008-11-21,6.84,7.23,7.39,6.61,194593.0,138817744.0,11.26,4.33,0.3,32.33
2008-11-24,7.19,6.52,7.19,6.51,101328.0,67690800.0,9.41,-9.82,-0.71,16.83
2008-11-25,6.55,6.15,6.64,5.9,69547.0,43166004.0,11.35,-5.67,-0.37,11.55
2008-11-26,6.11,6.01,6.15,5.8,46175.0,27558930.0,5.69,-2.28,-0.14,7.67
2008-11-27,6.35,5.93,6.43,5.93,59807.0,37121640.0,8.32,-1.33,-0.08,9.94
2008-11-28,5.87,6.05,6.2,5.71,52449.0,31354612.0,8.26,2.02,0.12,8.71
2008-12-01,6.0,6.18,6.23,5.78,52245.0,31594874.0,7.44,2.15,0.13,8.68
2008-12-02,6.02,6.55,6.65,5.97,96135.0,61903528.0,11.0,5.99,0.37,15.97
2008-12-03,6.52,6.97,7.0,6.48,103462.0,69019848.0,7.94,6.41,0.42,17.19
2008-12-04,7.26,6.82,7.27,6.73,137545.0,97504592.0,7.75,-2.15,-0.15,22.85
2008-12-05,6.68,6.94,6.98,6.58,77645.0,53063804.0,5.87,1.76,0.12,12.9
2008-12-08,7.04,7.63,7.63,7.0,140907.0,104169112.0,9.08,9.94,0.69,23.41
2008-12-09,7.65,7.45,7.89,7.42,134397.0,102897048.0,6.16,-2.36,-0.18,22.33
2008-12-10,7.58,7.86,7.95,7.45,115052.0,89166784.0,6.71,5.5,0.41,19.11
2008-12-11,7.75,7.5,7.93,7.5,78602.0,60104664.0,5.47,-4.58,-0.36,13.06
2008-12-12,7.45,6.85,7.45,6.75,75422.0,52800756.0,9.33,-8.67,-0.65,12.53
2008-12-15,6.9,7.39,7.48,6.65,60457.0,42156552.0,12.12,7.88,0.54,10.04
2008-12-16,7.12,7.21,7.34,6.88,46943.0,33472130.0,6.22,-2.44,-0.18,7.8
2008-12-17,7.22,7.24,7.49,7.18,57788.0,42520852.0,4.3,0.42,0.03,9.6
2008-12-18,7.2,7.47,7.58,7.01,84794.0,62763292.0,7.87,3.18,0.23,14.09
2008-12-19,7.4,7.53,7.82,7.35,86119.0,65790668.0,6.29,0.8,0.06,14.31
2008-12-22,7.5,7.9,8.0,7.35,108737.0,84190968.0,8.63,4.91,0.37,18.06
2008-12-23,7.9,7.11,7.9,7.11,84362.0,63237056.0,10.0,-10.0,-0.79,14.01
2008-12-24,6.97,7.08,7.28,6.76,58519.0,40885816.0,7.31,-0.42,-0.03,9.72
2008-12-25,7.04,6.95,7.27,6.85,44609.0,31460354.0,5.93,-1.84,-0.13,7.41
2008-12-26,7.0,6.68,7.07,6.67,44505.0,30235508.0,5.76,-3.88,-0.27,7.39
2008-12-29,6.55,6.39,6.66,6.25,36381.0,23227934.0,6.14,-4.34,-0.29,6.04
2008-12-30,6.4,6.12,6.55,6.11,42865.0,26990138.0,6.89,-4.23,-0.27,7.12
2008-12-31,6.13,5.99,6.18,5.88,39729.0,23864324.0,4.9,-2.12,-0.13,6.6
2009-01-05,6.1,6.25,6.3,6.01,37093.0,22929814.0,4.84,4.34,0.26,6.16
2009-01-06,6.25,6.49,6.64,6.15,45592.0,29235714.0,7.84,3.84,0.24,7.57
2009-01-07,6.49,6.6,6.8,6.4,44628.0,29379846.0,6.16,1.69,0.11,7.41
2009-01-08,6.46,6.57,6.78,6.43,42715.0,28171702.0,5.3,-0.45,-0.03,7.09
2009-01-09,6.5,6.65,6.67,6.5,42314.0,27975308.0,2.59,1.22,0.08,7.02
2009-01-12,6.67,6.83,6.85,6.67,53677.0,36330628.0,2.71,2.71,0.18,8.91
2009-01-13,6.78,6.58,6.78,6.46,33823.0,22306244.0,4.69,-3.66,-0.25,5.61
2009-01-14,6.63,6.79,6.8,6.51,41595.0,27932008.0,4.41,3.19,0.21,6.9
2009-01-15,6.8,7.13,7.21,6.79,89473.0,62943264.0,6.19,5.01,0.34,14.85
2009-01-16,7.15,7.12,7.44,7.1,74030.0,53645664.0,4.77,-0.14,-0.01,12.29
2009-01-19,7.15,7.25,7.39,7.01,69277.0,49853908.0,5.34,1.83,0.13,11.5
2009-01-20,7.24,7.11,7.24,7.03,34778.0,24728750.0,2.9,-1.93,-0.14,5.77
2009-01-21,7.02,6.91,7.09,6.88,34406.0,24092504.0,2.95,-2.81,-0.2,5.71
2009-01-22,6.89,6.9,7.01,6.85,31071.0,21456714.0,2.32,-0.14,-0.01,5.16
2009-01-23,6.85,6.89,6.99,6.85,25038.0,17379984.0,2.03,-0.14,-0.01,4.16
2009-02-02,6.99,7.12,7.17,6.86,41610.0,29386720.0,4.5,3.34,0.23,6.91
2009-02-03,7.1,7.3,7.36,7.01,72568.0,52342400.0,4.92,2.53,0.18,12.05
2009-02-04,7.3,7.6,7.68,7.21,105680.0,78645944.0,6.44,4.11,0.3,17.54
2009-02-05,7.57,7.59,7.98,7.45,124539.0,95873808.0,6.97,-0.13,-0.01,20.67
2009-02-06,7.53,7.9,7.96,7.53,109327.0,85647744.0,5.67,4.08,0.31,18.15
2009-02-09,8.12,8.2,8.2,7.81,116215.0,93265640.0,4.94,3.8,0.3,19.29
2009-02-10,8.15,9.02,9.02,8.02,130368.0,111004520.0,12.2,10.0,0.82,21.64
2009-02-11,9.42,9.92,9.92,9.39,215844.0,211744720.0,5.88,9.98,0.9,35.83
2009-02-12,10.3,10.91,10.91,9.45,248676.0,253391472.0,14.72,9.98,0.99,41.28
2009-02-13,10.92,11.14,11.78,10.9,198081.0,223903184.0,8.07,2.11,0.23,32.88
2009-02-16,11.0,11.71,11.8,10.8,163159.0,184283520.0,8.98,5.12,0.57,27.08
2009-02-17,11.48,11.0,11.59,10.99,112817.0,126954552.0,5.12,-6.06,-0.71,18.73
2009-02-18,10.59,10.28,10.98,10.25,98633.0,103865976.0,6.64,-6.55,-0.72,16.37
2009-02-19,10.32,10.45,10.55,9.97,79518.0,81511152.0,5.64,1.65,0.17,13.2
2009-02-20,10.48,10.85,10.89,10.47,107678.0,115719264.0,4.02,3.83,0.4,17.87
2009-02-24,11.15,10.81,11.48,10.8,140035.0,156738784.0,6.27,-0.37,-0.04,23.25
2009-02-25,10.78,10.31,10.97,10.1,67704.0,70348152.0,8.05,-4.63,-0.5,11.24
2009-02-26,10.2,9.76,10.86,9.28,63523.0,65539156.0,15.32,-5.33,-0.55,10.54
2009-02-27,9.5,8.78,9.7,8.78,57238.0,51616752.0,9.43,-10.04,-0.98,9.5
2009-03-02,8.5,8.92,9.0,8.5,45746.0,40545228.0,5.69,1.59,0.14,7.59
2009-03-03,8.64,9.18,9.39,8.55,58014.0,52243664.0,9.42,2.91,0.26,9.63
2009-03-04,9.25,9.81,9.89,9.12,66229.0,63273364.0,8.39,6.86,0.63,10.99
2009-03-05,9.99,10.15,10.3,9.8,81751.0,82052200.0,5.1,3.47,0.34,13.57
2009-03-06,9.99,10.62,10.84,9.8,98597.0,102708024.0,10.25,4.63,0.47,16.37
2009-03-09,10.52,9.62,10.81,9.6,84417.0,86226480.0,11.39,-9.42,-1.0,14.01
2009-03-10,9.58,9.88,9.93,9.17,43666.0,41721440.0,7.9,2.7,0.26,7.25
2009-03-11,10.17,9.68,10.18,9.6,43655.0,43389248.0,5.87,-2.02,-0.2,7.25
2009-03-12,9.68,9.9,9.99,9.2,46314.0,44339568.0,8.16,2.27,0.22,7.69
2009-03-13,9.89,9.65,10.12,9.53,43621.0,43148680.0,5.96,-2.53,-0.25,7.24
2009-03-16,9.53,10.08,10.1,9.36,56996.0,55641084.0,7.67,4.46,0.43,9.46
2009-03-17,10.08,10.36,10.48,9.99,80211.0,81910104.0,4.86,2.78,0.28,13.32
2009-03-18,10.4,10.76,11.07,10.21,115185.0,122728424.0,8.3,3.86,0.4,19.12
2009-03-19,10.72,10.81,11.0,10.51,83734.0,90534704.0,4.55,0.46,0.05,13.9
2009-03-20,10.82,10.67,10.95,10.31,83840.0,89021744.0,5.92,-1.3,-0.14,13.92
2009-03-23,10.21,11.18,11.44,10.21,138927.0,153912944.0,11.53,4.78,0.51,23.06
2009-03-24,11.23,10.99,11.34,10.81,85979.0,95375584.0,4.74,-1.7,-0.19,14.27
2009-03-25,10.85,10.77,11.28,10.77,81843.0,90082424.0,4.64,-2.0,-0.22,13.59
2009-03-26,10.72,10.94,11.0,10.51,57188.0,61862556.0,4.55,1.58,0.17,9.49
2009-03-27,10.94,10.85,11.06,10.74,66614.0,72568328.0,2.93,-0.82,-0.09,11.06
2009-03-30,10.85,10.55,10.85,10.41,49228.0,52096360.0,4.06,-2.76,-0.3,8.17
2009-03-31,10.36,10.62,10.65,10.29,39719.0,41682660.0,3.41,0.66,0.07,6.59
2009-04-01,10.66,10.98,11.1,10.65,76355.0,83764344.0,4.24,3.39,0.36,12.68
2009-04-02,11.2,10.92,11.2,10.88,73169.0,80778816.0,2.91,-0.55,-0.06,12.15
2009-04-03,10.93,10.6,11.02,10.55,57756.0,62171340.0,4.3,-2.93,-0.32,9.59
2009-04-07,10.62,11.12,11.19,10.62,69035.0,75700800.0,5.38,4.91,0.52,11.46
2009-04-08,11.06,11.2,11.79,11.0,160273.0,184265280.0,7.1,0.72,0.08,26.61
2009-04-09,11.19,12.32,12.32,11.1,190035.0,227278112.0,10.89,10.0,1.12,31.55
2009-04-10,12.95,12.75,13.12,12.4,200434.0,256077200.0,5.84,3.49,0.43,33.27
2009-04-13,12.69,12.81,12.96,12.48,148747.0,188811392.0,3.76,0.47,0.06,24.69
2009-04-14,12.7,12.48,12.74,12.21,115734.0,144154576.0,4.14,-2.58,-0.33,19.21
2009-04-15,12.35,12.73,12.82,11.93,120965.0,148776736.0,7.13,2.0,0.25,20.08
2009-04-16,12.61,12.25,12.7,12.18,83235.0,103550528.0,4.08,-3.77,-0.48,13.82
2009-04-20,12.14,12.55,12.82,12.07,96636.0,121549448.0,6.12,2.45,0.3,16.04
2009-04-21,12.3,12.85,12.9,12.21,96225.0,122451760.0,5.5,2.39,0.3,15.97
2009-04-22,13.01,13.6,14.0,12.8,177378.0,240012384.0,9.34,5.84,0.75,29.45
2009-04-23,13.01,13.1,13.35,12.24,97329.0,125114104.0,8.16,-3.68,-0.5,16.16
2009-04-24,13.08,12.71,13.5,12.6,81046.0,105721272.0,6.87,-2.98,-0.39,13.45
2009-04-27,12.71,11.5,12.81,11.5,68957.0,82505376.0,10.31,-9.52,-1.21,11.45
2009-04-28,11.2,11.0,11.39,10.7,68188.0,74792464.0,6.0,-4.35,-0.5,11.32
2009-04-29,10.99,11.25,11.38,10.51,56804.0,63208668.0,7.91,2.27,0.25,9.43
2009-04-30,11.28,11.36,11.54,11.28,54445.0,61965052.0,2.31,0.98,0.11,9.04
2009-05-04,11.35,11.62,11.85,10.82,80071.0,91106024.0,9.07,2.29,0.26,13.29
2009-05-05,11.6,11.66,11.8,11.41,63921.0,74506584.0,3.36,0.34,0.04,10.61
2009-05-06,11.71,12.03,12.16,11.63,66752.0,79803960.0,4.55,3.17,0.37,11.08
2009-05-07,12.06,11.61,12.18,11.5,63573.0,74592416.0,5.65,-3.49,-0.42,10.55
2009-05-08,11.54,11.35,11.54,11.2,45614.0,51790052.0,2.93,-2.24,-0.26,7.57
2009-05-11,11.25,11.1,11.51,11.1,40085.0,45358448.0,3.61,-2.2,-0.25,6.65
2009-05-12,11.0,11.33,11.36,10.8,31835.0,35081052.0,5.05,2.07,0.23,5.28
2009-05-13,11.26,11.21,11.33,11.05,30181.0,33792324.0,2.47,-1.06,-0.12,5.01
2009-05-14,11.2,11.25,11.36,11.06,27107.0,30502422.0,2.68,0.36,0.04,4.5
2009-05-15,11.3,11.51,11.6,11.26,42416.0,48455384.0,3.02,2.31,0.26,7.04
2009-05-18,11.41,11.28,11.43,11.06,31832.0,35764112.0,3.21,-2.0,-0.23,5.28
2009-05-19,11.27,11.32,11.4,11.2,37754.0,42572380.0,1.77,0.35,0.04,6.27
2009-05-20,11.3,11.35,11.59,11.21,46996.0,53852260.0,3.36,0.27,0.03,7.8
2009-05-21,11.42,11.0,11.49,10.92,37351.0,41662812.0,5.02,-3.08,-0.35,6.2
2009-05-22,10.9,10.79,10.94,10.67,28533.0,30776046.0,2.45,-1.91,-0.21,4.74
2009-05-25,10.65,10.6,10.66,10.4,25116.0,26436028.0,2.41,-1.76,-0.19,4.17
2009-05-26,10.64,10.74,10.93,10.6,25356.0,27353954.0,3.11,1.32,0.14,4.21
2009-05-27,10.74,10.83,11.06,10.74,23569.0,25685822.0,2.98,0.84,0.09,3.91
2009-06-01,10.83,10.91,11.0,10.68,33175.0,36020860.0,2.95,0.74,0.08,5.51
2009-06-02,10.92,10.94,11.0,10.82,36322.0,39668636.0,1.65,0.27,0.03,6.03
2009-06-03,10.97,11.07,11.16,10.9,32268.0,35655616.0,2.38,1.19,0.13,5.36
2009-06-04,11.04,10.75,11.05,10.68,38216.0,41290472.0,3.34,-2.89,-0.32,6.34
2009-06-05,10.76,10.82,10.9,10.74,24432.0,26461858.0,1.49,0.65,0.07,4.06
2009-06-08,10.83,11.04,11.05,10.65,39398.0,42947776.0,3.7,2.03,0.22,6.54
2009-06-09,11.03,12.14,12.14,10.97,162186.0,191214384.0,10.6,9.96,1.1,26.92
2009-06-10,12.3,11.74,12.47,11.69,116814.0,138945200.0,6.43,-3.29,-0.4,19.39
2009-06-11,11.76,11.72,12.09,11.5,73985.0,87038408.0,5.03,-0.17,-0.02,12.28
2009-06-12,11.6,11.04,11.6,10.8,60524.0,68198040.0,6.83,-5.8,-0.68,10.05
2009-06-15,11.0,11.14,11.3,10.81,33618.0,37176228.0,4.44,0.91,0.1,5.58
2009-06-16,11.0,11.17,11.3,10.89,29925.0,33299566.0,3.68,0.27,0.03,4.97
2009-06-17,11.01,11.18,11.25,11.0,29764.0,33048604.0,2.24,0.09,0.01,4.94
2009-06-18,11.19,11.27,11.3,11.13,35114.0,39408084.0,1.52,0.81,0.09,5.83
2009-06-19,11.31,11.17,11.36,11.03,34839.0,38914408.0,2.93,-0.89,-0.1,5.78
2009-06-22,11.21,11.53,11.6,11.14,55493.0,63516624.0,4.12,3.22,0.36,7.7
2009-06-23,11.4,11.65,11.8,11.29,62053.0,72239008.0,4.42,1.04,0.12,8.61
2009-06-24,11.77,11.58,11.8,11.4,44331.0,51107332.0,3.43,-0.6,-0.07,6.15
2009-06-25,11.53,11.88,12.09,11.33,92967.0,109411728.0,6.56,2.59,0.3,12.89
2009-06-26,11.78,11.62,11.86,11.57,40765.0,47555396.0,2.44,-2.19,-0.26,5.65
2009-06-29,11.71,11.53,11.75,11.48,33614.0,38846384.0,2.32,-0.77,-0.09,4.66
2009-06-30,11.54,11.28,11.62,11.25,37378.0,42501380.0,3.21,-2.17,-0.25,5.18
2009-07-01,11.29,11.38,11.5,11.29,26635.0,30271598.0,1.86,0.89,0.1,3.69
2009-07-02,11.39,11.49,11.56,11.2,38019.0,43343368.0,3.16,0.97,0.11,5.27
2009-07-03,11.5,11.38,11.5,11.29,36370.0,41334548.0,1.83,-0.96,-0.11,5.04
2009-07-06,11.44,11.82,11.99,11.39,84693.0,99707640.0,5.27,3.87,0.44,11.75
2009-07-07,11.62,11.61,11.78,11.51,46590.0,54021824.0,2.28,-1.78,-0.21,6.46
2009-07-08,11.54,11.64,11.7,11.45,32004.0,37027824.0,2.15,0.26,0.03,4.44
2009-07-09,11.64,11.93,12.09,11.6,80315.0,95715960.0,4.21,2.49,0.29,11.14
2009-07-10,11.84,11.92,12.05,11.77,57129.0,68048416.0,2.35,-0.08,-0.01,7.92
2009-07-13,11.93,12.15,12.49,11.93,80000.0,97863640.0,4.7,1.93,0.23,11.1
2009-07-14,12.4,12.22,12.4,12.05,50162.0,61119252.0,2.88,0.58,0.07,6.96
2009-07-15,12.23,12.11,12.26,12.06,57411.0,69525352.0,1.64,-0.9,-0.11,7.96
2009-07-16,12.2,12.14,12.45,12.01,59340.0,72697112.0,3.63,0.25,0.03,8.23
2009-07-17,12.14,12.49,12.6,12.06,79253.0,98082496.0,4.45,2.88,0.35,10.99
2009-07-21,12.68,12.22,13.05,12.1,90008.0,113510200.0,7.61,-2.16,-0.27,12.48
2009-07-22,12.54,12.34,12.54,12.13,50018.0,61670796.0,3.36,0.98,0.12,6.94
2009-07-23,12.3,12.45,12.56,12.24,45894.0,57000008.0,2.59,0.89,0.11,6.37
2009-07-24,12.52,12.65,12.98,12.34,80089.0,101856336.0,5.14,1.61,0.2,11.11
2009-07-27,12.77,12.85,12.95,12.58,77007.0,98583560.0,2.92,1.58,0.2,10.68
2009-07-28,12.89,12.75,12.9,12.51,52230.0,66122060.0,3.04,-0.78,-0.1,7.24
2009-07-29,12.77,11.7,12.89,11.48,76083.0,93509432.0,11.06,-8.24,-1.05,10.55
2009-07-30,11.73,11.81,11.95,11.41,42419.0,49701184.0,4.62,0.94,0.11,5.88
2009-07-31,11.86,12.1,12.1,11.62,45133.0,53605256.0,4.06,2.46,0.29,6.26
2009-08-03,12.1,12.52,12.59,12.01,47305.0,58214744.0,4.79,3.47,0.42,6.56
2009-08-04,12.52,12.61,12.64,12.21,50387.0,62800152.0,3.43,0.72,0.09,6.99
2009-08-05,12.61,13.0,13.48,12.61,98934.0,129347528.0,6.9,3.09,0.39,13.72
2009-08-06,12.9,12.61,13.0,12.38,64226.0,81233224.0,4.77,-3.0,-0.39,8.91
2009-08-07,12.55,12.45,12.83,12.4,52738.0,66604516.0,3.41,-1.27,-0.16,7.31
2009-08-10,12.47,12.85,12.87,12.45,54476.0,69004816.0,3.37,3.21,0.4,7.56
2009-08-11,12.9,12.67,12.98,12.6,37845.0,48249660.0,2.96,-1.4,-0.18,5.25
2009-08-12,12.67,12.1,12.83,12.0,38900.0,48198840.0,6.55,-4.5,-0.57,5.4
2009-08-13,12.09,12.21,12.29,11.81,24903.0,30157650.0,3.97,0.91,0.11,3.45
2009-08-14,12.17,11.52,12.32,11.51,33082.0,39053420.0,6.63,-5.65,-0.69,4.59
2009-08-17,11.4,10.37,11.4,10.37,34439.0,37293520.0,8.94,-9.98,-1.15,4.78
2009-08-18,10.08,10.6,10.65,10.08,20361.0,21208304.0,5.5,2.22,0.23,2.82
2009-08-19,10.57,10.4,10.99,10.2,30328.0,32133492.0,7.45,-1.89,-0.2,4.21
2009-08-20,10.4,11.22,11.4,10.39,43603.0,47706804.0,9.71,7.88,0.82,6.05
2009-08-21,11.12,11.67,11.75,11.0,55374.0,62987152.0,6.68,4.01,0.45,7.68
2009-08-24,11.6,12.84,12.84,11.52,75433.0,94829520.0,11.31,10.03,1.17,10.46
2009-08-25,13.8,14.12,14.12,13.68,129474.0,181653984.0,3.43,9.97,1.28,17.96
2009-08-26,15.52,15.53,15.53,15.25,52658.0,81736776.0,1.98,9.99,1.41,7.3
2009-08-27,16.57,17.08,17.08,15.9,377698.0,631449664.0,7.6,9.98,1.55,52.39
2009-09-01,15.37,15.37,15.37,15.37,11316.0,17392692.0,0.0,-10.01,-1.71,1.57
2009-09-02,13.9,14.19,14.97,13.83,262080.0,370466848.0,7.42,-7.68,-1.18,36.35
2009-09-03,13.79,15.61,15.61,13.65,235639.0,348173440.0,13.81,10.01,1.42,32.68
2009-09-04,15.38,16.0,17.0,15.03,272123.0,437216128.0,12.62,2.5,0.39,37.74
2009-09-07,15.71,16.16,16.85,15.53,220407.0,358373792.0,8.25,1.0,0.16,30.57
2009-09-08,15.9,17.78,17.78,15.7,242376.0,413848832.0,12.87,10.02,1.62,33.62
2009-09-09,18.32,17.96,18.56,17.25,268810.0,481272992.0,7.37,1.01,0.18,37.28
2009-09-10,17.5,17.27,17.89,17.1,134656.0,234907152.0,4.4,-3.84,-0.69,18.68
2009-09-11,17.0,17.77,18.35,16.86,174240.0,311491200.0,8.63,2.9,0.5,24.17
2009-09-14,17.82,18.81,19.34,17.75,196506.0,359660672.0,8.95,5.85,1.04,27.26
2009-09-15,18.75,18.68,19.37,18.18,170374.0,318594272.0,6.33,-0.69,-0.13,23.63
2009-09-16,18.38,18.24,18.6,17.65,118634.0,215340752.0,5.09,-2.36,-0.44,16.45
2009-09-17,18.18,18.24,18.69,18.02,106232.0,194991696.0,3.67,0.0,0.0,14.73
2009-09-18,18.25,18.78,19.49,18.0,217420.0,410928704.0,8.17,2.96,0.54,30.16
2009-09-21,18.5,18.87,19.5,17.05,149039.0,272357824.0,13.05,0.48,0.09,20.67
2009-09-22,18.7,18.06,19.25,18.0,103822.0,192227584.0,6.62,-4.29,-0.81,14.4
2009-09-23,18.0,16.57,18.4,16.38,100523.0,172556400.0,11.18,-8.25,-1.49,13.94
2009-09-24,16.5,16.03,16.53,15.7,88052.0,141677952.0,5.01,-3.26,-0.54,12.21
2009-09-25,15.9,15.19,15.9,14.98,98143.0,150443616.0,5.74,-5.24,-0.84,13.61
2009-09-28,15.16,14.99,15.96,14.52,100643.0,154860496.0,9.48,-1.32,-0.2,13.96
2009-09-29,15.0,14.02,15.2,13.78,95129.0,134590304.0,9.47,-6.47,-0.97,13.19
2009-09-30,14.11,13.85,14.46,13.64,97124.0,136387072.0,5.85,-1.21,-0.17,13.47
2009-10-09,14.23,14.7,14.76,13.91,102952.0,147813968.0,6.14,6.14,0.85,14.28
2009-10-12,14.65,14.22,14.65,13.9,100841.0,143379584.0,5.1,-3.27,-0.48,13.99
2009-10-13,14.15,14.6,14.68,13.91,99914.0,142939712.0,5.41,2.67,0.38,13.86
2009-10-14,14.45,15.26,15.45,14.45,153845.0,231257056.0,6.85,4.52,0.66,21.34
2009-10-15,15.26,14.92,15.26,14.82,100788.0,151096928.0,2.88,-2.23,-0.34,13.98
2009-10-16,14.82,14.57,14.82,14.23,82549.0,119230448.0,3.95,-2.35,-0.35,11.45
2009-10-19,14.4,14.65,14.71,14.4,75215.0,109661856.0,2.13,0.55,0.08,10.43
2009-10-20,14.71,15.28,15.5,14.56,148440.0,224399952.0,6.42,4.3,0.63,20.59
2009-10-21,15.19,14.81,15.19,14.8,89958.0,134142280.0,2.55,-3.08,-0.47,12.48
2009-10-22,14.7,14.88,15.18,14.56,67752.0,101390784.0,4.19,0.47,0.07,9.4
2009-10-23,14.84,15.08,15.3,14.84,73857.0,111217896.0,3.09,1.34,0.2,10.24
2009-10-26,15.09,14.9,15.2,14.75,54094.0,80568728.0,2.98,-1.19,-0.18,7.5
2009-10-27,14.83,14.12,14.83,14.11,74646.0,107390168.0,4.83,-5.23,-0.78,10.35
2009-10-28,14.11,14.34,14.5,14.03,45970.0,65645516.0,3.33,1.56,0.22,6.38
2009-10-29,14.18,13.52,14.19,13.5,53864.0,74433536.0,4.81,-5.72,-0.82,7.47
2009-10-30,13.65,13.75,13.98,13.65,41269.0,57111492.0,2.44,1.7,0.23,5.72
2009-11-02,13.53,14.27,14.35,13.41,61604.0,86531816.0,6.84,3.78,0.52,8.54
2009-11-03,14.26,14.52,14.55,14.15,53808.0,77530600.0,2.8,1.75,0.25,7.46
2009-11-04,14.52,14.66,14.79,14.36,63311.0,92586984.0,2.96,0.96,0.14,8.78
2009-11-05,14.7,15.21,15.3,14.58,114037.0,170543072.0,4.91,3.75,0.55,15.82
2009-11-06,15.2,14.94,15.27,14.85,90171.0,135941344.0,2.76,-1.78,-0.27,12.51
2009-11-09,15.15,15.08,15.69,14.87,95295.0,145275936.0,5.49,0.94,0.14,13.22
2009-11-10,15.05,14.95,15.22,14.76,65598.0,97890520.0,3.05,-0.86,-0.13,9.1
2009-11-11,14.77,14.84,14.95,14.7,36789.0,54586016.0,1.67,-0.74,-0.11,5.1
2009-11-12,14.83,14.98,15.3,14.76,68166.0,102875168.0,3.64,0.94,0.14,9.45
2009-11-13,14.98,15.6,15.9,14.47,164452.0,251316048.0,9.55,4.14,0.62,22.81
2009-11-16,15.61,16.09,16.4,15.41,172748.0,273277568.0,6.35,3.14,0.49,23.96
2009-11-17,15.94,15.76,16.0,15.71,80339.0,127311936.0,1.8,-2.05,-0.33,11.14
2009-11-18,15.78,15.91,16.4,15.78,92168.0,147994528.0,3.93,0.95,0.15,12.78
2009-11-19,15.93,16.54,16.9,15.72,168708.0,276510944.0,7.42,3.96,0.63,23.4
2009-11-20,16.18,16.1,16.41,15.96,112182.0,181508688.0,2.72,-2.66,-0.44,15.56
2009-11-23,16.05,16.19,16.22,15.74,77188.0,123067360.0,2.98,0.56,0.09,10.71
2009-11-24,16.15,16.74,16.9,16.01,212300.0,352765216.0,5.5,3.4,0.55,29.45
2009-11-25,16.58,17.19,17.44,16.39,188291.0,319336896.0,6.27,2.69,0.45,26.12
2009-11-26,17.67,16.25,18.4,16.08,223580.0,389244160.0,13.5,-5.47,-0.94,31.01
2009-11-27,15.77,14.86,15.77,14.64,87725.0,133226536.0,6.95,-8.55,-1.39,12.17
2009-11-30,14.88,15.31,15.32,14.82,56803.0,85753912.0,3.36,3.03,0.45,7.88
2009-12-01,15.34,16.01,16.05,15.02,81620.0,128176256.0,6.73,4.57,0.7,11.32
2009-12-02,16.0,15.99,16.11,15.68,83651.0,133127848.0,2.69,-0.12,-0.02,11.6
2009-12-03,15.91,15.93,16.01,15.7,50509.0,80003096.0,1.94,-0.38,-0.06,7.01
2009-12-04,16.03,15.71,16.44,15.25,68259.0,109040904.0,7.47,-1.38,-0.22,9.47
2009-12-07,15.77,16.1,16.23,15.44,43377.0,68943808.0,5.03,2.48,0.39,6.02
2009-12-08,16.14,16.18,16.28,15.85,57265.0,92292424.0,2.67,0.5,0.08,7.94
2009-12-09,16.07,16.26,16.39,15.8,63533.0,102976792.0,3.65,0.49,0.08,8.81
2009-12-10,16.33,16.15,16.58,16.02,41716.0,67899496.0,3.44,-0.68,-0.11,5.79
2009-12-11,16.19,15.82,16.3,15.77,36578.0,58496988.0,3.28,-2.04,-0.33,5.07
2009-12-14,15.83,15.47,15.95,15.23,33410.0,51537416.0,4.55,-2.21,-0.35,4.63
2009-12-15,15.47,15.44,15.79,15.4,24148.0,37603676.0,2.52,-0.19,-0.03,3.35
2009-12-16,15.4,15.2,15.46,15.18,30636.0,46780980.0,1.81,-1.55,-0.24,4.25
2009-12-17,15.22,14.73,15.3,14.7,26838.0,40055936.0,3.95,-3.09,-0.47,3.72
2009-12-18,14.65,14.29,14.65,14.29,23180.0,33366670.0,2.44,-2.99,-0.44,3.22
2009-12-21,14.29,14.66,14.75,14.25,18370.0,26769986.0,3.5,2.59,0.37,2.55
2009-12-22,14.67,13.85,14.71,13.7,25297.0,35714772.0,6.89,-5.53,-0.81,3.51
2009-12-23,13.71,13.89,13.99,13.4,32662.0,44603744.0,4.26,0.29,0.04,4.53
2009-12-24,14.0,14.72,14.79,13.76,46148.0,66011876.0,7.42,5.98,0.83,6.4
2009-12-25,14.72,14.69,14.93,14.49,30178.0,44369552.0,2.99,-0.2,-0.03,4.19
2009-12-28,14.63,15.03,15.09,14.63,41350.0,61198476.0,3.13,2.31,0.34,5.74
2009-12-29,14.96,15.4,15.59,14.72,56160.0,85646784.0,5.79,2.46,0.37,7.79
2009-12-30,15.29,15.04,15.29,14.9,36715.0,55295376.0,2.53,-2.34,-0.36,5.09
2009-12-31,15.04,15.14,15.45,15.03,24296.0,36931496.0,2.79,0.66,0.1,3.37
2010-01-04,15.2,14.9,15.22,14.9,24539.0,36959344.0,2.11,-1.59,-0.24,3.4
2010-01-05,14.91,14.71,14.99,14.6,28178.0,41548952.0,2.62,-1.28,-0.19,3.91
2010-01-06,14.73,14.6,14.88,14.6,24409.0,35886860.0,1.9,-0.75,-0.11,3.39
2010-01-07,14.61,14.59,14.95,14.3,37422.0,54992328.0,4.45,-0.07,-0.01,5.19
2010-01-08,14.61,14.53,14.65,14.2,22863.0,33002800.0,3.08,-0.41,-0.06,3.17
2010-01-11,14.69,14.75,14.88,14.31,27583.0,40425200.0,3.92,1.51,0.22,3.83
2010-01-12,14.77,15.3,15.33,14.77,53987.0,81745608.0,3.8,3.73,0.55,7.49
2010-01-13,15.0,15.24,15.75,14.8,56240.0,86298928.0,6.21,-0.39,-0.06,7.8
2010-01-14,15.25,15.36,15.45,15.06,43318.0,66181584.0,2.56,0.79,0.12,6.01
2010-01-15,15.31,15.91,16.2,15.23,101638.0,160242176.0,6.32,3.58,0.55,14.1
2010-01-18,15.85,16.08,16.18,15.6,74205.0,118712200.0,3.65,1.07,0.17,10.29
2010-01-19,16.05,15.7,16.05,15.5,58537.0,91923288.0,3.42,-2.36,-0.38,8.12
2010-01-20,15.71,14.77,15.71,14.5,51798.0,78436816.0,7.71,-5.92,-0.93,7.18
2010-01-21,14.74,15.02,15.13,14.7,21831.0,32606564.0,2.91,1.69,0.25,3.03
2010-01-22,14.8,14.49,14.91,14.16,26171.0,37961816.0,4.99,-3.53,-0.53,3.63
2010-01-25,14.3,14.35,14.82,14.29,16003.0,23229972.0,3.66,-0.97,-0.14,2.22
2010-01-26,14.64,13.87,14.64,13.78,20260.0,28599586.0,5.99,-3.34,-0.48,2.81
2010-01-27,13.89,13.68,13.98,13.56,17420.0,24007888.0,3.03,-1.37,-0.19,2.42
2010-01-28,13.79,14.01,14.1,13.58,18440.0,25594824.0,3.8,2.41,0.33,2.56
2010-01-29,14.05,14.13,14.36,13.84,19511.0,27656432.0,3.71,0.86,0.12,2.71
2010-02-01,14.13,14.25,14.33,13.82,19589.0,27577230.0,3.61,0.85,0.12,2.72
2010-02-02,14.49,14.02,14.49,14.0,16486.0,23486674.0,3.44,-1.61,-0.23,2.29
2010-02-03,14.1,14.63,14.72,13.58,37484.0,53983344.0,8.13,4.35,0.61,5.2
2010-02-04,14.48,15.28,15.78,14.35,72692.0,111027128.0,9.77,4.44,0.65,10.08
2010-02-05,14.93,14.83,15.58,14.52,43896.0,66001508.0,6.94,-2.95,-0.45,6.09
2010-02-08,14.55,15.03,15.3,14.5,26492.0,39631880.0,5.39,1.35,0.2,3.67
2010-02-09,15.0,14.58,15.02,14.55,20823.0,30682602.0,3.13,-2.99,-0.45,2.89
2010-02-10,14.55,14.72,14.95,14.5,17395.0,25659584.0,3.09,0.96,0.14,2.41
2010-02-11,14.6,14.3,14.72,14.25,26380.0,38025868.0,3.19,-2.85,-0.42,3.66
2010-02-12,14.39,14.38,14.44,14.17,14938.0,21391526.0,1.89,0.56,0.08,2.07
2010-02-22,14.4,14.22,14.49,14.15,18963.0,27131312.0,2.36,-1.11,-0.16,2.63
2010-02-23,14.3,14.43,14.45,14.0,23393.0,33293808.0,3.16,1.48,0.21,3.24
2010-02-24,14.33,14.61,14.62,14.15,25907.0,37530576.0,3.26,1.25,0.18,3.59
2010-02-25,14.6,14.82,14.89,14.58,29795.0,44070544.0,2.12,1.44,0.21,4.13
2010-02-26,14.82,14.91,14.99,14.71,29605.0,44045204.0,1.89,0.61,0.09,4.11
2010-03-01,14.99,15.2,15.25,14.82,39898.0,60141572.0,2.88,1.95,0.29,5.53
2010-03-02,15.2,14.88,15.27,14.83,34845.0,52301432.0,2.89,-2.11,-0.32,4.83
2010-03-03,14.95,15.62,15.74,14.86,85361.0,131405000.0,5.91,4.97,0.74,11.84
2010-03-04,15.58,14.84,15.58,14.78,52362.0,79571064.0,5.12,-4.99,-0.78,7.26
2010-03-05,14.81,14.65,14.97,14.54,31416.0,46171456.0,2.9,-1.28,-0.19,4.36
2010-03-08,14.67,14.75,14.99,14.67,20845.0,30927492.0,2.18,0.68,0.1,2.89
2010-03-09,14.71,14.84,14.86,14.58,17048.0,25123118.0,1.9,0.61,0.09,2.36
2010-03-10,14.8,14.95,15.15,14.8,24570.0,36779956.0,2.36,0.74,0.11,3.41
2010-03-11,14.99,14.74,15.0,14.58,17919.0,26447686.0,2.81,-1.4,-0.21,2.49
2010-03-12,14.74,14.3,14.83,14.26,21917.0,31785608.0,3.87,-2.99,-0.44,3.04
2010-03-15,14.4,14.24,14.45,14.14,12053.0,17160046.0,2.17,-0.42,-0.06,1.67
2010-03-16,14.25,14.42,14.42,14.21,8596.0,12312147.0,1.47,1.26,0.18,1.19
2010-03-17,14.43,14.73,14.73,14.43,15084.0,22056674.0,2.08,2.15,0.31,2.09
2010-03-18,14.74,14.73,14.97,14.7,17960.0,26594168.0,1.83,0.0,0.0,2.49
2010-03-19,14.78,14.89,14.93,14.66,18718.0,27727904.0,1.83,1.09,0.16,2.6
2010-03-22,15.0,15.2,15.3,14.89,44578.0,67479576.0,2.75,2.08,0.31,6.18
2010-03-23,15.3,15.03,15.31,14.91,26516.0,39950708.0,2.63,-1.12,-0.17,3.68
2010-03-24,15.02,14.82,15.1,14.8,21732.0,32388824.0,2.0,-1.4,-0.21,3.01
2010-03-25,14.82,14.85,15.11,14.76,22018.0,32868816.0,2.36,0.2,0.03,3.05
2010-03-26,14.84,16.34,16.34,14.84,191326.0,307957440.0,10.1,10.03,1.49,26.54
2010-03-29,16.1,15.73,16.2,15.58,156081.0,246703584.0,3.79,-3.73,-0.61,21.65
2010-03-30,15.64,15.84,16.08,15.58,83763.0,132899400.0,3.18,0.7,0.11,11.62
2010-03-31,15.8,16.07,16.38,15.8,74989.0,120917392.0,3.66,1.45,0.23,10.4
2010-04-01,16.07,16.51,16.62,15.9,99631.0,161675664.0,4.48,2.74,0.44,13.82
2010-04-02,16.53,16.18,16.53,16.14,64644.0,104880584.0,2.36,-2.0,-0.33,8.97
2010-04-06,16.25,16.27,16.32,15.9,65074.0,104723168.0,2.6,0.56,0.09,9.03
2010-04-07,16.17,16.47,16.67,16.03,75691.0,124639768.0,3.93,1.23,0.2,10.5
2010-04-08,16.5,16.89,17.3,16.12,90842.0,150825600.0,7.16,2.55,0.42,12.6
2010-04-09,16.7,16.86,17.22,16.56,88003.0,148783632.0,3.91,-0.18,-0.03,12.21
2010-04-12,16.8,16.95,17.18,16.6,76768.0,130029376.0,3.44,0.53,0.09,10.65
2010-04-13,16.86,16.25,16.95,15.73,84577.0,138655888.0,7.2,-4.13,-0.7,11.73
2010-04-14,16.3,16.34,16.63,16.1,46757.0,76866752.0,3.26,0.55,0.09,6.49
2010-04-15,16.34,16.02,16.38,15.89,42462.0,68455216.0,3.0,-1.96,-0.32,5.89
2010-04-16,16.03,16.09,16.2,15.8,32202.0,51506212.0,2.5,0.44,0.07,4.47
2010-04-19,15.89,15.6,16.25,15.59,40237.0,64020168.0,4.1,-3.05,-0.49,5.58
2010-04-20,15.6,15.72,15.82,15.26,30910.0,48178012.0,3.59,0.77,0.12,4.29
2010-04-21,15.88,16.23,16.3,15.75,60969.0,98281984.0,3.5,3.24,0.51,8.46
2010-04-22,16.08,16.67,16.9,16.02,90008.0,149753648.0,5.42,2.71,0.44,12.48
2010-04-23,16.58,16.32,16.95,16.27,58626.0,96848640.0,4.08,-2.1,-0.35,8.13
2010-04-26,16.39,16.38,16.66,16.23,46737.0,77019696.0,2.63,0.37,0.06,6.48
2010-04-27,16.3,15.46,16.34,14.98,53436.0,82862960.0,8.3,-5.62,-0.92,7.41
2010-04-28,15.3,15.49,15.8,15.1,32853.0,50818424.0,4.53,0.19,0.03,4.56
2010-04-29,15.6,14.4,15.74,14.39,46876.0,70290408.0,8.72,-7.04,-1.09,6.5
2010-04-30,14.39,13.81,14.39,13.46,30240.0,41566904.0,6.46,-4.1,-0.59,4.19
2010-05-04,13.6,13.86,14.35,13.52,20406.0,28533298.0,6.01,0.36,0.05,2.83
2010-05-05,13.8,14.18,14.23,13.77,22727.0,31948534.0,3.32,2.31,0.32,3.15
2010-05-06,14.28,13.5,14.28,13.5,24676.0,34281380.0,5.5,-4.8,-0.68,3.42
2010-05-07,13.2,13.15,13.48,12.66,25935.0,34080768.0,6.07,-2.59,-0.35,3.6
2010-05-10,13.18,12.97,13.5,12.68,17209.0,22376026.0,6.24,-1.37,-0.18,2.39
2010-05-11,13.18,12.7,13.39,12.65,18969.0,24606648.0,5.71,-2.08,-0.27,2.63
2010-05-12,12.7,12.01,12.75,11.8,22341.0,27265578.0,7.48,-5.43,-0.69,3.1
2010-05-13,12.01,12.27,12.29,11.68,25119.0,30257414.0,5.08,2.16,0.26,3.48
2010-05-14,12.14,12.17,12.38,11.95,22624.0,27528672.0,3.5,-0.81,-0.1,3.14
2010-05-17,12.0,10.96,12.0,10.95,29440.0,33898928.0,8.63,-9.94,-1.21,4.08
2010-05-18,10.95,11.0,11.1,10.35,28192.0,30243832.0,6.84,0.36,0.04,3.91
2010-05-19,10.86,10.89,11.25,10.58,23767.0,25929232.0,6.09,-1.0,-0.11,3.3
2010-05-20,10.7,10.86,11.1,10.65,23469.0,25712580.0,4.13,-0.28,-0.03,3.26
2010-05-24,11.35,11.79,11.84,11.11,40121.0,46290304.0,6.72,8.56,0.93,5.56
2010-05-25,11.79,11.9,12.03,11.6,38255.0,45190656.0,3.65,0.93,0.11,5.31
2010-05-26,11.8,11.84,12.17,11.72,24768.0,29472330.0,3.78,-0.5,-0.06,3.44
2010-05-27,11.83,11.93,12.03,11.66,26592.0,31547414.0,3.13,0.76,0.09,3.69
2010-05-28,12.1,12.17,12.28,11.9,40861.0,49492608.0,3.19,2.01,0.24,5.67
2010-05-31,12.2,11.96,12.48,11.96,46425.0,56950988.0,4.27,-1.73,-0.21,6.44
2010-06-01,11.76,11.35,11.91,11.2,27085.0,31269708.0,5.94,-5.1,-0.61,3.76
2010-06-02,11.36,11.57,11.58,11.03,21643.0,24331680.0,4.85,1.94,0.22,3.0
2010-06-03,11.63,11.45,11.79,11.44,23672.0,27484048.0,3.03,-1.04,-0.12,3.28
2010-06-04,11.33,11.67,11.75,11.28,20367.0,23549592.0,4.1,1.92,0.22,2.82
2010-06-07,11.41,11.43,11.6,11.18,20732.0,23672414.0,3.6,-2.06,-0.24,2.88
2010-06-08,11.45,12.2,12.57,11.4,64792.0,79148800.0,10.24,6.74,0.77,8.99
2010-06-09,12.0,12.49,12.51,11.94,56085.0,68999560.0,4.67,2.38,0.29,7.78
2010-06-10,12.32,12.33,12.59,12.28,39379.0,48876828.0,2.48,-1.28,-0.16,5.46
2010-06-11,12.45,12.2,12.5,12.11,24447.0,29920864.0,3.16,-1.05,-0.13,3.39
2010-06-17,12.2,12.06,12.36,12.0,17594.0,21345166.0,2.95,-1.15,-0.14,2.44
2010-06-18,12.0,11.47,12.06,11.36,24508.0,28759778.0,5.8,-4.89,-0.59,3.4
2010-06-21,11.47,11.77,11.8,11.31,17686.0,20561616.0,4.27,2.62,0.3,2.45
2010-06-22,12.0,12.35,12.91,11.8,53906.0,67121520.0,9.43,4.93,0.58,7.48
2010-06-23,12.17,12.43,12.55,12.05,38168.0,46873352.0,4.05,0.65,0.08,4.55
2010-06-24,12.22,12.32,12.47,12.18,21625.0,26627526.0,2.33,-0.88,-0.11,2.58
2010-06-25,12.3,12.21,12.45,12.08,26845.0,32945330.0,3.0,-0.89,-0.11,3.2
2010-06-28,12.32,12.21,12.43,12.1,21451.0,26359740.0,2.7,0.0,0.0,2.56
2010-06-29,12.04,11.41,12.35,11.39,38016.0,45178864.0,7.86,-6.55,-0.8,4.53
2010-06-30,11.29,10.9,11.29,10.55,21801.0,23693698.0,6.49,-4.47,-0.51,2.6
2010-07-01,10.89,10.9,11.15,10.72,17196.0,18801760.0,3.94,0.0,0.0,2.05
2010-07-02,10.78,10.92,11.0,10.12,20493.0,21767258.0,8.07,0.18,0.02,2.44
2010-07-05,10.66,11.61,11.9,10.66,42892.0,48452400.0,11.36,6.32,0.69,5.11
2010-07-13,12.77,12.77,12.77,12.77,19302.0,24648500.0,0.0,9.99,1.16,2.3
2010-07-14,14.05,14.05,14.05,13.4,175731.0,243590480.0,5.09,10.02,1.28,20.93
2010-07-15,14.1,13.27,14.1,13.12,93964.0,127975904.0,6.98,-5.55,-0.78,11.19
2010-07-16,13.1,13.08,13.24,12.61,64747.0,83645816.0,4.75,-1.43,-0.19,7.71
2010-07-19,12.75,13.27,13.4,12.75,60497.0,78923168.0,4.97,1.45,0.19,7.21
2010-07-20,13.15,13.38,13.49,13.03,70488.0,93425760.0,3.47,0.83,0.11,8.4
2010-07-21,13.25,13.12,13.55,13.11,56884.0,75715776.0,3.29,-1.94,-0.26,6.78
2010-07-22,13.18,13.34,13.49,13.0,56858.0,75351224.0,3.73,1.68,0.22,6.77
2010-07-23,13.28,13.5,13.96,13.21,93768.0,127577072.0,5.62,1.2,0.16,11.17
2010-07-26,13.44,13.66,13.72,13.05,57385.0,76857920.0,4.96,1.19,0.16,6.84
2010-07-27,14.0,13.84,14.55,13.7,128492.0,181542128.0,6.22,1.32,0.18,15.31
2010-07-28,13.8,13.9,13.96,13.4,69983.0,95922328.0,4.05,0.43,0.06,8.34
2010-07-29,13.79,13.9,14.09,13.71,51054.0,70967176.0,2.73,0.0,0.0,6.08
2010-07-30,13.8,13.86,14.22,13.8,41342.0,57838416.0,3.02,-0.29,-0.04,4.92
2010-08-02,13.88,13.92,13.98,13.75,41788.0,58001964.0,1.66,0.43,0.06,4.98
2010-08-03,14.0,13.58,14.02,13.57,38169.0,52728032.0,3.23,-2.44,-0.34,4.55
2010-08-04,13.44,13.77,13.78,13.3,32543.0,44086568.0,3.53,1.4,0.19,3.88
2010-08-05,13.77,13.71,13.87,13.63,31747.0,43576568.0,1.74,-0.44,-0.06,3.78
2010-08-06,13.75,14.45,14.78,13.61,104245.0,148683328.0,8.53,5.4,0.74,12.42
2010-08-09,14.4,14.62,14.65,14.21,75959.0,109804112.0,3.04,1.18,0.17,9.05
2010-08-10,14.55,13.9,14.55,13.9,56629.0,80343784.0,4.45,-4.92,-0.72,6.75
2010-08-11,13.9,14.56,14.95,13.75,81369.0,118094088.0,8.63,4.75,0.66,9.69
2010-08-12,14.4,14.63,14.83,14.06,59965.0,86882568.0,5.29,0.48,0.07,7.14
2010-08-13,14.54,14.52,14.7,14.16,37238.0,53787108.0,3.69,-0.75,-0.11,4.44
2010-08-16,14.45,14.68,14.84,14.39,54718.0,80338992.0,3.1,1.1,0.16,6.52
2010-08-17,14.7,14.72,15.09,14.7,57684.0,85777896.0,2.66,0.27,0.04,6.87
2010-08-19,14.7,14.47,14.87,14.18,48675.0,70413168.0,4.69,-1.7,-0.25,5.8
2010-08-20,14.4,14.42,14.7,14.22,33332.0,48241760.0,3.32,-0.35,-0.05,3.97
2010-08-23,14.41,14.9,15.01,14.4,60369.0,89473512.0,4.23,3.33,0.48,7.19
2010-08-24,14.9,15.09,15.26,14.72,59478.0,89456672.0,3.62,1.28,0.19,7.08
2010-08-25,15.0,15.37,15.5,14.85,79932.0,121789816.0,4.31,1.86,0.28,9.52
2010-08-26,15.39,15.22,15.55,15.1,61814.0,94776296.0,2.93,-0.98,-0.15,7.36
2010-08-27,15.21,15.52,15.85,15.14,69372.0,108135480.0,4.66,1.97,0.3,8.26
2010-08-30,15.68,15.93,16.1,15.55,86747.0,138084512.0,3.54,2.64,0.41,10.33
2010-08-31,15.93,16.04,16.13,15.73,67217.0,107399472.0,2.51,0.69,0.11,8.01
2010-09-01,16.04,15.76,16.11,15.28,70382.0,110191488.0,5.17,-1.75,-0.28,8.38
2010-09-02,15.82,15.83,15.95,15.58,55564.0,87647760.0,2.35,0.44,0.07,6.62
2010-09-03,15.96,16.05,16.6,15.9,81545.0,132398576.0,4.42,1.39,0.22,9.71
2010-09-06,16.18,16.0,16.35,15.72,54672.0,87482152.0,3.93,-0.31,-0.05,6.51
2010-09-07,16.05,16.09,16.1,15.77,42418.0,67629096.0,2.06,0.56,0.09,5.05
2010-09-08,16.0,16.49,16.5,15.88,62631.0,101694856.0,3.85,2.49,0.4,7.46
2010-09-09,16.45,15.98,16.48,15.86,58781.0,94904000.0,3.76,-3.09,-0.51,7.0
2010-09-10,15.91,15.83,16.07,15.33,50686.0,79542856.0,4.63,-0.94,-0.15,6.04
2010-09-13,15.85,16.21,16.39,15.85,61097.0,99123112.0,3.41,2.4,0.38,7.28
2010-09-14,16.22,16.04,16.31,15.89,46385.0,74578056.0,2.59,-1.05,-0.17,5.53
2010-09-15,16.04,15.58,16.08,15.48,40966.0,64358532.0,3.74,-2.87,-0.46,4.88
2010-09-16,15.55,14.88,15.57,14.7,52811.0,79038272.0,5.58,-4.49,-0.7,6.29
2010-09-17,14.98,15.11,15.42,14.98,37643.0,57100064.0,2.96,1.55,0.23,4.48
2010-09-20,15.27,14.73,15.38,14.73,28892.0,43187492.0,4.3,-2.51,-0.38,3.44
2010-09-21,14.72,14.53,14.87,14.29,25417.0,36981580.0,3.94,-1.36,-0.2,3.03
2010-09-27,14.54,15.2,15.34,14.54,45635.0,68505088.0,5.51,4.61,0.67,5.44
2010-09-28,15.01,14.78,15.13,14.69,31201.0,46610892.0,2.89,-2.76,-0.42,3.72
2010-09-29,14.94,14.6,14.94,14.55,28872.0,42283196.0,2.64,-1.22,-0.18,3.44
2010-09-30,14.62,14.69,14.94,14.56,30562.0,44898220.0,2.6,0.62,0.09,3.64
2010-10-08,14.69,14.8,14.87,14.46,44340.0,65310836.0,2.79,0.75,0.11,5.28
2010-10-12,14.78,14.66,14.78,14.4,47956.0,69801464.0,2.57,-0.95,-0.14,5.71
2010-10-13,14.69,14.85,14.97,14.66,43739.0,64715016.0,2.11,1.3,0.19,5.21
2010-10-14,14.86,13.85,14.9,13.83,57462.0,81784808.0,7.21,-6.73,-1.0,6.84
2010-10-15,13.8,13.41,13.97,13.35,43210.0,58886728.0,4.48,-3.18,-0.44,5.15
2010-10-18,13.43,13.13,13.6,12.81,31018.0,40462404.0,5.89,-2.09,-0.28,3.69
2010-10-19,13.12,13.65,13.67,13.03,27280.0,36777184.0,4.87,3.96,0.52,3.25
2010-10-20,13.5,13.74,13.87,13.3,25742.0,35065816.0,4.18,0.66,0.09,3.07
2010-10-21,13.74,13.59,13.74,13.5,23738.0,32212264.0,1.75,-1.09,-0.15,2.83
2010-10-22,13.59,13.61,13.71,13.5,20289.0,27580972.0,1.55,0.15,0.02,2.42
2010-10-25,13.6,14.04,14.1,13.52,45315.0,62825168.0,4.26,3.16,0.43,5.4
2010-10-26,14.05,13.82,14.05,13.73,33546.0,46372076.0,2.28,-1.57,-0.22,4.0
2010-10-27,13.83,13.88,14.1,13.78,28361.0,39614500.0,2.32,0.43,0.06,3.38
2010-10-28,13.93,14.02,14.09,13.85,28476.0,39766868.0,1.73,1.01,0.14,3.39
2010-10-29,14.1,13.9,14.1,13.75,26127.0,36328036.0,2.5,-0.86,-0.12,3.11
2010-11-01,13.91,14.09,14.18,13.82,32640.0,45759760.0,2.59,1.37,0.19,3.89
2010-11-02,14.01,14.1,14.19,13.97,42403.0,59749520.0,1.56,0.07,0.01,5.05
2010-11-03,14.36,13.98,14.45,13.92,38182.0,54298648.0,3.76,-0.85,-0.12,4.55
2010-11-04,13.86,14.33,14.34,13.82,49610.0,70308216.0,3.72,2.5,0.35,5.91
2010-11-05,14.29,14.76,14.85,14.25,85741.0,124856984.0,4.19,3.0,0.43,10.21
2010-11-08,14.6,15.22,15.35,14.54,92634.0,139137824.0,5.49,3.12,0.46,11.03
2010-11-09,15.14,15.36,15.69,14.89,88743.0,136074016.0,5.26,0.92,0.14,10.57
2010-11-10,15.38,14.91,15.38,14.86,55347.0,83337616.0,3.39,-2.93,-0.45,6.59
2010-11-11,14.8,14.61,14.99,14.61,46117.0,68462600.0,2.55,-2.01,-0.3,5.49
2010-11-12,14.55,13.63,14.84,13.61,53659.0,76315064.0,8.42,-6.71,-0.98,6.39
2010-11-15,13.62,13.91,14.0,13.5,29607.0,40729508.0,3.67,2.05,0.28,3.53
2010-11-16,13.88,13.35,13.92,13.23,29129.0,39687416.0,4.96,-4.03,-0.56,3.47
2010-11-17,13.2,13.38,13.65,13.04,20891.0,28080934.0,4.57,0.22,0.03,2.49
2010-11-18,13.42,13.49,13.78,13.42,13463.0,18235832.0,2.69,0.82,0.11,1.6
2010-11-19,13.67,13.74,13.84,13.5,20015.0,27454806.0,2.52,1.85,0.25,2.38
2010-11-22,13.63,13.66,13.83,13.55,21461.0,29335116.0,2.04,-0.58,-0.08,2.56
2010-11-23,13.68,14.4,14.5,13.65,77920.0,110179208.0,6.22,5.42,0.74,9.28
2010-11-24,14.2,14.38,14.45,13.95,46634.0,66101104.0,3.47,-0.14,-0.02,5.55
2010-11-25,14.33,14.4,14.85,14.23,52726.0,76689736.0,4.31,0.14,0.02,6.28
2010-11-26,14.22,14.05,14.35,14.0,30853.0,43551444.0,2.43,-2.43,-0.35,3.67
2010-11-29,13.95,13.74,13.98,13.55,23451.0,32293650.0,3.06,-2.21,-0.31,2.79
2010-11-30,13.73,13.47,13.89,13.2,22589.0,30562502.0,5.02,-1.97,-0.27,2.69
2010-12-01,13.4,13.72,13.82,13.4,11976.0,16319992.0,3.12,1.86,0.25,1.43
2010-12-02,13.79,14.07,14.26,13.75,38430.0,54085404.0,3.72,2.55,0.35,4.58
2010-12-06,13.31,13.45,13.85,13.26,20438.0,27653670.0,4.19,-4.41,-0.62,2.43
2010-12-07,13.37,13.56,13.64,13.3,14878.0,19996694.0,2.53,0.82,0.11,1.77
2010-12-08,13.64,13.6,13.64,13.42,15345.0,20763404.0,1.62,0.29,0.04,1.83
2010-12-09,13.6,13.63,13.73,13.32,18556.0,25058722.0,3.01,0.22,0.03,2.21
2010-12-10,13.55,13.83,13.88,13.51,23780.0,32731750.0,2.71,1.47,0.2,2.83
2010-12-13,13.82,14.16,14.26,13.65,36091.0,50797640.0,4.41,2.39,0.33,4.3
2010-12-14,14.02,14.84,14.96,14.02,106864.0,157063472.0,6.64,4.8,0.68,12.73
2010-12-15,15.4,14.59,15.4,14.29,104237.0,154098688.0,7.48,-1.68,-0.25,12.42
2010-12-16,14.35,14.57,14.78,14.2,41006.0,58993860.0,3.98,-0.14,-0.02,4.88
2010-12-17,14.95,14.75,14.95,14.57,67515.0,99497960.0,2.61,1.24,0.18,8.04
2010-12-20,14.6,14.0,14.63,13.6,47168.0,66864084.0,6.98,-5.08,-0.75,5.62
2010-12-21,14.05,14.16,14.18,13.8,21447.0,30029358.0,2.71,1.14,0.16,2.55
2010-12-22,14.18,13.91,14.18,13.86,17211.0,24073578.0,2.26,-1.77,-0.25,2.05
2010-12-23,13.81,13.69,13.95,13.67,16675.0,22942300.0,2.01,-1.58,-0.22,1.99
2010-12-24,13.65,13.62,13.8,13.49,13909.0,18958550.0,2.26,-0.51,-0.07,1.66
2010-12-27,13.61,13.29,13.78,13.25,14589.0,19759348.0,3.89,-2.42,-0.33,1.74
2010-12-28,13.16,13.38,13.44,13.13,12088.0,16051833.0,2.33,0.68,0.09,1.44
2010-12-29,13.26,13.6,13.66,13.26,9937.0,13411210.0,2.99,1.64,0.22,1.18
2010-12-30,13.52,13.6,13.7,13.45,8293.0,11273253.0,1.84,0.0,0.0,0.99
2010-12-31,13.71,13.69,13.8,13.51,11349.0,15501512.0,2.13,0.66,0.09,1.35
2011-01-04,13.67,13.93,13.93,13.6,18921.0,26000112.0,2.41,1.75,0.24,2.25
2011-01-05,13.84,13.66,13.85,13.61,13710.0,18820100.0,1.72,-1.94,-0.27,1.63
2011-01-06,13.61,13.44,13.72,13.36,14076.0,18956604.0,2.64,-1.61,-0.22,1.68
2011-01-07,13.44,13.52,13.59,13.34,13542.0,18247850.0,1.86,0.6,0.08,1.61
2011-01-10,13.42,13.2,13.54,13.16,9921.0,13219676.0,2.81,-2.37,-0.32,1.18
2011-01-11,13.18,13.23,13.25,13.05,7064.0,9301714.0,1.52,0.23,0.03,0.84
2011-01-12,13.2,13.29,13.29,13.13,8767.0,11595292.0,1.21,0.45,0.06,1.04
2011-01-13,13.45,13.31,13.46,13.29,6709.0,8946123.0,1.28,0.15,0.02,0.8
2011-01-14,13.31,12.95,13.31,12.91,10260.0,13355509.0,3.01,-2.7,-0.36,1.22
2011-01-17,12.89,12.27,12.89,12.27,11737.0,14661778.0,4.79,-5.25,-0.68,1.4
2011-01-18,12.25,12.43,12.45,12.1,4663.0,5745039.5,2.85,1.3,0.16,0.56
2011-01-19,12.4,12.8,12.98,12.39,6103.0,7755337.5,4.75,2.98,0.37,0.73
2011-01-20,12.61,12.26,12.76,12.2,7232.0,9002600.0,4.38,-4.22,-0.54,0.86
2011-01-21,12.26,12.27,12.5,12.12,6122.0,7540584.5,3.1,0.08,0.01,0.73
2011-01-24,12.35,12.66,12.85,12.21,17295.0,21720246.0,5.22,3.18,0.39,2.06
2011-01-25,12.44,12.75,12.85,12.29,16491.0,20808096.0,4.42,0.71,0.09,1.96
2011-01-26,12.75,12.81,12.85,12.63,10476.0,13340965.0,1.73,0.47,0.06,1.25
2011-01-27,12.43,12.79,12.92,12.43,10719.0,13683369.0,3.83,-0.16,-0.02,1.28
2011-01-28,12.8,12.76,12.85,12.66,10985.0,14008793.0,1.49,-0.23,-0.03,1.31
2011-01-31,12.68,12.99,13.25,12.63,18403.0,23851248.0,4.86,1.8,0.23,2.19
2011-02-01,12.99,13.01,13.19,12.36,15207.0,19745908.0,6.39,0.15,0.02,1.81
2011-02-09,12.84,12.5,12.93,12.5,13983.0,17738756.0,3.31,-3.92,-0.51,1.67
2011-02-10,12.45,12.73,12.74,12.45,10207.0,12914809.0,2.32,1.84,0.23,1.22
2011-02-11,12.8,13.15,13.3,12.63,26265.0,34460568.0,5.26,3.3,0.42,3.13
2011-02-14,13.16,13.2,13.28,13.01,20456.0,26982290.0,2.05,0.38,0.05,2.44
2011-02-15,13.2,13.35,13.82,13.12,33415.0,44925688.0,5.3,1.14,0.15,3.98
2011-02-16,13.3,13.39,13.45,13.2,19755.0,26340246.0,1.87,0.3,0.04,2.35
2011-02-17,13.45,13.32,13.45,13.19,16576.0,22042324.0,1.94,-0.52,-0.07,1.97
2011-02-18,13.33,13.52,13.57,13.21,21692.0,29078884.0,2.7,1.5,0.2,2.58
2011-02-21,13.43,14.26,14.45,13.43,78716.0,110658728.0,7.54,5.47,0.74,9.38
2011-02-22,14.01,14.29,14.3,13.77,55426.0,77790832.0,3.72,0.21,0.03,6.6
2011-02-23,14.29,14.18,14.62,14.14,43505.0,62314344.0,3.36,-0.77,-0.11,5.18
2011-02-24,14.17,13.9,14.19,13.69,30877.0,42832580.0,3.53,-1.97,-0.28,3.68
2011-02-25,13.9,13.98,14.08,13.75,21726.0,30187328.0,2.37,0.58,0.08,2.59
2011-02-28,13.98,14.29,14.42,13.86,29122.0,41385964.0,4.01,2.22,0.31,3.47
2011-03-01,14.29,14.17,14.46,14.01,28501.0,40496940.0,3.15,-0.84,-0.12,3.39
2011-03-02,14.06,14.15,14.29,13.98,16475.0,23231882.0,2.19,-0.14,-0.02,1.96
2011-03-03,14.21,13.76,14.38,13.71,21981.0,30730364.0,4.73,-2.76,-0.39,2.62
2011-03-04,13.77,13.85,13.89,13.7,11642.0,16074986.0,1.38,0.65,0.09,1.39
2011-03-07,13.85,14.0,14.36,13.81,27932.0,39355180.0,3.97,1.08,0.15,3.33
2011-03-08,14.05,14.04,14.14,13.9,19068.0,26704676.0,1.71,0.29,0.04,2.27
2011-03-09,14.04,13.85,14.12,13.81,24701.0,34309668.0,2.21,-1.35,-0.19,2.94
2011-03-10,13.8,13.85,13.99,13.78,20767.0,28873102.0,1.52,0.0,0.0,2.47
2011-03-11,13.77,14.1,14.27,13.75,31640.0,44469232.0,3.75,1.81,0.25,3.77
2011-03-14,14.03,14.59,14.75,14.01,86162.0,124272160.0,5.25,3.48,0.49,10.26
2011-03-15,14.59,14.67,14.93,14.13,107528.0,156892480.0,5.48,0.55,0.08,12.81
2011-03-16,14.63,14.76,14.98,14.36,89546.0,131296840.0,4.23,0.61,0.09,10.67
2011-03-17,14.58,14.25,14.89,14.2,51079.0,73961840.0,4.67,-3.46,-0.51,6.08
2011-03-18,14.36,14.28,14.45,14.15,28910.0,41261652.0,2.11,0.21,0.03,3.44
2011-03-21,14.3,14.45,14.58,14.16,27267.0,39246364.0,2.94,1.19,0.17,3.25
2011-03-22,14.45,14.28,14.53,14.21,21149.0,30384718.0,2.21,-1.18,-0.17,2.52
2011-03-23,14.3,14.24,14.37,14.0,25151.0,35696360.0,2.59,-0.28,-0.04,3.0
2011-03-24,14.23,14.35,14.36,14.1,19019.0,27132356.0,1.83,0.77,0.11,2.27
2011-03-25,14.3,14.33,14.54,14.23,26300.0,37916484.0,2.16,-0.14,-0.02,3.13
2011-03-28,14.39,14.19,14.49,14.16,26393.0,37634920.0,2.3,-0.98,-0.14,3.14
2011-03-29,14.18,13.68,14.24,13.65,37929.0,52616664.0,4.16,-3.59,-0.51,4.52
2011-03-30,13.65,13.9,13.98,13.63,17104.0,23706282.0,2.56,1.61,0.22,2.04
2011-03-31,13.89,13.84,14.05,13.75,15607.0,21726662.0,2.16,-0.43,-0.06,1.86
2011-04-01,13.88,14.14,14.17,13.71,27212.0,38213928.0,3.32,2.17,0.3,3.24
2011-04-06,14.0,13.93,14.05,13.78,18730.0,26023856.0,1.91,-1.49,-0.21,2.23
2011-04-07,13.94,14.05,14.1,13.84,14515.0,20302104.0,1.87,0.86,0.12,1.73
2011-04-08,14.06,14.31,14.39,14.06,38398.0,54891400.0,2.35,1.85,0.26,4.57
2011-04-11,14.5,14.2,14.5,14.16,25684.0,36778540.0,2.38,-0.77,-0.11,3.06
2011-04-12,14.25,14.36,14.44,14.15,21490.0,30799388.0,2.04,1.13,0.16,2.56
2011-04-13,14.4,14.79,14.95,14.4,82882.0,121868632.0,3.83,2.99,0.43,9.87
2011-04-14,14.7,14.5,14.75,14.45,37649.0,54760544.0,2.03,-1.96,-0.29,4.48
2011-04-15,14.5,14.51,14.58,14.3,26732.0,38604808.0,1.93,0.07,0.01,3.18
2011-04-18,14.55,14.69,14.75,14.45,39043.0,57063616.0,2.07,1.24,0.18,4.65
2011-04-20,14.41,14.46,14.56,14.3,25140.0,36262580.0,1.77,-1.57,-0.23,2.99
2011-04-21,14.46,14.45,14.68,14.4,28566.0,41455244.0,1.94,-0.07,-0.01,3.4
2011-04-22,14.4,14.82,14.9,14.2,77707.0,114190960.0,4.84,2.56,0.37,9.26
2011-04-25,14.82,14.73,15.19,14.67,84806.0,126688456.0,3.51,-0.61,-0.09,10.1
2011-04-26,14.58,14.02,14.6,13.9,38647.0,54451648.0,4.75,-4.82,-0.71,4.6
2011-04-27,14.04,14.12,14.19,13.86,18673.0,26160060.0,2.35,0.71,0.1,2.22
2011-04-28,14.09,13.36,14.18,13.2,25998.0,35422356.0,6.94,-5.38,-0.76,3.1
2011-04-29,13.36,13.35,13.48,12.9,16989.0,22341290.0,4.34,-0.07,-0.01,2.02
2011-05-03,13.28,13.35,13.42,13.01,13154.0,17371968.0,3.07,0.0,0.0,1.57
2011-05-04,13.3,12.85,13.3,12.85,17475.0,22700760.0,3.37,-3.75,-0.5,2.08
2011-05-05,12.78,12.77,12.85,12.55,13692.0,17345312.0,2.33,-0.62,-0.08,1.63
2011-05-06,12.65,12.76,12.83,12.55,9287.0,11803636.0,2.19,-0.08,-0.01,1.11
2011-05-09,12.74,12.77,12.85,12.7,11052.0,14115408.0,1.18,0.08,0.01,1.32
2011-05-10,12.84,12.91,12.91,12.71,9688.0,12425098.0,1.57,1.1,0.14,1.15
2011-05-11,12.93,13.02,13.11,12.86,12486.0,16238422.0,1.94,0.85,0.11,1.49
2011-05-12,12.9,12.91,13.09,12.87,10205.0,13220710.0,1.69,-0.84,-0.11,1.22
2011-05-13,12.86,12.99,13.14,12.85,9786.0,12724892.0,2.25,0.62,0.08,1.17
2011-05-16,13.05,13.02,13.12,12.95,8219.0,10698565.0,1.31,0.23,0.03,0.98
2011-05-17,13.05,12.81,13.12,12.7,9463.0,12194601.0,3.23,-1.61,-0.21,1.13
2011-05-18,12.88,13.24,13.25,12.76,13621.0,17767578.0,3.83,3.36,0.43,1.62
2011-05-19,13.21,12.99,13.28,12.93,14100.0,18478906.0,2.64,-1.89,-0.25,1.68
2011-05-20,13.0,12.96,13.1,12.9,6009.0,7796756.5,1.54,-0.23,-0.03,0.72
2011-05-24,12.04,12.31,12.5,12.04,10993.0,13416462.0,3.55,-5.02,-0.65,1.31
2011-05-25,12.3,12.16,12.36,12.12,7659.0,9379444.0,1.95,-1.22,-0.15,0.91
2011-05-26,12.16,12.17,12.35,12.15,5327.0,6504827.0,1.64,0.08,0.01,0.63
2011-05-27,12.2,11.78,12.2,11.76,8354.0,9996349.0,3.62,-3.2,-0.39,1.0
2011-05-30,11.78,11.52,11.78,11.42,7823.0,9038418.0,3.06,-2.21,-0.26,0.93
2011-05-31,11.5,11.99,12.0,11.45,8311.0,9807114.0,4.77,4.08,0.47,0.99
2011-06-01,12.01,12.02,12.18,11.85,4532.0,5428899.0,2.75,0.25,0.03,0.54
2011-06-02,12.02,11.9,12.02,11.65,7514.0,8875548.0,3.08,-1.0,-0.12,0.89
2011-06-03,11.85,12.03,12.04,11.8,8778.0,10468107.0,2.02,1.09,0.13,1.05
2011-06-07,12.05,12.07,12.12,11.94,9576.0,11506704.0,1.5,0.33,0.04,1.14
2011-06-09,12.05,11.9,12.15,11.9,8970.0,10807448.0,2.07,-1.41,-0.17,1.07
2011-06-10,11.92,12.02,12.04,11.74,5055.0,6001871.5,2.52,1.01,0.12,0.6
2011-06-13,12.02,11.97,12.02,11.77,3512.0,4178104.0,2.08,-0.42,-0.05,0.42
2011-06-14,11.9,12.19,12.2,11.86,7053.0,8528568.0,2.84,1.84,0.22,0.84
2011-06-15,12.18,12.02,12.24,12.02,6000.0,7282816.5,1.8,-1.39,-0.17,0.71
2011-06-16,12.0,11.91,12.1,11.84,4204.0,5022162.0,2.16,-0.92,-0.11,0.5
2011-06-17,11.8,11.61,11.96,11.6,4216.0,4985465.0,3.02,-2.52,-0.3,0.5
2011-06-20,11.62,11.27,11.62,11.01,8004.0,9094473.0,5.25,-2.93,-0.34,0.95
2011-06-21,11.27,11.43,11.52,11.26,5529.0,6298824.0,2.31,1.42,0.16,0.66
2011-06-22,11.45,11.32,11.48,11.26,3547.0,4027324.75,1.92,-0.96,-0.11,0.26
2011-06-23,11.28,11.56,11.63,11.12,7266.0,8280212.5,4.51,2.12,0.24,0.53
2011-06-24,11.6,11.87,12.03,11.5,12549.0,14810954.0,4.58,2.68,0.31,0.91
2011-06-27,11.85,12.01,12.18,11.81,9522.0,11414256.0,3.12,1.18,0.14,0.69
2011-06-28,12.0,11.97,12.08,11.88,8018.0,9592147.0,1.67,-0.33,-0.04,0.58
2011-06-29,11.97,12.01,12.24,11.92,10667.0,12864700.0,2.67,0.33,0.04,0.78
2011-06-30,12.02,12.22,12.31,12.0,12351.0,15059849.0,2.58,1.75,0.21,0.9
2011-07-01,12.2,12.3,12.64,12.2,29882.0,37028788.0,3.6,0.65,0.08,2.17
2011-07-04,12.32,12.39,12.43,12.2,16029.0,19743100.0,1.87,0.73,0.09,1.17
2011-07-05,12.48,12.37,12.48,12.3,13644.0,16838346.0,1.45,-0.16,-0.02,0.99
2011-07-06,12.32,12.31,12.32,12.17,11569.0,14155873.0,1.21,-0.49,-0.06,0.84
2011-07-07,12.3,12.64,12.72,12.23,31843.0,39913984.0,3.98,2.68,0.33,2.32
2011-07-08,12.57,12.54,12.68,12.37,17394.0,21719960.0,2.45,-0.79,-0.1,1.27
2011-07-11,12.4,12.44,12.54,12.36,10216.0,12702365.0,1.44,-0.8,-0.1,0.74
2011-07-12,12.4,12.29,12.57,12.29,9306.0,11563726.0,2.25,-1.21,-0.15,0.68
2011-07-13,12.2,12.4,12.42,12.2,9520.0,11749742.0,1.79,0.9,0.11,0.69
2011-07-14,12.41,12.53,12.77,12.4,15775.0,19824608.0,2.98,1.05,0.13,1.15
2011-07-15,12.5,12.75,12.8,12.43,19429.0,24631488.0,2.95,1.76,0.22,1.41
2011-07-18,12.8,12.64,13.0,12.59,15180.0,19339414.0,3.22,-0.86,-0.11,1.1
2011-07-19,12.57,12.49,12.7,12.45,9424.0,11836181.0,1.98,-1.19,-0.15,0.69
2011-07-20,12.5,12.55,12.69,12.41,7967.0,9989774.0,2.24,0.48,0.06,0.58
2011-07-21,12.55,12.62,12.68,12.44,11946.0,15024310.0,1.91,0.56,0.07,0.87
2011-07-25,12.6,12.17,12.9,12.15,17927.0,22522990.0,5.94,-3.57,-0.45,1.3
2011-07-26,12.16,12.23,12.3,12.0,9284.0,11284428.0,2.47,0.49,0.06,0.68
2011-07-27,12.25,12.59,12.66,12.11,13395.0,16685815.0,4.5,2.94,0.36,0.97
2011-07-28,12.5,12.65,12.67,12.32,21867.0,27393124.0,2.78,0.48,0.06,1.59
2011-07-29,12.64,12.55,12.77,12.52,16062.0,20294186.0,1.98,-0.79,-0.1,1.17
2011-08-01,12.48,12.59,12.68,12.38,8218.0,10355397.0,2.39,0.32,0.04,0.6
2011-08-02,12.75,12.68,12.75,12.45,14226.0,17908352.0,2.38,0.71,0.09,1.03
2011-08-03,12.43,12.84,12.85,12.32,18102.0,23015400.0,4.18,1.26,0.16,1.32
2011-08-04,12.83,12.87,12.9,12.66,15363.0,19655806.0,1.87,0.23,0.03,1.12
2011-08-05,12.5,12.69,12.86,12.35,16636.0,21033572.0,3.96,-1.4,-0.18,1.21
2011-08-08,12.51,12.2,12.61,11.5,20243.0,24664420.0,8.75,-3.86,-0.49,1.47
2011-08-09,11.62,12.01,12.29,11.62,11492.0,13740185.0,5.49,-1.56,-0.19,0.84
2011-08-10,12.3,12.51,12.84,12.3,22673.0,28451726.0,4.5,4.16,0.5,1.65
2011-08-11,12.3,13.01,13.03,11.93,52564.0,67427848.0,8.79,4.0,0.5,3.82
2011-08-15,13.01,13.02,13.24,12.82,35580.0,46331744.0,3.23,0.08,0.01,2.59
2011-08-16,13.03,13.0,13.15,12.85,23403.0,30417564.0,2.3,-0.15,-0.02,1.7
2011-08-17,12.89,12.92,13.08,12.87,13656.0,17697750.0,1.62,-0.62,-0.08,0.99
2011-08-18,12.93,12.84,13.14,12.83,15543.0,20165580.0,2.4,-0.62,-0.08,1.13
2011-08-19,12.6,12.59,12.98,12.45,23975.0,30350148.0,4.13,-1.95,-0.25,1.74
2011-08-22,12.69,12.41,12.76,12.41,16053.0,20192276.0,2.78,-1.43,-0.18,1.17
2011-08-23,12.43,12.47,12.5,12.21,14733.0,18229066.0,2.34,0.48,0.06,1.07
2011-08-24,12.47,12.9,13.07,12.47,33294.0,42743684.0,4.81,3.45,0.43,2.42
2011-08-25,12.84,12.99,13.04,12.68,27844.0,36009212.0,2.79,0.7,0.09,2.03
2011-08-26,13.1,13.17,13.35,13.0,41867.0,55216340.0,2.69,1.39,0.18,3.05
2011-08-29,13.15,13.2,13.41,13.09,30279.0,40175760.0,2.43,0.23,0.03,2.2
2011-08-30,13.29,13.02,13.52,13.0,34191.0,45356420.0,3.94,-1.36,-0.18,2.49
2011-08-31,13.02,13.29,13.33,12.9,26389.0,34641592.0,3.3,2.07,0.27,1.92
2011-09-01,13.36,13.04,13.51,12.95,23718.0,31288068.0,4.21,-1.88,-0.25,1.73
2011-09-02,13.14,12.85,13.14,12.73,15170.0,19513118.0,3.14,-1.46,-0.19,1.1
2011-09-05,12.8,12.43,12.8,12.43,16735.0,20985534.0,2.88,-3.27,-0.42,1.22
2011-09-06,12.3,12.34,12.39,12.12,12837.0,15752103.0,2.17,-0.72,-0.09,0.93
2011-09-07,12.43,12.83,12.93,12.43,16938.0,21438510.0,4.05,3.97,0.49,1.23
2011-09-08,12.95,12.6,12.95,12.5,17401.0,22134664.0,3.51,-1.79,-0.23,1.27
2011-09-09,12.5,12.38,12.69,12.3,12473.0,15604261.0,3.1,-1.75,-0.22,0.91
2011-09-13,12.11,12.35,12.43,12.0,7798.0,9524655.0,3.47,-0.24,-0.03,0.57
2011-09-14,12.35,12.53,12.66,12.31,11605.0,14502136.0,2.83,1.46,0.18,0.84
2011-09-15,12.57,12.43,12.64,12.43,9274.0,11613160.0,1.68,-0.8,-0.1,0.67
2011-09-16,12.52,12.31,12.59,12.27,10607.0,13149262.0,2.57,-0.97,-0.12,0.77
2011-09-19,12.25,12.35,12.48,12.11,8961.0,11064444.0,3.01,0.32,0.04,0.65
2011-09-20,12.31,12.44,12.57,12.2,10348.0,12859961.0,3.0,0.73,0.09,0.75
2011-09-21,12.56,12.83,12.83,12.42,22181.0,28092292.0,3.3,3.14,0.39,1.61
2011-09-22,12.7,12.3,12.93,12.3,24704.0,31382754.0,4.91,-4.13,-0.53,1.8
2011-09-23,12.13,12.79,12.86,12.13,21961.0,27439514.0,5.93,3.98,0.49,1.6
2011-09-26,12.79,12.79,12.97,12.5,31533.0,40277280.0,3.67,0.0,0.0,2.29
2011-09-27,12.83,12.54,12.85,12.24,29135.0,36496396.0,4.77,-1.95,-0.25,2.12
2011-09-28,12.55,12.31,12.66,12.22,20919.0,25922834.0,3.51,-1.83,-0.23,1.52
2011-10-12,11.6,12.29,12.41,11.08,35233.0,41650928.0,10.8,-0.16,-0.02,2.56
2011-10-13,11.94,12.02,12.23,11.9,17902.0,21574228.0,2.69,-2.2,-0.27,1.3
2011-10-14,12.01,11.76,12.01,11.61,10615.0,12486918.0,3.33,-2.16,-0.26,0.77
2011-10-17,11.65,11.61,11.83,11.57,8824.0,10298445.0,2.21,-1.28,-0.15,0.64
2011-10-18,11.66,11.62,11.75,11.32,12479.0,14407624.0,3.7,0.09,0.01,0.91
2011-10-19,11.62,11.46,11.73,11.39,8431.0,9775592.0,2.93,-1.38,-0.16,0.61
2011-10-20,11.35,11.02,11.46,10.95,8060.0,8954742.0,4.45,-3.84,-0.44,0.59
2011-10-21,11.0,10.67,11.16,10.62,5433.0,5906381.5,4.9,-3.18,-0.35,0.4
2011-10-24,10.6,10.76,10.9,10.4,5534.0,5898444.5,4.69,0.84,0.09,0.4
2011-10-25,10.68,10.91,10.97,10.66,9936.0,10751185.0,2.88,1.39,0.15,0.72
2011-10-26,10.9,10.88,11.07,10.77,9334.0,10198102.0,2.75,-0.27,-0.03,0.68
2011-10-27,10.9,11.0,11.13,10.88,9021.0,9934031.0,2.3,1.1,0.12,0.66
2011-10-31,11.42,11.14,11.42,11.06,12337.0,13802717.0,3.27,1.27,0.14,0.9
2011-11-01,10.95,11.28,11.35,10.76,14199.0,15770331.0,5.3,1.26,0.14,1.03
2011-11-02,11.02,11.33,11.35,11.0,11623.0,13041903.0,3.1,0.44,0.05,0.85
2011-11-03,11.35,11.38,11.53,11.21,17329.0,19755276.0,2.82,0.44,0.05,1.26
2011-11-04,11.59,11.38,11.6,11.31,14241.0,16284180.0,2.55,0.0,0.0,1.04
2011-11-07,11.38,11.2,11.38,11.17,9584.0,10748104.0,1.85,-1.58,-0.18,0.7
2011-11-08,11.17,11.1,11.33,11.05,7085.0,7937782.5,2.5,-0.89,-0.1,0.52
2011-11-09,11.1,11.28,11.29,11.1,9413.0,10546286.0,1.71,1.62,0.18,0.68
2011-11-10,11.24,11.11,11.38,11.11,13374.0,15032795.0,2.39,-1.51,-0.17,0.97
2011-11-11,11.13,11.26,11.52,11.12,11832.0,13383034.0,3.6,1.35,0.15,0.86
2011-11-14,11.29,11.47,11.48,11.25,16326.0,18626792.0,2.04,1.87,0.21,1.19
2011-11-15,11.48,11.52,11.52,11.34,16668.0,19049540.0,1.57,0.44,0.05,1.21
2011-11-16,11.59,11.4,11.64,11.37,21028.0,24101350.0,2.34,-1.04,-0.12,1.53
2011-11-18,11.1,11.26,11.3,11.1,10551.0,11848902.0,1.75,-1.23,-0.14,0.77
2011-11-21,11.26,11.49,11.49,11.2,5566.0,6326094.5,2.58,2.04,0.23,0.4
2011-11-22,11.46,11.63,11.64,11.35,8544.0,9829282.0,2.52,1.22,0.14,0.62
2011-11-23,11.67,11.52,11.84,11.46,21823.0,25536376.0,3.27,-0.95,-0.11,1.59
2011-11-24,11.37,11.38,11.51,11.25,8727.0,9919877.0,2.26,-1.22,-0.14,0.63
2011-11-25,11.44,11.23,11.44,11.08,5706.0,6417488.0,3.16,-1.32,-0.15,0.42
2011-11-28,11.39,11.19,11.39,11.08,5496.0,6134654.0,2.76,-0.36,-0.04,0.4
2011-11-29,11.28,11.31,11.32,11.12,9014.0,10119088.0,1.79,1.07,0.12,0.66
2011-11-30,11.3,10.72,11.3,10.5,9907.0,10720257.0,7.07,-5.22,-0.59,0.72
2011-12-01,10.93,10.84,11.08,10.81,8160.0,8913535.0,2.52,1.12,0.12,0.59
2011-12-02,10.89,10.69,10.89,10.6,4581.0,4877313.0,2.68,-1.38,-0.15,0.33
2011-12-05,10.65,10.66,10.66,10.47,3612.0,3813095.0,1.78,-0.28,-0.03,0.26
2011-12-06,10.6,10.69,11.1,10.5,5224.0,5578746.5,5.63,0.28,0.03,0.38
2011-12-07,10.58,10.33,10.8,10.11,26789.0,28038014.0,6.45,-3.37,-0.36,1.95
2011-12-08,10.32,10.02,10.32,9.83,14673.0,14699640.0,4.74,-3.0,-0.31,1.07
2011-12-09,9.98,9.64,9.98,9.6,13202.0,12874270.0,3.79,-3.79,-0.38,0.96
2011-12-12,9.68,9.57,9.75,9.52,4889.0,4712645.0,2.39,-0.73,-0.07,0.36
2011-12-13,9.55,9.49,9.59,9.15,14923.0,13864601.0,4.6,-0.84,-0.08,1.09
2011-12-14,9.35,9.3,9.51,9.23,8024.0,7510121.0,2.95,-2.0,-0.19,0.58
2011-12-15,9.36,9.46,9.5,9.28,15257.0,14341564.0,2.37,1.72,0.16,1.11
2011-12-16,9.5,9.69,9.74,9.4,10232.0,9761122.0,3.59,2.43,0.23,0.74
2011-12-19,9.75,9.52,9.75,9.38,8938.0,8512617.0,3.82,-1.75,-0.17,0.65
2011-12-20,9.45,9.46,9.58,9.35,5283.0,5020650.0,2.42,-0.63,-0.06,0.38
2011-12-21,9.51,9.22,9.6,9.22,4705.0,4431959.5,4.02,-2.54,-0.24,0.34
2011-12-22,9.24,8.97,9.24,8.85,10752.0,9642538.0,4.23,-2.71,-0.25,0.78
2011-12-23,8.91,9.03,9.2,8.31,6283.0,5681482.0,9.92,0.67,0.06,0.46
2011-12-26,9.08,9.17,9.18,8.95,7574.0,6894799.0,2.55,1.55,0.14,0.55
2011-12-27,9.07,8.96,9.19,8.81,6607.0,5936512.5,4.14,-2.29,-0.21,0.48
2011-12-28,8.9,9.01,9.04,8.72,20638.0,18376490.0,3.57,0.56,0.05,1.5
2011-12-29,9.11,9.4,9.85,9.11,15721.0,14886369.0,8.21,4.33,0.39,1.14
2011-12-30,9.46,9.47,9.48,9.28,7711.0,7252139.0,2.13,0.74,0.07,0.56
2012-01-04,9.58,9.19,9.61,9.18,7369.0,6921614.0,4.54,-2.96,-0.28,0.54
2012-01-05,9.01,8.96,9.18,8.75,5867.0,5265161.5,4.68,-2.5,-0.23,0.43
2012-01-06,8.96,9.03,9.04,8.77,3365.0,2990355.25,3.01,0.78,0.07,0.25
2012-01-09,8.91,9.35,9.38,8.9,5975.0,5489526.0,5.32,3.54,0.32,0.44
2012-01-10,9.35,9.62,9.62,9.29,18542.0,17604078.0,3.53,2.89,0.27,1.36
2012-01-11,9.5,9.58,9.62,9.45,15240.0,14557575.0,1.77,-0.42,-0.04,1.12
2012-01-12,9.51,9.5,9.63,9.45,10275.0,9786201.0,1.88,-0.84,-0.08,0.76
2012-01-13,9.43,9.14,9.51,9.1,8592.0,7961898.5,4.32,-3.79,-0.36,0.63
2012-01-16,8.98,8.94,9.08,8.8,6146.0,5509385.5,3.06,-2.19,-0.2,0.45
2012-01-17,8.94,9.32,9.36,8.9,18458.0,16927492.0,5.15,4.25,0.38,1.36
2012-01-18,9.21,9.1,9.38,9.1,12739.0,11806694.0,3.0,-2.36,-0.22,0.94
2012-01-19,9.16,9.13,9.25,9.06,8511.0,7782682.5,2.09,0.33,0.03,0.63
2012-01-20,9.19,9.31,9.35,9.16,20997.0,19344694.0,2.08,1.97,0.18,1.55
2012-01-30,9.47,9.15,9.47,9.15,11380.0,10522182.0,3.44,-1.72,-0.16,0.84
2012-01-31,9.14,9.1,9.16,9.01,6254.0,5679987.5,1.64,-0.55,-0.05,0.46
2012-02-01,9.1,9.03,9.15,9.01,4918.0,4463837.5,1.54,-0.77,-0.07,0.36
2012-02-02,9.06,9.93,9.93,9.02,39098.0,37571136.0,10.08,9.97,0.9,2.88
2012-02-03,9.92,9.95,9.98,9.7,48122.0,47291892.0,2.82,0.2,0.02,3.54
2012-02-06,9.88,9.88,9.92,9.75,30439.0,29936252.0,1.71,-0.7,-0.07,2.24
2012-02-07,9.8,9.92,9.95,9.73,31601.0,31152032.0,2.23,0.4,0.04,2.33
2012-02-08,9.85,9.99,10.13,9.73,44515.0,44233380.0,4.03,0.71,0.07,3.28
2012-02-09,9.99,10.03,10.32,9.86,36422.0,36593184.0,4.6,0.4,0.04,2.68
2012-02-10,9.94,10.06,10.17,9.94,29024.0,29242420.0,2.29,0.3,0.03,2.14
2012-02-13,10.03,10.12,10.3,9.97,22860.0,23157766.0,3.28,0.6,0.06,1.68
2012-02-14,10.14,10.12,10.49,10.03,30747.0,31446926.0,4.55,0.0,0.0,2.26
2012-02-15,10.09,10.23,10.27,10.01,21325.0,21648332.0,2.57,1.09,0.11,1.57
2012-02-16,10.24,10.29,10.45,10.13,26375.0,27143580.0,3.13,0.59,0.06,1.94
2012-02-17,10.47,10.37,10.8,10.32,40531.0,42508484.0,4.66,0.78,0.08,2.98
2012-02-20,10.38,10.24,10.44,10.22,22032.0,22719086.0,2.12,-1.25,-0.13,1.62
2012-02-21,10.24,10.29,10.31,10.03,15198.0,15477473.0,2.73,0.49,0.05,1.12
2012-02-22,10.24,10.36,10.39,10.21,18611.0,19205488.0,1.75,0.68,0.07,1.37
2012-02-23,10.4,10.33,10.4,10.23,15932.0,16447169.0,1.64,-0.29,-0.03,1.17
2012-02-24,10.32,10.47,10.48,10.28,22013.0,22891968.0,1.94,1.36,0.14,1.62
2012-02-27,10.48,10.48,10.68,10.43,28737.0,30346216.0,2.39,0.1,0.01,2.11
2012-02-28,10.47,10.37,10.5,10.25,15027.0,15580857.0,2.39,-1.05,-0.11,1.11
2012-02-29,10.34,10.35,10.57,10.24,15807.0,16472855.0,3.18,-0.19,-0.02,1.16
2012-03-01,10.28,10.66,10.75,10.28,28423.0,30099398.0,4.54,3.0,0.31,2.09
2012-03-09,11.0,10.76,11.29,10.7,52624.0,57207700.0,5.53,0.94,0.1,3.87
2012-03-12,10.76,10.72,10.85,10.51,21054.0,22561528.0,3.16,-0.37,-0.04,1.55
2012-03-13,10.71,10.78,10.81,10.67,16545.0,17796082.0,1.31,0.56,0.06,1.22
2012-03-14,10.85,10.24,10.87,10.12,25291.0,26871866.0,6.96,-5.01,-0.54,1.86
2012-03-15,10.23,10.01,10.34,9.93,19189.0,19382752.0,4.0,-2.25,-0.23,1.41
2012-03-16,10.1,10.41,10.47,10.04,19827.0,20475566.0,4.3,4.0,0.4,1.46
2012-03-19,10.43,10.83,11.0,10.43,42826.0,46422088.0,5.48,4.03,0.42,3.15
2012-03-20,10.7,10.48,10.85,10.48,19720.0,20984430.0,3.42,-3.23,-0.35,1.45
2012-03-21,10.52,10.7,10.75,10.5,14772.0,15737021.0,2.39,2.1,0.22,1.09
2012-03-22,10.7,10.65,10.88,10.55,10934.0,11665372.0,3.08,-0.47,-0.05,0.8
2012-03-23,10.7,10.45,10.78,10.4,10793.0,11357425.0,3.57,-1.88,-0.2,0.79
2012-03-27,10.61,10.49,10.61,10.4,8712.0,9177127.0,2.01,0.38,0.04,0.64
2012-03-28,10.35,10.0,10.5,10.0,11408.0,11597847.0,4.77,-4.67,-0.49,0.84
2012-03-29,10.0,10.11,10.2,9.86,9594.0,9656706.0,3.4,1.1,0.11,0.71
2012-03-30,10.11,10.12,10.19,10.01,5602.0,5668673.0,1.78,0.1,0.01,0.41
2012-04-05,10.15,10.4,10.41,10.1,8823.0,9084374.0,3.06,2.77,0.28,0.65
2012-04-06,10.37,10.52,10.61,10.31,11711.0,12255191.0,2.88,1.15,0.12,0.86
2012-04-09,10.52,10.56,10.69,10.45,14815.0,15703738.0,2.28,0.38,0.04,1.09
2012-04-10,10.44,10.85,10.87,10.42,24119.0,25730799.0,4.26,2.75,0.29,1.77
2012-04-11,10.57,10.75,10.8,10.57,17403.0,18603786.0,2.12,-0.92,-0.1,1.28
2012-04-12,10.73,10.84,10.87,10.68,23205.0,25047272.0,1.77,0.84,0.09,1.71
2012-04-13,10.8,10.91,11.09,10.72,27607.0,30102925.0,3.41,0.65,0.07,2.03
2012-04-16,10.89,10.96,11.18,10.78,23336.0,25690118.0,3.67,0.46,0.05,1.72
2012-04-17,10.9,10.67,11.06,10.65,15171.0,16357751.0,3.74,-2.65,-0.29,1.12
2012-04-18,10.67,11.13,11.18,10.67,38471.0,42473198.0,4.78,4.31,0.46,2.83
2012-04-19,11.05,11.15,11.15,10.89,23790.0,26207939.0,2.34,0.18,0.02,1.75
2012-04-20,11.01,11.03,11.19,10.93,21862.0,24149125.0,2.33,-1.08,-0.12,1.61
2012-04-23,11.01,11.35,11.46,11.0,45576.0,51339430.0,4.17,2.9,0.32,3.35
2012-04-24,11.21,11.15,11.38,10.8,34684.0,38519473.0,5.11,-1.76,-0.2,2.55
2012-04-26,11.26,10.87,11.3,10.86,31586.0,34907195.0,3.95,-2.51,-0.28,2.32
2012-04-27,10.86,10.68,10.99,10.6,16174.0,17351124.0,3.59,-1.75,-0.19,1.19
2012-05-02,10.79,10.67,10.84,10.41,20345.0,21523295.0,4.03,-0.09,-0.01,1.5
2012-05-03,10.54,10.62,10.64,10.47,11375.0,12023553.0,1.59,-0.47,-0.05,0.84
2012-05-04,10.55,10.66,10.72,10.52,12237.0,13028790.0,1.88,0.38,0.04,0.9
2012-05-07,10.62,10.5,10.63,10.4,15964.0,16723037.0,2.16,-1.5,-0.16,1.17
2012-05-09,10.51,10.72,10.75,10.45,24087.0,25660173.0,2.86,2.1,0.22,1.77
2012-05-10,10.74,10.55,10.78,10.5,10667.0,11293232.0,2.61,-1.59,-0.17,0.78
2012-05-11,10.52,10.32,10.52,10.32,11202.0,11626541.0,1.9,-2.18,-0.23,0.82
2012-05-14,10.39,10.31,10.42,10.3,7402.0,7670724.0,1.16,-0.1,-0.01,0.54
2012-05-15,10.29,10.44,10.45,10.1,6938.0,7105002.0,3.39,1.26,0.13,0.51
2012-05-16,10.38,10.3,10.42,10.27,4793.0,4953561.0,1.44,-1.34,-0.14,0.35
2012-05-17,10.3,10.42,10.42,10.21,7743.0,8022444.0,2.04,1.17,0.12,0.57
2012-05-18,10.4,9.99,10.4,9.99,9773.0,9956302.0,3.93,-4.13,-0.43,0.72
2012-05-21,10.01,9.9,10.23,9.89,8804.0,8789447.0,3.4,-0.9,-0.09,0.65
2012-05-22,9.89,10.06,10.1,9.89,5338.0,5324326.0,2.12,1.62,0.16,0.39
2012-05-23,10.06,10.03,10.08,9.92,7314.0,7315416.0,1.59,-0.3,-0.03,0.54
2012-05-24,10.04,9.81,10.1,9.79,7745.0,7703966.0,3.09,-2.19,-0.22,0.57
2012-05-25,9.78,9.8,9.91,9.62,7866.0,7662873.0,2.96,-0.1,-0.01,0.58
2012-05-28,9.81,9.82,9.82,9.5,6190.0,5988927.0,3.27,0.2,0.02,0.46
2012-05-29,9.84,10.04,10.09,9.76,8961.0,8969111.0,3.36,2.24,0.22,0.66
2012-05-30,10.04,9.95,10.05,9.95,6103.0,6098370.0,1.0,-0.9,-0.09,0.45
2012-05-31,9.95,10.13,10.15,9.9,8174.0,8229143.0,2.51,1.81,0.18,0.6
2012-06-01,10.15,10.1,10.15,10.03,5599.0,5645538.0,1.18,-0.3,-0.03,0.41
2012-06-04,9.99,9.93,9.99,9.81,7288.0,7196899.0,1.78,-1.68,-0.17,0.54
2012-06-05,9.98,9.79,9.98,9.76,5819.0,5724597.0,2.22,-1.41,-0.14,0.43
2012-06-06,9.77,9.84,9.87,9.77,3325.0,3262161.0,1.02,0.51,0.05,0.24
2012-06-07,9.91,9.75,9.93,9.75,4081.0,4017282.0,1.83,-0.91,-0.09,0.3
2012-06-08,9.75,9.71,9.9,9.69,2789.0,2718627.0,2.15,-0.41,-0.04,0.21
2012-06-11,9.72,9.88,9.91,9.62,4731.0,4624096.0,2.99,1.75,0.17,0.35
2012-06-12,9.84,9.83,9.87,9.78,2309.0,2264825.0,0.91,-0.51,-0.05,0.17
2012-06-13,9.83,9.97,10.03,9.83,6201.0,6166448.0,2.03,1.42,0.14,0.46
2012-06-14,9.98,9.99,10.08,9.93,7465.0,7466449.0,1.5,0.2,0.02,0.55
2012-06-15,10.07,10.23,10.28,9.95,14020.0,14236666.0,3.3,2.4,0.24,1.03
2012-06-18,10.26,10.27,10.33,10.17,10491.0,10765074.0,1.56,0.39,0.04,0.77
2012-06-19,10.2,10.17,10.27,10.1,7493.0,7616279.0,1.66,-0.97,-0.1,0.55
2012-06-20,10.17,10.1,10.23,10.09,4046.0,4106375.0,1.38,-0.69,-0.07,0.3
2012-06-21,10.1,9.91,10.14,9.82,4977.0,4961351.0,3.17,-1.88,-0.19,0.37
2012-06-25,9.9,9.49,9.9,9.48,6978.0,6711750.0,4.24,-4.24,-0.42,0.51
2012-06-26,9.49,9.5,9.67,9.46,7553.0,7181127.0,2.21,0.11,0.01,0.56
2012-06-27,9.5,9.4,9.61,9.32,7443.0,7041054.0,3.05,-1.05,-0.1,0.55
2012-06-28,9.49,9.46,9.5,9.32,5793.0,5467716.0,1.91,0.64,0.06,0.43
2012-06-29,9.52,9.6,9.64,9.32,6471.0,6131693.0,3.38,1.48,0.14,0.48
2012-07-02,9.64,9.66,9.8,9.6,6364.0,6180860.0,2.08,0.63,0.06,0.47
2012-07-03,9.68,9.76,9.8,9.6,12759.0,12390180.0,2.07,1.04,0.1,0.94
2012-07-04,9.76,9.51,9.76,9.45,14554.0,13894111.0,3.18,-2.56,-0.25,1.07
2012-07-05,9.51,9.15,9.51,9.05,8735.0,8122173.0,4.84,-3.79,-0.36,0.64
2012-07-06,9.25,9.4,9.46,9.18,6674.0,6215057.0,3.06,2.73,0.25,0.49
2012-07-09,9.38,9.54,9.73,9.3,18669.0,17868298.0,4.57,1.49,0.14,1.37
2012-07-10,9.53,9.13,9.53,9.13,17504.0,16205587.0,4.19,-4.3,-0.41,1.29
2012-07-11,9.22,9.18,9.27,9.12,15799.0,14510448.0,1.64,0.55,0.05,1.16
2012-07-12,9.15,9.36,9.4,8.89,17512.0,16194225.0,5.56,1.96,0.18,1.29
2012-07-13,9.21,9.12,9.32,9.07,20124.0,18417117.0,2.67,-2.56,-0.24,1.48
2012-07-16,9.14,8.93,9.28,8.88,15946.0,14489207.0,4.39,-2.08,-0.19,1.17
2012-07-17,8.9,8.81,8.9,8.59,11104.0,9708615.0,3.47,-1.34,-0.12,0.82
2012-07-18,8.81,8.89,8.94,8.62,8556.0,7464722.0,3.63,0.91,0.08,0.63
2012-07-19,8.88,8.99,9.1,8.83,13196.0,11875506.0,3.04,1.12,0.1,0.97
2012-07-20,8.9,8.86,9.07,8.83,11683.0,10411430.0,2.67,-1.45,-0.13,0.86
2012-07-23,8.93,8.75,8.93,8.72,5331.0,4687114.0,2.37,-1.24,-0.11,0.39
2012-07-24,8.73,8.95,9.23,8.73,13522.0,12262077.0,5.71,2.29,0.2,1.0
2012-07-25,8.81,8.84,8.96,8.76,14312.0,12636661.0,2.23,-1.23,-0.11,1.05
2012-07-26,8.78,8.85,8.9,8.78,7617.0,6739840.0,1.36,0.11,0.01,0.56
2012-07-27,8.85,8.7,8.88,8.61,8045.0,7019208.0,3.05,-1.69,-0.15,0.59
2012-07-30,8.71,8.39,8.78,8.3,8489.0,7225060.0,5.52,-3.56,-0.31,0.62
2012-07-31,8.39,8.2,8.45,8.2,6542.0,5390817.0,2.98,-2.26,-0.19,0.48
2012-08-01,8.2,8.31,8.39,8.18,5393.0,4484211.0,2.56,1.34,0.11,0.4
2012-08-02,8.56,8.3,8.63,8.24,7570.0,6342029.0,4.69,-0.12,-0.01,0.56
2012-08-03,8.32,8.44,8.45,8.27,6658.0,5569490.0,2.17,1.69,0.14,0.49
2012-08-06,8.4,8.6,8.64,8.35,8686.0,7398703.0,3.44,1.9,0.16,0.64
2012-08-07,8.64,8.69,8.73,8.6,8153.0,7058818.0,1.51,1.05,0.09,0.6
2012-08-08,8.7,8.62,8.7,8.55,6622.0,5714330.0,1.73,-0.81,-0.07,0.49
2012-08-09,8.62,8.75,8.76,8.61,9025.0,7866957.0,1.74,1.51,0.13,0.66
2012-08-10,8.7,8.73,8.77,8.68,7509.0,6544685.0,1.03,-0.23,-0.02,0.55
2012-08-13,8.68,8.92,9.0,8.56,20846.0,18282097.0,5.04,2.18,0.19,1.53
2012-08-14,8.75,8.98,9.05,8.64,18893.0,16685087.0,4.6,0.67,0.06,1.39
2012-08-15,8.9,8.8,8.98,8.8,11831.0,10536079.0,2.0,-2.0,-0.18,0.87
2012-08-16,8.8,8.66,8.8,8.62,7448.0,6474899.0,2.05,-1.59,-0.14,0.55
2012-08-17,8.64,8.64,8.68,8.59,3965.0,3417076.0,1.04,-0.23,-0.02,0.29
2012-08-20,8.6,8.72,8.72,8.56,4020.0,3483128.0,1.85,0.93,0.08,0.3
2012-08-21,8.77,8.9,8.96,8.72,11601.0,10293983.0,2.75,2.06,0.18,0.85
2012-08-22,8.88,8.82,8.91,8.78,4992.0,4418142.0,1.46,-0.9,-0.08,0.37
2012-08-23,8.89,8.86,8.9,8.74,6722.0,5928942.0,1.81,0.45,0.04,0.49
2012-08-24,8.78,8.61,8.86,8.6,6837.0,5965633.0,2.93,-2.82,-0.25,0.5
2012-08-27,8.69,8.38,8.69,8.31,6467.0,5495795.0,4.41,-2.67,-0.23,0.48
2012-08-28,8.31,8.45,8.55,8.31,6919.0,5854490.0,2.86,0.84,0.07,0.51
2012-08-29,8.4,8.48,8.55,8.4,4807.0,4082039.0,1.78,0.36,0.03,0.35
2012-08-30,8.5,8.46,8.61,8.31,5012.0,4256025.0,3.54,-0.24,-0.02,0.37
2012-08-31,8.48,8.49,8.54,8.44,6011.0,5104946.0,1.18,0.35,0.03,0.44
2012-09-03,8.48,8.9,8.9,8.48,17522.0,15365151.0,4.95,4.83,0.41,1.29
2012-09-04,8.85,8.93,8.95,8.77,14623.0,12952791.0,2.02,0.34,0.03,1.08
2012-09-05,8.85,9.07,9.26,8.85,26469.0,24155846.0,4.59,1.57,0.14,1.95
2012-09-06,9.08,9.25,9.26,8.93,30079.0,27287664.0,3.64,1.98,0.18,2.21
2012-09-07,9.25,9.42,9.56,9.2,36631.0,34321720.0,3.89,1.84,0.17,2.7
2012-09-10,9.27,9.36,9.44,9.21,34524.0,32154009.0,2.44,-0.64,-0.06,2.54
2012-09-11,9.34,9.35,9.39,9.21,18058.0,16756221.0,1.92,-0.11,-0.01,1.33
2012-09-12,9.4,9.36,9.48,9.22,18343.0,17108776.0,2.78,0.11,0.01,1.35
2012-09-13,9.38,9.5,9.97,9.36,55964.0,54200510.0,6.52,1.5,0.14,4.12
2012-09-14,9.6,9.44,9.67,9.31,30738.0,29141914.0,3.79,-0.63,-0.06,2.26
2012-09-17,9.57,9.5,9.97,9.46,50757.0,49391563.0,5.4,0.64,0.06,3.74
2012-09-18,9.35,9.26,9.45,9.06,28250.0,26065375.0,4.11,-2.53,-0.24,2.08
2012-09-19,9.26,9.53,9.75,9.15,33277.0,31415397.0,6.48,2.92,0.27,2.45
2012-09-20,9.41,9.23,9.56,9.2,23920.0,22350348.0,3.78,-3.15,-0.3,1.76
2012-09-21,9.29,9.24,9.5,9.17,28483.0,26625406.0,3.58,0.11,0.01,2.1
2012-09-26,8.78,8.43,8.79,8.4,38083.0,32442303.0,4.22,-8.77,-0.81,2.8
2012-09-27,8.3,8.52,8.63,8.13,32875.0,27541858.0,5.93,1.07,0.09,2.42
2012-09-28,8.45,8.51,8.53,8.32,26446.0,22337811.0,2.46,-0.12,-0.01,1.95
2012-10-08,8.75,8.56,9.1,8.53,37609.0,32966996.0,6.7,0.59,0.05,2.77
2012-10-09,8.35,8.64,8.67,8.35,28885.0,24769350.0,3.74,0.93,0.08,2.13
2012-10-10,8.69,8.78,8.82,8.66,27254.0,23844205.0,1.85,1.62,0.14,2.01
2012-10-11,8.77,8.57,8.77,8.56,19136.0,16501056.0,2.39,-2.39,-0.21,1.41
2012-10-12,8.56,8.43,8.64,8.32,17155.0,14496312.0,3.73,-1.63,-0.14,1.26
2012-10-15,8.49,8.35,8.49,8.28,11171.0,9305332.0,2.49,-0.95,-0.08,0.82
2012-10-16,8.38,8.4,8.49,8.32,9321.0,7846276.0,2.04,0.6,0.05,0.69
2012-10-17,8.39,8.59,8.6,8.36,14411.0,12230122.0,2.86,2.26,0.19,1.06
2012-10-18,8.65,8.7,8.75,8.56,29493.0,25562395.0,2.21,1.28,0.11,2.17
2012-10-19,8.63,8.69,8.72,8.62,12833.0,11114067.0,1.15,-0.11,-0.01,0.94
2012-10-22,8.7,8.74,8.77,8.57,16034.0,13949423.0,2.3,0.58,0.05,1.18
2012-10-23,8.79,8.77,8.8,8.62,12827.0,11131934.0,2.06,0.34,0.03,0.94
2012-10-24,8.66,8.43,8.68,8.38,31657.0,26856756.0,3.42,-3.88,-0.34,2.33
2012-10-25,8.38,8.23,8.4,8.17,43825.0,36238929.0,2.73,-2.37,-0.2,3.23
2012-10-26,8.19,8.04,8.24,8.0,17976.0,14546294.0,2.92,-2.31,-0.19,1.32
2012-10-29,8.06,8.02,8.1,8.01,7699.0,6194887.0,1.12,-0.25,-0.02,0.57
2012-10-30,8.08,8.02,8.09,8.01,10777.0,8665968.0,1.0,0.0,0.0,0.79
2012-10-31,8.03,8.08,8.15,7.98,14021.0,11276883.0,2.12,0.75,0.06,1.03
2012-11-01,8.13,8.1,8.19,8.08,45659.0,37093545.0,1.36,0.25,0.02,3.36
2012-11-02,8.1,8.14,8.14,8.07,17477.0,14170191.0,0.86,0.49,0.04,1.29
2012-11-05,8.14,8.08,8.15,8.05,9248.0,7483654.0,1.23,-0.74,-0.06,0.68
2012-11-06,8.09,7.9,8.15,7.79,17814.0,14104138.0,4.46,-2.23,-0.18,1.31
2012-11-07,7.83,7.96,7.98,7.83,13331.0,10559134.0,1.9,0.76,0.06,0.98
2012-11-08,7.96,7.88,8.01,7.82,15817.0,12499915.0,2.39,-1.01,-0.08,1.16
2012-11-09,7.86,7.81,7.9,7.8,8270.0,6471746.0,1.27,-0.89,-0.07,0.61
2012-11-12,7.83,7.89,7.9,7.8,8459.0,6638943.0,1.28,1.02,0.08,0.62
2012-11-13,7.9,7.91,8.15,7.8,17533.0,14008162.0,4.44,0.25,0.02,1.29
2012-11-14,7.9,7.8,7.9,7.71,9715.0,7566748.0,2.4,-1.39,-0.11,0.71
2012-11-15,7.76,7.55,7.76,7.55,11690.0,8934487.0,2.69,-3.21,-0.25,0.86
2012-11-16,7.55,7.52,7.55,7.39,11365.0,8475112.0,2.12,-0.4,-0.03,0.84
2012-11-19,7.5,7.48,7.5,7.38,5663.0,4212359.0,1.6,-0.53,-0.04,0.42
2012-11-20,7.51,7.45,7.51,7.44,4941.0,3693557.0,0.94,-0.4,-0.03,0.36
2012-11-21,7.44,7.66,7.78,7.43,15604.0,11851642.0,4.7,2.82,0.21,1.15
2012-11-22,7.61,7.8,7.8,7.56,22437.0,17338164.0,3.13,1.83,0.14,1.65
2012-11-23,7.75,7.66,7.75,7.6,16101.0,12353192.0,1.92,-1.79,-0.14,1.18
2012-11-26,7.65,7.6,7.7,7.55,7361.0,5601795.0,1.96,-0.78,-0.06,0.54
2012-11-27,7.6,7.35,7.65,7.3,14346.0,10759404.0,4.61,-3.29,-0.25,1.06
2012-11-28,7.35,7.14,7.35,7.11,6230.0,4465966.0,3.27,-2.86,-0.21,0.46
2012-11-29,7.12,6.95,7.22,6.9,10724.0,7606930.0,4.48,-2.66,-0.19,0.79
2012-11-30,6.86,7.0,7.02,6.86,5602.0,3900720.0,2.3,0.72,0.05,0.41
2012-12-03,7.0,6.69,7.02,6.67,6679.0,4572084.0,5.0,-4.43,-0.31,0.49
2012-12-04,6.7,6.74,6.8,6.52,12670.0,8448156.0,4.19,0.75,0.05,0.93
2012-12-05,6.87,7.14,7.19,6.8,20912.0,14775314.0,5.79,5.93,0.4,1.54
2012-12-06,7.15,7.1,7.17,7.0,13817.0,9792394.0,2.38,-0.56,-0.04,1.02
2012-12-07,7.05,7.25,7.27,7.05,18031.0,12911894.0,3.1,2.11,0.15,1.33
2012-12-10,7.35,7.34,7.39,7.23,14853.0,10844236.0,2.21,1.24,0.09,1.09
2012-12-11,7.34,7.33,7.4,7.23,15040.0,11033200.0,2.32,-0.14,-0.01,1.11
2012-12-12,7.25,7.28,7.34,7.2,11654.0,8461882.0,1.91,-0.68,-0.05,0.86
2012-12-13,7.39,7.17,7.4,7.17,9331.0,6785850.0,3.16,-1.51,-0.11,0.69
2012-12-14,7.15,7.52,7.8,7.15,29220.0,21868461.0,9.07,4.88,0.35,2.15
2012-12-17,7.48,7.6,7.6,7.42,24283.0,18286391.0,2.39,1.06,0.08,1.79
2012-12-18,7.56,7.54,7.7,7.49,13662.0,10361987.0,2.76,-0.79,-0.06,1.01
2012-12-19,7.51,7.55,7.58,7.48,9837.0,7407776.0,1.33,0.13,0.01,0.72
2012-12-20,7.48,7.54,7.55,7.42,8977.0,6721219.0,1.72,-0.13,-0.01,0.66
2012-12-21,7.55,7.56,7.62,7.46,10561.0,7986657.0,2.12,0.27,0.02,0.78
2012-12-24,7.52,7.6,7.67,7.5,6952.0,5269693.0,2.25,0.53,0.04,0.51
2012-12-25,7.61,7.74,7.77,7.57,19638.0,15141892.0,2.63,1.84,0.14,1.45
2012-12-26,7.74,7.9,7.96,7.74,26117.0,20558999.0,2.84,2.07,0.16,1.92
2012-12-27,7.9,7.79,7.92,7.76,21358.0,16745246.0,2.03,-1.39,-0.11,1.57
2012-12-28,7.76,7.89,7.91,7.74,13319.0,10413025.0,2.18,1.28,0.1,0.98
2012-12-31,7.9,8.0,8.08,7.85,22696.0,18050153.0,2.92,1.39,0.11,1.65
2013-01-04,8.09,7.86,8.09,7.83,22088.0,17432510.0,3.25,-1.75,-0.14,1.61
2013-01-07,7.85,7.89,7.91,7.83,8305.0,6534334.0,1.02,0.38,0.03,0.6
2013-01-08,7.85,7.95,7.97,7.83,15815.0,12522684.0,1.77,0.76,0.06,1.15
2013-01-09,7.95,8.03,8.06,7.91,22331.0,17847658.0,1.89,1.01,0.08,1.63
2013-01-10,8.03,8.12,8.12,7.96,25354.0,20433052.0,1.99,1.12,0.09,1.85
2013-01-11,8.29,8.14,8.57,8.05,55261.0,45795717.0,6.4,0.25,0.02,4.02
2013-01-14,8.0,8.29,8.33,7.83,30654.0,25062163.0,6.14,1.84,0.15,2.23
2013-01-15,8.23,8.34,8.4,8.15,38533.0,31901956.0,3.02,0.6,0.05,2.8
2013-01-16,8.33,8.5,8.5,8.23,34262.0,28492949.0,3.24,1.92,0.16,2.49
2013-01-17,8.47,8.65,8.7,8.25,61322.0,52332301.0,5.29,1.76,0.15,4.46
2013-01-18,8.47,8.64,8.67,8.47,64322.0,55224422.0,2.31,-0.12,-0.01,4.68
2013-01-21,8.62,8.58,8.69,8.56,28657.0,24691607.0,1.5,-0.69,-0.06,2.09
2013-01-22,8.58,8.34,8.59,8.31,23978.0,20190494.0,3.26,-2.8,-0.24,1.74
2013-01-23,8.31,8.27,8.34,8.12,21082.0,17362641.0,2.64,-0.84,-0.07,1.53
2013-01-24,8.27,7.95,8.3,7.95,26169.0,21248786.0,4.23,-3.87,-0.32,1.9
2013-01-25,7.96,8.03,8.06,7.92,13651.0,10900943.0,1.76,1.01,0.08,0.99
2013-01-28,8.05,8.23,8.23,8.01,17023.0,13868049.0,2.74,2.49,0.2,1.24
2013-01-29,8.24,8.29,8.34,8.24,16658.0,13823893.0,1.22,0.73,0.06,1.21
2013-01-30,8.3,8.42,8.42,8.16,21627.0,17932730.0,3.14,1.57,0.13,1.57
2013-01-31,8.39,8.39,8.4,8.27,17510.0,14635583.0,1.54,-0.36,-0.03,1.27
2013-02-01,8.36,8.55,8.55,8.32,36581.0,30976483.0,2.74,1.91,0.16,2.66
2013-02-04,8.91,9.41,9.41,8.64,80460.0,74171822.0,9.01,10.06,0.86,5.86
2013-02-05,9.4,9.08,9.43,8.9,182524.0,166692818.0,5.63,-3.51,-0.33,13.28
2013-02-06,8.98,8.96,9.06,8.71,115676.0,102114869.0,3.85,-1.32,-0.12,8.42
2013-02-07,8.83,8.81,8.86,8.71,51010.0,44882430.0,1.67,-1.67,-0.15,3.71
2013-02-08,8.89,8.91,9.07,8.78,66829.0,59637741.0,3.29,1.14,0.1,4.86
2013-02-18,8.91,8.89,9.17,8.81,59794.0,53389443.0,4.04,-0.22,-0.02,4.35
2013-02-19,8.9,8.68,8.98,8.55,64031.0,55866335.0,4.84,-2.36,-0.21,4.66
2013-02-20,8.67,8.76,8.92,8.6,39276.0,34358134.0,3.69,0.92,0.08,2.86
2013-02-21,8.71,8.64,8.75,8.5,34781.0,30011362.0,2.85,-1.37,-0.12,2.53
2013-02-22,8.62,8.42,8.88,8.4,50750.0,43527391.0,5.56,-2.55,-0.22,3.69
2013-02-25,8.41,8.35,8.48,8.26,33241.0,27764503.0,2.61,-0.83,-0.07,2.42
2013-02-26,8.33,8.21,8.39,8.2,25990.0,21607340.0,2.28,-1.68,-0.14,1.89
2013-02-27,8.22,8.29,8.34,8.18,23704.0,19583641.0,1.95,0.97,0.08,1.73
2013-02-28,8.3,8.54,8.54,8.25,27345.0,22899191.0,3.5,3.02,0.25,1.99
2013-03-01,8.45,8.56,8.63,8.36,57355.0,48322594.0,3.16,0.23,0.02,4.17
2013-03-04,8.46,8.24,8.53,8.2,61869.0,51631657.0,3.86,-3.74,-0.32,4.5
2013-03-05,8.25,8.42,8.44,8.23,34427.0,28841948.0,2.55,2.18,0.18,2.51
2013-03-06,8.42,8.55,8.57,8.38,71523.0,60702166.0,2.26,1.54,0.13,5.21
2013-03-07,8.51,8.57,8.67,8.46,65342.0,56139210.0,2.46,0.23,0.02,4.76
2013-03-08,8.56,8.42,8.62,8.4,40412.0,34252688.0,2.57,-1.75,-0.15,2.94
2013-03-11,8.43,8.38,8.46,8.33,20137.0,16906531.0,1.54,-0.48,-0.04,1.47
2013-03-12,8.43,8.19,8.5,8.11,41941.0,34905288.0,4.65,-2.27,-0.19,3.05
2013-03-13,8.2,8.08,8.2,8.03,19804.0,16041014.0,2.08,-1.34,-0.11,1.44
2013-03-14,8.1,8.14,8.25,8.09,15502.0,12681567.0,1.98,0.74,0.06,1.13
2013-03-15,8.16,8.37,8.41,8.1,31254.0,25906735.0,3.81,2.83,0.23,2.27
2013-03-18,8.41,8.34,8.45,8.31,21858.0,18282583.0,1.67,-0.36,-0.03,1.59
2013-03-19,8.34,8.52,8.52,8.33,32056.0,27040423.0,2.28,2.16,0.18,2.33
2013-03-20,8.5,8.7,8.76,8.4,52533.0,45208632.0,4.23,2.11,0.18,3.82
2013-03-21,8.7,8.64,8.74,8.58,43291.0,37444364.0,1.84,-0.69,-0.06,3.15
2013-03-22,8.67,8.77,8.89,8.67,56216.0,49508437.0,2.55,1.5,0.13,4.09
2013-03-25,8.8,8.62,8.81,8.58,66389.0,57598870.0,2.62,-1.71,-0.15,4.83
2013-03-26,8.6,9.12,9.16,8.57,101893.0,90589943.0,6.84,5.8,0.5,7.42
2013-03-27,9.03,9.11,9.24,8.93,71642.0,64979522.0,3.4,-0.11,-0.01,5.21
2013-03-28,9.43,9.3,9.88,9.13,223601.0,211322506.0,8.23,2.09,0.19,16.27
2013-03-29,9.16,8.87,9.24,8.85,160106.0,144296560.0,4.19,-4.62,-0.43,11.65
2013-04-01,8.82,8.93,9.05,8.81,62800.0,56188062.0,2.71,0.68,0.06,4.57
2013-04-02,8.9,8.73,9.01,8.69,64008.0,56654430.0,3.58,-2.24,-0.2,4.66
2013-04-03,8.75,8.87,8.9,8.66,68697.0,60254718.0,2.75,1.6,0.14,5.0
2013-04-08,8.7,8.79,8.8,8.57,50625.0,44159554.0,2.59,-0.9,-0.08,3.68
2013-04-09,8.77,9.2,9.35,8.74,90730.0,82327642.0,6.94,4.66,0.41,6.6
2013-04-10,9.16,9.26,9.3,9.1,55063.0,50595868.0,2.17,0.65,0.06,4.01
2013-04-11,9.2,8.95,9.25,8.92,74945.0,68065162.0,3.56,-3.35,-0.31,5.45
2013-04-12,8.97,9.35,9.45,8.92,98176.0,90819439.0,5.92,4.47,0.4,7.14
2013-04-15,9.22,9.27,9.4,9.12,53429.0,49323437.0,2.99,-0.86,-0.08,3.89
2013-04-16,9.14,9.3,9.37,9.08,46625.0,43061757.0,3.13,0.32,0.03,3.39
2013-04-17,9.3,9.39,9.47,9.24,73877.0,69232246.0,2.47,0.97,0.09,5.38
2013-04-18,9.3,9.28,9.4,9.19,65527.0,60762589.0,2.24,-1.17,-0.11,4.77
2013-04-19,9.25,9.54,9.61,9.25,117667.0,111439253.0,3.88,2.8,0.26,8.56
2013-04-22,9.42,9.73,9.86,9.42,103584.0,100488966.0,4.61,1.99,0.19,7.54
2013-04-23,9.84,9.41,9.96,9.37,114115.0,109664256.0,6.06,-3.29,-0.32,8.3
2013-04-24,9.48,9.68,9.68,9.28,77465.0,73643031.0,4.25,2.87,0.27,5.64
2013-04-25,9.66,9.53,10.15,9.5,142798.0,141003278.0,6.71,-1.55,-0.15,10.39
2013-04-26,9.63,9.07,9.65,9.04,104955.0,97456909.0,6.4,-4.83,-0.46,7.64
2013-05-02,9.08,9.09,9.17,8.95,46261.0,41944974.0,2.43,0.22,0.02,3.37
2013-05-03,9.11,9.27,9.3,9.07,47811.0,44131232.0,2.53,1.98,0.18,3.48
2013-05-06,9.25,9.31,9.33,9.17,51232.0,47402454.0,1.73,0.43,0.04,3.73
2013-05-07,9.23,9.25,9.28,9.18,34443.0,31770491.0,1.07,-0.64,-0.06,2.51
2013-05-08,9.2,8.96,9.23,8.88,100186.0,89938560.0,3.78,-3.14,-0.29,7.29
2013-05-09,8.93,9.04,9.05,8.86,51434.0,46072402.0,2.12,0.89,0.08,3.74
2013-05-10,8.99,9.32,9.33,8.97,79862.0,73306936.0,3.98,3.1,0.28,5.81
2013-05-13,9.3,9.3,9.34,9.2,53127.0,49227305.0,1.5,-0.21,-0.02,3.87
2013-05-14,9.29,9.39,9.52,9.25,81086.0,76047942.0,2.9,0.97,0.09,5.9
2013-05-15,9.53,9.43,9.6,9.36,63174.0,59574791.0,2.56,0.43,0.04,4.6
2013-05-16,9.43,9.6,9.63,9.38,68280.0,65104037.0,2.65,1.8,0.17,4.97
2013-05-17,9.59,9.72,9.86,9.53,92180.0,88891982.0,3.44,1.25,0.12,6.71
2013-05-20,9.81,9.92,10.05,9.72,126152.0,124563636.0,3.4,2.06,0.2,9.18
2013-05-21,4.96,4.9,5.01,4.79,215860.0,105257157.0,2.22,-50.6,-5.02,7.85
2013-05-22,4.87,4.85,4.97,4.82,146306.0,71405422.0,3.06,-1.02,-0.05,5.32
2013-05-23,4.85,4.83,4.89,4.78,121780.0,58851606.0,2.27,-0.41,-0.02,4.43
2013-05-24,4.83,4.83,4.85,4.75,101003.0,48529084.0,2.07,0.0,0.0,3.68
2013-05-27,4.83,4.98,4.99,4.8,179747.0,87997194.0,3.93,3.11,0.15,6.54
2013-05-28,4.97,5.01,5.02,4.89,144365.0,71449978.0,2.61,0.6,0.03,5.25
2013-05-29,4.97,5.01,5.08,4.97,149097.0,74977851.0,2.2,0.0,0.0,5.43
2013-05-30,5.01,4.98,5.05,4.94,95638.0,47683646.0,2.2,-0.6,-0.03,3.48
2013-05-31,5.0,4.92,5.02,4.92,87785.0,43610655.0,2.01,-1.2,-0.06,3.19
2013-06-03,5.0,4.98,5.09,4.96,95328.0,47699667.0,2.64,1.22,0.06,3.47
2013-06-04,4.97,4.83,4.97,4.8,96790.0,47077714.0,3.41,-3.01,-0.15,3.52
2013-06-05,4.84,4.83,4.86,4.8,47392.0,22893784.0,1.24,0.0,0.0,1.72
2013-06-06,4.82,4.78,4.82,4.76,47799.0,22890765.0,1.24,-1.04,-0.05,1.74
2013-06-07,4.78,4.7,4.82,4.66,52964.0,25077346.0,3.35,-1.67,-0.08,1.93
2013-06-13,4.66,4.57,4.66,4.46,49557.0,22422388.0,4.26,-2.77,-0.13,1.8
2013-06-14,4.6,4.63,4.68,4.57,54751.0,25274734.0,2.41,1.31,0.06,1.99
2013-06-17,4.63,4.63,4.68,4.5,51909.0,23815211.0,3.89,0.0,0.0,1.89
2013-06-18,4.65,4.64,4.67,4.57,35870.0,16559393.0,2.16,0.22,0.01,1.31
2013-06-19,4.62,4.57,4.63,4.48,46049.0,20877727.0,3.23,-1.51,-0.07,1.68
2013-06-20,4.54,4.42,4.55,4.42,37637.0,16882227.0,2.84,-3.28,-0.15,1.37
2013-06-21,4.36,4.36,4.38,4.25,44398.0,19205314.0,2.94,-1.36,-0.06,1.62
2013-06-24,4.34,4.0,4.38,3.92,60616.0,25003089.0,10.55,-8.26,-0.36,2.21
2013-06-25,3.93,3.91,4.02,3.63,89262.0,34499297.0,9.75,-2.25,-0.09,3.25
2013-06-26,3.9,4.0,4.04,3.88,57782.0,22931892.0,4.09,2.3,0.09,2.1
2013-06-27,4.02,3.89,4.02,3.86,50895.0,20132094.0,4.0,-2.75,-0.11,1.85
2013-06-28,3.91,3.97,4.05,3.78,49696.0,19682638.0,6.94,2.06,0.08,1.81
2013-07-01,3.97,4.11,4.13,3.95,55245.0,22479232.0,4.53,3.53,0.14,2.01
2013-07-02,4.13,4.3,4.34,4.13,72412.0,30720494.0,5.11,4.62,0.19,2.63
2013-07-03,4.38,4.4,4.41,4.27,99978.0,43562943.0,3.26,2.33,0.1,3.64
2013-07-04,4.36,4.46,4.57,4.34,82288.0,36721478.0,5.23,1.36,0.06,2.99
2013-07-05,4.45,4.6,4.68,4.45,74477.0,34204046.0,5.16,3.14,0.14,2.71
2013-07-08,4.56,4.32,4.56,4.31,70046.0,31031351.0,5.43,-6.09,-0.28,2.55
2013-07-09,4.31,4.2,4.38,4.14,74968.0,31698547.0,5.56,-2.78,-0.12,2.73
2013-07-10,4.2,4.35,4.38,4.14,45081.0,19271279.0,5.71,3.57,0.15,1.64
2013-07-11,4.35,4.49,4.58,4.32,68635.0,30504034.0,5.98,3.22,0.14,2.5
2013-07-12,4.49,4.42,4.52,4.4,57979.0,25821530.0,2.67,-1.56,-0.07,2.11
2013-07-15,4.42,4.52,4.55,4.39,38307.0,17174952.0,3.62,2.26,0.1,1.39
2013-07-16,4.51,4.51,4.54,4.42,32347.0,14499244.0,2.65,-0.22,-0.01,1.18
2013-07-17,4.49,4.5,4.57,4.46,53680.0,24167428.0,2.44,-0.22,-0.01,1.95
2013-07-18,4.49,4.42,4.49,4.41,24472.0,10875486.0,1.78,-1.78,-0.08,0.89
2013-07-19,4.42,4.26,4.47,4.25,30424.0,13277163.0,4.98,-3.62,-0.16,1.11
2013-07-22,4.15,4.29,4.35,4.15,17790.0,7612995.0,4.69,0.7,0.03,0.65
2013-07-23,4.3,4.47,4.49,4.3,48831.0,21630219.0,4.43,4.2,0.18,1.78
2013-07-24,4.51,4.66,4.71,4.46,120137.0,55423895.0,5.59,4.25,0.19,4.37
2013-07-25,4.63,4.56,4.75,4.52,77211.0,35859787.0,4.94,-2.15,-0.1,2.81
2013-07-26,4.53,4.5,4.56,4.31,57429.0,25527469.0,5.48,-1.32,-0.06,2.09
2013-07-29,4.51,4.44,4.51,4.38,20997.0,9334620.0,2.89,-1.33,-0.06,0.76
2013-07-30,4.45,4.43,4.55,4.4,44736.0,19975672.0,3.38,-0.23,-0.01,1.63
2013-07-31,4.41,4.44,4.51,4.4,25835.0,11502821.0,2.48,0.23,0.01,0.94
2013-08-01,4.43,4.6,4.65,4.43,47731.0,21567976.0,4.95,3.6,0.16,1.74
2013-08-02,4.65,4.66,4.71,4.57,104641.0,48772488.0,3.04,1.3,0.06,3.81
2013-08-05,4.64,4.81,4.86,4.64,122077.0,58351670.0,4.72,3.22,0.15,4.44
2013-08-06,4.79,4.85,4.92,4.75,98690.0,47908366.0,3.53,0.83,0.04,3.59
2013-08-07,4.86,4.74,4.86,4.71,62722.0,30031523.0,3.09,-2.27,-0.11,2.28
2013-08-08,4.74,4.76,4.81,4.68,42093.0,20076880.0,2.74,0.42,0.02,1.53
2013-08-09,4.8,4.79,4.83,4.68,50358.0,23983986.0,3.15,0.63,0.03,1.83
2013-08-12,4.79,4.81,4.81,4.72,71589.0,34127501.0,1.88,0.42,0.02,2.6
2013-08-13,4.81,4.81,4.81,4.75,52824.0,25300939.0,1.25,0.0,0.0,1.92
2013-08-14,4.8,4.83,4.84,4.76,68084.0,32725742.0,1.66,0.42,0.02,2.48
2013-08-15,4.81,4.84,4.97,4.8,95889.0,46862556.0,3.52,0.21,0.01,3.49
2013-08-16,4.8,4.71,4.87,4.7,66550.0,31726132.0,3.51,-2.69,-0.13,2.42
2013-08-19,4.71,4.82,4.84,4.7,40768.0,19463531.0,2.97,2.34,0.11,1.48
2013-08-20,4.8,4.75,4.88,4.72,64561.0,31049974.0,3.32,-1.45,-0.07,2.35
2013-08-21,4.75,4.88,4.88,4.72,65845.0,31719369.0,3.37,2.74,0.13,2.4
2013-08-22,4.85,4.82,4.92,4.8,56006.0,27186711.0,2.46,-1.23,-0.06,2.04
2013-08-23,4.84,4.78,4.86,4.72,64980.0,31151167.0,2.9,-0.83,-0.04,2.36
2013-08-26,4.8,4.83,4.85,4.7,83791.0,40134248.0,3.14,1.05,0.05,3.05
2013-08-27,4.81,5.17,5.24,4.79,247546.0,124485648.0,9.32,7.04,0.34,9.01
2013-08-28,5.12,5.02,5.13,5.01,146652.0,74254067.0,2.32,-2.9,-0.15,5.34
2013-08-29,5.05,5.25,5.34,5.05,175531.0,91622019.0,5.78,4.58,0.23,6.39
2013-08-30,5.19,5.48,5.55,5.16,196406.0,105247052.0,7.43,4.38,0.23,7.15
2013-09-02,5.5,6.03,6.03,5.42,390184.0,229606471.0,11.13,10.04,0.55,14.2
2013-09-03,6.0,6.2,6.32,5.84,344716.0,210356272.0,7.96,2.82,0.17,12.54
2013-09-04,6.12,6.05,6.34,6.0,261413.0,160191517.0,5.48,-2.42,-0.15,9.51
2013-09-05,6.05,6.11,6.27,5.97,170486.0,104792093.0,4.96,0.99,0.06,6.2
2013-09-06,6.1,6.1,6.19,5.98,169631.0,102941613.0,3.44,-0.16,-0.01,6.17
2013-09-09,6.1,6.08,6.12,5.88,174901.0,105135247.0,3.93,-0.33,-0.02,6.36
2013-09-10,6.07,6.53,6.64,5.97,346282.0,219041266.0,11.02,7.4,0.45,12.6
2013-09-11,6.44,6.42,6.54,6.18,186856.0,119128782.0,5.51,-1.68,-0.11,6.8
2013-09-12,6.38,6.43,6.49,6.34,105708.0,67836810.0,2.34,0.16,0.01,3.85
2013-09-13,6.45,6.55,6.58,6.28,152671.0,98666288.0,4.67,1.87,0.12,5.56
2013-09-16,6.56,6.84,6.97,6.56,209900.0,143185857.0,6.26,4.43,0.29,7.64
2013-09-17,6.85,6.38,6.87,6.37,189449.0,124153426.0,7.31,-6.73,-0.46,6.89
2013-09-18,6.31,6.5,6.6,6.12,157244.0,100156096.0,7.52,1.88,0.12,5.72
2013-09-23,6.5,6.46,6.57,6.26,124488.0,79467274.0,4.77,-0.62,-0.04,4.53
2013-09-24,6.45,6.34,6.48,6.3,90351.0,57499301.0,2.79,-1.86,-0.12,3.29
2013-09-25,6.31,6.21,6.36,6.15,161235.0,100285180.0,3.31,-2.05,-0.13,5.87
2013-09-26,6.22,6.6,6.6,6.17,262439.0,168855038.0,6.92,6.28,0.39,9.55
2013-09-27,6.6,6.26,6.62,6.25,175097.0,112009756.0,5.61,-5.15,-0.34,6.37
2013-09-30,6.25,6.06,6.26,5.93,128571.0,77880226.0,5.27,-3.19,-0.2,4.68
2013-10-08,6.07,5.98,6.08,5.75,111751.0,66304280.0,5.45,-1.32,-0.08,4.07
2013-10-09,5.93,6.08,6.15,5.86,81669.0,49418324.0,4.85,1.67,0.1,2.97
2013-10-10,6.06,5.82,6.06,5.78,97674.0,57532609.0,4.61,-4.28,-0.26,3.55
2013-10-11,5.82,5.84,5.91,5.8,59981.0,35073170.0,1.89,0.34,0.02,2.18
2013-10-14,5.81,6.0,6.12,5.78,99816.0,60106895.0,5.82,2.74,0.16,3.63
2013-10-15,6.01,6.13,6.23,5.95,90982.0,55785150.0,4.67,2.17,0.13,3.31
2013-10-16,6.13,6.11,6.37,6.1,102296.0,63579183.0,4.4,-0.33,-0.02,3.72
2013-10-17,6.19,5.93,6.23,5.88,74448.0,44824969.0,5.73,-2.95,-0.18,2.71
2013-10-18,5.93,5.95,6.07,5.89,43187.0,25751606.0,3.04,0.34,0.02,1.57
2013-10-21,5.96,6.07,6.07,5.92,62337.0,37438823.0,2.52,2.02,0.12,2.27
2013-10-22,6.03,6.12,6.14,5.99,62999.0,38280715.0,2.47,0.82,0.05,2.29
2013-10-23,6.12,5.94,6.17,5.91,57390.0,34588071.0,4.25,-2.94,-0.18,2.09
2013-10-24,5.94,6.05,6.23,5.9,71283.0,43671916.0,5.56,1.85,0.11,2.59
2013-10-25,6.01,5.89,6.21,5.76,68988.0,41423936.0,7.44,-2.64,-0.16,2.51
2013-10-28,5.94,5.83,5.94,5.6,48551.0,27965253.0,5.77,-1.02,-0.06,1.77
2013-10-29,5.83,5.72,5.9,5.43,49467.0,28323941.0,8.06,-1.89,-0.11,1.8
2013-10-30,5.7,5.84,5.85,5.52,34121.0,19572263.0,5.77,2.1,0.12,1.24
2013-10-31,5.68,6.16,6.18,5.68,106664.0,64805246.0,8.56,5.48,0.32,3.88
2013-11-01,6.16,6.11,6.32,6.0,64044.0,39497140.0,5.19,-0.81,-0.05,2.33
2013-11-04,6.12,6.19,6.27,6.12,43822.0,27205233.0,2.45,1.31,0.08,1.59
2013-11-05,6.2,6.2,6.24,6.09,25432.0,15636170.0,2.42,0.16,0.01,0.93
2013-11-06,6.81,6.25,6.81,6.2,116800.0,75419652.0,9.84,0.81,0.05,4.25
2013-11-07,5.99,6.03,6.13,5.98,53732.0,32512403.0,2.4,-3.52,-0.22,1.96
2013-11-08,6.0,5.96,6.06,5.89,30401.0,18126024.0,2.82,-1.16,-0.07,1.11
2013-11-11,5.93,5.89,5.98,5.87,28605.0,16920198.0,1.85,-1.17,-0.07,1.04
2013-11-12,5.84,5.97,6.08,5.84,24637.0,14744316.0,4.07,1.36,0.08,0.9
2013-11-13,5.95,5.88,6.01,5.87,20081.0,11929653.0,2.35,-1.51,-0.09,0.73
2013-11-14,5.85,5.86,5.95,5.76,23680.0,13840519.0,3.23,-0.34,-0.02,0.86
2013-11-15,5.91,5.83,5.98,5.81,49268.0,29067707.0,2.9,-0.51,-0.03,1.79
2013-11-18,5.76,5.96,6.0,5.76,50698.0,29869989.0,4.12,2.23,0.13,1.84
2013-11-19,5.96,6.19,6.2,5.96,83347.0,51171714.0,4.03,3.86,0.23,3.03
2013-11-20,6.19,6.35,6.38,6.1,69598.0,43390779.0,4.52,2.58,0.16,2.53
2013-11-21,6.25,6.2,6.27,6.17,52423.0,32578354.0,1.57,-2.36,-0.15,1.91
2013-11-22,6.2,6.18,6.28,6.17,32028.0,19904894.0,1.77,-0.32,-0.02,1.17
2013-11-25,6.15,6.25,6.33,6.1,43346.0,27012977.0,3.72,1.13,0.07,1.58
2013-11-26,6.21,6.24,6.31,6.21,26411.0,16542808.0,1.6,-0.16,-0.01,0.96
2013-11-27,6.22,6.24,6.35,6.22,42672.0,26752034.0,2.08,0.0,0.0,1.55
2013-11-28,6.25,6.35,6.42,6.25,60803.0,38647762.0,2.72,1.76,0.11,2.21
2013-11-29,6.36,6.3,6.4,6.28,56234.0,35620723.0,1.89,-0.79,-0.05,2.05
2013-12-02,6.28,5.87,6.28,5.8,86818.0,52219225.0,7.62,-6.83,-0.43,3.16
2013-12-03,5.82,5.94,5.96,5.82,47683.0,28200879.0,2.39,1.19,0.07,1.74
2013-12-04,5.98,6.22,6.26,5.89,68199.0,42063696.0,6.23,4.71,0.28,2.48
2013-12-05,6.23,6.29,6.34,6.18,80321.0,50364697.0,2.57,1.13,0.07,2.92
2013-12-18,6.92,6.92,6.92,6.92,36288.0,25111538.0,0.0,10.02,0.63,1.32
2013-12-19,7.61,7.61,7.61,7.46,373506.0,283998928.0,2.17,9.97,0.69,13.59
2013-12-20,7.58,7.04,7.58,6.93,517695.0,372863008.0,8.54,-7.49,-0.57,18.84
2013-12-23,6.86,6.47,7.11,6.47,280260.0,189581363.0,9.09,-8.1,-0.57,10.2
2013-12-24,6.42,6.49,6.62,6.35,222668.0,144112687.0,4.17,0.31,0.02,8.1
2013-12-25,6.4,6.55,6.65,6.35,165195.0,107454653.0,4.62,0.92,0.06,6.01
2013-12-26,6.55,6.26,6.55,6.25,117778.0,75236317.0,4.58,-4.43,-0.29,4.29
2013-12-27,6.28,6.38,6.48,6.26,125582.0,80175297.0,3.51,1.92,0.12,4.57
2013-12-30,6.4,6.37,6.54,6.35,113101.0,72873556.0,2.98,-0.16,-0.01,4.12
2013-12-31,6.32,6.41,6.49,6.26,95890.0,61441207.0,3.61,0.63,0.04,3.49
2014-01-02,6.45,6.57,6.72,6.42,156761.0,103478827.0,4.68,2.5,0.16,5.7
2014-01-03,6.52,6.82,6.94,6.47,192682.0,129106784.0,7.15,3.81,0.25,7.01
2014-01-06,6.58,6.33,6.68,6.3,191625.0,124331326.0,5.57,-7.18,-0.49,6.97
2014-01-07,6.2,6.27,6.43,6.1,96796.0,60676328.0,5.21,-0.95,-0.06,3.52
2014-01-08,6.23,6.34,6.42,6.15,109750.0,69156764.0,4.31,1.12,0.07,3.99
2014-01-09,6.3,6.0,6.4,6.0,108694.0,67542279.0,6.31,-5.36,-0.34,3.95
2014-01-10,5.98,5.87,6.02,5.81,94538.0,55874544.0,3.5,-2.17,-0.13,3.44
2014-01-13,5.88,5.93,6.0,5.84,58306.0,34426171.0,2.73,1.02,0.06,2.12
2014-01-14,5.97,6.17,6.24,5.9,90187.0,55176719.0,5.73,4.05,0.24,3.28
2014-01-15,6.17,6.22,6.23,6.07,58476.0,35982440.0,2.59,0.81,0.05,2.13
2014-01-16,6.22,6.36,6.53,6.22,108260.0,69338673.0,4.98,2.25,0.14,3.94
2014-01-17,6.37,6.37,6.45,6.27,60913.0,38747594.0,2.83,0.16,0.01,2.22
2014-01-20,6.33,6.28,6.42,6.25,60588.0,38318672.0,2.67,-1.41,-0.09,2.2
2014-01-21,6.33,6.52,6.57,6.29,93862.0,60864303.0,4.46,3.82,0.24,3.42
2014-01-22,6.55,6.66,6.73,6.48,112881.0,74585305.0,3.83,2.15,0.14,4.11
2014-01-23,6.66,7.33,7.33,6.63,205994.0,148656735.0,10.51,10.06,0.67,7.5
2014-01-24,7.6,8.06,8.06,7.45,356523.0,283445296.0,8.32,9.96,0.73,12.97
2014-02-10,8.55,8.29,8.55,7.72,663556.0,539070336.0,10.3,2.85,0.23,24.14
2014-02-11,8.21,8.43,8.98,8.15,517589.0,442908368.0,10.01,1.69,0.14,18.83
2014-02-12,8.4,8.7,8.79,8.18,380615.0,321926640.0,7.24,3.2,0.27,13.85
2014-02-13,8.75,8.48,9.29,8.45,356607.0,317959184.0,9.66,-2.53,-0.22,12.98
2014-02-14,8.41,9.33,9.33,8.41,430168.0,388775360.0,10.85,10.02,0.85,15.65
2014-02-17,9.29,9.45,9.65,9.11,368694.0,346276048.0,5.79,1.29,0.12,13.42
2014-02-18,9.32,9.79,10.35,9.25,325156.0,318154512.0,11.64,3.6,0.34,11.83
2014-02-19,9.78,9.85,10.2,9.5,267702.0,263884252.0,7.15,0.61,0.06,9.74
2014-02-20,9.73,9.32,9.9,9.3,229352.0,217626326.0,6.09,-5.38,-0.53,8.35
2014-02-21,9.4,9.43,9.62,9.23,173502.0,163555143.0,4.18,1.18,0.11,6.31
2014-02-24,9.37,9.43,9.55,9.16,167408.0,157266828.0,4.14,0.0,0.0,6.09
2014-02-25,9.38,8.81,9.75,8.6,264865.0,246122264.0,12.2,-6.57,-0.62,9.64
2014-02-26,8.81,8.9,8.97,8.55,144118.0,126488683.0,4.77,1.02,0.09,5.24
2014-02-27,8.93,8.47,9.06,8.44,184434.0,161124759.0,6.97,-4.83,-0.43,6.71
2014-02-28,8.45,8.71,8.74,8.25,142301.0,120901396.0,5.79,2.83,0.24,5.18
2014-03-03,8.57,8.7,8.71,8.43,124790.0,107053939.0,3.21,-0.11,-0.01,4.54
2014-03-04,8.66,8.67,8.81,8.48,118746.0,102624548.0,3.79,-0.34,-0.03,4.32
2014-03-05,8.67,9.1,9.5,8.6,195853.0,177195608.0,10.38,4.96,0.43,7.13
2014-03-06,9.06,9.46,9.57,8.96,184817.0,172588940.0,6.7,3.96,0.36,6.72
2014-03-07,9.6,9.29,9.66,9.0,169361.0,156679372.0,6.98,-1.8,-0.17,6.16
2014-03-10,9.09,8.58,9.09,8.5,127030.0,111553613.0,6.35,-7.64,-0.71,4.62
2014-03-11,8.46,8.62,8.83,8.46,78572.0,68055873.0,4.31,0.47,0.04,2.86
2014-03-12,8.46,8.55,8.74,8.3,79480.0,67678644.0,5.1,-0.81,-0.07,2.89
2014-03-13,8.51,9.19,9.26,8.51,138579.0,124135558.0,8.77,7.49,0.64,5.04
2014-03-14,9.0,9.35,9.51,8.91,156172.0,143872142.0,6.53,1.74,0.16,5.68
2014-03-17,9.36,9.73,9.97,9.23,174327.0,168305746.0,7.91,4.06,0.38,6.34
2014-03-18,9.7,9.77,9.8,9.59,115845.0,112295477.0,2.16,0.41,0.04,4.22
2014-03-19,9.75,9.72,10.19,9.63,144491.0,142700380.0,5.73,-0.51,-0.05,5.26
2014-03-20,9.62,9.04,9.7,9.04,158580.0,148880439.0,6.79,-7.0,-0.68,5.77
2014-03-21,9.0,9.19,9.31,8.7,112402.0,100930488.0,6.75,1.66,0.15,4.09
2014-03-24,9.14,9.41,9.54,9.13,90905.0,85257612.0,4.46,2.39,0.22,3.31
2014-03-25,9.35,9.27,9.65,9.16,85372.0,79867797.0,5.21,-1.49,-0.14,3.11
2014-03-26,9.27,9.6,9.7,9.13,118758.0,112376748.0,6.15,3.56,0.33,4.32
2014-03-27,9.5,9.23,9.77,9.21,122497.0,115392506.0,5.83,-3.85,-0.37,4.46
2014-03-28,9.23,8.88,9.23,8.81,115370.0,104115694.0,4.55,-3.79,-0.35,4.2
2014-03-31,8.88,8.94,9.12,8.85,56328.0,50638277.0,3.04,0.68,0.06,2.05
2014-04-01,8.88,9.11,9.13,8.88,43217.0,39059705.0,2.8,1.9,0.17,1.57
2014-04-02,9.17,8.97,9.35,8.95,64019.0,58399346.0,4.39,-1.54,-0.14,2.33
2014-04-03,8.92,9.02,9.1,8.87,52039.0,46661871.0,2.56,0.56,0.05,1.89
2014-04-04,9.0,9.1,9.1,8.96,50136.0,45292186.0,1.55,0.89,0.08,1.82
2014-04-08,9.0,9.76,10.01,8.97,323258.0,316680928.0,11.43,7.25,0.66,11.76
2014-04-09,9.65,9.92,9.94,9.59,197609.0,193153286.0,3.59,1.64,0.16,7.19
2014-04-10,9.92,9.81,10.15,9.78,180257.0,178910614.0,3.73,-1.11,-0.11,6.56
2014-04-11,9.62,9.45,9.7,9.32,213225.0,202125840.0,3.87,-3.67,-0.36,7.76
2014-04-14,9.48,9.97,10.19,9.35,244225.0,239826831.0,8.89,5.5,0.52,8.89
2014-04-15,9.88,9.78,10.09,9.7,156729.0,154677828.0,3.91,-1.91,-0.19,5.7
2014-04-16,9.68,10.29,10.55,9.66,281624.0,284256400.0,9.1,5.21,0.51,10.25
2014-04-17,10.23,10.08,10.6,10.03,228293.0,234904088.0,5.54,-2.04,-0.21,8.31
2014-04-18,10.01,10.27,10.48,10.01,174052.0,177954207.0,4.66,1.88,0.19,6.33
2014-04-21,10.1,10.62,10.82,10.06,264406.0,278968816.0,7.4,3.41,0.35,9.62
2014-04-22,10.59,10.42,10.8,9.9,271653.0,280361744.0,8.47,-1.88,-0.2,9.88
2014-04-23,10.35,10.23,10.46,10.13,127048.0,130357508.0,3.17,-1.82,-0.19,4.62
2014-04-24,10.22,9.85,10.58,9.8,221310.0,227157909.0,7.62,-3.71,-0.38,8.05
2014-04-25,9.6,9.01,9.6,8.87,267602.0,243668649.0,7.41,-8.53,-0.84,9.74
2014-04-28,9.01,9.17,9.2,8.79,147985.0,133593701.0,4.55,1.78,0.16,5.38
2014-04-29,9.2,9.24,9.36,8.93,133573.0,121937634.0,4.69,0.76,0.07,4.86
2014-04-30,9.25,9.73,9.81,9.25,161453.0,155726570.0,6.06,5.3,0.49,5.87
2014-05-05,9.87,9.79,10.15,9.71,182590.0,181254411.0,4.52,0.62,0.06,6.64
2014-05-06,9.8,9.87,9.93,9.51,101985.0,99738713.0,4.29,0.82,0.08,3.71
2014-05-07,9.88,10.08,10.11,9.78,139725.0,139332575.0,3.34,2.13,0.21,5.08
2014-05-08,10.08,10.1,10.32,9.98,138630.0,141501632.0,3.37,0.2,0.02,5.04
2014-05-09,10.25,10.3,10.33,9.92,134539.0,136746215.0,4.06,1.98,0.2,4.9
2014-08-19,11.31,11.31,11.31,11.31,2940.0,3325264.0,0.0,9.81,1.01,0.08
2014-08-20,12.44,12.44,12.44,12.44,2655.0,3302272.0,0.0,9.99,1.13,0.07
2014-08-21,13.68,13.68,13.68,13.68,19965.0,27311436.0,0.0,9.97,1.24,0.53
2014-08-22,15.05,15.05,15.05,14.4,598450.0,890412448.0,4.75,10.01,1.37,15.97
2014-08-25,14.8,15.22,15.56,14.5,377717.0,569641408.0,7.04,1.13,0.17,10.08
2014-08-26,15.0,14.75,15.29,14.63,209858.0,311789248.0,4.34,-3.09,-0.47,5.6
2014-08-27,14.6,13.8,14.86,13.6,289867.0,409969776.0,8.54,-6.44,-0.95,7.73
2014-08-28,13.78,13.66,14.09,13.55,177116.0,244793266.0,3.91,-1.01,-0.14,4.73
2014-08-29,13.6,13.7,13.9,13.58,116091.0,159510228.0,2.34,0.29,0.04,3.1
2014-09-01,13.69,14.04,14.05,13.16,159035.0,216101028.0,6.5,2.48,0.34,4.24
2014-09-02,13.98,14.01,14.22,13.82,120280.0,167900953.0,2.85,-0.21,-0.03,3.21
2014-09-03,14.0,14.45,14.68,13.87,197754.0,285142528.0,5.78,3.14,0.44,5.28
2014-09-04,14.3,14.45,15.05,14.3,168562.0,247283137.0,5.19,0.0,0.0,4.5
2014-09-05,14.42,14.29,14.7,14.1,116602.0,166619322.0,4.15,-1.11,-0.16,3.11
2014-09-09,14.18,14.48,14.65,14.15,85231.0,122464283.0,3.5,1.33,0.19,2.27
2014-09-10,14.5,15.75,15.93,14.28,266695.0,406122160.0,11.4,8.77,1.27,7.12
2014-09-11,15.69,15.23,15.9,15.09,203073.0,313296480.0,5.14,-3.3,-0.52,5.42
2014-09-12,15.06,15.29,15.57,14.96,120728.0,185226928.0,4.01,0.39,0.06,3.22
2014-09-15,15.22,16.2,16.8,15.22,213686.0,346257296.0,10.33,5.95,0.91,5.7
2014-09-16,16.44,16.14,16.98,16.12,193863.0,320449664.0,5.31,-0.37,-0.06,5.17
2014-09-17,16.3,16.9,16.98,15.81,213987.0,354559488.0,7.25,4.71,0.76,5.71
2014-09-18,16.95,16.34,17.4,16.28,183490.0,305836880.0,6.63,-3.31,-0.56,4.9
2014-09-19,16.25,16.44,16.68,16.1,100230.0,164357935.0,3.55,0.61,0.1,2.67
2014-09-22,16.7,17.29,17.66,16.66,229936.0,397837248.0,6.08,5.17,0.85,6.13
2014-09-23,17.38,17.7,17.85,17.02,171453.0,299396320.0,4.8,2.37,0.41,4.57
2014-09-24,17.49,17.56,17.81,17.33,126369.0,221159546.0,2.71,-0.79,-0.14,3.37
2014-09-25,17.7,17.61,17.99,17.31,111782.0,197077944.0,3.87,0.28,0.05,2.98
2014-09-26,17.61,18.2,18.58,17.51,151919.0,275224960.0,6.08,3.35,0.59,4.05
2014-09-29,18.57,17.62,18.79,17.36,222857.0,395708400.0,7.86,-3.19,-0.58,5.95
2014-09-30,17.7,17.83,17.85,17.46,133242.0,235454126.0,2.21,1.19,0.21,3.55
2014-10-08,18.5,17.27,18.81,17.0,226848.0,399798576.0,10.15,-3.14,-0.56,6.05
2014-10-09,17.22,16.92,17.6,16.73,175767.0,300430832.0,5.04,-2.03,-0.35,4.69
2014-10-10,16.94,16.49,17.08,16.28,149304.0,246451026.0,4.73,-2.54,-0.43,3.98
2014-10-13,16.39,16.45,16.59,15.94,119729.0,194442192.0,3.94,-0.24,-0.04,3.19
2014-10-14,16.5,16.27,16.63,15.88,83662.0,136595496.0,4.56,-1.09,-0.18,2.23
2014-10-15,16.19,15.96,16.25,15.57,126261.0,200130354.0,4.18,-1.91,-0.31,3.37
2014-10-16,15.81,15.56,15.96,15.55,76326.0,120256298.0,2.57,-2.51,-0.4,2.04
2014-10-17,15.41,14.98,15.55,14.58,138166.0,208252104.0,6.23,-3.73,-0.58,3.69
2014-10-20,15.28,15.85,16.21,15.13,131109.0,207886910.0,7.21,5.81,0.87,3.5
2014-10-21,15.94,15.61,15.96,15.59,58636.0,92254805.0,2.33,-1.51,-0.24,1.56
2014-10-22,15.58,14.91,15.89,14.9,91809.0,140526449.0,6.34,-4.48,-0.7,2.45
2014-10-23,14.85,14.2,14.86,14.2,92748.0,134379442.0,4.43,-4.76,-0.71,2.47
2014-10-24,14.55,14.81,15.2,14.5,87885.0,130659716.0,4.93,4.3,0.61,2.34
2014-10-27,14.81,15.28,15.33,14.35,83657.0,124088632.0,6.62,3.17,0.47,2.23
2014-10-28,15.12,15.7,15.75,15.12,100531.0,155345499.0,4.12,2.75,0.42,2.68
2014-10-29,15.76,15.93,16.25,15.53,120714.0,193304194.0,4.59,1.46,0.23,3.22
2014-10-30,15.76,15.67,16.22,15.65,78629.0,124738577.0,3.58,-1.63,-0.26,2.1
2014-10-31,15.8,15.45,15.81,15.31,59474.0,92003208.0,3.19,-1.4,-0.22,1.59
2014-11-03,15.45,15.39,15.58,15.18,58038.0,89091834.0,2.59,-0.39,-0.06,1.55
2014-11-04,15.39,15.35,15.39,15.01,61924.0,94070633.0,2.47,-0.26,-0.04,1.65
2014-11-05,15.36,15.55,15.74,15.36,57196.0,89099045.0,2.48,1.3,0.2,1.53
2014-11-06,15.69,15.55,15.8,15.29,46545.0,72230028.0,3.28,0.0,0.0,1.24
2014-11-07,15.5,14.94,15.54,14.91,99314.0,150413569.0,4.05,-3.92,-0.61,2.65
2014-11-10,14.9,14.52,15.0,14.38,97408.0,141900859.0,4.15,-2.81,-0.42,2.6
2014-11-11,14.52,14.22,14.65,14.18,68489.0,98402527.0,3.24,-2.07,-0.3,1.83
2014-11-12,14.18,14.32,14.43,14.01,61192.0,86853865.0,2.95,0.7,0.1,1.63
2014-11-13,14.32,14.89,15.1,14.22,112084.0,165308374.0,6.15,3.98,0.57,2.99
2014-11-14,14.82,15.03,15.12,14.72,59771.0,89382187.0,2.69,0.94,0.14,1.59
2014-11-17,15.03,14.84,15.1,14.79,48270.0,72038004.0,2.06,-1.26,-0.19,1.29
2014-11-18,14.84,14.7,14.85,14.45,51725.0,75597575.0,2.7,-0.94,-0.14,1.38
2014-11-19,14.7,14.91,15.12,14.7,47363.0,70821006.0,2.86,1.43,0.21,1.26
2014-11-20,14.5,14.75,14.81,14.3,49836.0,72786553.0,3.42,-1.07,-0.16,1.33
2014-11-21,14.69,15.1,15.18,14.63,74737.0,112375113.0,3.73,2.37,0.35,1.99
2014-11-24,15.27,15.04,15.3,15.0,73446.0,111117023.0,1.99,-0.4,-0.06,1.96
2014-11-25,15.0,15.0,15.05,14.65,53507.0,79392489.0,2.66,-0.27,-0.04,1.43
2014-11-26,15.0,14.9,15.03,14.81,47887.0,71308455.0,1.47,-0.67,-0.1,1.28
2014-11-27,14.99,14.94,15.1,14.81,65610.0,98182091.0,1.95,0.27,0.04,1.75
2014-11-28,14.99,14.72,14.99,14.62,69916.0,103021060.0,2.48,-1.47,-0.22,1.87
2014-12-01,14.8,14.39,14.85,14.3,64861.0,93881654.0,3.74,-2.24,-0.33,1.73
2014-12-02,14.37,14.44,14.63,14.37,55653.0,80608297.0,1.81,0.35,0.05,1.48
2014-12-03,14.74,15.31,15.79,14.4,139059.0,209820318.0,9.63,6.02,0.87,3.71
2014-12-04,15.37,15.18,15.43,14.99,89741.0,136372555.0,2.87,-0.85,-0.13,2.39
2014-12-05,15.25,14.6,15.3,14.08,95811.0,141074282.0,8.04,-3.82,-0.58,2.56
2014-12-08,14.56,14.62,15.15,14.29,97660.0,142832995.0,5.89,0.14,0.02,2.61
2014-12-09,14.44,14.35,14.99,14.26,116499.0,170781567.0,4.99,-1.85,-0.27,3.11
2014-12-10,14.32,14.59,14.85,14.31,81992.0,119933427.0,3.76,1.67,0.24,2.19
2014-12-11,14.56,14.62,14.77,14.42,60957.0,88912374.0,2.4,0.21,0.03,1.63
2014-12-12,14.65,14.7,14.76,14.54,48593.0,71101767.0,1.5,0.55,0.08,1.3
2014-12-15,14.76,15.18,15.24,14.59,113692.0,170696564.0,4.42,3.27,0.48,3.03
2014-12-16,15.15,14.97,15.15,14.91,60277.0,90535214.0,1.58,-1.38,-0.21,1.61
2014-12-17,15.01,14.97,15.2,14.66,77571.0,115532705.0,3.61,0.0,0.0,2.07
2014-12-18,14.96,14.67,14.96,14.66,57516.0,84990710.0,2.0,-2.0,-0.3,1.53
2014-12-19,14.6,14.47,14.61,14.21,76737.0,109953134.0,2.73,-1.36,-0.2,2.05
2014-12-22,14.49,13.14,14.49,13.02,129664.0,174198689.0,10.16,-9.19,-1.33,3.46
2014-12-23,13.12,12.5,13.37,12.1,100160.0,126045799.0,9.67,-4.87,-0.64,2.67
2014-12-24,12.4,12.66,12.8,12.28,73687.0,92246346.0,4.16,1.28,0.16,1.97
2014-12-25,12.69,12.8,12.98,12.53,56505.0,72410782.0,3.55,1.11,0.14,1.51
2014-12-26,12.71,12.85,12.94,12.58,52580.0,66717307.0,2.81,0.39,0.05,1.4
2014-12-29,12.79,12.19,12.79,12.0,89488.0,108856266.0,6.15,-5.14,-0.66,2.39
2014-12-30,12.2,11.24,12.2,11.1,100119.0,115908066.0,9.02,-7.79,-0.95,2.67
2014-12-31,11.32,11.43,11.54,10.93,64943.0,73201934.0,5.43,1.69,0.19,1.73
2015-01-05,11.45,11.74,11.85,11.36,68599.0,80168944.0,4.29,2.71,0.31,1.83
2015-01-06,11.64,12.91,12.91,11.52,98508.0,120650744.0,11.84,9.97,1.17,2.63
2015-01-07,12.97,13.36,13.78,12.8,155867.0,206979332.0,7.59,3.49,0.45,4.16
2015-01-08,13.36,13.4,13.66,13.06,79494.0,106499718.0,4.49,0.3,0.04,2.12
2015-01-09,13.35,13.32,13.82,13.25,72000.0,97370466.0,4.25,-0.6,-0.08,1.92
2015-01-12,13.62,13.73,14.3,13.61,74735.0,103869753.0,5.18,3.08,0.41,1.99
2015-01-13,13.75,13.73,14.16,13.56,54360.0,74911772.0,4.37,0.0,0.0,1.45
2015-01-14,13.68,13.67,13.97,13.6,32785.0,45078185.0,2.69,-0.44,-0.06,0.87
2015-01-15,13.81,14.03,14.15,13.66,64103.0,89613841.0,3.58,2.63,0.36,1.71
2015-01-16,14.05,14.08,14.15,13.8,50573.0,70675467.0,2.49,0.36,0.05,1.35
2015-01-19,13.7,13.62,14.18,13.41,68068.0,93937725.0,5.47,-3.27,-0.46,1.82
2015-01-20,13.85,14.46,14.46,13.8,97050.0,138114937.0,4.85,6.17,0.84,2.59
2015-01-21,14.49,14.7,14.86,14.33,85664.0,125465306.0,3.67,1.66,0.24,2.29
2015-01-22,15.05,14.7,15.3,14.7,120414.0,179454518.0,4.08,0.0,0.0,3.21
2015-01-23,14.65,14.25,14.65,14.21,79563.0,114230693.0,2.99,-3.06,-0.45,2.12
2015-01-26,14.1,14.58,14.63,14.1,54413.0,78575173.0,3.72,2.32,0.33,1.45
2015-01-27,14.58,14.62,14.83,14.31,49865.0,72860240.0,3.57,0.27,0.04,1.33
2015-01-28,14.6,14.59,14.77,14.44,47520.0,69444788.0,2.26,-0.21,-0.03,1.27
2015-01-29,14.45,14.36,14.59,14.3,34221.0,49333522.0,1.99,-1.58,-0.23,0.91
2015-01-30,14.35,14.2,14.49,14.19,28549.0,40781595.0,2.09,-1.11,-0.16,0.76
2015-02-02,14.18,14.22,14.41,14.0,35064.0,49762722.0,2.89,0.14,0.02,0.94
2015-02-03,14.2,14.33,14.48,14.2,42707.0,61496237.0,1.97,0.77,0.11,1.14
2015-02-04,14.37,14.35,14.5,14.33,26707.0,38429132.0,1.19,0.14,0.02,0.71
2015-02-05,14.48,15.07,15.35,14.35,190483.0,285467424.0,6.97,5.02,0.72,5.08
2015-02-06,14.9,14.76,15.31,14.71,88599.0,132847840.0,3.98,-2.06,-0.31,2.36
2015-02-09,14.85,14.81,15.09,14.4,62008.0,91448320.0,4.67,0.34,0.05,1.65
2015-02-10,14.85,14.98,15.09,14.61,42317.0,63155873.0,3.24,1.15,0.17,1.13
2015-02-11,15.06,14.81,15.24,14.72,44734.0,66851958.0,3.47,-1.13,-0.17,1.19
2015-02-12,14.85,15.1,15.16,14.83,59624.0,89763612.0,2.23,1.96,0.29,1.59
2015-02-13,15.2,15.74,15.88,15.02,150361.0,233662989.0,5.7,4.24,0.64,4.01
2015-02-16,15.75,16.37,16.39,15.38,129179.0,207049668.0,6.42,4.0,0.63,3.45
2015-02-17,16.4,16.15,16.66,16.03,83965.0,136953204.0,3.85,-1.34,-0.22,2.24
2015-02-25,16.08,15.54,16.17,15.5,72891.0,114141511.0,4.15,-3.78,-0.61,1.94
2015-02-26,15.45,15.34,15.7,15.12,72166.0,110567764.0,3.73,-1.29,-0.2,1.93
2015-02-27,15.34,15.59,15.72,15.31,57664.0,89403357.0,2.67,1.63,0.25,1.54
2015-03-02,15.56,15.61,15.69,15.25,85656.0,132078371.0,2.82,0.13,0.02,2.29
2015-03-03,15.59,16.03,16.28,15.34,127399.0,202971953.0,6.02,2.69,0.42,3.4
2015-03-04,15.92,16.4,16.4,15.91,111547.0,180493020.0,3.06,2.31,0.37,2.98
2015-03-05,16.35,17.3,17.5,16.35,162667.0,277395616.0,7.01,5.49,0.9,4.34
2015-03-06,17.6,17.16,17.83,16.91,124806.0,216315257.0,5.32,-0.81,-0.14,3.33
2015-03-09,17.16,17.33,17.5,16.61,89675.0,153596076.0,5.19,0.99,0.17,2.39
2015-03-10,17.3,17.74,17.8,17.27,87923.0,154390797.0,3.06,2.37,0.41,2.35
2015-03-11,17.73,18.1,18.25,17.53,87350.0,157627364.0,4.06,2.03,0.36,2.33
2015-03-12,18.1,17.96,18.5,17.61,95214.0,171694543.0,4.92,-0.77,-0.14,2.54
2015-03-13,17.8,18.0,18.33,17.67,60654.0,108885589.0,3.67,0.22,0.04,1.62
2015-03-16,17.99,18.38,18.48,17.72,91571.0,166534415.0,4.22,2.11,0.38,2.44
2015-03-17,18.4,18.29,18.78,18.0,122371.0,224396906.0,4.24,-0.49,-0.09,3.26
2015-03-18,18.18,18.4,18.65,17.9,70608.0,129400442.0,4.1,0.6,0.11,1.88
2015-03-19,18.44,19.94,20.24,18.44,161709.0,317848944.0,9.78,8.37,1.54,4.31
2015-03-20,19.96,19.96,20.26,18.9,100623.0,200578483.0,6.82,0.1,0.02,2.68
2015-03-23,19.96,20.88,21.13,19.7,154257.0,317661024.0,7.16,4.61,0.92,4.12
2015-03-24,20.87,19.95,20.87,19.03,125899.0,253821444.0,8.81,-4.45,-0.93,3.36
2015-03-25,19.7,19.83,20.3,19.6,85388.0,169975751.0,3.51,-0.6,-0.12,2.28
2015-03-26,19.94,19.5,20.55,19.35,117363.0,234857999.0,6.05,-1.66,-0.33,3.13
2015-03-27,19.51,19.37,19.84,18.86,78459.0,151437538.0,5.03,-0.67,-0.13,2.09
2015-03-30,19.37,19.59,19.74,19.25,64770.0,126660220.0,2.53,1.14,0.22,1.73
2015-03-31,19.58,19.16,19.58,19.08,94342.0,181640501.0,2.55,-2.19,-0.43,2.52
2015-04-01,19.15,20.2,20.3,19.07,114747.0,227582790.0,6.42,5.43,1.04,3.06
2015-04-02,20.2,20.33,20.66,20.13,76995.0,156468356.0,2.62,0.64,0.13,2.05
2015-04-03,20.33,20.53,20.76,19.87,110548.0,225382503.0,4.38,0.98,0.2,2.95
2015-04-07,20.46,20.46,20.58,20.04,123240.0,251144051.0,2.63,-0.34,-0.07,3.29
2015-04-08,20.46,19.86,20.49,19.5,129593.0,257413357.0,4.84,-2.93,-0.6,3.46
2015-04-09,19.78,18.66,19.8,17.87,162689.0,300744128.0,9.72,-6.04,-1.2,4.34
2015-04-10,18.54,19.21,19.79,18.26,96989.0,185548559.0,8.2,2.95,0.55,2.59
2015-04-13,19.51,19.64,19.78,19.2,134472.0,262949617.0,3.02,2.24,0.43,3.59
2015-04-14,19.1,19.19,19.49,18.7,99651.0,191150742.0,4.02,-2.29,-0.45,2.66
2015-04-15,19.1,18.3,19.18,18.0,103262.0,191564298.0,6.15,-4.64,-0.89,2.75
2015-04-16,18.0,18.29,18.64,16.81,77458.0,140457390.0,10.0,-0.05,-0.01,2.07
2015-04-17,18.35,18.64,19.0,18.35,89568.0,167690360.0,3.55,1.91,0.35,2.39
2015-04-20,18.55,17.95,18.55,17.9,74342.0,134890067.0,3.49,-3.7,-0.69,1.98
2015-04-21,17.98,18.98,19.05,17.98,85073.0,159068470.0,5.96,5.74,1.03,2.27
2015-04-22,19.07,19.36,19.7,19.05,98523.0,191084119.0,3.42,2.0,0.38,2.63
2015-04-23,19.37,19.31,19.65,19.13,100922.0,195223977.0,2.69,-0.26,-0.05,2.69
2015-04-24,19.01,18.82,19.05,18.51,99358.0,186569172.0,2.8,-2.54,-0.49,2.65
2015-04-27,18.85,19.37,19.68,18.75,139708.0,269273264.0,4.94,2.92,0.55,3.73
2015-04-28,19.37,19.21,19.68,19.08,107473.0,208056498.0,3.1,-0.83,-0.16,2.87
2015-04-29,19.35,20.68,20.76,19.23,213572.0,432438640.0,7.96,7.65,1.47,5.7
2015-04-30,20.7,21.97,22.75,20.7,217597.0,483009648.0,9.91,6.24,1.29,5.81
2015-05-04,22.2,21.96,22.5,21.0,145313.0,318399248.0,6.83,-0.05,-0.01,3.88
2015-05-05,22.0,22.85,24.1,21.48,231629.0,532394528.0,11.93,4.05,0.89,6.18
2015-05-06,23.1,23.99,25.01,22.2,196886.0,474553792.0,12.3,4.99,1.14,5.25
2015-05-07,23.5,24.92,25.48,23.0,152457.0,372458928.0,10.34,3.88,0.93,4.07
2015-05-08,24.93,26.0,26.5,24.33,157100.0,406084368.0,8.71,4.33,1.08,4.19
2015-05-11,26.66,28.55,28.6,26.2,201640.0,560309184.0,9.23,9.81,2.55,5.38
2015-05-12,28.52,30.6,30.69,27.56,209623.0,613753248.0,10.96,7.18,2.05,5.59
2015-05-13,30.62,29.71,32.0,29.1,185605.0,563494464.0,9.48,-2.91,-0.89,4.95
2015-05-14,29.65,27.7,29.65,27.62,175988.0,495461040.0,6.83,-6.77,-2.01,4.7
2015-05-15,27.39,28.21,28.8,26.51,127858.0,356292160.0,8.27,1.84,0.51,3.41
2015-05-18,27.9,29.22,29.5,27.4,148055.0,425846688.0,7.44,3.58,1.01,3.95
2015-05-19,29.0,28.99,29.56,27.8,137049.0,390671984.0,6.02,-0.79,-0.23,3.66
2015-05-20,28.98,29.18,30.35,28.52,126221.0,373012880.0,6.31,0.66,0.19,3.37
2015-05-21,29.0,29.94,29.96,28.54,111011.0,325375920.0,4.87,2.6,0.76,2.96
2015-05-22,29.88,28.96,30.55,28.6,116951.0,344035392.0,6.51,-3.27,-0.98,3.12
2015-05-25,28.85,28.73,29.4,28.01,121144.0,348352320.0,4.8,-0.79,-0.23,3.23
2015-05-26,28.73,31.6,31.6,27.86,259557.0,759355008.0,13.02,9.99,2.87,6.92
2015-05-27,31.8,33.78,34.56,31.0,212396.0,693422496.0,11.27,6.9,2.18,5.67
2015-05-28,33.28,31.05,34.88,30.88,167589.0,557479648.0,11.84,-8.08,-2.73,4.47
2015-05-29,31.0,32.57,33.69,30.1,138542.0,444247392.0,11.56,4.9,1.52,3.7
2015-06-01,32.15,35.0,35.17,32.1,126060.0,430968672.0,9.43,7.46,2.43,3.36
2015-06-02,35.02,37.5,38.2,34.28,115124.0,418866896.0,11.2,7.14,2.5,3.07
2015-06-03,37.13,35.6,39.9,35.5,123364.0,457026784.0,11.73,-5.07,-1.9,3.29
2015-06-04,35.7,37.25,37.6,33.0,134734.0,485092336.0,12.92,4.63,1.65,3.59
2015-06-05,37.4,36.96,38.5,36.01,97969.0,363818768.0,6.68,-0.78,-0.29,2.61
2015-06-08,36.96,35.16,37.41,34.62,109947.0,389034768.0,7.55,-4.87,-1.8,2.93
2015-06-09,35.16,33.98,35.2,33.0,141895.0,476570592.0,6.26,-3.36,-1.18,3.79
2015-06-10,33.71,36.3,37.19,33.0,134036.0,480327264.0,12.33,6.83,2.32,3.58
2015-06-11,35.94,39.41,39.5,35.94,152150.0,584454016.0,9.81,8.57,3.11,4.06
2015-06-12,39.2,41.38,43.35,38.23,134716.0,556336512.0,12.99,5.0,1.97,3.59
2015-06-15,42.0,41.97,43.3,40.28,100448.0,425508352.0,7.3,1.43,0.59,2.68
2015-06-16,42.0,39.89,42.9,39.0,110350.0,453612896.0,9.29,-4.96,-2.08,2.94
2015-06-17,38.77,41.22,42.0,36.3,85726.0,337531840.0,14.29,3.33,1.33,2.29
2015-06-18,41.2,39.89,43.0,38.7,68037.0,281168368.0,10.43,-3.23,-1.33,1.82
2015-06-19,38.48,37.0,40.5,36.71,65253.0,251667088.0,9.5,-7.24,-2.89,1.74
2015-06-23,37.29,35.33,38.0,33.3,97221.0,344266016.0,12.7,-4.51,-1.67,2.59
2015-06-24,36.3,35.3,36.79,34.01,86937.0,310274560.0,7.87,-0.08,-0.03,2.32
2015-06-25,35.49,33.1,35.95,32.0,86463.0,297714096.0,11.19,-6.23,-2.2,2.31
2015-06-26,32.4,29.79,32.5,29.79,81632.0,247112265.0,8.19,-10.0,-3.31,2.18
2015-06-29,31.5,26.88,31.6,26.81,188263.0,525488768.0,16.08,-9.77,-2.91,5.02
2015-06-30,27.0,29.11,29.56,24.19,171023.0,451886464.0,19.98,8.3,2.23,4.56
2015-07-01,29.9,29.8,32.02,27.0,238683.0,744269728.0,17.24,2.37,0.69,6.37
2015-07-02,27.99,27.7,30.88,27.18,169529.0,492006944.0,12.42,-7.05,-2.1,4.52
2015-07-03,27.99,26.5,30.11,24.93,138475.0,369784272.0,18.7,-4.33,-1.2,3.69
2015-07-06,29.14,24.77,29.14,23.85,211129.0,546791056.0,19.96,-6.53,-1.73,5.63
2015-07-07,22.34,22.29,23.65,22.29,41204.0,92261729.0,5.49,-10.01,-2.48,1.1
2015-07-20,24.52,24.52,24.52,24.52,3316.0,8130881.0,0.0,10.0,2.23,0.09
2015-07-21,26.97,26.97,26.97,26.97,2921.0,7876885.0,0.0,9.99,2.45,0.08
2015-07-22,29.67,29.67,29.67,28.9,144411.0,427616752.0,2.86,10.01,2.7,3.85
2015-07-23,32.5,31.95,32.5,30.29,272229.0,864465696.0,7.45,7.68,2.28,7.26
2015-07-24,31.38,32.31,34.3,30.8,165041.0,542398272.0,10.95,1.13,0.36,4.4
2015-07-27,32.98,33.8,35.54,32.41,347375.0,1208512144.0,9.69,4.61,1.49,9.27
2015-07-28,31.55,30.7,34.49,30.42,348918.0,1099728000.0,12.04,-9.17,-3.1,9.31
2015-07-29,31.32,33.77,33.77,29.1,247370.0,778542656.0,15.21,10.0,3.07,6.6
2015-07-30,33.94,34.2,36.8,33.5,279513.0,987532992.0,9.77,1.27,0.43,7.46
2015-07-31,33.0,33.5,35.2,32.19,208308.0,702214288.0,8.8,-2.05,-0.7,5.56
2015-08-03,33.5,30.15,34.41,30.15,227022.0,709157088.0,12.72,-10.0,-3.35,6.06
2015-08-04,30.0,31.19,31.5,27.14,310012.0,904280064.0,14.46,3.45,1.04,8.27
2015-08-05,30.3,29.72,31.0,29.6,205152.0,621113552.0,4.49,-4.71,-1.47,5.47
2015-08-06,27.95,28.4,29.68,27.6,145154.0,415437184.0,7.0,-4.44,-1.32,3.87
2015-08-07,28.11,29.15,29.75,28.11,118774.0,346695056.0,5.77,2.64,0.75,3.17
2015-08-10,29.25,30.51,31.0,29.25,122438.0,371762496.0,6.0,4.67,1.36,3.27
2015-08-11,30.45,32.33,32.96,30.01,187488.0,592128368.0,9.67,5.97,1.82,5.0
2015-08-12,31.86,30.71,32.95,30.01,144022.0,454195232.0,9.09,-5.01,-1.62,3.84
2015-08-13,30.0,30.93,30.99,29.33,110628.0,333954352.0,5.41,0.72,0.22,2.95
2015-08-14,31.23,30.81,32.0,30.41,93438.0,292256992.0,5.14,-0.39,-0.12,2.49
2015-08-17,30.6,29.63,30.6,29.0,137652.0,406783264.0,5.19,-3.83,-1.18,3.67
2015-08-18,29.7,26.67,29.97,26.67,165816.0,463948768.0,11.14,-9.99,-2.96,4.42
2015-08-19,26.5,27.1,27.45,24.5,93888.0,241921708.0,11.06,1.61,0.43,2.51
2015-08-20,26.9,25.81,26.9,25.61,73390.0,192856812.0,4.76,-4.76,-1.29,1.96
2015-08-21,25.2,23.58,25.5,23.51,92430.0,225496535.0,7.71,-8.64,-2.23,2.47
2015-08-24,22.29,21.22,22.3,21.22,59233.0,126365484.0,4.58,-10.01,-2.36,1.58
2015-08-25,19.1,19.1,19.81,19.1,62841.0,120288505.0,3.35,-9.99,-2.12,1.68
2015-08-26,19.0,17.35,20.2,17.19,148351.0,273723664.0,15.76,-9.16,-1.75,3.96
2015-08-27,18.0,17.61,18.3,16.0,126568.0,221873234.0,13.26,1.5,0.26,3.38
2015-08-28,18.05,19.37,19.37,17.9,116220.0,217416184.0,8.35,9.99,1.76,3.1
2015-08-31,20.0,21.25,21.31,19.42,157505.0,319644768.0,9.76,9.71,1.88,4.2
2015-09-01,20.3,19.13,20.65,19.13,116292.0,227809868.0,7.15,-9.98,-2.12,3.1
2015-09-02,17.5,17.22,19.45,17.22,90288.0,163934215.0,11.66,-9.98,-1.91,2.41
2015-09-07,17.3,17.48,18.48,17.2,68816.0,122734010.0,7.43,1.51,0.26,1.84
2015-09-08,17.73,18.52,18.55,16.67,68565.0,122910721.0,10.76,5.95,1.04,1.83
2015-09-09,18.7,19.45,19.9,18.6,87900.0,169832100.0,7.02,5.02,0.93,2.35
2015-09-10,19.0,21.39,21.4,18.8,158949.0,330434944.0,13.37,9.97,1.94,4.24
2015-09-11,21.0,21.84,21.99,20.8,130027.0,277282784.0,5.56,2.1,0.45,3.47
2015-09-14,22.0,19.66,22.28,19.66,101407.0,210109225.0,12.0,-9.98,-2.18,2.71
2015-09-15,18.01,17.69,19.68,17.69,91593.0,167672387.0,10.12,-10.02,-1.97,2.44
2015-09-16,17.7,19.46,19.46,17.7,74515.0,138160003.0,9.95,10.01,1.77,1.99
2015-09-17,20.2,19.8,21.02,19.4,90953.0,184954494.0,8.32,1.75,0.34,2.43
2015-09-18,20.14,20.46,20.75,20.0,57224.0,116197520.0,3.79,3.33,0.66,1.53
2015-09-21,20.3,22.51,22.51,20.3,172887.0,380777696.0,10.8,10.02,2.05,4.61
2015-09-22,22.8,22.61,23.9,22.01,150274.0,345426384.0,8.4,0.44,0.1,4.01
2015-09-23,22.01,23.35,23.95,21.52,131775.0,301826688.0,10.75,3.27,0.74,3.52
2015-09-24,23.9,24.51,24.75,23.36,107479.0,260323740.0,5.95,4.97,1.16,2.87
2015-09-25,24.29,23.31,25.5,22.98,111582.0,269133552.0,10.28,-4.9,-1.2,2.98
2015-09-28,23.9,24.45,24.55,23.47,85776.0,207353177.0,4.63,4.89,1.14,2.29
2015-09-29,23.9,24.0,24.99,23.71,89541.0,217218815.0,5.24,-1.84,-0.45,2.39
2015-09-30,24.19,22.9,24.22,22.79,72255.0,167858854.0,5.96,-4.58,-1.1,1.93
2015-10-08,23.3,23.39,23.65,22.67,132216.0,306715744.0,4.28,2.14,0.49,3.53
2015-10-09,23.01,22.55,23.27,22.22,113740.0,255894935.0,4.49,-3.59,-0.84,3.03
2015-10-12,22.65,23.83,24.5,22.65,122601.0,291088848.0,8.2,5.68,1.28,3.27
2015-10-13,23.8,24.29,24.39,23.4,92750.0,221615057.0,4.15,1.93,0.46,2.47
2015-10-14,23.5,23.31,24.07,22.91,106877.0,249865581.0,4.78,-4.03,-0.98,2.85
2015-10-15,22.9,23.55,23.55,22.5,110123.0,254995851.0,4.5,1.03,0.24,2.94
2015-10-16,24.2,24.37,24.7,23.66,155026.0,376249664.0,4.42,3.48,0.82,4.14
2015-10-19,24.68,26.3,26.6,24.68,172815.0,442419600.0,7.88,7.92,1.93,4.61
2015-10-20,26.46,26.61,27.41,25.8,164655.0,438659856.0,6.12,1.18,0.31,4.39
2015-10-21,26.75,24.43,26.76,23.95,157006.0,397866912.0,10.56,-8.19,-2.18,4.19
2015-10-22,24.05,25.41,25.6,24.05,109702.0,272357200.0,6.34,4.01,0.98,2.93
2015-10-23,25.41,26.28,26.5,25.11,89211.0,232672857.0,5.47,3.42,0.87,2.38
2015-10-26,26.56,27.15,27.93,26.42,137998.0,378141856.0,5.75,3.31,0.87,3.68
2015-10-27,27.16,27.17,27.4,25.2,77718.0,204531264.0,8.1,0.07,0.02,2.07
2015-10-28,26.8,25.66,27.17,25.6,63700.0,167884587.0,5.78,-5.56,-1.51,1.7
2015-10-29,25.99,25.5,26.5,24.95,60862.0,154219571.0,6.04,-0.62,-0.16,1.62
2015-10-30,25.29,26.3,26.83,24.87,70885.0,184623646.0,7.69,3.14,0.8,1.89
2015-11-02,25.89,27.25,28.28,25.1,123277.0,336507760.0,12.09,3.61,0.95,3.29
2015-11-05,29.95,29.0,29.98,28.0,252482.0,749749152.0,7.27,6.42,1.75,6.74
2015-11-06,27.9,31.7,31.9,27.58,236418.0,713395728.0,14.9,9.31,2.7,6.31
2015-11-09,32.0,32.33,33.91,31.7,158841.0,521819632.0,6.97,1.99,0.63,4.24
2015-11-10,32.01,33.9,34.97,31.8,154269.0,523848672.0,9.81,4.86,1.57,4.12
2015-11-11,34.98,33.7,35.2,32.6,115998.0,389520400.0,7.67,-0.59,-0.2,3.1
2015-11-12,33.65,32.61,33.65,31.21,126056.0,405313376.0,7.24,-3.23,-1.09,3.36
2015-11-13,31.3,31.11,32.15,31.0,68375.0,215269980.0,3.53,-4.6,-1.5,1.82
2015-11-16,29.99,32.17,32.49,29.8,125215.0,394420400.0,8.65,3.41,1.06,3.34
2015-11-17,32.13,30.96,32.55,30.3,82681.0,259188588.0,6.99,-3.76,-1.21,2.21
2015-11-18,30.59,29.79,30.99,29.51,70908.0,212748192.0,4.78,-3.78,-1.17,1.89
2015-11-19,29.82,30.35,30.7,29.35,55316.0,166537731.0,4.53,1.88,0.56,1.48
2015-11-20,30.37,31.45,31.55,29.81,69663.0,212461445.0,5.73,3.62,1.1,1.86
2015-11-23,31.44,31.1,32.49,30.88,79226.0,250084961.0,5.12,-1.11,-0.35,2.11
2015-11-24,30.96,31.11,31.5,29.98,52909.0,162037352.0,4.89,0.03,0.01,1.41
2015-11-25,31.11,31.26,31.4,30.7,54771.0,169648897.0,2.25,0.48,0.15,1.46
2015-11-26,30.85,31.23,32.18,30.85,87783.0,276933088.0,4.25,-0.1,-0.03,2.34
2015-11-27,30.99,28.14,31.35,28.11,118668.0,350517888.0,10.37,-9.89,-3.09,3.17
2015-11-30,28.14,27.85,28.69,25.82,116210.0,315705680.0,10.2,-1.03,-0.29,3.1
2015-12-01,27.7,26.61,28.19,26.0,69470.0,189570353.0,7.86,-4.45,-1.24,1.85
2015-12-02,25.6,26.43,27.38,25.0,103345.0,268269921.0,8.94,-0.68,-0.18,2.76
2015-12-03,26.4,28.0,28.28,26.3,91385.0,253115106.0,7.49,5.94,1.57,2.44
2015-12-04,27.8,27.66,28.38,27.2,60130.0,167059388.0,4.21,-1.21,-0.34,1.6
2015-12-07,27.71,28.63,29.29,27.0,126079.0,358911312.0,8.28,3.51,0.97,3.36
2015-12-08,27.9,28.68,29.6,27.55,112929.0,325083168.0,7.16,0.17,0.05,3.01
2015-12-09,28.41,28.7,29.29,28.37,70984.0,205592202.0,3.21,0.07,0.02,1.89
2015-12-10,28.9,27.88,29.15,27.6,58041.0,163250470.0,5.4,-2.86,-0.82,1.55
2015-12-11,27.76,27.52,28.45,27.0,40965.0,113849007.0,5.2,-1.29,-0.36,1.09
2015-12-14,27.36,28.11,28.24,26.95,55795.0,153446672.0,4.69,2.14,0.59,1.49
2015-12-15,28.23,29.01,29.17,27.76,69975.0,199396227.0,5.02,3.2,0.9,1.87
2015-12-16,29.01,29.15,29.5,28.5,101209.0,294006384.0,3.45,0.48,0.14,2.7
2015-12-17,29.19,30.38,31.4,29.16,140069.0,430171120.0,7.68,4.22,1.23,3.74
2015-12-18,31.0,29.53,31.08,29.35,73378.0,219218442.0,5.69,-2.8,-0.85,1.96
2015-12-21,30.29,31.81,32.48,30.0,159625.0,506560096.0,8.4,7.72,2.28,4.26
2015-12-22,31.15,31.67,32.45,31.05,74714.0,237503641.0,4.4,-0.44,-0.14,1.99
2015-12-23,32.06,32.88,33.47,31.73,136306.0,448180896.0,5.49,3.82,1.21,3.64
2015-12-24,32.0,34.41,36.17,31.9,147441.0,515555584.0,12.99,4.65,1.53,3.93
2015-12-25,33.99,34.79,35.9,33.0,93031.0,325323616.0,8.43,1.1,0.38,2.48
2015-12-28,35.0,32.39,35.25,32.0,104848.0,349542640.0,9.34,-6.9,-2.4,2.8
2015-12-29,32.14,32.6,32.95,31.0,77668.0,245755124.0,6.02,0.65,0.21,2.07
2015-12-30,32.26,34.85,35.3,32.26,111086.0,377771296.0,9.33,6.9,2.25,2.96
2015-12-31,34.86,33.88,35.24,33.3,68512.0,232995449.0,5.57,-2.78,-0.97,1.83
2016-01-04,33.77,30.49,33.79,30.49,79313.0,249269569.0,9.74,-10.01,-3.39,2.12
2016-01-05,27.44,28.49,31.58,27.44,95299.0,274218592.0,13.58,-6.56,-2.0,2.54
2016-01-06,28.21,29.1,30.14,28.21,68752.0,200454806.0,6.77,2.14,0.61,1.83
2016-01-07,28.6,26.19,28.7,26.19,13960.0,37834577.0,8.63,-10.0,-2.91,0.37
2016-01-08,25.82,25.7,27.6,24.12,95007.0,246595576.0,13.29,-1.87,-0.49,2.53
2016-01-11,25.3,23.13,25.65,23.13,75185.0,180737777.0,9.81,-10.0,-2.57,2.01
2016-01-12,23.2,24.01,24.75,23.2,73957.0,176543274.0,6.7,3.8,0.88,1.97
2016-01-13,24.5,23.62,25.38,23.4,60551.0,147752591.0,8.25,-1.62,-0.39,1.61
2016-01-14,23.3,24.62,24.85,22.0,100931.0,235529172.0,12.07,4.23,1.0,2.69
2016-01-15,24.1,22.97,24.48,22.45,88900.0,210083714.0,8.25,-6.7,-1.65,2.37
2016-01-18,22.5,22.49,23.59,21.49,111527.0,251338074.0,9.14,-2.09,-0.48,2.97
2016-01-19,22.51,23.61,23.86,21.89,110597.0,253342467.0,8.76,4.98,1.12,2.95
2016-01-20,23.46,23.66,24.88,23.2,116546.0,279671248.0,7.12,0.21,0.05,3.11
2016-01-21,22.8,21.65,23.88,21.6,93603.0,214348203.0,9.64,-8.5,-2.01,2.5
2016-01-22,22.1,21.27,22.39,19.75,136099.0,282907504.0,12.19,-1.76,-0.38,3.63
2016-01-25,21.5,21.7,22.17,21.1,69980.0,151602875.0,5.03,2.02,0.43,1.87
2016-01-26,21.0,19.53,21.68,19.53,131339.0,265168159.0,9.91,-10.0,-2.17,3.5
2016-01-27,19.53,18.54,19.88,17.58,133467.0,243420301.0,11.78,-5.07,-0.99,3.56
2016-01-28,18.1,16.95,18.4,16.75,114360.0,201767618.0,8.9,-8.58,-1.59,3.05
2016-01-29,16.95,17.97,18.59,16.9,119476.0,211331313.0,9.97,6.02,1.02,3.19
2016-02-01,17.95,18.41,18.49,17.68,81254.0,147376016.0,4.51,2.45,0.44,2.17
2016-02-02,18.48,19.68,19.87,18.3,84576.0,163240141.0,8.53,6.9,1.27,2.26
2016-02-03,19.3,20.65,21.2,19.07,80467.0,163211780.0,10.82,4.93,0.97,2.15
2016-02-04,20.66,21.48,21.88,20.66,83096.0,177948257.0,5.91,4.02,0.83,2.22
2016-02-05,21.39,21.37,21.8,20.91,46778.0,99786955.0,4.14,-0.51,-0.11,1.25
2016-02-15,20.51,21.69,21.8,20.0,66405.0,141154468.0,8.42,1.5,0.32,1.77
2016-02-16,21.8,21.99,22.35,21.73,74350.0,163776090.0,2.86,1.38,0.3,1.98
2016-02-17,22.3,21.86,22.3,21.09,119177.0,257686709.0,5.5,-0.59,-0.13,3.18
2016-02-18,22.0,21.35,22.3,21.18,137883.0,299159536.0,5.12,-2.33,-0.51,3.68
2016-02-19,21.19,21.58,21.72,21.08,97289.0,208479630.0,3.0,1.08,0.23,2.59
2016-02-22,22.0,23.29,23.45,21.59,186491.0,423322208.0,8.62,7.92,1.71,4.97
2016-02-23,23.2,24.24,25.1,22.65,191655.0,458639872.0,10.52,4.08,0.95,5.11
2016-02-24,24.27,24.84,25.73,23.88,184744.0,455983168.0,7.63,2.48,0.6,4.93
2016-02-25,24.81,23.42,25.5,22.78,160069.0,385752400.0,10.95,-5.72,-1.42,4.27
2016-02-26,23.57,24.0,24.42,23.08,121739.0,290876512.0,5.72,2.48,0.58,3.25
2016-02-29,23.87,21.6,24.0,21.6,120255.0,267654018.0,10.0,-10.0,-2.4,3.21
2016-03-01,21.6,21.05,22.1,19.58,115586.0,241521501.0,11.67,-2.55,-0.55,3.08
2016-03-02,21.07,22.0,22.0,21.07,88342.0,191156615.0,4.42,4.51,0.95,2.36
2016-03-03,22.2,21.72,22.58,21.65,114943.0,253155968.0,4.23,-1.27,-0.28,3.07
2016-03-04,21.18,20.48,21.49,20.0,100470.0,207839999.0,6.86,-5.71,-1.24,2.68
2016-03-07,20.51,20.92,21.2,20.3,68488.0,142259833.0,4.39,2.15,0.44,1.83
2016-03-08,20.98,23.01,23.01,20.45,189899.0,417083248.0,12.24,9.99,2.09,5.06
2016-03-09,23.12,23.39,24.5,22.8,195130.0,463192496.0,7.39,1.65,0.38,5.2
2016-03-10,23.15,22.84,23.6,22.48,93357.0,214074250.0,4.79,-2.35,-0.55,2.49
2016-03-11,22.3,23.15,23.77,22.1,86433.0,197753524.0,7.31,1.36,0.31,2.31
2016-03-14,23.15,24.0,24.41,23.1,117229.0,280410672.0,5.66,3.67,0.85,3.1
2016-03-15,24.0,24.29,24.78,23.5,98712.0,239162714.0,5.33,1.21,0.29,2.61
2016-03-16,24.63,24.16,24.74,23.62,69494.0,167159241.0,4.61,-0.54,-0.13,1.84
2016-03-17,24.15,25.0,25.01,23.88,126891.0,311903040.0,4.68,3.48,0.84,3.36
2016-03-18,25.05,27.02,27.36,25.05,155877.0,413054832.0,9.24,8.08,2.02,4.13
2016-03-21,27.72,28.06,28.06,26.35,118712.0,324340464.0,6.33,3.85,1.04,3.14
2016-03-22,27.5,29.45,29.5,27.21,111104.0,316825216.0,8.16,4.95,1.39,2.94
2016-03-23,28.75,29.01,29.38,28.08,110973.0,319527328.0,4.41,-1.49,-0.44,2.94
2016-03-24,29.2,28.05,29.29,27.97,79473.0,227247350.0,4.55,-3.31,-0.96,2.1
2016-03-25,28.25,30.05,30.35,28.1,202194.0,590382352.0,8.02,7.13,2.0,5.36
2016-03-28,30.5,30.96,31.24,29.88,247823.0,759326752.0,4.53,3.03,0.91,6.56
2016-03-29,30.5,27.86,30.88,27.86,232004.0,664970480.0,9.75,-10.01,-3.1,6.14
2016-03-30,28.0,28.7,29.69,26.44,291780.0,793271104.0,11.67,3.02,0.84,7.73
2016-03-31,28.1,27.06,28.1,26.95,211162.0,582912192.0,4.01,-5.71,-1.64,5.57
2016-04-01,26.85,27.08,27.6,26.46,104347.0,281428080.0,4.21,0.07,0.02,2.75
2016-04-05,27.15,27.36,27.64,26.5,118203.0,321453904.0,4.21,1.03,0.28,3.12
2016-04-06,27.42,27.05,28.0,26.74,136216.0,370266064.0,4.61,-1.13,-0.31,3.6
2016-04-07,27.3,26.86,27.48,26.73,101397.0,273837488.0,2.77,-0.7,-0.19,2.68
2016-04-08,26.7,26.55,27.2,26.39,74460.0,199187617.0,3.02,-1.15,-0.31,1.97
2016-04-11,26.84,26.99,27.28,26.79,99405.0,268266002.0,1.85,1.66,0.44,2.62
2016-04-12,26.99,26.68,26.99,26.33,52671.0,139963024.0,2.45,-1.15,-0.31,1.39
2016-04-13,26.75,26.84,27.21,26.7,117184.0,316703760.0,1.91,0.6,0.16,3.09
2016-04-14,27.4,27.76,28.05,27.16,163402.0,451954960.0,3.32,3.43,0.92,4.31
2016-04-15,27.3,27.0,27.56,26.8,91944.0,249082872.0,2.74,-2.74,-0.76,2.43
2016-04-18,26.65,26.02,26.69,25.94,84805.0,221480489.0,2.78,-3.63,-0.98,2.24
2016-04-19,26.08,26.0,26.29,25.5,67926.0,175911172.0,3.04,-0.08,-0.02,1.79
2016-04-20,26.06,24.15,26.06,23.73,112347.0,278439360.0,8.96,-7.12,-1.85,2.97
2016-04-21,24.2,24.48,24.73,23.53,82650.0,198534134.0,4.97,1.37,0.33,2.18
2016-04-22,24.4,24.23,24.49,23.89,44582.0,107832276.0,2.45,-1.02,-0.25,1.18
2016-04-25,24.28,23.93,24.28,22.88,79047.0,186272096.0,5.78,-1.24,-0.3,2.09
2016-04-26,23.85,24.67,24.97,23.67,75031.0,183065223.0,5.43,3.09,0.74,1.98
2016-04-27,24.87,24.68,24.89,24.49,54628.0,134669035.0,1.62,0.04,0.01,1.44
2016-04-28,24.96,24.62,24.96,24.2,50617.0,124804441.0,3.08,-0.24,-0.06,1.34
2016-04-29,24.5,24.26,24.7,24.2,28753.0,70147315.0,2.03,-1.46,-0.36,0.76
2016-05-03,24.26,24.48,24.58,23.93,95004.0,231266788.0,2.68,0.91,0.22,2.51
2016-05-04,24.72,25.27,25.73,24.24,118923.0,297276592.0,6.09,3.23,0.79,3.14
2016-05-05,25.3,25.28,25.8,25.06,69427.0,176587622.0,2.93,0.04,0.01,1.83
2016-05-06,25.28,24.24,25.38,23.95,92892.0,228121957.0,5.66,-4.11,-1.04,2.45
2016-05-09,24.05,23.16,24.05,22.98,60476.0,140924471.0,4.41,-4.46,-1.08,1.6
2016-05-10,23.1,23.18,23.48,22.78,46755.0,108279038.0,3.02,0.09,0.02,1.23
2016-05-11,23.23,22.5,23.44,22.5,48395.0,110588119.0,4.06,-2.93,-0.68,1.28
2016-05-12,22.01,21.98,22.21,21.48,46098.0,100756033.0,3.24,-2.31,-0.52,1.22
2016-05-13,22.23,21.33,22.48,21.1,56638.0,123013166.0,6.28,-2.96,-0.65,1.5
2016-05-16,21.45,21.58,21.61,21.0,40085.0,85312898.0,2.86,1.17,0.25,1.06
2016-05-17,21.6,22.18,22.18,21.43,52590.0,114715732.0,3.48,2.78,0.6,1.39
2016-05-18,22.2,21.83,22.9,21.6,73303.0,163951470.0,5.86,-1.58,-0.35,1.93
2016-05-19,21.83,22.08,22.56,21.83,44349.0,98354644.0,3.34,1.15,0.25,1.17
2016-05-20,21.97,21.88,21.97,21.3,40334.0,87419266.0,3.03,-0.91,-0.2,1.06
2016-05-23,22.11,22.43,22.76,22.0,51510.0,115587021.0,3.47,2.51,0.55,1.36
2016-05-24,22.25,21.82,22.45,21.6,45867.0,100957315.0,3.79,-2.72,-0.61,1.21
2016-05-25,21.94,22.01,22.4,21.86,33889.0,74850466.0,2.47,0.87,0.19,0.89
2016-05-26,21.9,22.23,22.25,21.55,46421.0,101763530.0,3.18,1.0,0.22,1.23
2016-05-27,22.02,22.12,22.47,21.99,32757.0,72778972.0,2.16,-0.49,-0.11,0.86
2016-05-30,22.12,22.22,22.33,21.8,23236.0,51488484.0,2.4,0.45,0.1,0.61
2016-05-31,22.35,23.52,23.52,22.2,78839.0,183068669.0,5.94,5.85,1.3,2.08
2016-08-22,21.86,22.69,23.52,21.86,181231.0,405324672.0,7.06,-3.53,-0.83,4.79
2016-08-23,22.0,23.62,24.06,22.0,173226.0,403982240.0,9.08,4.1,0.93,4.58
2016-08-24,23.48,23.23,24.03,23.1,94925.0,222350140.0,3.94,-1.65,-0.39,2.51
2016-08-25,23.29,22.41,23.29,22.25,76031.0,170779274.0,4.48,-3.53,-0.82,2.01
2016-08-26,22.59,22.4,22.66,22.22,44027.0,98700374.0,1.96,-0.04,-0.01,1.16
2016-08-29,22.37,22.06,22.38,21.86,43799.0,96514564.0,2.32,-1.52,-0.34,1.16
2016-08-30,22.06,21.41,22.19,21.4,81808.0,177808881.0,3.58,-2.95,-0.65,2.16
2016-08-31,21.42,21.44,21.59,21.32,51912.0,111310792.0,1.26,0.14,0.03,1.37
2016-09-01,21.5,21.55,21.94,21.38,51298.0,111297577.0,2.61,0.51,0.11,1.36
2016-09-02,21.55,21.61,21.74,21.32,35002.0,75302351.0,1.95,0.28,0.06,0.93
2016-09-05,21.7,21.45,21.8,21.39,37942.0,81736115.0,1.9,-0.74,-0.16,1.0
2016-09-06,21.52,21.59,21.6,21.06,47885.0,101995683.0,2.52,0.65,0.14,1.27
2016-09-07,21.73,21.55,21.82,21.53,46520.0,100680386.0,1.34,-0.19,-0.04,1.23
2016-09-08,21.65,21.49,21.65,21.38,35044.0,75378575.0,1.25,-0.28,-0.06,0.93
2016-09-09,21.52,21.63,21.67,21.39,39849.0,85777973.0,1.3,0.65,0.14,1.05
2016-09-12,21.28,20.76,21.47,20.76,51373.0,108092015.0,3.28,-4.02,-0.87,1.36
2016-09-13,20.9,20.32,20.98,20.1,67064.0,136653845.0,4.24,-2.12,-0.44,1.77
2016-09-14,20.23,19.85,20.23,19.71,51027.0,101445721.0,2.56,-2.31,-0.47,1.35
2016-09-19,19.85,20.46,20.49,19.85,42450.0,85969661.0,3.22,3.07,0.61,1.12
2016-09-20,20.6,20.31,20.6,20.28,31632.0,64666813.0,1.56,-0.73,-0.15,0.84
2016-09-21,20.48,20.33,20.48,20.21,22316.0,45379261.0,1.33,0.1,0.02,0.59
2016-09-22,20.55,21.03,21.2,20.48,67867.0,141394877.0,3.54,3.44,0.7,1.8
2016-09-23,21.04,20.82,21.19,20.7,42230.0,88242525.0,2.33,-1.0,-0.21,1.12
2016-09-26,20.96,20.5,21.49,20.49,57870.0,122108237.0,4.8,-1.54,-0.32,1.53
2016-09-27,20.35,20.5,20.63,20.03,35248.0,71565412.0,2.93,0.0,0.0,0.93
2016-09-28,20.5,20.2,20.6,20.15,22831.0,46246402.0,2.2,-1.46,-0.3,0.6
2016-09-29,20.3,20.22,20.6,20.06,25182.0,51135795.0,2.67,0.1,0.02,0.67
2016-09-30,20.17,20.25,20.35,20.11,19775.0,39975130.0,1.19,0.15,0.03,0.52
2016-10-10,20.32,20.6,20.63,20.25,41153.0,84332656.0,1.88,1.73,0.35,1.09
2016-10-11,20.75,20.62,20.75,20.54,31096.0,64129203.0,1.02,0.1,0.02,0.82
2016-10-12,20.62,20.46,20.64,20.38,28860.0,59143281.0,1.26,-0.78,-0.16,0.76
2016-10-13,20.46,20.36,20.56,20.31,28209.0,57460224.0,1.22,-0.49,-0.1,0.75
2016-10-14,20.36,20.24,20.37,19.96,32477.0,65431691.0,2.01,-0.59,-0.12,0.86
2016-10-17,20.36,20.85,21.09,20.25,89242.0,185557551.0,4.15,3.01,0.61,2.36
2016-10-18,20.76,20.95,20.96,20.6,44757.0,93253996.0,1.73,0.48,0.1,1.18
2016-10-19,21.12,20.79,21.17,20.71,47005.0,98232290.0,2.2,-0.76,-0.16,1.24
2016-10-20,20.98,20.93,20.98,20.71,34856.0,72749864.0,1.3,0.67,0.14,0.92
2016-10-21,20.93,20.95,21.15,20.73,35043.0,73235018.0,2.01,0.1,0.02,0.93
2016-10-24,21.0,21.98,22.1,20.95,111892.0,242218960.0,5.49,4.92,1.03,2.96
2016-10-25,21.83,22.06,22.3,21.78,68602.0,151335534.0,2.37,0.36,0.08,1.81
2016-10-26,22.0,21.83,22.0,21.62,44842.0,97605329.0,1.72,-1.04,-0.23,1.19
2016-10-27,21.8,21.92,21.95,21.61,30873.0,67262116.0,1.56,0.41,0.09,0.82
2016-10-28,21.93,21.78,22.22,21.75,36806.0,80760216.0,2.14,-0.64,-0.14,0.97
2016-10-31,21.8,21.59,21.8,21.52,25996.0,56198686.0,1.29,-0.87,-0.19,0.69
2016-11-01,21.7,21.47,21.78,21.31,33454.0,71925748.0,2.18,-0.56,-0.12,0.89
2016-11-02,21.58,21.95,22.16,21.48,59479.0,130409562.0,3.17,2.24,0.48,1.57
2016-11-03,21.73,21.95,22.05,21.65,39380.0,86043822.0,1.82,0.0,0.0,1.04
2016-11-04,21.95,21.76,21.98,21.65,30208.0,65758043.0,1.5,-0.87,-0.19,0.8
2016-11-07,21.77,21.56,21.9,21.55,29892.0,64700394.0,1.61,-0.92,-0.2,0.79
2016-11-08,21.65,21.78,21.9,21.34,41665.0,90099974.0,2.6,1.02,0.22,1.1
2016-11-09,21.77,20.92,21.77,20.71,59029.0,124790402.0,4.87,-3.95,-0.86,1.56
2016-11-10,21.02,21.05,21.35,21.01,38094.0,80606678.0,1.63,0.62,0.13,1.01
2016-11-11,21.19,21.16,21.19,20.85,24917.0,52474724.0,1.62,0.52,0.11,0.66
2016-11-14,21.15,22.17,22.63,21.05,118716.0,261662650.0,7.47,4.77,1.01,3.14
2016-11-15,22.2,22.06,22.44,21.82,45369.0,100010687.0,2.8,-0.5,-0.11,1.2
2016-11-16,22.19,22.17,22.4,21.95,42536.0,94273871.0,2.04,0.5,0.11,1.13
2016-11-17,22.29,22.35,22.6,22.06,50087.0,111847512.0,2.44,0.81,0.18,1.33
2016-11-18,22.25,22.34,22.54,22.13,39807.0,88844417.0,1.83,-0.04,-0.01,1.05
2016-11-21,22.35,21.92,22.4,21.88,30842.0,67763967.0,2.33,-1.88,-0.42,0.82
2016-11-22,22.13,21.93,22.24,21.85,27477.0,60285067.0,1.78,0.05,0.01,0.73
2016-11-23,21.93,21.44,22.07,21.35,50772.0,109989919.0,3.28,-2.23,-0.49,1.34
2016-11-24,21.53,21.12,21.56,20.87,37481.0,79532188.0,3.22,-1.49,-0.32,0.99
2016-11-25,21.14,20.85,21.23,20.61,46080.0,95882808.0,2.94,-1.28,-0.27,1.22
2016-11-28,20.98,21.14,21.15,20.83,27296.0,57226366.0,1.53,1.39,0.29,0.72
2016-11-29,21.17,20.85,21.48,20.84,46414.0,97884538.0,3.03,-1.37,-0.29,1.23
2016-11-30,20.86,20.7,20.91,20.53,32364.0,66728599.0,1.82,-0.72,-0.15,0.85
2016-12-01,20.71,20.74,20.93,20.62,22241.0,46245284.0,1.5,0.19,0.04,0.59
2016-12-02,20.7,20.64,20.83,20.53,22956.0,47334218.0,1.45,-0.48,-0.1,0.61
2016-12-05,20.45,20.47,20.6,20.35,15471.0,31618936.0,1.21,-0.82,-0.17,0.41
2016-12-06,20.5,20.47,20.56,20.39,10702.0,21914952.0,0.83,0.0,0.0,0.28
2016-12-07,20.58,20.5,20.9,20.47,29062.0,60173974.0,2.1,0.15,0.03,0.77
2016-12-08,20.61,20.49,20.67,20.47,18254.0,37467104.0,0.98,-0.05,-0.01,0.48
2016-12-09,20.53,20.55,20.76,20.42,16949.0,34879431.0,1.66,0.29,0.06,0.45
2016-12-12,20.65,19.45,20.68,19.44,37771.0,75852204.0,6.03,-5.35,-1.1,1.0
2016-12-13,19.46,19.5,19.67,18.78,32222.0,61994747.0,4.58,0.26,0.05,0.85
2016-12-14,19.54,19.71,19.75,19.21,25123.0,49131584.0,2.77,1.08,0.21,0.66
2016-12-15,19.61,19.93,20.19,19.61,26141.0,52204403.0,2.94,1.12,0.22,0.69
2016-12-16,20.15,20.24,20.42,19.95,15177.0,30691178.0,2.36,1.56,0.31,0.4
2016-12-19,20.24,21.1,21.41,20.24,49952.0,103902284.0,5.78,4.25,0.86,1.32
2016-12-20,21.1,21.03,21.14,20.6,26216.0,54681775.0,2.56,-0.33,-0.07,0.69
2016-12-21,21.8,20.85,22.44,20.7,68164.0,146168222.0,8.27,-0.86,-0.18,1.8
2016-12-22,20.98,20.66,20.99,20.3,33988.0,69748703.0,3.31,-0.91,-0.19,0.9
2016-12-23,20.67,19.9,20.67,19.9,37978.0,76548099.0,3.73,-3.68,-0.76,1.0
2016-12-26,19.7,20.08,20.28,19.65,18263.0,36621653.0,3.17,0.9,0.18,0.48
2016-12-27,20.17,19.97,20.49,19.91,22476.0,45440965.0,2.89,-0.55,-0.11,0.59
2016-12-28,19.91,19.72,20.15,19.6,25680.0,50880914.0,2.75,-1.25,-0.25,0.68
2016-12-29,19.71,19.73,19.84,19.4,21604.0,42498818.0,2.23,0.05,0.01,0.57
2016-12-30,19.78,19.34,19.87,19.28,36951.0,71907603.0,2.99,-1.98,-0.39,0.98
2017-01-03,19.42,19.6,19.7,19.3,19126.0,37406022.0,2.07,1.34,0.26,0.5
2017-01-04,19.63,19.86,19.86,19.53,21218.0,41903342.0,1.68,1.33,0.26,0.56
2017-01-05,19.85,19.86,19.94,19.68,20910.0,41367102.0,1.31,0.0,0.0,0.55
2017-01-06,19.85,19.86,20.05,19.7,20338.0,40443221.0,1.76,0.0,0.0,0.54
2017-01-09,20.07,20.12,20.16,19.9,23626.0,47381206.0,1.31,1.31,0.26,0.62
2017-01-10,20.17,19.91,20.17,19.88,21457.0,42807466.0,1.44,-1.04,-0.21,0.56
2017-01-11,19.89,19.37,19.89,19.3,30826.0,60141749.0,2.96,-2.71,-0.54,0.81
2017-01-12,19.4,19.33,19.57,19.3,14660.0,28412209.0,1.39,-0.21,-0.04,0.39
2017-01-13,19.29,19.18,19.45,19.0,14157.0,27285940.0,2.33,-0.78,-0.15,0.37
2017-01-16,19.17,18.3,19.18,17.3,25174.0,46893472.0,9.8,-4.59,-0.88,0.66
2017-01-17,18.3,18.11,18.68,17.4,38501.0,69029213.0,6.99,-1.04,-0.19,1.01
2017-01-18,18.09,18.11,18.11,17.87,16840.0,30332385.0,1.33,0.0,0.0,0.44
2017-01-19,18.11,18.5,18.5,17.78,23794.0,43014160.0,3.98,2.15,0.39,0.63
2017-01-20,18.35,18.46,18.64,18.3,29368.0,54206101.0,1.84,-0.22,-0.04,0.77
2017-01-23,18.4,18.37,18.53,18.35,24420.0,45052026.0,0.98,-0.49,-0.09,0.64
2017-01-24,18.41,18.04,18.46,18.02,21610.0,39154850.0,2.4,-1.8,-0.33,0.57
2017-01-25,18.09,18.12,18.17,18.02,11914.0,21588128.0,0.83,0.44,0.08,0.31
2017-01-26,18.2,18.51,18.51,18.12,20562.0,37805940.0,2.15,2.15,0.39,0.54
2017-02-03,18.49,18.38,18.53,18.36,12173.0,22411364.0,0.92,-0.7,-0.13,0.32
2017-02-06,18.37,18.62,18.64,18.35,23704.0,43957339.0,1.58,1.31,0.24,0.62
2017-02-07,18.52,18.68,19.02,18.5,39359.0,73772493.0,2.79,0.32,0.06,1.04
2017-02-08,18.7,18.7,18.72,18.42,19791.0,36800974.0,1.61,0.11,0.02,0.52
2017-02-09,18.59,18.72,18.81,18.59,15245.0,28530947.0,1.18,0.11,0.02,0.4
2017-02-10,18.7,18.5,18.8,18.49,21888.0,40697157.0,1.66,-1.18,-0.22,0.58
2017-02-13,18.45,18.52,18.59,18.3,22319.0,41097325.0,1.57,0.11,0.02,0.59
2017-02-14,18.52,18.24,18.52,18.18,29302.0,53620533.0,1.84,-1.51,-0.28,0.77
2017-02-15,18.25,18.05,18.3,18.01,24080.0,43660941.0,1.59,-1.04,-0.19,0.63
2017-02-16,18.08,17.98,18.13,17.69,33196.0,59290994.0,2.44,-0.39,-0.07,0.87
2017-02-17,17.96,17.7,17.96,17.65,26806.0,47642386.0,1.72,-1.56,-0.28,0.71
2017-02-20,17.7,17.57,17.76,17.38,57711.0,101030247.0,2.15,-0.73,-0.13,1.52
2017-02-21,17.64,18.03,18.07,17.5,52473.0,93649963.0,3.24,2.62,0.46,1.38
2017-02-22,18.18,18.05,18.24,17.87,39644.0,71380300.0,2.05,0.11,0.02,1.04
2017-02-23,18.05,18.0,18.05,17.76,32279.0,57700177.0,1.61,-0.28,-0.05,0.85
2017-02-24,18.0,18.09,18.16,17.87,38066.0,68545800.0,1.61,0.5,0.09,1.0
2017-02-27,18.13,18.0,18.28,17.95,43986.0,79693124.0,1.82,-0.5,-0.09,1.16
2017-02-28,18.03,17.95,18.07,17.78,35166.0,62990846.0,1.61,-0.28,-0.05,0.93
2017-03-01,18.0,18.05,18.17,17.89,39984.0,72203594.0,1.56,0.56,0.1,1.05
2017-03-02,18.16,17.82,18.16,17.79,34915.0,62475746.0,2.05,-1.27,-0.23,0.92
2017-03-03,17.9,17.93,17.96,17.65,27040.0,48148582.0,1.74,0.62,0.11,0.71
2017-03-06,17.95,18.13,18.15,17.82,45514.0,81931163.0,1.84,1.12,0.2,1.2
2017-03-07,18.2,18.2,18.31,18.01,50882.0,92445689.0,1.65,0.39,0.07,1.34
2017-03-08,18.2,18.29,18.29,18.01,46687.0,84837435.0,1.54,0.49,0.09,1.23
2017-03-09,18.25,18.12,18.26,18.03,41737.0,75571735.0,1.26,-0.93,-0.17,1.1
2017-03-10,18.05,17.92,18.14,17.85,32839.0,58967051.0,1.6,-1.1,-0.2,0.86
2017-03-13,17.94,17.84,17.94,17.71,46182.0,82218685.0,1.28,-0.45,-0.08,1.22
2017-03-14,17.85,17.71,17.9,17.64,51384.0,91143261.0,1.46,-0.73,-0.13,1.35
2017-03-15,17.65,18.08,18.08,17.48,82536.0,146670840.0,3.39,2.09,0.37,2.17
2017-03-16,18.1,18.16,18.18,17.96,94635.0,170992509.0,1.22,0.44,0.08,2.49
2017-03-17,18.27,18.03,18.85,17.97,199708.0,367512512.0,4.85,-0.72,-0.13,5.26
2017-03-20,18.05,17.8,18.13,17.71,79321.0,141816615.0,2.33,-1.28,-0.23,2.09
2017-03-21,17.79,17.68,17.89,17.66,62682.0,111283111.0,1.29,-0.67,-0.12,1.65
2017-03-22,17.69,17.8,17.89,17.6,63790.0,113124883.0,1.64,0.68,0.12,1.68
2017-03-23,17.81,18.26,18.26,17.81,127539.0,230986118.0,2.53,2.58,0.46,3.36
2017-03-24,18.3,18.22,18.55,18.17,83455.0,152798447.0,2.08,-0.22,-0.04,2.2
2017-03-27,18.28,18.32,18.46,18.18,65147.0,119386100.0,1.54,0.55,0.1,1.71
2017-03-28,18.32,18.08,18.32,18.03,50743.0,92008919.0,1.58,-1.31,-0.24,1.34
2017-03-29,18.08,18.2,18.38,18.0,61470.0,112067412.0,2.1,0.66,0.12,1.62
2017-03-30,18.1,17.79,18.2,17.74,56743.0,101707575.0,2.53,-2.25,-0.41,1.49
2017-03-31,17.81,18.01,18.07,17.71,39392.0,70489623.0,2.02,1.24,0.22,1.04
2017-04-05,18.28,18.39,18.4,18.09,82199.0,150355800.0,1.72,2.11,0.38,2.16
2017-04-06,18.4,18.47,18.66,18.22,78835.0,145836532.0,2.39,0.44,0.08,2.07
2017-04-07,18.5,18.5,18.57,18.22,70024.0,128903340.0,1.89,0.16,0.03,1.84
2017-04-10,18.45,19.12,19.38,18.4,148958.0,282609120.0,5.3,3.35,0.62,3.92
2017-04-11,19.09,19.07,19.09,18.63,112563.0,212263959.0,2.41,-0.26,-0.05,2.96
2017-04-12,18.94,18.5,18.94,18.48,77580.0,144519356.0,2.41,-2.99,-0.57,2.04
2017-04-13,18.35,18.39,18.67,18.31,45774.0,84659244.0,1.95,-0.59,-0.11,1.2
2017-04-14,18.46,18.1,18.49,18.03,46800.0,85247335.0,2.5,-1.58,-0.29,1.23
2017-04-17,18.12,17.83,18.24,17.72,46036.0,82720424.0,2.87,-1.49,-0.27,1.21
2017-04-18,17.88,17.52,17.89,17.52,42674.0,75678074.0,2.08,-1.74,-0.31,1.12
2017-04-19,17.54,16.24,17.55,15.77,125785.0,204690690.0,10.16,-7.31,-1.28,3.31
2017-04-20,16.24,16.1,16.38,15.81,61007.0,98082123.0,3.51,-0.86,-0.14,1.61
2017-04-21,16.21,16.15,16.36,16.05,35996.0,58241485.0,1.93,0.31,0.05,0.95
2017-04-24,16.09,15.15,16.12,15.15,63472.0,97916659.0,6.01,-6.19,-1.0,1.67
2017-04-25,15.16,15.17,15.3,15.05,49575.0,75110214.0,1.65,0.13,0.02,1.3
2017-04-26,15.19,15.2,15.26,15.07,33196.0,50413188.0,1.25,0.2,0.03,0.87
2017-04-27,15.24,15.04,15.24,14.22,57453.0,84613334.0,6.71,-1.05,-0.16,1.51
2017-04-28,14.98,15.36,15.45,14.66,31417.0,47534452.0,5.25,2.13,0.32,0.83
2017-05-02,15.36,15.33,15.4,15.21,29543.0,45227323.0,1.24,-0.2,-0.03,0.78
2017-05-03,15.34,15.22,15.45,15.11,31556.0,48179578.0,2.22,-0.72,-0.11,0.83
2017-05-04,15.12,15.28,15.36,15.03,26005.0,39612465.0,2.17,0.39,0.06,0.68
2017-05-05,15.3,15.02,15.38,14.98,22128.0,33397526.0,2.62,-1.7,-0.26,0.58
2017-05-08,15.0,14.58,15.04,14.56,20671.0,30519241.0,3.2,-2.93,-0.44,0.54
2017-05-09,14.58,14.48,14.58,13.9,32510.0,46488102.0,4.66,-0.69,-0.1,0.86
2017-05-10,14.39,13.9,14.66,13.9,29688.0,42532115.0,5.25,-4.01,-0.58,0.78
2017-05-11,13.89,14.22,14.3,13.73,42897.0,60152790.0,4.1,2.3,0.32,1.13
2017-05-12,14.24,14.54,14.54,14.11,35170.0,50506701.0,3.02,2.25,0.32,0.93
2017-05-15,14.6,15.25,15.45,14.6,63047.0,96016096.0,5.85,4.88,0.71,1.66
2017-05-16,15.2,15.2,15.3,14.94,32125.0,48518500.0,2.36,-0.33,-0.05,0.85
2017-05-17,15.05,15.23,15.48,15.05,24984.0,38114584.0,2.83,0.2,0.03,0.66
2017-05-18,15.06,15.0,15.35,14.86,22141.0,33519831.0,3.22,-1.51,-0.23,0.58
2017-05-19,15.0,15.11,15.33,14.91,25481.0,38428681.0,2.8,0.73,0.11,0.67
2017-05-22,15.11,14.78,15.22,14.7,17802.0,26586291.0,3.44,-2.18,-0.33,0.47
2017-05-23,14.99,13.93,14.99,13.8,23722.0,33870524.0,8.05,-5.75,-0.85,0.62
2017-05-24,13.93,14.24,14.26,13.8,15192.0,21352433.0,3.3,2.23,0.31,0.4
2017-05-25,14.31,14.4,14.46,14.05,17862.0,25555323.0,2.88,1.12,0.16,0.47
2017-05-26,14.48,14.54,14.58,14.24,14889.0,21582611.0,2.36,0.97,0.14,0.39
2017-05-31,15.15,14.6,15.5,14.52,26926.0,40316320.0,6.74,0.41,0.06,0.71
2017-06-01,14.35,13.93,14.54,13.92,30306.0,42847019.0,4.25,-4.59,-0.67,0.8
2017-06-02,13.92,14.15,14.21,13.8,16644.0,23232944.0,2.94,1.58,0.22,0.44
2017-06-05,14.15,14.25,14.29,14.11,12883.0,18333541.0,1.27,0.71,0.1,0.34
2017-06-06,14.24,14.31,14.35,13.85,12903.0,18370363.0,3.51,0.42,0.06,0.34
2017-06-07,14.31,14.56,14.6,14.19,18984.0,27480498.0,2.87,1.75,0.25,0.5
2017-06-08,14.55,14.45,14.55,14.37,28430.0,40990049.0,1.24,-0.76,-0.11,0.75
2017-06-09,14.45,14.4,14.47,14.22,16339.0,23432802.0,1.73,-0.35,-0.05,0.43
2017-06-12,14.2,14.09,14.38,14.05,16828.0,23902689.0,2.29,-2.15,-0.31,0.44
2017-06-13,14.09,14.4,14.53,14.01,25761.0,36989758.0,3.69,2.2,0.31,0.68
2017-06-14,14.45,14.39,14.48,14.32,12918.0,18562302.0,1.11,-0.07,-0.01,0.34
2017-06-15,14.31,14.52,14.55,14.31,38961.0,56176483.0,1.67,0.9,0.13,1.03
2017-06-16,14.46,14.37,14.5,14.35,16025.0,23067905.0,1.03,-1.03,-0.15,0.42
2017-06-19,14.39,14.39,14.48,14.28,18422.0,26477197.0,1.39,0.14,0.02,0.48
2017-06-20,14.44,14.5,14.58,14.36,25591.0,37001461.0,1.53,0.76,0.11,0.67
2017-06-21,14.5,14.36,14.54,14.23,23421.0,33607782.0,2.14,-0.97,-0.14,0.62
2017-06-22,14.36,13.99,14.37,13.96,32082.0,45367202.0,2.86,-2.58,-0.37,0.84
2017-06-23,13.91,13.99,14.06,13.68,23163.0,32098982.0,2.72,0.0,0.0,0.61
2017-06-26,14.08,14.13,14.16,14.02,23363.0,32924099.0,1.0,1.0,0.14,0.61
2017-06-27,14.13,14.99,15.52,14.0,60420.0,88302051.0,10.76,6.09,0.86,1.59
2017-06-28,14.72,14.54,14.86,14.47,48920.0,71730065.0,2.6,-3.0,-0.45,1.29
2017-06-29,14.54,14.46,14.78,14.46,31967.0,46619241.0,2.2,-0.55,-0.08,0.84
2017-06-30,14.44,14.56,14.7,14.31,25181.0,36560915.0,2.7,0.69,0.1,0.66
2017-07-03,14.51,14.61,14.71,14.5,18278.0,26710085.0,1.44,0.34,0.05,0.48
2017-07-04,14.61,14.5,14.67,14.47,14547.0,21133276.0,1.37,-0.75,-0.11,0.38
2017-07-05,14.43,14.52,14.56,14.4,18550.0,26864583.0,1.1,0.14,0.02,0.49
2017-07-06,14.45,14.44,14.57,14.4,16872.0,24405851.0,1.17,-0.55,-0.08,0.44
2017-07-07,14.48,14.47,14.51,14.4,14006.0,20237993.0,0.76,0.21,0.03,0.37
2017-07-10,14.49,14.19,14.49,14.0,27460.0,39203885.0,3.39,-1.94,-0.28,0.72
2017-07-11,14.19,13.97,14.27,13.97,27511.0,38848447.0,2.11,-1.55,-0.22,0.72
2017-07-12,13.97,13.95,14.02,13.78,28549.0,39566509.0,1.72,-0.14,-0.02,0.75
2017-07-13,14.08,14.04,14.33,14.0,35023.0,49586462.0,2.37,0.65,0.09,0.92
2017-07-14,14.04,14.01,14.17,13.93,17538.0,24547941.0,1.71,-0.21,-0.03,0.46
2017-07-17,14.12,13.48,14.12,13.03,45670.0,61290295.0,7.78,-3.78,-0.53,1.2
2017-07-18,13.3,13.39,13.46,12.96,27405.0,36235374.0,3.71,-0.67,-0.09,0.72
2017-07-19,13.39,13.45,13.47,13.23,19790.0,26470765.0,1.79,0.45,0.06,0.52
2017-07-20,13.45,13.34,13.49,13.32,18713.0,25081353.0,1.26,-0.82,-0.11,0.49
2017-07-21,13.21,13.21,13.38,13.04,28076.0,37121796.0,2.55,-0.97,-0.13,0.74
2017-07-24,13.19,13.41,13.44,13.15,22456.0,30050877.0,2.2,1.51,0.2,0.59
2017-07-25,13.38,13.45,13.54,13.33,23270.0,31301429.0,1.57,0.3,0.04,0.61
2017-07-26,13.5,13.54,13.6,13.39,22000.0,29644989.0,1.56,0.67,0.09,0.58
2017-07-27,13.54,14.13,14.49,13.54,77392.0,108452306.0,7.02,4.36,0.59,2.04
2017-07-28,14.42,15.0,15.07,14.42,142930.0,211212929.0,4.6,6.16,0.87,3.76
2017-07-31,16.5,16.5,16.5,16.5,38712.0,63874090.0,0.0,10.0,1.5,1.02
2017-08-01,18.13,18.15,18.15,17.37,571777.0,1027846176.0,4.73,10.0,1.65,15.04
2017-08-02,18.8,19.11,19.68,18.4,621682.0,1178871808.0,7.05,5.29,0.96,16.36
2017-08-03,19.07,18.85,19.25,18.64,378564.0,715920736.0,3.19,-1.36,-0.26,9.96
2017-08-04,19.21,20.74,20.74,18.9,666461.0,1323480720.0,9.76,10.03,1.89,17.54
2017-08-07,20.74,21.14,22.5,20.59,807307.0,1735978624.0,9.21,1.93,0.4,21.24
2017-08-08,20.44,19.07,20.44,19.03,656613.0,1286346256.0,6.67,-9.79,-2.07,17.28
2017-08-09,18.95,19.02,19.44,18.53,461122.0,874589152.0,4.77,-0.26,-0.05,12.13
2017-08-10,19.0,19.5,19.76,18.7,467943.0,901622672.0,5.57,2.52,0.48,12.31
2017-08-11,19.3,17.99,19.48,17.81,439080.0,806303872.0,8.56,-7.74,-1.51,11.55
2017-08-14,18.31,18.06,18.55,18.02,281397.0,513289584.0,2.95,0.39,0.07,7.4
2017-08-15,18.18,18.71,18.95,17.8,357137.0,660340336.0,6.37,3.6,0.65,9.4
2017-08-16,18.54,18.29,18.59,17.9,273053.0,496831952.0,3.69,-2.24,-0.42,7.18
2017-08-17,18.24,18.22,18.46,17.93,213044.0,387059488.0,2.9,-0.38,-0.07,5.61
2017-08-18,18.1,18.46,18.56,17.9,259883.0,475864320.0,3.62,1.32,0.24,6.84
2017-08-21,18.63,18.21,18.77,18.02,194232.0,354279184.0,4.06,-1.35,-0.25,5.11
2017-08-22,18.21,17.41,18.21,17.31,308051.0,545268288.0,4.94,-4.39,-0.8,8.11
2017-08-23,17.4,17.16,17.53,17.1,153477.0,264777285.0,2.47,-1.44,-0.25,4.04
2017-08-24,17.13,17.19,17.4,17.0,131158.0,225744194.0,2.33,0.17,0.03,3.45
2017-08-25,17.14,17.2,17.34,16.94,142889.0,245012872.0,2.33,0.06,0.01,3.76
2017-08-28,17.53,17.32,17.65,17.26,167552.0,291724656.0,2.27,0.7,0.12,4.41
2017-08-29,17.26,17.27,17.47,17.12,122022.0,210795433.0,2.02,-0.29,-0.05,3.21
2017-08-30,17.44,17.81,17.98,17.22,266717.0,470783056.0,4.4,3.13,0.54,7.02
2017-08-31,17.65,17.51,17.82,17.44,149882.0,263143429.0,2.13,-1.68,-0.3,3.94
2017-09-01,17.4,17.42,17.68,17.27,132969.0,231635377.0,2.34,-0.51,-0.09,3.5
2017-09-04,17.4,17.65,17.76,17.0,215386.0,374256272.0,4.36,1.32,0.23,5.67
2017-09-05,17.51,17.69,17.79,17.42,155551.0,273761520.0,2.1,0.23,0.04,4.09
2017-09-06,17.6,17.24,17.61,17.2,152657.0,265406583.0,2.32,-2.54,-0.45,4.02
2017-09-07,17.22,16.95,17.32,16.93,136941.0,234699204.0,2.26,-1.68,-0.29,3.6
2017-09-08,17.1,16.97,17.24,16.82,106498.0,181324478.0,2.48,0.12,0.02,2.8
2017-09-11,16.96,17.14,17.27,16.95,106911.0,183322206.0,1.89,1.0,0.17,2.81
2017-09-12,17.15,16.97,17.23,16.96,119641.0,204642107.0,1.58,-0.99,-0.17,3.15
2017-09-13,16.94,17.1,17.13,16.82,95294.0,162237318.0,1.83,0.77,0.13,2.51
2017-09-14,17.06,17.24,17.28,17.0,126704.0,217421862.0,1.64,0.82,0.14,3.33
2017-09-15,17.2,16.53,17.22,16.53,160711.0,270154752.0,4.0,-4.12,-0.71,4.23
2017-09-18,16.49,16.6,16.66,16.4,82793.0,136976526.0,1.57,0.42,0.07,2.18
2017-09-19,16.6,16.59,16.7,16.46,77316.0,128300721.0,1.45,-0.06,-0.01,2.03
2017-09-20,16.6,16.68,16.76,16.43,75905.0,125843375.0,1.99,0.54,0.09,2.0
2017-09-21,16.73,16.95,17.35,16.73,205695.0,352260656.0,3.72,1.62,0.27,5.41
2017-09-22,16.74,16.72,17.08,16.66,85815.0,143909630.0,2.48,-1.36,-0.23,2.26
2017-09-25,16.66,15.96,16.67,15.91,122877.0,198660765.0,4.55,-4.55,-0.76,3.23
2017-09-26,15.93,15.94,16.17,15.8,60251.0,96151839.0,2.32,-0.13,-0.02,1.59
2017-09-27,15.94,16.0,16.06,15.88,44206.0,70619485.0,1.13,0.38,0.06,1.16
2017-09-28,16.02,15.63,16.04,15.6,64172.0,101927719.0,2.75,-2.31,-0.37,1.69
2017-09-29,15.7,15.96,15.97,15.7,57796.0,91742884.0,1.73,2.11,0.33,1.52
2017-10-09,16.08,15.96,16.19,15.89,61769.0,98852500.0,1.88,0.0,0.0,1.63
2017-10-10,15.91,16.22,16.43,15.81,91761.0,147942952.0,3.88,1.63,0.26,2.41
2017-10-11,16.11,15.96,16.17,15.9,65158.0,104478154.0,1.66,-1.6,-0.26,1.71
2017-10-12,15.88,16.18,16.22,15.88,60177.0,96581976.0,2.13,1.38,0.22,1.58
2017-10-13,16.13,16.13,16.27,16.07,59029.0,95346846.0,1.24,-0.31,-0.05,1.55
2017-10-16,16.11,15.65,16.29,15.63,81611.0,129880907.0,4.09,-2.98,-0.48,2.15
2017-10-17,15.75,15.6,15.77,15.4,49911.0,77709026.0,2.36,-0.32,-0.05,1.31
2017-10-18,15.6,15.4,15.68,15.3,57264.0,88754821.0,2.44,-1.28,-0.2,1.51
2017-10-19,15.46,15.65,15.78,15.41,91576.0,143421009.0,2.4,1.62,0.25,2.41
2017-10-20,15.4,15.14,15.4,14.9,92828.0,140073632.0,3.19,-3.26,-0.51,2.44
2017-10-23,15.17,15.24,15.34,15.03,49529.0,75143396.0,2.05,0.66,0.1,1.3
2017-10-24,15.14,15.51,16.17,15.1,109916.0,171907446.0,7.02,1.77,0.27,2.89
2017-10-25,15.4,15.42,15.47,15.27,54199.0,83376547.0,1.29,-0.58,-0.09,1.43
2017-10-26,15.45,15.75,16.1,15.44,113122.0,179051235.0,4.28,2.14,0.33,2.98
2017-10-27,15.7,15.86,16.08,15.62,80576.0,128013494.0,2.92,0.7,0.11,2.12
2017-10-30,15.79,15.08,15.83,15.01,86149.0,131754597.0,5.17,-4.92,-0.78,2.27
2017-10-31,15.08,15.18,15.27,15.07,56895.0,86107190.0,1.33,0.66,0.1,1.5
2017-11-01,15.2,15.18,15.38,15.11,50660.0,77207425.0,1.78,0.0,0.0,1.33
2017-11-02,15.18,14.78,15.21,14.75,71436.0,106782744.0,3.03,-2.64,-0.4,1.88
2017-11-03,14.78,14.55,14.96,14.45,57776.0,84703921.0,3.45,-1.56,-0.23,1.52
2017-11-06,14.56,14.69,14.75,14.52,35427.0,51792515.0,1.58,0.96,0.14,0.93
2017-11-07,14.68,14.65,14.69,14.51,41582.0,60670147.0,1.23,-0.27,-0.04,1.09
2017-11-08,14.68,15.05,15.09,14.54,84937.0,126365968.0,3.75,2.73,0.4,2.2
2017-11-09,14.96,14.87,15.03,14.77,58705.0,87221808.0,1.73,-1.2,-0.18,1.52
2017-11-10,14.86,14.73,14.96,14.73,45439.0,67474667.0,1.55,-0.94,-0.14,1.18
2017-11-13,14.73,14.76,14.9,14.66,36721.0,54281581.0,1.63,0.2,0.03,0.95
2017-11-14,14.75,14.4,14.79,14.3,71719.0,103910239.0,3.32,-2.44,-0.36,1.86
2017-11-15,14.41,14.16,14.45,14.11,51722.0,73633054.0,2.36,-1.67,-0.24,1.34
2017-11-16,14.15,13.98,14.22,13.97,42140.0,59374795.0,1.77,-1.27,-0.18,1.09
2017-11-17,14.01,13.42,14.04,13.35,68959.0,94098868.0,4.94,-4.01,-0.56,1.79
2017-11-20,13.31,13.5,13.52,13.1,47422.0,62934060.0,3.13,0.6,0.08,1.23
2017-11-21,13.5,13.44,13.67,13.35,43904.0,59300066.0,2.37,-0.44,-0.06,1.14
2017-11-22,13.51,13.51,13.63,13.36,36728.0,49489654.0,2.01,0.52,0.07,0.95
2017-11-23,13.5,13.19,13.55,13.18,35902.0,47906944.0,2.74,-2.37,-0.32,0.93
2017-11-24,13.1,13.12,13.28,13.0,38157.0,50034329.0,2.12,-0.53,-0.07,0.99
2017-11-27,13.06,13.16,13.36,13.05,34024.0,45055678.0,2.36,0.3,0.04,0.88
2017-11-28,13.19,13.42,13.46,13.19,43435.0,58077779.0,2.05,1.98,0.26,1.13
2017-11-29,13.43,13.52,13.56,13.31,43103.0,57919950.0,1.86,0.75,0.1,1.12
2017-11-30,13.5,13.36,13.6,13.33,41589.0,56007002.0,2.0,-1.18,-0.16,1.08
2017-12-01,13.36,13.39,13.48,13.28,37681.0,50407472.0,1.5,0.22,0.03,0.98
2017-12-04,13.3,13.07,13.47,13.06,46207.0,61378075.0,3.06,-2.39,-0.32,1.2
2017-12-05,13.08,12.99,13.22,12.5,77799.0,99379545.0,5.51,-0.61,-0.08,2.02
2017-12-06,12.94,13.17,13.18,12.76,49890.0,64761729.0,3.23,1.39,0.18,1.29
2017-12-07,13.09,13.22,13.38,13.09,41982.0,55582209.0,2.2,0.38,0.05,1.09
2017-12-08,13.19,13.39,13.47,13.18,56389.0,75404849.0,2.19,1.29,0.17,1.46
2017-12-11,13.46,13.53,13.87,13.36,75799.0,103468405.0,3.81,1.05,0.14,1.96
2017-12-12,13.51,13.34,13.53,13.33,39003.0,52279752.0,1.48,-1.4,-0.19,1.01
2017-12-13,13.39,13.7,13.85,13.33,67529.0,92210890.0,3.9,2.7,0.36,1.75
2017-12-14,13.72,14.1,14.15,13.5,86970.0,120325958.0,4.74,2.92,0.4,2.25
2017-12-15,14.1,14.35,14.48,14.0,92100.0,131640664.0,3.4,1.77,0.25,2.39
2017-12-18,14.79,14.27,14.96,14.26,82874.0,120250584.0,4.88,-0.56,-0.08,2.15
2017-12-19,14.26,14.17,14.38,14.06,49050.0,69469359.0,2.24,-0.7,-0.1,1.27
2017-12-20,14.1,13.86,14.2,13.86,44268.0,61641805.0,2.4,-2.19,-0.31,1.15
2017-12-21,13.89,14.04,14.14,13.7,43518.0,60946898.0,3.17,1.3,0.18,1.13
2017-12-22,14.34,14.24,14.57,14.11,63014.0,90041471.0,3.28,1.42,0.2,1.63
2017-12-25,14.25,14.67,14.77,14.25,106020.0,154414772.0,3.65,3.02,0.43,2.75
2017-12-26,14.62,14.58,14.62,14.33,50114.0,72536702.0,1.98,-0.61,-0.09,1.3
2017-12-27,14.56,14.25,14.68,14.0,77313.0,110260344.0,4.66,-2.26,-0.33,2.0
2017-12-28,14.11,14.48,14.86,13.93,104353.0,151641010.0,6.53,1.61,0.23,2.71
2017-12-29,14.65,14.69,14.98,14.54,72099.0,106073652.0,3.04,1.45,0.21,1.87
2018-01-02,14.3,14.37,14.45,14.02,95289.0,135878818.0,2.93,-2.18,-0.32,2.47
2018-01-03,14.37,14.27,14.37,14.19,63763.0,90909824.0,1.25,-0.7,-0.1,1.66
2018-01-04,14.33,14.14,14.35,14.1,52715.0,74791673.0,1.75,-0.91,-0.13,1.37
2018-01-05,14.15,14.12,14.28,14.02,44001.0,62279911.0,1.84,-0.14,-0.02,1.14
2018-01-08,14.05,13.82,14.14,13.72,62379.0,86349867.0,2.97,-2.12,-0.3,1.62
2018-01-09,13.73,13.74,13.91,13.71,36322.0,50055305.0,1.45,-0.58,-0.08,0.94
2018-01-10,13.73,13.47,13.85,13.41,38690.0,52541989.0,3.2,-1.97,-0.27,1.0
2018-01-11,13.42,13.45,13.5,13.28,30570.0,40897573.0,1.63,-0.15,-0.02,0.79
2018-01-12,13.45,13.36,13.51,13.35,22644.0,30391098.0,1.19,-0.67,-0.09,0.59
2018-01-15,13.37,13.03,13.47,13.01,34240.0,44993531.0,3.44,-2.47,-0.33,0.89
2018-01-16,13.08,13.4,13.4,13.0,46433.0,61223124.0,3.07,2.84,0.37,1.21
2018-01-17,13.42,13.62,13.68,13.14,58449.0,79040335.0,4.03,1.64,0.22,1.52
2018-01-18,13.5,13.5,13.68,13.5,30902.0,41963878.0,1.32,-0.88,-0.12,0.8
2018-01-19,13.5,13.23,13.5,13.17,36866.0,48922428.0,2.44,-2.0,-0.27,0.96
2018-01-22,13.1,13.45,13.58,12.97,49996.0,66427298.0,4.61,1.66,0.22,1.3
2018-01-23,13.55,13.29,13.55,13.27,27387.0,36553195.0,2.08,-1.19,-0.16,0.71
2018-01-24,13.27,13.74,13.89,13.06,96650.0,131948388.0,6.25,3.39,0.45,2.51
2018-01-25,13.63,13.78,14.26,13.6,94604.0,131933655.0,4.8,0.29,0.04,2.46
2018-01-26,13.73,13.85,13.95,13.62,47270.0,65185746.0,2.39,0.51,0.07,1.23
2018-01-29,13.8,13.32,13.84,13.3,50909.0,68871522.0,3.9,-3.83,-0.53,1.32
2018-01-30,13.33,13.36,13.59,13.33,29520.0,39689527.0,1.95,0.3,0.04,0.77
2018-01-31,13.3,13.03,13.48,13.03,35644.0,46940428.0,3.37,-2.47,-0.33,0.93
2018-02-01,13.04,12.79,13.12,12.2,61348.0,78032522.0,7.06,-1.84,-0.24,1.59
2018-02-02,12.61,12.56,12.82,12.3,29488.0,37037559.0,4.07,-1.8,-0.23,0.77
2018-02-05,12.3,12.22,12.4,12.1,29926.0,36728214.0,2.39,-2.71,-0.34,0.78
2018-02-06,11.68,11.03,11.96,11.03,67792.0,77948285.0,7.61,-9.74,-1.19,1.76
2018-02-07,11.24,11.13,11.34,10.63,36187.0,40046767.0,6.44,0.91,0.1,0.94
2018-02-08,11.12,11.2,11.29,11.04,23094.0,25860676.0,2.25,0.63,0.07,0.6
2018-02-09,10.94,11.06,11.1,10.51,45745.0,49205006.0,5.27,-1.25,-0.14,1.19
2018-02-12,10.98,11.21,11.29,10.98,24311.0,27237805.0,2.8,1.36,0.15,0.63
2018-02-13,11.21,11.25,11.4,11.21,23331.0,26415829.0,1.69,0.36,0.04,0.61
2018-02-14,11.21,11.33,11.38,11.21,12610.0,14275548.0,1.51,0.71,0.08,0.33
2018-02-22,11.65,11.63,11.88,11.52,47071.0,54998826.0,3.18,2.65,0.3,1.22
2018-02-23,11.48,11.51,11.59,11.36,25301.0,29013017.0,1.98,-1.03,-0.12,0.66
2018-02-26,11.51,11.65,11.66,11.51,29146.0,33804382.0,1.3,1.22,0.14,0.76
2018-02-27,11.64,11.72,11.88,11.56,44055.0,51481728.0,2.75,0.6,0.07,1.14
2018-02-28,11.64,11.6,11.73,11.45,29332.0,34010082.0,2.39,-1.02,-0.12,0.76
2018-03-01,11.61,11.8,11.81,11.61,37547.0,44080477.0,1.72,1.72,0.2,0.97
2018-03-02,11.71,12.01,12.09,11.67,46903.0,55713424.0,3.56,1.78,0.21,1.22
2018-03-05,12.03,12.12,12.17,11.86,37427.0,44932591.0,2.58,0.92,0.11,0.97
2018-03-06,11.92,11.88,11.95,11.71,73822.0,87274065.0,1.98,-1.98,-0.24,1.92
2018-03-07,11.85,11.66,11.97,11.65,33044.0,38985765.0,2.69,-1.85,-0.22,0.86
2018-03-08,11.6,11.63,11.74,11.56,36003.0,41949758.0,1.54,-0.26,-0.03,0.93
2018-03-09,11.67,11.9,11.96,11.6,46336.0,54740108.0,3.1,2.32,0.27,1.2
2018-03-12,11.91,12.16,12.35,11.87,63478.0,77128468.0,4.03,2.18,0.26,1.65
2018-03-13,12.16,12.08,12.28,11.95,47685.0,57796765.0,2.71,-0.66,-0.08,1.24
2018-03-14,12.07,11.96,12.19,11.96,35598.0,42898889.0,1.9,-0.99,-0.12,0.92
2018-03-15,11.91,11.71,11.99,11.53,41828.0,48985256.0,3.85,-2.09,-0.25,1.09
2018-03-16,11.69,11.72,11.85,11.64,28351.0,33292512.0,1.79,0.09,0.01,0.74
2018-03-19,11.72,11.69,11.89,11.63,29244.0,34388753.0,2.22,-0.26,-0.03,0.76
2018-03-20,11.67,11.63,11.7,11.52,24661.0,28605837.0,1.54,-0.51,-0.06,0.64
2018-03-21,11.55,11.64,11.85,11.55,34919.0,41026618.0,2.58,0.09,0.01,0.91
2018-03-22,11.56,11.8,11.88,11.52,37271.0,43752278.0,3.09,1.37,0.16,0.97
2018-03-23,11.52,11.09,11.75,10.95,65166.0,73538447.0,6.78,-6.02,-0.71,1.69
2018-03-26,10.89,11.21,11.22,10.76,36736.0,40425401.0,4.15,1.08,0.12,0.95
2018-03-27,11.26,11.38,11.52,11.26,43065.0,49122104.0,2.32,1.52,0.17,1.12
2018-03-28,11.34,11.46,11.62,11.26,28996.0,33304480.0,3.16,0.7,0.08,0.75
2018-03-29,11.45,11.47,11.61,11.43,24475.0,28147408.0,1.57,0.09,0.01,0.64
2018-03-30,11.52,11.73,11.88,11.5,40401.0,47479400.0,3.31,2.27,0.26,1.05
2018-04-02,11.73,11.78,11.84,11.62,32785.0,38437226.0,1.88,0.43,0.05,0.85
2018-04-03,11.67,11.59,11.67,11.47,29883.0,34594153.0,1.7,-1.61,-0.19,0.78
2018-04-04,11.65,11.56,11.8,11.55,22064.0,25692378.0,2.16,-0.26,-0.03,0.57
2018-04-09,11.49,11.56,11.66,11.43,23069.0,26622867.0,1.99,0.0,0.0,0.6
2018-04-10,11.56,11.75,11.77,11.53,36902.0,43001444.0,2.08,1.64,0.19,0.96
2018-04-11,11.88,11.84,11.98,11.78,44168.0,52551434.0,1.7,0.77,0.09,1.15
2018-04-12,11.74,11.64,11.78,11.62,29156.0,34057187.0,1.35,-1.69,-0.2,0.76
2018-04-13,11.69,11.6,11.78,11.58,18942.0,22092634.0,1.72,-0.34,-0.04,0.49
2018-04-16,11.59,11.5,11.72,11.46,23339.0,27040228.0,2.24,-0.86,-0.1,0.61
2018-04-17,11.55,11.08,11.55,11.02,31950.0,36156322.0,4.61,-3.65,-0.42,0.83
2018-04-18,11.23,11.22,11.28,10.99,27988.0,31200887.0,2.62,1.26,0.14,0.73
2018-04-19,11.22,11.27,11.39,11.16,22502.0,25343104.0,2.05,0.45,0.05,0.58
2018-04-20,11.34,11.11,11.45,11.1,29199.0,32932092.0,3.11,-1.42,-0.16,0.76
2018-04-23,11.0,11.09,11.15,10.88,25527.0,28022692.0,2.43,-0.18,-0.02,0.66
2018-04-24,11.0,11.18,11.19,11.0,22775.0,25359943.0,1.71,0.81,0.09,0.59
2018-04-25,11.16,11.1,11.16,10.97,24548.0,27144235.0,1.7,-0.72,-0.08,0.64
2018-04-26,11.02,11.08,11.11,10.89,30327.0,33283827.0,1.98,-0.18,-0.02,0.79
2018-04-27,10.93,11.08,11.09,10.79,28037.0,30685244.0,2.71,0.0,0.0,0.73
2018-05-02,11.05,11.03,11.06,10.84,23172.0,25304373.0,1.99,-0.45,-0.05,0.6
2018-05-03,10.92,11.0,11.0,10.8,24430.0,26653134.0,1.81,-0.27,-0.03,0.63
2018-05-04,10.94,10.92,10.97,10.9,11945.0,13045254.0,0.64,-0.73,-0.08,0.31
2018-05-07,10.94,11.02,11.05,10.88,19245.0,21130099.0,1.56,0.92,0.1,0.5
2018-05-08,11.02,11.08,11.09,10.97,24090.0,26602592.0,1.09,0.54,0.06,0.63
2018-05-09,11.08,11.25,11.26,11.02,32405.0,36148956.0,2.17,1.53,0.17,0.84
2018-05-10,11.24,11.31,11.34,11.08,32157.0,36145585.0,2.31,0.53,0.06,0.83
2018-05-11,11.31,11.18,11.31,11.17,17957.0,20188042.0,1.24,-1.15,-0.13,0.47
2018-05-14,11.15,11.13,11.26,11.1,23620.0,26399832.0,1.43,-0.45,-0.05,0.61
2018-05-15,11.15,11.18,11.24,11.03,25450.0,28384768.0,1.89,0.45,0.05,0.66
2018-05-16,11.19,11.66,11.68,11.1,41244.0,46819338.0,5.19,4.29,0.48,1.07
2018-05-17,11.46,11.38,11.62,11.38,42428.0,48793214.0,2.06,-2.4,-0.28,1.1
2018-05-18,11.34,11.63,11.72,11.34,41677.0,48388615.0,3.34,2.2,0.25,1.08
2018-05-21,11.63,11.65,11.75,11.54,32485.0,37768218.0,1.81,0.17,0.02,0.84
2018-05-22,11.63,11.79,11.85,11.6,39286.0,46126087.0,2.15,1.2,0.14,1.02
2018-05-23,11.8,11.44,11.8,11.43,30289.0,35005797.0,3.14,-2.97,-0.35,0.79
2018-05-24,11.37,11.75,11.83,11.37,39579.0,46080653.0,4.02,2.71,0.31,1.03
2018-05-25,11.75,11.52,11.78,11.48,26024.0,30145595.0,2.55,-1.96,-0.23,0.68
2018-05-28,11.51,11.27,11.57,11.23,27876.0,31734376.0,2.95,-2.17,-0.25,0.72
2018-05-29,11.28,11.07,11.4,11.03,28505.0,31832396.0,3.28,-1.77,-0.2,0.74
2018-05-30,10.96,10.61,11.02,10.55,37427.0,40520000.0,4.25,-4.16,-0.46,0.97
2018-05-31,10.66,11.11,11.16,10.64,34172.0,37003969.0,4.9,4.71,0.5,0.89
2018-06-01,11.1,10.93,11.1,10.82,20276.0,22108253.0,2.52,-1.62,-0.18,0.53
2018-06-04,10.66,10.8,10.88,10.53,30303.0,32435374.0,3.2,-1.19,-0.13,0.79
2018-06-05,10.65,10.92,10.94,10.64,17009.0,18453018.0,2.78,1.11,0.12,0.44
2018-06-06,10.92,10.85,10.98,10.82,11780.0,12830468.0,1.47,-0.64,-0.07,0.31
2018-06-07,10.86,10.62,10.9,10.58,17783.0,19021675.0,2.95,-2.12,-0.23,0.46
2018-06-08,10.62,10.75,10.75,10.44,22459.0,23731501.0,2.92,1.22,0.13,0.58
2018-06-11,10.69,10.57,10.76,10.28,40985.0,43002215.0,4.47,-1.67,-0.18,1.06
2018-06-12,10.45,10.56,10.56,10.32,24488.0,25521410.0,2.27,-0.09,-0.01,0.64
2018-06-13,10.48,10.56,10.56,10.29,28789.0,30029881.0,2.56,0.0,0.0,0.75
2018-06-14,10.53,10.51,10.53,10.34,25348.0,26457414.0,1.8,-0.47,-0.05,0.66
2018-06-15,10.45,10.45,10.45,10.22,30027.0,31089949.0,2.19,-0.57,-0.06,0.78
2018-06-19,10.31,9.47,10.31,9.41,69743.0,67260715.0,8.61,-9.38,-0.98,1.81
2018-06-20,9.45,9.44,9.45,9.02,37589.0,35014997.0,4.54,-0.32,-0.03,0.98
2018-06-21,9.34,9.31,9.42,9.15,24558.0,22820743.0,2.86,-1.38,-0.13,0.64
2018-06-22,9.22,9.51,9.55,9.18,31466.0,29609793.0,3.97,2.15,0.2,0.82
2018-06-25,9.53,9.68,9.94,9.53,27050.0,26374769.0,4.31,1.79,0.17,0.7
2018-06-26,9.54,9.91,9.92,9.5,27015.0,26502654.0,4.34,2.38,0.23,0.7
2018-06-27,9.9,10.24,10.27,9.85,42431.0,42997766.0,4.24,3.33,0.33,1.1
2018-06-28,10.2,10.36,10.5,10.15,58401.0,60721443.0,3.42,1.17,0.12,1.52
2018-06-29,10.45,10.44,10.5,10.31,47247.0,49081887.0,1.83,0.77,0.08,1.23
2018-07-02,11.48,11.02,11.48,10.5,267571.0,297690352.0,9.39,5.56,0.58,6.96
2018-07-03,11.05,12.12,12.12,11.05,211553.0,249144859.0,9.71,9.98,1.1,5.5
2018-07-04,13.33,13.33,13.33,13.0,178144.0,237283747.0,2.72,9.98,1.21,4.63
2018-07-05,14.39,14.52,14.66,13.91,702589.0,1017965664.0,5.63,8.93,1.19,18.27
2018-07-06,14.39,15.97,15.97,14.14,610551.0,918462992.0,12.6,9.99,1.45,15.87
2018-07-09,17.18,15.2,17.18,14.8,902772.0,1438341808.0,14.9,-4.82,-0.77,23.47
2018-07-10,14.6,14.3,14.88,14.09,647026.0,932876832.0,5.2,-5.92,-0.9,16.82
2018-07-11,13.85,13.56,13.99,13.37,491851.0,670405760.0,4.34,-5.17,-0.74,12.79
2018-07-12,13.62,13.76,13.89,13.46,421967.0,577575520.0,3.17,1.47,0.2,10.97
2018-07-13,13.64,13.22,13.64,12.93,446733.0,590629632.0,5.16,-3.92,-0.54,11.61
2018-07-16,13.23,12.53,13.24,12.38,349368.0,442763808.0,6.51,-5.22,-0.69,9.08
2018-07-17,12.59,12.65,12.78,12.46,261675.0,330056512.0,2.55,0.96,0.12,6.8
2018-07-18,12.8,12.68,12.97,12.3,318934.0,401923040.0,5.3,0.24,0.03,8.29
2018-07-19,12.54,12.33,12.78,12.32,240884.0,301395136.0,3.63,-2.76,-0.35,6.26
2018-07-20,12.17,12.23,12.28,11.95,231681.0,281249008.0,2.68,-0.81,-0.1,6.02
2018-07-23,12.24,12.27,12.29,11.95,200231.0,243041889.0,2.78,0.33,0.04,5.21
2018-07-24,12.16,12.24,12.47,12.04,203015.0,249309963.0,3.5,-0.24,-0.03,5.28
2018-07-25,12.13,12.05,12.4,12.02,170201.0,207238187.0,3.1,-1.55,-0.19,4.42
2018-07-26,12.08,12.31,12.39,12.02,216700.0,265310793.0,3.07,2.16,0.26,5.63
2018-07-27,12.21,11.73,12.3,11.62,242756.0,288481088.0,5.52,-4.71,-0.58,6.31
2018-07-30,11.58,11.15,11.66,11.05,198138.0,223474622.0,5.2,-4.94,-0.58,5.15
2018-07-31,11.02,11.15,11.26,10.97,118923.0,132447028.0,2.6,0.0,0.0,3.09
2018-08-01,11.22,10.81,11.22,10.79,150038.0,165070943.0,3.86,-3.05,-0.34,3.9
2018-08-02,10.8,10.27,10.8,9.95,186761.0,193372198.0,7.86,-5.0,-0.54,4.86
2018-08-03,10.35,10.16,10.48,10.08,103059.0,106202311.0,3.89,-1.07,-0.11,2.68
2018-08-06,10.12,10.25,10.31,9.98,94274.0,95594056.0,3.25,0.89,0.09,2.45
2018-08-07,10.24,10.31,10.35,9.97,122466.0,124853358.0,3.71,0.59,0.06,3.18
2018-08-08,10.25,10.05,10.3,9.98,99991.0,101253829.0,3.1,-2.52,-0.26,2.6
2018-08-09,10.0,10.24,10.36,9.95,111788.0,114207631.0,4.08,1.89,0.19,2.91
2018-08-10,10.2,10.46,10.54,10.18,123178.0,127986580.0,3.52,2.15,0.22,3.2
2018-08-13,10.3,10.33,10.35,10.12,89661.0,91694335.0,2.2,-1.24,-0.13,2.33
2018-08-14,10.31,10.43,10.56,10.25,102607.0,107062275.0,3.0,0.97,0.1,2.67
2018-08-15,10.37,10.25,10.51,10.2,76831.0,79526517.0,2.97,-1.73,-0.18,2.0
2018-08-16,10.05,10.16,10.28,10.01,72033.0,73360253.0,2.63,-0.88,-0.09,1.87
2018-08-17,10.18,10.18,10.27,10.09,59265.0,60334370.0,1.77,0.2,0.02,1.54
2018-08-20,10.06,10.15,10.2,9.95,70488.0,71061293.0,2.46,-0.29,-0.03,1.83
2018-08-21,10.15,10.16,10.2,10.05,38959.0,39497137.0,1.48,0.1,0.01,1.01
2018-08-22,10.11,9.83,10.15,9.81,109543.0,108992800.0,3.35,-3.25,-0.33,2.85
2018-08-23,9.82,9.89,9.93,9.82,38305.0,37880687.0,1.12,0.61,0.06,1.0
2018-08-24,9.99,10.02,10.07,9.88,44507.0,44512418.0,1.92,1.31,0.13,1.16
2018-08-27,10.01,10.07,10.11,9.99,53641.0,53961922.0,1.2,0.5,0.05,1.39
2018-08-28,10.07,10.04,10.08,10.0,49051.0,49226036.0,0.79,-0.3,-0.03,1.28
2018-08-29,10.04,9.92,10.04,9.9,35888.0,35725713.0,1.39,-1.2,-0.12,0.93
2018-08-30,9.95,9.88,9.95,9.76,44955.0,44234381.0,1.92,-0.4,-0.04,1.17
2018-08-31,9.88,9.81,9.91,9.76,29054.0,28589461.0,1.52,-0.71,-0.07,0.76
2018-09-03,9.8,9.65,9.81,9.6,47030.0,45600679.0,2.14,-1.63,-0.16,1.22
2018-09-04,9.65,10.02,10.04,9.63,67276.0,66781636.0,4.25,3.83,0.37,1.75
2018-09-05,9.99,9.81,10.03,9.81,46355.0,45956956.0,2.2,-2.1,-0.21,1.21
2018-09-06,9.76,9.78,9.95,9.76,29055.0,28580730.0,1.94,-0.31,-0.03,0.76
2018-09-07,9.81,9.85,9.89,9.71,34923.0,34293415.0,1.84,0.72,0.07,0.91
2018-09-10,9.85,9.82,9.88,9.72,36385.0,35655788.0,1.62,-0.3,-0.03,0.95
2018-09-11,9.74,9.78,9.84,9.74,19532.0,19116267.0,1.02,-0.41,-0.04,0.51
2018-09-12,9.79,10.05,10.58,9.76,100700.0,102380283.0,8.38,2.76,0.27,2.62
2018-09-13,9.99,10.02,10.07,9.89,56213.0,56031313.0,1.79,-0.3,-0.03,1.46
2018-09-14,10.0,10.14,10.17,9.95,59455.0,59840048.0,2.2,1.2,0.12,1.55
2018-09-17,10.06,10.32,10.42,10.02,92056.0,94638145.0,3.94,1.78,0.18,2.39
2018-09-18,10.25,10.52,10.57,10.16,91237.0,94737874.0,3.97,1.94,0.2,2.37
2018-09-19,10.45,10.99,11.03,10.4,153331.0,166057047.0,5.99,4.47,0.47,3.99
2018-09-20,10.95,10.78,10.96,10.65,92634.0,99884156.0,2.82,-1.91,-0.21,2.41
2018-09-21,10.79,10.68,10.89,10.51,105233.0,112327131.0,3.53,-0.93,-0.1,2.74
2018-09-25,10.52,10.65,10.75,10.43,61427.0,64904289.0,3.0,-0.28,-0.03,1.6
2018-09-26,10.63,10.51,10.68,10.5,55546.0,58792318.0,1.69,-1.31,-0.14,1.44
2018-09-27,10.5,10.25,10.58,10.21,48016.0,49913779.0,3.52,-2.47,-0.26,1.25
2018-09-28,10.26,10.45,10.47,10.26,42066.0,43780571.0,2.05,1.95,0.2,1.09
2018-10-08,10.1,10.24,10.35,9.98,51768.0,52791312.0,3.54,-2.01,-0.21,1.35
2018-10-09,10.24,10.26,10.47,10.18,25468.0,26260531.0,2.83,0.2,0.02,0.66
2018-10-10,10.24,10.16,10.29,10.12,22672.0,23118041.0,1.66,-0.97,-0.1,0.59
2018-10-11,9.89,9.7,10.04,9.55,87204.0,85443963.0,4.82,-4.53,-0.46,2.27
2018-10-12,9.71,9.94,9.98,9.64,46008.0,44996245.0,3.51,2.47,0.24,1.2
2018-10-15,9.98,9.95,10.05,9.87,19713.0,19620916.0,1.81,0.1,0.01,0.51
2018-10-16,9.94,9.81,10.0,9.75,21627.0,21369436.0,2.51,-1.41,-0.14,0.56
2018-10-17,9.9,9.8,9.96,9.66,32185.0,31508070.0,3.06,-0.1,-0.01,0.84
2018-10-18,9.79,9.73,9.93,9.5,47234.0,46142697.0,4.39,-0.71,-0.07,1.23
2018-10-19,9.7,9.8,9.9,9.62,44280.0,43206339.0,2.88,0.72,0.07,1.15
2018-10-22,9.84,10.08,10.19,9.75,72530.0,72633243.0,4.49,2.86,0.28,1.89
2018-10-23,9.99,9.81,10.05,9.65,49746.0,49201152.0,3.97,-2.68,-0.27,1.29
2018-10-24,9.77,9.74,9.84,9.71,19297.0,18854905.0,1.33,-0.71,-0.07,0.5
2018-10-25,9.6,9.86,10.04,9.52,44267.0,43350215.0,5.34,1.23,0.12,1.15
2018-10-26,9.99,9.89,9.99,9.8,20559.0,20316718.0,1.93,0.3,0.03,0.53
2018-10-29,9.89,9.76,9.91,9.71,13873.0,13591780.0,2.02,-1.31,-0.13,0.36
2018-10-30,9.74,9.82,9.96,9.66,26853.0,26396424.0,3.07,0.61,0.06,0.7
2018-10-31,9.8,9.82,9.89,9.77,22728.0,22341111.0,1.22,0.0,0.0,0.59
2018-11-01,9.84,9.87,10.04,9.84,29929.0,29674593.0,2.04,0.51,0.05,0.78
2018-11-02,9.96,10.28,10.31,9.96,79624.0,80561299.0,3.55,4.15,0.41,2.07
2018-11-05,10.18,10.3,10.45,10.15,39286.0,40472464.0,2.92,0.19,0.02,1.02
2018-11-06,10.3,10.36,10.4,10.19,35862.0,36946930.0,2.04,0.58,0.06,0.93
2018-11-07,10.39,10.58,10.85,10.39,83388.0,88832316.0,4.44,2.12,0.22,2.17
2018-11-08,10.59,10.46,10.71,10.4,31494.0,33060819.0,2.93,-1.13,-0.12,0.82
2018-11-09,10.45,10.41,10.46,10.26,26126.0,27074885.0,1.91,-0.48,-0.05,0.68
2018-11-12,10.39,10.56,10.57,10.29,25521.0,26760350.0,2.69,1.44,0.15,0.66
2018-11-13,10.43,10.89,11.48,10.38,91162.0,100060045.0,10.42,3.13,0.33,2.37
2018-11-14,10.78,10.95,11.0,10.77,53788.0,58475397.0,2.11,0.55,0.06,1.4
2018-11-15,10.89,11.06,11.25,10.82,58273.0,64512038.0,3.93,1.0,0.11,1.51
2018-11-16,11.07,11.15,11.25,10.88,57328.0,63553302.0,3.35,0.81,0.09,1.49
2018-11-19,11.48,11.05,11.55,11.0,78983.0,88798110.0,4.93,-0.9,-0.1,2.05
2018-11-20,10.98,10.81,11.09,10.5,98731.0,107662597.0,5.34,-2.17,-0.24,2.57
2018-11-21,10.88,11.21,11.48,10.85,170578.0,189941540.0,5.83,3.7,0.4,4.43
2018-11-22,11.6,11.5,11.8,11.25,145557.0,168231619.0,4.91,2.59,0.29,3.78
2018-11-23,11.86,12.33,12.37,11.5,253801.0,302137888.0,7.57,7.22,0.83,6.58
2018-11-26,12.33,11.1,12.33,11.1,255309.0,297203984.0,9.98,-9.98,-1.23,6.62
2018-11-27,10.8,10.96,11.22,10.78,106089.0,115786889.0,3.96,-1.26,-0.14,2.75
2018-11-28,10.9,10.82,10.94,10.53,81567.0,87629874.0,3.74,-1.28,-0.14,2.11
2018-11-29,10.76,10.6,10.98,10.6,60871.0,65408296.0,3.51,-2.03,-0.22,1.58
2018-11-30,10.61,10.69,10.7,10.42,42604.0,45101200.0,2.64,0.85,0.09,1.1
2018-12-03,10.86,10.8,10.97,10.67,53118.0,57659603.0,2.81,1.03,0.11,1.38
2018-12-04,10.81,10.85,10.95,10.76,43772.0,47432586.0,1.76,0.46,0.05,1.13
2018-12-05,10.67,10.74,10.85,10.6,68444.0,73497677.0,2.3,-1.01,-0.11,1.77
2018-12-06,10.89,10.9,11.17,10.81,73615.0,80771056.0,3.35,1.49,0.16,1.91
2018-12-07,10.8,10.91,10.98,10.67,48718.0,52841366.0,2.84,0.09,0.01,1.26
2018-12-10,10.75,10.7,10.96,10.68,39347.0,42570827.0,2.57,-1.92,-0.21,1.02
2018-12-11,10.75,10.75,10.96,10.69,38171.0,41195473.0,2.52,0.47,0.05,0.99
2018-12-12,10.75,10.71,10.83,10.6,35276.0,37712211.0,2.14,-0.37,-0.04,0.91
2018-12-13,10.73,10.8,10.87,10.64,39028.0,41970424.0,2.15,0.84,0.09,1.01
2018-12-14,10.8,10.88,10.94,10.72,48928.0,52969726.0,2.04,0.74,0.08,1.27
2018-12-17,10.88,10.74,10.88,10.65,36907.0,39643968.0,2.11,-1.29,-0.14,0.96
2018-12-18,10.84,10.79,10.85,10.66,23868.0,25672454.0,1.77,0.47,0.05,0.62
2018-12-19,10.81,10.85,10.89,10.73,29375.0,31820608.0,1.48,0.56,0.06,0.76
2018-12-20,10.83,10.77,10.85,10.71,24814.0,26744522.0,1.29,-0.74,-0.08,0.64
2018-12-21,10.72,11.18,11.2,10.71,83432.0,92013190.0,4.55,3.81,0.41,2.16
2018-12-24,11.19,11.35,11.59,11.18,79318.0,90098775.0,3.67,1.52,0.17,2.06
2018-12-25,11.25,11.48,11.55,11.1,64583.0,72969362.0,3.96,1.15,0.13,1.67
2018-12-26,11.5,11.61,11.91,11.42,89850.0,105188095.0,4.27,1.13,0.13,2.33
2018-12-27,11.58,11.21,11.85,11.15,126270.0,144650600.0,6.03,-3.45,-0.4,3.27
2018-12-28,11.29,11.07,11.34,11.02,107529.0,119926271.0,2.85,-1.25,-0.14,2.79
2019-01-02,11.07,10.99,11.23,10.9,78631.0,86977021.0,2.98,-0.72,-0.08,2.03
2019-01-03,10.98,11.08,11.25,10.95,112871.0,125298943.0,2.73,0.82,0.09,2.91
2019-01-04,11.01,11.29,11.37,10.98,98841.0,111282329.0,3.52,1.9,0.21,2.55
2019-01-07,11.29,11.36,11.53,11.21,123507.0,140354302.0,2.83,0.62,0.07,3.19
2019-01-08,11.32,11.4,11.55,11.27,97313.0,111015081.0,2.46,0.35,0.04,2.51
2019-01-09,11.35,11.27,11.56,11.18,117887.0,134056129.0,3.33,-1.14,-0.13,3.04
2019-01-10,11.18,11.27,11.45,11.18,61080.0,69194201.0,2.4,0.0,0.0,1.58
2019-01-11,11.25,11.91,12.05,11.14,149823.0,173114117.0,8.07,5.68,0.64,3.86
2019-01-14,11.93,12.7,13.1,11.88,338282.0,416652496.0,10.24,6.63,0.79,8.73
2019-01-15,12.59,12.75,13.0,12.39,170783.0,216459878.0,4.8,0.39,0.05,4.41
2019-01-16,12.71,13.37,13.83,12.71,209053.0,279129616.0,8.78,4.86,0.62,5.39
2019-01-17,13.45,13.16,13.7,13.08,170977.0,227312448.0,4.64,-1.57,-0.21,4.41
2019-01-18,13.2,12.88,13.25,12.52,220859.0,284166560.0,5.55,-2.13,-0.28,5.7
2019-01-21,12.5,12.82,13.2,12.49,181725.0,232751853.0,5.51,-0.47,-0.06,4.69
2019-01-22,12.84,12.95,13.5,12.82,213612.0,280524448.0,5.3,1.01,0.13,5.51
2019-01-23,13.16,13.1,13.25,12.69,130000.0,168449665.0,4.32,1.16,0.15,3.35
2019-01-24,13.03,12.32,13.23,12.26,223507.0,286001248.0,7.4,-5.95,-0.78,5.77
2019-01-25,12.54,12.56,12.7,12.32,179533.0,224628936.0,3.08,1.95,0.24,4.63
2019-01-28,12.81,13.1,13.3,12.72,217903.0,283795856.0,4.62,4.3,0.54,5.62
2019-01-29,13.3,13.0,13.45,12.89,207020.0,272682624.0,4.27,-0.76,-0.1,5.34
2019-01-30,12.93,12.7,13.21,12.56,149901.0,193889836.0,5.0,-2.31,-0.3,3.87
2019-01-31,12.81,13.49,13.5,12.77,227065.0,299910704.0,5.75,6.22,0.79,5.86
2019-02-01,13.75,13.19,13.75,13.13,317892.0,426406112.0,4.6,-2.22,-0.3,8.2
2019-02-11,14.51,14.51,14.51,14.13,609061.0,881640320.0,2.88,10.01,1.32,15.71
2019-02-12,14.5,14.25,15.17,14.2,602380.0,877750464.0,6.69,-1.79,-0.26,15.54
2019-02-13,14.04,14.1,14.26,13.41,519843.0,712406800.0,5.96,-1.05,-0.15,13.41
2019-02-14,13.8,13.91,14.05,13.53,328382.0,453340208.0,3.69,-1.35,-0.19,8.47
2019-02-15,14.09,14.37,14.58,14.08,440785.0,632920624.0,3.59,3.31,0.46,11.37
2019-02-18,13.99,14.15,14.22,13.7,442007.0,617553232.0,3.62,-1.53,-0.22,11.4
2019-02-19,14.0,13.83,14.11,13.71,340035.0,471862896.0,2.83,-2.26,-0.32,8.77
2019-02-20,13.71,13.43,13.76,13.34,307409.0,415077376.0,3.04,-2.89,-0.4,7.93
2019-02-21,13.41,13.51,13.78,13.35,292869.0,397073200.0,3.2,0.6,0.08,7.55
2019-02-22,13.5,13.54,13.68,13.21,222469.0,301012944.0,3.48,0.22,0.03,5.74
2019-02-25,13.56,13.79,13.93,13.45,416700.0,571238560.0,3.55,1.85,0.25,10.75
2019-02-26,13.73,13.4,13.74,13.22,358028.0,483458688.0,3.77,-2.83,-0.39,9.24
2019-02-27,13.39,13.35,13.55,13.27,197908.0,265449961.0,2.09,-0.37,-0.05,5.11
2019-02-28,13.4,13.32,13.5,13.25,140710.0,187715158.0,1.87,-0.22,-0.03,3.63
2019-03-01,13.37,13.09,13.39,12.91,209079.0,272873520.0,3.6,-1.73,-0.23,5.39
2019-03-04,13.2,13.27,13.45,13.04,233034.0,309440864.0,3.13,1.38,0.18,6.01
2019-03-05,13.27,13.54,13.57,13.23,234834.0,315976384.0,2.56,2.03,0.27,6.06
2019-03-06,13.54,13.77,13.82,13.31,313756.0,427966656.0,3.77,1.7,0.23,8.09
2019-03-07,13.68,13.45,13.69,13.31,260647.0,351660592.0,2.76,-2.32,-0.32,6.72
2019-03-08,13.27,12.64,13.27,12.45,239503.0,309913952.0,6.1,-6.02,-0.81,6.18
2019-03-11,12.65,12.9,12.91,12.6,158915.0,202861346.0,2.45,2.06,0.26,4.1
2019-03-12,12.9,13.06,13.26,12.88,213594.0,279581088.0,2.95,1.24,0.16,5.51
2019-03-13,13.0,12.66,13.0,12.57,158514.0,203184889.0,3.29,-3.06,-0.4,4.09
2019-03-14,12.67,12.76,12.99,12.56,156565.0,200198169.0,3.4,0.79,0.1,4.04
2019-03-15,12.74,12.88,12.94,12.66,119547.0,153186135.0,2.19,0.94,0.12,3.08
2019-03-18,12.88,13.09,13.09,12.75,154284.0,200153142.0,2.64,1.63,0.21,3.98
2019-03-19,13.09,12.99,13.19,12.92,130449.0,170301157.0,2.06,-0.76,-0.1,3.37
2019-03-20,13.01,13.55,13.57,12.92,230419.0,304589584.0,5.0,4.31,0.56,5.94
2019-03-21,13.58,13.53,13.69,13.42,218866.0,296539024.0,1.99,-0.15,-0.02,5.65
2019-03-22,13.55,13.12,13.55,13.0,202750.0,267336325.0,4.07,-3.03,-0.41,5.23
2019-03-25,12.8,12.61,12.86,12.55,173062.0,220207291.0,2.36,-3.89,-0.51,4.46
2019-03-26,12.63,12.79,12.83,12.36,174591.0,219708848.0,3.73,1.43,0.18,4.5
2019-03-27,12.79,12.68,12.79,12.53,87185.0,110598373.0,2.03,-0.86,-0.11,2.25
2019-03-28,12.72,12.45,12.72,12.44,81467.0,102228598.0,2.21,-1.81,-0.23,2.1
2019-03-29,12.43,12.62,12.65,12.4,89524.0,112439660.0,2.01,1.37,0.17,2.31
2019-04-01,12.73,12.93,12.98,12.7,136083.0,175211366.0,2.22,2.46,0.31,3.51
2019-04-02,12.99,12.82,13.0,12.81,114028.0,146841184.0,1.47,-0.85,-0.11,2.94
2019-04-03,12.8,13.18,13.25,12.71,199588.0,259868303.0,4.21,2.81,0.36,5.15
2019-04-04,13.16,12.95,13.17,12.91,161012.0,209802562.0,1.97,-1.75,-0.23,4.15
2019-04-08,12.96,13.53,13.63,12.96,280605.0,373503856.0,5.17,4.48,0.58,7.25
2019-04-09,13.31,13.56,13.69,13.3,229883.0,310611312.0,2.88,0.22,0.03,5.94
2019-04-10,13.55,13.24,13.55,13.21,156704.0,208557823.0,2.51,-2.36,-0.32,4.05
2019-04-11,13.29,13.26,13.45,13.1,124770.0,165613311.0,2.64,0.15,0.02,2.01
2019-04-12,13.18,13.4,13.41,13.13,97991.0,129938597.0,2.11,1.06,0.14,1.58
2019-04-15,13.58,13.15,13.65,13.15,138934.0,185762256.0,3.73,-1.87,-0.25,2.24
2019-04-16,13.07,12.94,13.07,12.71,141054.0,181271932.0,2.74,-1.6,-0.21,2.27
2019-04-17,12.95,12.91,13.05,12.86,95688.0,123644170.0,1.47,-0.23,-0.03,1.54
2019-04-18,12.89,12.69,12.94,12.65,122107.0,155928692.0,2.25,-1.7,-0.22,1.97
2019-04-19,12.7,12.89,12.92,12.61,93886.0,119637236.0,2.44,1.58,0.2,1.51
2019-04-22,12.9,12.64,12.94,12.64,94920.0,120980484.0,2.33,-1.94,-0.25,1.53
2019-04-23,12.64,12.4,12.71,12.36,110037.0,137576425.0,2.77,-1.9,-0.24,1.77
2019-04-24,12.4,12.55,12.56,12.29,68372.0,85024475.0,2.18,1.21,0.15,1.1
2019-04-25,12.55,12.05,12.59,12.02,74634.0,91993625.0,4.54,-3.98,-0.5,1.2
2019-04-26,12.0,11.87,12.14,11.86,63656.0,76176092.0,2.32,-1.49,-0.18,1.03
2019-04-29,11.81,11.35,11.99,11.23,93905.0,109698531.0,6.4,-4.38,-0.52,1.51
2019-04-30,11.4,11.48,11.55,11.35,41712.0,47766696.0,1.76,1.15,0.13,0.67
2019-05-06,11.13,10.33,11.13,10.33,114065.0,120978046.0,6.97,-10.02,-1.15,1.84
2019-05-07,10.38,10.38,10.55,10.2,67159.0,69764161.0,3.39,0.48,0.05,1.08
2019-05-08,10.1,10.2,10.28,10.02,74904.0,76192532.0,2.5,-1.73,-0.18,1.21
2019-05-09,10.18,10.07,10.21,10.05,51468.0,52111422.0,1.57,-1.27,-0.13,0.83
2019-05-10,10.14,10.33,10.35,9.97,79985.0,81642358.0,3.77,2.58,0.26,1.29
2019-05-13,10.22,10.12,10.25,10.01,55527.0,56324047.0,2.32,-2.03,-0.21,0.89
2019-05-14,10.03,10.04,10.14,9.96,50871.0,51107449.0,1.78,-0.79,-0.08,0.82
2019-05-15,10.12,10.15,10.19,10.07,63439.0,64328113.0,1.2,1.1,0.11,1.02
2019-05-16,10.14,10.2,10.21,10.09,70639.0,71667052.0,1.18,0.49,0.05,1.14
2019-05-17,10.2,9.8,10.21,9.74,98976.0,98518167.0,4.61,-3.92,-0.4,1.6
2019-05-20,9.8,9.66,9.8,9.46,58970.0,56573786.0,3.47,-1.43,-0.14,0.95
2019-05-21,9.75,10.01,10.07,9.7,76007.0,75674819.0,3.83,3.62,0.35,1.22
2019-05-22,9.98,9.98,10.17,9.93,69300.0,69626299.0,2.4,-0.3,-0.03,1.12
2019-05-23,9.96,9.78,9.97,9.78,47664.0,46929570.0,1.9,-2.0,-0.2,0.77
2019-05-24,9.79,9.88,10.15,9.77,61524.0,61339361.0,3.89,1.02,0.1,0.99
2019-05-27,9.91,10.09,10.14,9.87,63807.0,63967130.0,2.73,2.13,0.21,1.03
2019-05-28,10.11,10.12,10.28,10.04,80585.0,81975619.0,2.38,0.3,0.03,1.3
2019-05-29,10.09,10.12,10.2,10.03,50116.0,50743280.0,1.68,0.0,0.0,0.81
2019-05-30,10.08,10.44,10.8,10.06,126769.0,132407578.0,7.31,3.16,0.32,2.04
2019-05-31,10.32,10.38,10.5,10.3,66638.0,69131135.0,1.92,-0.57,-0.06,1.07
2019-06-03,10.34,10.08,10.38,10.0,71964.0,73039568.0,3.66,-2.89,-0.3,1.16
2019-06-04,10.1,9.9,10.2,9.78,61512.0,61294518.0,4.17,-1.79,-0.18,0.99
2019-06-05,9.98,9.87,10.01,9.82,40862.0,40458159.0,1.92,-0.3,-0.03,0.66
2019-06-06,9.86,9.83,9.86,9.66,42388.0,41362627.0,2.03,-0.41,-0.04,0.68
2019-06-10,9.84,9.91,9.99,9.8,41401.0,41066135.0,1.93,0.81,0.08,0.67
2019-06-11,9.96,10.22,10.23,9.9,85421.0,86016476.0,3.33,3.13,0.31,1.38
2019-06-12,10.22,10.37,10.58,10.11,111641.0,115186045.0,4.6,1.47,0.15,1.8
2019-06-13,10.2,10.32,10.42,10.2,70766.0,73200098.0,2.12,-0.48,-0.05,1.14
2019-06-14,10.33,10.25,10.4,10.04,63580.0,64853010.0,3.49,-0.68,-0.07,1.02
2019-06-17,10.22,10.08,10.23,10.0,58386.0,58779623.0,2.24,-1.66,-0.17,0.94
2019-06-18,10.07,10.08,10.13,9.92,36615.0,36815949.0,2.08,0.0,0.0,0.59
2019-06-19,10.24,10.18,10.29,10.13,61500.0,62744654.0,1.59,0.99,0.1,0.99
2019-06-20,10.17,10.32,10.32,10.08,84098.0,86223519.0,2.36,1.38,0.14,1.36
2019-06-21,10.32,10.32,10.4,10.24,95149.0,98251663.0,1.55,0.0,0.0,1.53
2019-06-24,10.31,10.27,10.35,10.2,61710.0,63286520.0,1.45,-0.48,-0.05,0.99
2019-06-25,10.27,10.12,10.27,10.09,52564.0,53346396.0,1.75,-1.46,-0.15,0.85
2019-06-26,10.11,10.14,10.24,10.05,38338.0,38988798.0,1.88,0.2,0.02,0.62
2019-06-27,10.13,10.18,10.23,10.1,54957.0,55983124.0,1.28,0.39,0.04,0.89
2019-06-28,10.18,10.07,10.18,9.98,46473.0,46721046.0,1.96,-1.08,-0.11,0.75
2019-07-01,10.17,10.3,10.3,10.12,69928.0,71569092.0,1.79,2.28,0.23,1.13
2019-07-02,10.25,10.41,10.48,10.23,84703.0,87661664.0,2.43,1.07,0.11,1.37
2019-07-03,10.36,10.25,10.4,10.22,51398.0,52907526.0,1.73,-1.54,-0.16,0.83
2019-07-04,10.22,10.14,10.28,10.12,48791.0,49624214.0,1.56,-1.07,-0.11,0.79
2019-07-05,10.15,10.27,10.3,10.09,42084.0,43064810.0,2.07,1.28,0.13,0.59
2019-07-08,10.22,9.98,10.22,9.97,63514.0,63789340.0,2.43,-2.82,-0.29,0.89
2019-07-09,9.91,9.96,10.03,9.91,38588.0,38443464.0,1.2,-0.2,-0.02,0.54
2019-07-10,9.94,9.82,9.98,9.77,38708.0,38304061.0,2.11,-1.41,-0.14,0.54
2019-07-11,9.85,9.64,9.91,9.62,61242.0,59807207.0,2.95,-1.83,-0.18,0.86
2019-07-12,9.55,9.29,9.55,9.05,113184.0,104765709.0,5.19,-3.63,-0.35,1.59
2019-07-15,9.04,9.25,9.26,9.01,57527.0,52603417.0,2.69,-0.43,-0.04,0.81
2019-07-16,9.24,9.27,9.31,9.2,34590.0,32015537.0,1.19,0.22,0.02,0.49
2019-07-17,9.27,9.2,9.3,9.18,35059.0,32384051.0,1.29,-0.76,-0.07,0.49
2019-07-18,9.1,9.55,9.65,9.05,131436.0,124102724.0,6.52,3.8,0.35,1.85
2019-07-19,9.51,9.5,9.63,9.44,60420.0,57569504.0,1.99,-0.52,-0.05,0.85
2019-07-22,9.58,9.49,9.64,9.23,66346.0,62646120.0,4.32,-0.11,-0.01,0.93
2019-07-23,9.49,9.53,9.57,9.4,34526.0,32760235.0,1.79,0.42,0.04,0.49
2019-07-24,9.6,9.79,9.8,9.55,70143.0,67820425.0,2.62,2.73,0.26,0.99
2019-07-25,9.8,9.63,9.82,9.6,56044.0,54301975.0,2.25,-1.63,-0.16,0.79
2019-07-26,9.63,9.63,9.74,9.52,40858.0,39317885.0,2.28,0.0,0.0,0.57
2019-07-29,9.53,9.4,9.54,9.33,54228.0,51044631.0,2.18,-2.39,-0.23,0.76
2019-07-30,9.4,9.37,9.48,9.35,40723.0,38325440.0,1.38,-0.32,-0.03,0.57
2019-07-31,9.36,9.32,9.37,9.29,24489.0,22823375.0,0.85,-0.53,-0.05,0.34
2019-08-01,9.28,9.25,9.29,9.19,34035.0,31438296.0,1.07,-0.75,-0.07,0.48
2019-08-02,9.02,9.13,9.13,8.99,57582.0,52071208.0,1.51,-1.3,-0.12,0.81
2019-08-05,9.1,8.99,9.16,8.98,37309.0,33800352.0,1.97,-1.53,-0.14,0.52
2019-08-06,8.86,8.56,8.86,8.2,82180.0,69859691.0,7.34,-4.78,-0.43,1.16
2019-08-07,8.57,8.41,8.62,8.4,38768.0,32887528.0,2.57,-1.75,-0.15,0.55
2019-08-08,8.55,8.72,8.96,8.55,73695.0,64711125.0,4.88,3.69,0.31,1.04
2019-08-09,8.78,8.47,8.81,8.42,43650.0,37583179.0,4.47,-2.87,-0.25,0.61
2019-08-12,8.47,8.57,8.61,8.42,31588.0,26917084.0,2.24,1.18,0.1,0.44
2019-08-13,8.49,8.47,8.55,8.42,23895.0,20211368.0,1.52,-1.17,-0.1,0.34
2019-08-14,8.54,8.39,8.58,8.38,44881.0,38039844.0,2.36,-0.94,-0.08,0.63
2019-08-15,8.12,8.31,8.35,8.0,51921.0,42590694.0,4.17,-0.95,-0.08,0.73
2019-08-16,8.35,8.32,8.37,8.28,49586.0,41284879.0,1.08,0.12,0.01,0.7
2019-08-19,8.33,8.5,8.51,8.27,79361.0,66597322.0,2.88,2.16,0.18,1.12
2019-08-20,8.47,8.5,8.68,8.46,59591.0,51075348.0,2.59,0.0,0.0,0.84
2019-08-21,8.58,8.53,8.58,8.47,29922.0,25474369.0,1.29,0.35,0.03,0.42
2019-08-22,8.49,8.52,8.57,8.45,38915.0,33132047.0,1.41,-0.12,-0.01,0.55
2019-08-23,8.54,8.39,8.58,8.36,56298.0,47522669.0,2.58,-1.53,-0.13,0.79
2019-08-26,8.18,8.31,8.36,8.03,47611.0,39274830.0,3.93,-0.95,-0.08,0.67
2019-08-27,8.33,8.48,8.53,8.33,51839.0,43832238.0,2.41,2.05,0.17,0.73
2019-08-28,8.45,8.61,8.64,8.45,56913.0,48621636.0,2.24,1.53,0.13,0.8
2019-08-29,8.65,8.6,8.65,8.51,43836.0,37605670.0,1.63,-0.12,-0.01,0.62
2019-08-30,8.63,8.47,8.81,8.41,78476.0,67816567.0,4.65,-1.51,-0.13,1.1
2019-09-02,8.41,9.32,9.32,8.41,227727.0,205850857.0,10.74,10.04,0.85,3.2
2019-09-03,9.3,9.25,9.35,9.13,141180.0,130186617.0,2.36,-0.75,-0.07,1.98
2019-09-04,9.12,9.37,9.66,9.12,138953.0,131056848.0,5.84,1.3,0.12,1.95
2019-09-05,9.54,9.39,9.54,9.33,111348.0,104883403.0,2.24,0.21,0.02,1.57
2019-09-06,9.42,9.68,9.75,9.33,152372.0,145161451.0,4.47,3.09,0.29,2.14
2019-09-09,9.72,9.74,9.77,9.55,124620.0,120410535.0,2.27,0.62,0.06,1.75
2019-09-10,9.74,9.6,9.77,9.54,96064.0,92418080.0,2.36,-1.44,-0.14,1.35
2019-09-11,9.58,9.63,9.74,9.45,109579.0,105054208.0,3.02,0.31,0.03,1.54
2019-09-12,9.9,9.92,10.07,9.68,191640.0,189609310.0,4.05,3.01,0.29,2.69
2019-09-16,9.92,9.99,10.18,9.88,194834.0,195667182.0,3.02,0.71,0.07,2.74
2019-09-17,9.99,9.82,10.19,9.71,158249.0,156671397.0,4.8,-1.7,-0.17,2.22
2019-09-18,9.78,9.66,9.91,9.64,103892.0,100940876.0,2.75,-1.63,-0.16,1.46
2019-09-19,9.72,9.84,9.85,9.5,97454.0,94734476.0,3.62,1.86,0.18,1.37
2019-09-20,9.85,9.9,9.95,9.73,104146.0,102376268.0,2.24,0.61,0.06,1.46
2019-09-23,9.95,10.22,10.43,9.91,294919.0,300170608.0,5.25,3.23,0.32,4.15
2019-09-24,10.2,10.2,10.39,10.02,197337.0,200359902.0,3.62,-0.2,-0.02,2.77
2019-09-25,10.21,9.93,10.22,9.92,154843.0,155233866.0,2.94,-2.65,-0.27,2.18
2019-09-26,9.85,10.11,10.19,9.72,193846.0,192851225.0,4.73,1.81,0.18,2.73
2019-09-27,10.12,10.2,10.24,9.91,187466.0,189617231.0,3.26,0.89,0.09,2.64
2019-09-30,10.0,9.51,10.0,9.3,250716.0,242884257.0,6.86,-6.76,-0.69,3.52
2019-10-08,8.95,8.6,9.1,8.56,212592.0,187025857.0,5.68,-9.57,-0.91,2.99
2019-10-09,8.56,8.68,8.77,8.54,81709.0,70671513.0,2.67,0.93,0.08,1.15
2019-10-10,8.7,8.83,8.85,8.61,72399.0,63476088.0,2.76,1.73,0.15,1.02
2019-10-11,8.82,8.69,8.82,8.66,69042.0,60357572.0,1.81,-1.59,-0.14,0.97
2019-10-14,8.77,8.78,8.82,8.72,80283.0,70341521.0,1.15,1.04,0.09,1.13
2019-10-15,8.9,8.9,9.1,8.83,176797.0,158267998.0,3.08,1.37,0.12,2.49
2019-10-16,8.81,8.75,8.88,8.65,96326.0,84190602.0,2.58,-1.69,-0.15,1.35
2019-10-17,8.72,8.67,8.79,8.65,44266.0,38523312.0,1.6,-0.91,-0.08,0.62
2019-10-18,8.67,8.4,8.7,8.36,75826.0,64444764.0,3.92,-3.11,-0.27,1.07
2019-10-21,8.38,8.31,8.44,8.17,48388.0,40060985.0,3.21,-1.07,-0.09,0.68
2019-10-22,8.35,8.44,8.46,8.31,36456.0,30568148.0,1.81,1.56,0.13,0.51
2019-10-23,8.45,8.39,8.45,8.32,39893.0,33387604.0,1.54,-0.59,-0.05,0.56
2019-10-24,8.41,8.39,8.47,8.33,34647.0,29085589.0,1.67,0.0,0.0,0.49
2019-10-25,8.4,8.51,8.54,8.35,44617.0,37720092.0,2.26,1.43,0.12,0.63
2019-10-28,8.47,8.69,8.75,8.46,65181.0,56173349.0,3.41,2.12,0.18,0.92
2019-10-29,8.82,8.6,8.82,8.59,73451.0,64052998.0,2.65,-1.04,-0.09,1.03
2019-10-30,8.6,8.74,8.9,8.53,112793.0,99148705.0,4.3,1.63,0.14,1.59
2019-10-31,8.73,8.54,8.79,8.54,67733.0,58339033.0,2.86,-2.29,-0.2,0.95
2019-11-01,8.54,8.53,8.63,8.49,72466.0,62015013.0,1.64,-0.12,-0.01,1.02
2019-11-04,8.4,8.55,8.62,8.23,73788.0,62887257.0,4.57,0.23,0.02,1.04
2019-11-05,8.65,8.56,8.65,8.49,45222.0,38685126.0,1.87,0.12,0.01,0.64
2019-11-06,8.6,8.61,8.77,8.46,75614.0,65373462.0,3.62,0.58,0.05,1.06
2019-11-07,8.57,8.59,8.71,8.54,58693.0,50578744.0,1.97,-0.23,-0.02,0.83
2019-11-08,8.68,8.66,8.74,8.57,70383.0,61053279.0,1.98,0.81,0.07,0.99
2019-11-11,8.57,8.36,8.63,8.35,66582.0,56235484.0,3.23,-3.46,-0.3,0.94
2019-11-12,8.43,8.35,8.43,8.27,53678.0,44799670.0,1.91,-0.12,-0.01,0.75
2019-11-13,8.4,8.26,8.4,8.05,58989.0,48933570.0,4.19,-1.08,-0.09,0.83
2019-11-14,8.26,8.19,8.35,8.16,62333.0,51375617.0,2.3,-0.85,-0.07,0.88
2019-11-15,8.2,8.07,8.24,8.03,57884.0,46880809.0,2.56,-1.47,-0.12,0.81
2019-11-18,8.12,8.11,8.17,8.04,57026.0,46221359.0,1.61,0.5,0.04,0.8
2019-11-19,8.14,8.39,8.41,8.09,91170.0,75311992.0,3.95,3.45,0.28,1.28
2019-11-20,8.33,8.33,8.46,8.3,70287.0,58852068.0,1.91,-0.72,-0.06,0.99
2019-11-21,8.33,8.22,8.37,8.14,56035.0,46140282.0,2.76,-1.32,-0.11,0.79
2019-11-22,8.22,8.13,8.3,8.07,58880.0,48076642.0,2.8,-1.09,-0.09,0.83
2019-11-25,8.11,8.14,8.16,8.03,50057.0,40544330.0,1.6,0.12,0.01,0.7
2019-11-26,8.29,8.13,8.29,8.11,48451.0,39532598.0,2.21,-0.12,-0.01,0.68
2019-11-27,8.12,8.07,8.17,8.04,55821.0,45163176.0,1.6,-0.74,-0.06,0.78
2019-11-28,8.07,7.99,8.09,7.98,74015.0,59379438.0,1.36,-0.99,-0.08,1.04
2019-11-29,8.02,8.12,8.19,7.88,88771.0,71187832.0,3.88,1.63,0.13,1.25
2019-12-02,8.02,8.1,8.14,8.01,48575.0,39311710.0,1.6,-0.25,-0.02,0.68
2019-12-03,8.05,8.28,8.29,8.04,71037.0,58139285.0,3.09,2.22,0.18,1.0
2019-12-04,8.23,8.24,8.37,8.19,74653.0,61699947.0,2.17,-0.48,-0.04,1.05
2019-12-05,8.27,8.19,8.3,8.14,75538.0,61902051.0,1.94,-0.61,-0.05,1.06
2019-12-06,8.19,8.42,8.5,8.15,130481.0,108763380.0,4.27,2.81,0.23,1.83
2019-12-09,8.39,8.66,8.76,8.35,165226.0,142375468.0,4.87,2.85,0.24,2.32
2019-12-10,8.81,9.53,9.53,8.73,316551.0,289096960.0,9.24,10.05,0.87,4.45
2019-12-11,9.96,9.59,10.38,9.54,669293.0,670925152.0,8.81,0.63,0.06,9.41
2019-12-12,9.62,9.4,9.83,9.34,447050.0,428514672.0,5.11,-1.98,-0.19,6.29
2019-12-13,9.43,9.35,9.59,9.26,246088.0,230927848.0,3.51,-0.53,-0.05,3.46
2019-12-16,9.27,9.47,9.66,9.21,304428.0,287165344.0,4.81,1.28,0.12,4.28
2019-12-17,9.47,9.61,9.81,9.37,331847.0,317940544.0,4.65,1.48,0.14,4.67
2019-12-18,9.59,9.68,9.79,9.48,240613.0,231460353.0,3.23,0.73,0.07,3.38
2019-12-19,9.56,9.96,10.21,9.52,384829.0,383567552.0,7.13,2.89,0.28,5.41
2019-12-20,9.93,9.8,10.05,9.53,326713.0,318451552.0,5.22,-1.61,-0.16,4.59
2019-12-23,9.75,9.53,9.8,9.53,165778.0,160055944.0,2.76,-2.76,-0.27,2.33
2019-12-24,9.61,9.83,9.85,9.35,197661.0,189288088.0,5.25,3.15,0.3,2.78
2019-12-25,9.75,10.03,10.24,9.74,340776.0,340084656.0,5.09,2.03,0.2,4.79
2019-12-26,10.05,9.9,10.09,9.79,158972.0,157273633.0,2.99,-1.3,-0.13,2.23
2019-12-27,9.85,9.76,9.97,9.76,153597.0,151237109.0,2.12,-1.41,-0.14,2.16
2019-12-30,9.51,9.36,9.53,8.99,220248.0,204534168.0,5.53,-4.1,-0.4,3.1
2019-12-31,9.28,9.29,9.53,9.25,129350.0,120840342.0,2.99,-0.75,-0.07,1.82
2020-01-02,9.3,9.95,10.1,9.3,316009.0,309541936.0,8.61,7.1,0.66,4.44
2020-01-03,10.01,10.64,10.7,9.97,496166.0,516040560.0,7.34,6.93,0.69,6.98
2020-01-06,10.64,11.05,11.33,10.2,601500.0,659244048.0,10.62,3.85,0.41,8.46
2020-01-07,10.97,11.63,11.9,10.97,485056.0,561483104.0,8.42,5.25,0.58,6.82
2020-01-08,11.7,11.54,12.3,11.25,507434.0,594761776.0,9.03,-0.77,-0.09,7.13
2020-01-09,11.88,11.61,11.95,11.45,264057.0,308222752.0,4.33,0.61,0.07,3.71
2020-01-10,11.65,11.62,11.79,11.37,229310.0,265472039.0,3.62,0.09,0.01,3.22
2020-01-13,11.59,11.53,11.66,11.3,247481.0,283798672.0,3.1,-0.77,-0.09,3.48
2020-01-14,11.6,11.96,12.18,11.43,336485.0,400610144.0,6.5,3.73,0.43,4.73
2020-01-15,11.81,11.61,11.83,11.36,228380.0,263929521.0,3.93,-2.93,-0.35,3.21
2020-01-16,11.65,11.37,11.75,11.26,135714.0,155274064.0,4.22,-2.07,-0.24,1.91
2020-01-17,11.39,11.38,11.7,11.34,168476.0,193221357.0,3.17,0.09,0.01,2.37
2020-01-20,11.27,11.12,11.33,10.28,416595.0,449417952.0,9.23,-2.28,-0.26,5.86
2020-01-21,10.87,10.73,10.96,10.61,176604.0,190361161.0,3.15,-3.51,-0.39,2.48
2020-01-22,10.46,10.43,10.6,10.13,180112.0,186621478.0,4.38,-2.8,-0.3,2.53
2020-01-23,10.36,10.0,10.6,9.88,212460.0,216898745.0,6.9,-4.12,-0.43,2.99
2020-02-03,9.0,9.0,9.0,9.0,2718.0,2446200.0,0.0,-10.0,-1.0,0.04
2020-02-04,8.1,8.14,8.33,8.1,436230.0,355528784.0,2.56,-9.56,-0.86,6.13
2020-02-05,8.13,8.95,8.95,8.13,427572.0,369293216.0,10.07,9.95,0.81,6.01
2020-02-06,8.8,9.26,9.66,8.75,251793.0,233418027.0,10.17,3.46,0.31,3.54
2020-02-07,9.32,9.51,9.85,9.03,248265.0,233485689.0,8.86,2.7,0.25,3.49
2020-02-10,9.4,9.62,9.78,9.29,192774.0,183624482.0,5.15,1.16,0.11,2.71
2020-02-11,9.59,9.75,10.15,9.54,209797.0,205061930.0,6.34,1.35,0.13,2.95
2020-02-12,10.55,10.73,10.73,10.08,207785.0,218181078.0,6.67,10.05,0.98,2.92
2020-02-13,10.88,10.33,11.04,10.2,297301.0,314694512.0,7.83,-3.73,-0.4,4.18
2020-02-14,10.4,10.09,10.4,9.93,182756.0,185936389.0,4.55,-2.32,-0.24,2.57
2020-02-17,10.09,10.76,10.93,10.09,235527.0,249290332.0,8.33,6.64,0.67,3.31
2020-02-18,10.75,10.9,11.02,10.66,178165.0,193567905.0,3.35,1.3,0.14,2.5
2020-02-19,10.85,10.56,11.08,10.45,207169.0,221654090.0,5.78,-3.12,-0.34,2.91
2020-02-20,10.43,10.85,10.93,10.43,201450.0,215260557.0,4.73,2.75,0.29,2.83
2020-02-21,10.78,10.57,10.78,10.48,140496.0,148822176.0,2.76,-2.58,-0.28,1.98
2020-02-24,10.42,10.46,10.59,10.26,194794.0,203683871.0,3.12,-1.04,-0.11,2.74
2020-02-25,10.33,10.27,10.46,9.76,298276.0,302277168.0,6.69,-1.82,-0.19,4.19
2020-02-26,10.04,10.07,10.47,10.02,216922.0,222319851.0,4.38,-1.95,-0.2,3.05
2020-02-27,10.2,10.29,10.56,9.95,223873.0,231041895.0,6.06,2.18,0.22,3.15
2020-02-28,10.0,9.85,10.18,9.74,195652.0,194510321.0,4.28,-4.28,-0.44,2.75
2020-03-02,10.1,10.83,10.84,9.88,252253.0,264623121.0,9.75,9.95,0.98,3.55
2020-03-03,10.85,10.94,11.66,10.73,244546.0,273466240.0,8.59,1.02,0.11,3.44
2020-03-04,11.0,10.63,11.0,10.46,187259.0,199388487.0,4.94,-2.83,-0.31,2.63
2020-03-05,10.73,11.56,11.58,10.55,291141.0,327613968.0,9.69,8.75,0.93,4.09
2020-03-06,11.39,11.42,11.84,11.15,214138.0,246327708.0,5.97,-1.21,-0.14,3.01
2020-03-09,11.28,11.45,11.91,11.1,217440.0,249910943.0,7.09,0.26,0.03,3.06
2020-03-10,11.26,12.01,12.15,11.26,219058.0,256360497.0,7.77,4.89,0.56,3.08
2020-03-11,12.1,11.66,12.21,11.54,180151.0,214130787.0,5.58,-2.91,-0.35,2.53
2020-03-12,11.58,11.35,11.59,11.19,155548.0,176773431.0,3.43,-2.66,-0.31,2.19
2020-03-13,10.71,11.08,11.56,10.47,154098.0,168518519.0,9.6,-2.38,-0.27,2.17
2020-03-16,11.17,10.53,11.25,10.5,123978.0,134068709.0,6.77,-4.96,-0.55,1.74
2020-03-17,10.61,10.58,10.81,10.11,104628.0,110029670.0,6.65,0.47,0.05,1.47
2020-03-18,10.71,10.41,10.78,10.11,160350.0,167064868.0,6.33,-1.61,-0.17,2.25
2020-03-19,10.22,10.24,10.36,10.02,96112.0,97858437.0,3.27,-1.63,-0.17,1.35
2020-03-20,10.3,10.76,11.05,10.1,129629.0,135136618.0,9.28,5.08,0.52,1.82
2020-03-23,10.4,10.1,10.42,10.08,106460.0,108944532.0,3.16,-6.13,-0.66,1.5
2020-03-24,10.2,10.3,10.35,9.7,107309.0,108281338.0,6.44,1.98,0.2,1.51
2020-03-25,10.42,10.44,10.61,10.3,98830.0,103117743.0,3.01,1.36,0.14,1.39
2020-03-26,10.27,10.06,10.42,9.9,118181.0,119310532.0,4.98,-3.64,-0.38,1.66
2020-03-27,10.1,9.8,10.17,9.71,110615.0,109112678.0,4.57,-2.58,-0.26,1.56
2020-03-30,9.5,9.12,9.5,8.82,185940.0,166726929.0,6.94,-6.94,-0.68,2.61
2020-03-31,9.19,8.8,9.2,8.63,157738.0,138961414.0,6.25,-3.51,-0.32,2.22
2020-04-01,8.7,9.07,9.34,8.55,164966.0,148918815.0,8.98,3.07,0.27,2.32
2020-04-02,8.97,9.12,9.15,8.93,80611.0,73031474.0,2.43,0.55,0.05,1.13
2020-04-03,9.13,9.09,9.47,9.04,100064.0,92147677.0,4.71,-0.33,-0.03,1.41
2020-04-07,9.21,9.17,9.24,9.0,144938.0,132524132.0,2.64,0.88,0.08,2.04
2020-04-08,9.12,9.26,9.39,9.05,91824.0,84680589.0,3.71,0.98,0.09,1.29
2020-04-09,9.3,9.39,9.48,9.18,97487.0,90834227.0,3.24,1.4,0.13,1.37
2020-04-10,9.32,9.05,9.45,8.96,92516.0,85044848.0,5.22,-3.62,-0.34,1.3
2020-04-13,8.99,8.88,8.99,8.7,55476.0,49209042.0,3.2,-1.88,-0.17,0.78
2020-04-14,8.96,8.95,8.97,8.82,70050.0,62395965.0,1.69,0.79,0.07,0.98
2020-04-15,8.9,8.64,8.93,8.6,108507.0,94749993.0,3.69,-3.46,-0.31,1.53
2020-04-16,8.59,8.7,8.75,8.34,86350.0,73890160.0,4.75,0.69,0.06,1.21
2020-04-17,8.74,8.62,8.82,8.58,77592.0,67396534.0,2.76,-0.92,-0.08,1.09
2020-04-20,8.54,8.62,8.69,8.46,78098.0,66973730.0,2.67,0.0,0.0,1.1
2020-04-21,8.68,8.43,8.68,8.4,75745.0,64380020.0,3.25,-2.2,-0.19,1.06
2020-04-22,8.43,8.51,8.53,8.35,72864.0,61532238.0,2.14,0.95,0.08,1.02
2020-04-23,8.57,8.3,8.57,8.28,104492.0,87317521.0,3.41,-2.47,-0.21,1.47
2020-04-24,8.3,8.11,8.34,8.05,100900.0,82119947.0,3.49,-2.29,-0.19,1.42
2020-04-27,8.11,7.82,8.11,7.75,177848.0,140778785.0,4.44,-3.58,-0.29,2.5
2020-04-28,7.82,7.04,7.82,7.04,321561.0,230603736.0,9.97,-9.97,-0.78,4.52
2020-04-29,7.04,7.69,7.74,7.03,497639.0,372243472.0,10.09,9.23,0.65,7.0
2020-04-30,6.92,6.92,6.92,6.92,88196.0,61031632.0,0.0,-10.01,-0.77,1.24
2020-05-06,6.23,6.23,6.23,6.23,36949.0,23019227.0,0.0,-9.97,-0.69,0.52
2020-05-07,5.62,5.99,6.2,5.62,1131183.0,647787200.0,9.31,-3.85,-0.24,15.9
2020-05-08,5.8,6.05,6.15,5.74,881778.0,525257936.0,6.84,1.0,0.06,12.4
2020-05-11,6.26,6.18,6.6,6.1,736645.0,463567472.0,8.26,2.15,0.13,10.36
2020-05-12,6.06,5.98,6.23,5.95,550879.0,334310032.0,4.53,-3.24,-0.2,7.74
2020-05-13,5.91,6.26,6.33,5.75,519106.0,316383440.0,9.7,4.68,0.28,7.3
2020-05-14,6.21,6.06,6.37,6.06,457056.0,282349936.0,4.95,-3.19,-0.2,6.43
2020-05-15,6.13,5.96,6.17,5.96,307716.0,184980618.0,3.47,-1.65,-0.1,4.33
2020-05-18,6.05,6.06,6.18,5.98,324946.0,197209174.0,3.36,1.68,0.1,4.57
2020-05-19,6.06,6.03,6.12,5.96,233541.0,140521335.0,2.64,-0.5,-0.03,3.28
2020-05-20,6.0,5.95,6.01,5.91,175944.0,104677960.0,1.66,-1.33,-0.08,2.47
2020-05-21,6.0,5.83,6.03,5.79,218340.0,128749714.0,4.03,-2.02,-0.12,3.07
2020-05-22,5.81,5.71,5.81,5.58,215863.0,122977720.0,3.95,-2.06,-0.12,3.03
2020-05-25,5.64,5.87,5.98,5.44,302756.0,170815615.0,9.46,2.8,0.16,4.26
2020-05-26,5.8,5.78,5.87,5.68,232546.0,133940110.0,3.24,-1.53,-0.09,3.27
2020-05-27,5.79,5.8,5.88,5.67,207772.0,119924856.0,3.63,0.35,0.02,2.92
2020-05-28,5.79,5.69,5.82,5.67,158063.0,90491141.0,2.59,-1.9,-0.11,2.22
2020-05-29,5.68,5.74,5.81,5.62,151247.0,86886315.0,3.34,0.88,0.05,2.13
2020-06-01,5.66,6.14,6.3,5.66,530649.0,319372768.0,11.15,6.97,0.4,7.46
2020-06-02,6.14,6.26,6.48,6.11,570299.0,360117712.0,6.03,1.95,0.12,8.02
2020-06-03,6.35,6.43,6.55,6.26,496188.0,319333152.0,4.63,2.72,0.17,6.98
2020-06-04,6.51,6.56,6.87,6.35,459315.0,301256528.0,8.09,2.02,0.13,6.46
2020-06-05,6.53,6.74,6.85,6.34,478661.0,314609040.0,7.77,2.74,0.18,6.73
2020-06-08,6.45,6.32,6.61,6.31,463853.0,298971232.0,4.45,-6.23,-0.42,6.52
2020-06-09,6.32,6.4,6.45,6.25,269879.0,171677719.0,3.16,1.27,0.08,3.79
2020-06-10,6.4,6.36,6.46,6.25,209152.0,132555807.0,3.28,-0.63,-0.04,2.94
2020-06-11,6.31,6.24,6.46,6.19,243995.0,154067474.0,4.25,-1.89,-0.12,3.43
2020-06-12,6.05,6.34,6.47,5.91,297943.0,185896108.0,8.97,1.6,0.1,4.19
2020-06-15,6.2,6.12,6.43,6.08,371998.0,231303936.0,5.52,-3.47,-0.22,5.23
2020-06-16,6.17,6.07,6.19,5.99,302370.0,183341463.0,3.27,-0.82,-0.05,4.25
2020-06-17,6.08,6.06,6.15,6.0,209416.0,126697454.0,2.47,-0.16,-0.01,2.94
2020-06-18,6.05,6.03,6.15,6.01,228655.0,138867446.0,2.31,-0.5,-0.03,3.21
2020-06-19,6.04,6.08,6.21,5.9,284924.0,172144155.0,5.14,0.83,0.05,4.01
2020-06-22,6.05,6.08,6.15,5.99,187368.0,113408655.0,2.63,0.0,0.0,2.63
2020-06-23,6.06,5.95,6.07,5.95,209516.0,125620097.0,1.97,-2.14,-0.13,2.95
2020-06-24,5.97,5.81,5.98,5.8,169709.0,99513599.0,3.03,-2.35,-0.14,2.39
2020-06-29,5.79,5.85,5.9,5.62,143905.0,83038609.0,4.82,0.69,0.04,2.02
2020-06-30,5.81,6.13,6.15,5.81,316837.0,191651836.0,5.81,4.79,0.28,4.46
2020-07-01,6.22,6.74,6.74,6.22,475747.0,315897728.0,8.48,9.95,0.61,6.69
2020-07-02,7.08,7.41,7.41,6.92,612126.0,440908448.0,7.27,9.94,0.67,8.61
2020-07-03,7.71,7.45,7.72,7.26,886304.0,662851552.0,6.21,0.54,0.04,12.47
2020-07-06,7.61,7.86,8.16,7.22,839225.0,643949584.0,12.62,5.5,0.41,11.8
2020-07-07,7.86,7.72,7.99,7.51,655171.0,509948768.0,6.11,-1.78,-0.14,9.22
2020-07-08,7.55,7.75,7.88,7.4,477462.0,366473728.0,6.22,0.39,0.03,6.72
2020-07-09,7.78,8.34,8.45,7.72,643098.0,525533568.0,9.42,7.61,0.59,9.05
2020-07-10,8.11,8.27,8.78,8.01,537892.0,452141600.0,9.23,-0.84,-0.07,7.57
2020-07-13,8.35,8.36,8.65,8.11,415618.0,347711248.0,6.53,1.09,0.09,5.85
2020-07-14,8.34,8.7,9.03,8.28,574434.0,497987760.0,8.97,4.07,0.34,8.08
2020-07-15,8.66,8.21,8.66,8.02,463850.0,385506768.0,7.36,-5.63,-0.49,6.52
2020-07-16,8.17,8.41,8.98,8.11,637746.0,541834416.0,10.6,2.44,0.2,8.97
2020-07-17,8.38,7.98,8.4,7.62,456337.0,363750800.0,9.27,-5.11,-0.43,6.42
2020-07-20,8.12,8.13,8.25,8.0,306617.0,248362240.0,3.13,1.88,0.15,4.31
2020-07-21,8.13,7.87,8.13,7.8,261066.0,206819209.0,4.06,-3.2,-0.26,3.67
2020-07-22,7.79,8.18,8.29,7.62,413560.0,331923776.0,8.51,3.94,0.31,5.82
2020-07-23,8.1,7.93,8.27,7.8,284729.0,226919732.0,5.75,-3.06,-0.25,4.0
2020-07-24,7.92,7.34,8.03,7.25,301221.0,229907190.0,9.84,-7.44,-0.59,4.24
2020-07-27,7.4,7.17,7.49,7.05,195327.0,140877788.0,5.99,-2.32,-0.17,2.75
2020-07-28,7.24,7.21,7.27,7.13,128958.0,92643484.0,1.95,0.56,0.04,1.81
2020-07-29,7.21,7.45,7.47,7.08,182790.0,133711070.0,5.41,3.33,0.24,2.57
2020-07-30,7.42,7.3,7.57,7.29,164451.0,121498508.0,3.76,-2.01,-0.15,2.31
2020-07-31,7.23,7.34,7.44,7.21,135227.0,99101419.0,3.15,0.55,0.04,1.9
2020-08-03,7.6,8.07,8.07,7.55,360474.0,286184352.0,7.08,9.95,0.73,5.07
2020-08-04,8.21,7.95,8.22,7.82,418028.0,335024640.0,4.96,-1.49,-0.12,5.88
2020-08-05,7.83,7.92,8.07,7.76,211167.0,167029573.0,3.9,-0.38,-0.03,2.97
2020-08-06,7.88,7.8,7.94,7.63,219696.0,170508037.0,3.91,-1.52,-0.12,3.09
2020-08-07,7.85,7.79,7.85,7.51,205287.0,157715159.0,4.36,-0.13,-0.01,2.89
2020-08-10,7.81,7.87,8.05,7.74,197512.0,155003015.0,3.98,1.03,0.08,2.78
2020-08-11,7.96,7.9,8.23,7.77,387968.0,310714384.0,5.84,0.38,0.03,5.46
2020-08-12,7.81,8.1,8.14,7.8,325623.0,260579744.0,4.3,2.53,0.2,4.58
2020-08-13,8.25,8.44,8.65,8.1,479629.0,402101920.0,6.79,4.2,0.34,6.75
2020-08-14,8.59,8.59,8.68,8.32,433335.0,369876064.0,4.27,1.78,0.15,6.09
2020-08-17,8.79,8.54,8.8,8.4,422206.0,361324784.0,4.66,-0.58,-0.05,5.94
2020-08-18,8.41,8.55,8.72,8.3,344265.0,293059312.0,4.92,0.12,0.01,4.84
2020-08-19,8.56,8.14,8.57,8.11,305555.0,253906695.0,5.38,-4.8,-0.41,4.3
2020-08-20,8.08,8.28,8.41,8.0,285000.0,235234362.0,5.04,1.72,0.14,4.01
2020-08-21,8.28,8.46,8.59,8.2,315226.0,264497920.0,4.71,2.17,0.18,4.43
2020-08-24,8.46,8.64,8.85,8.24,366817.0,313289488.0,7.21,2.13,0.18,5.16
2020-08-25,8.53,8.39,8.77,8.35,287240.0,244333486.0,4.86,-2.89,-0.25,4.04
2020-08-26,8.36,8.42,8.62,8.25,338383.0,286843776.0,4.41,0.36,0.03,4.76
2020-08-27,8.35,8.25,8.53,8.21,245997.0,205336187.0,3.8,-2.02,-0.17,3.46
2020-08-28,8.33,8.62,8.76,8.26,402510.0,345780928.0,6.06,4.48,0.37,5.66
2020-08-31,8.86,9.07,9.45,8.72,639670.0,584795328.0,8.47,5.22,0.45,9.0
2020-09-01,9.19,9.2,9.32,9.04,409338.0,375000400.0,3.09,1.43,0.13,5.76
2020-09-02,9.27,9.37,9.6,9.1,466710.0,436003440.0,5.43,1.85,0.17,6.56
2020-09-03,9.33,9.56,9.68,9.2,407794.0,386964768.0,5.12,2.03,0.19,5.74
2020-09-04,9.41,9.55,9.67,9.3,414953.0,394220688.0,3.87,-0.1,-0.01,5.84
2020-09-07,9.51,9.13,9.6,9.06,438130.0,407076832.0,5.65,-4.4,-0.42,6.16
2020-09-08,9.18,9.31,9.31,9.06,254391.0,234005860.0,2.74,1.97,0.18,3.58
2020-09-09,9.16,9.19,9.33,9.0,252101.0,231232828.0,3.54,-1.29,-0.12,3.55
2020-09-10,9.23,8.87,9.28,8.87,281380.0,253898538.0,4.46,-3.48,-0.32,3.96
2020-09-11,8.84,9.51,9.54,8.83,424201.0,394860096.0,8.0,7.22,0.64,5.97
2020-09-14,9.53,9.47,9.68,9.35,311601.0,296130448.0,3.47,-0.42,-0.04,4.38
2020-09-15,9.41,9.53,9.68,9.3,334036.0,316318704.0,4.01,0.63,0.06,4.7
2020-09-16,9.68,9.41,9.83,9.31,295828.0,281702832.0,5.46,-1.26,-0.12,4.16
2020-09-17,9.26,9.12,9.3,9.02,287604.0,262834919.0,2.98,-3.08,-0.29,4.05
2020-09-18,9.13,9.23,9.27,9.09,194835.0,179077772.0,1.97,1.21,0.11,2.74
2020-09-21,9.22,9.35,9.52,9.12,233349.0,217666903.0,4.33,1.3,0.12,3.28
2020-09-22,9.22,9.06,9.37,8.96,281732.0,256907828.0,4.39,-3.1,-0.29,3.96
2020-09-23,9.12,8.9,9.17,8.75,247534.0,220822771.0,4.64,-1.77,-0.16,3.48
2020-09-24,8.91,9.08,9.32,8.82,324470.0,296779696.0,5.62,2.02,0.18,4.56
2020-09-25,9.01,8.87,9.15,8.62,278353.0,246212479.0,5.84,-2.31,-0.21,3.92
2020-09-28,9.02,8.46,9.07,8.4,282747.0,245119639.0,7.55,-4.62,-0.41,3.98
2020-09-29,8.53,8.02,8.56,7.8,362268.0,293055024.0,8.98,-5.2,-0.44,5.1
2020-09-30,8.15,8.35,8.49,7.91,323507.0,263673535.0,7.23,4.11,0.33,4.55
2020-10-09,8.51,7.99,8.64,7.52,477655.0,390523456.0,13.41,-4.31,-0.36,6.72
2020-10-12,7.94,7.9,7.94,7.7,396970.0,310305424.0,3.0,-1.13,-0.09,5.58
2020-10-13,7.89,7.6,7.89,7.45,410536.0,311628064.0,5.57,-3.8,-0.3,5.77
2020-10-14,7.51,7.33,7.57,7.3,271060.0,200761203.0,3.55,-3.55,-0.27,3.81
2020-10-15,7.25,7.27,7.45,7.22,184143.0,134890226.0,3.14,-0.82,-0.06,2.59
2020-10-16,7.19,7.29,7.3,7.1,181858.0,130506907.0,2.75,0.28,0.02,2.56
2020-10-19,7.28,7.22,7.4,7.17,157221.0,114436892.0,3.16,-0.96,-0.07,2.21
2020-10-20,7.18,7.22,7.24,7.1,119041.0,85333379.0,1.94,0.0,0.0,1.67
2020-10-21,7.22,7.12,7.3,7.12,114362.0,82045857.0,2.49,-1.39,-0.1,1.61
2020-10-22,7.11,7.02,7.12,6.92,150664.0,105501120.0,2.81,-1.4,-0.1,2.12
2020-10-23,7.02,6.91,7.09,6.88,133158.0,93090585.0,2.99,-1.57,-0.11,1.87
2020-10-26,6.92,6.76,6.95,6.7,144015.0,97798257.0,3.62,-2.17,-0.15,2.03
2020-10-27,6.74,6.6,6.75,6.56,185501.0,123083087.0,2.81,-2.37,-0.16,2.61
2020-10-28,6.6,6.63,6.68,6.4,192824.0,126101256.0,4.24,0.45,0.03,2.71
2020-10-29,6.5,6.52,6.57,6.45,121053.0,78937213.0,1.81,-1.66,-0.11,1.7
2020-10-30,6.54,6.35,6.63,6.35,173396.0,112560871.0,4.29,-2.61,-0.17,2.44
2020-11-02,6.36,6.22,6.4,6.17,129837.0,81225384.0,3.62,-2.05,-0.13,1.83
2020-11-03,6.22,6.51,6.55,6.2,177589.0,113990828.0,5.63,4.66,0.29,2.5
2020-11-04,6.6,6.44,6.61,6.37,107783.0,69570782.0,3.69,-1.08,-0.07,1.52
2020-11-05,6.5,6.58,6.65,6.47,152607.0,100179859.0,2.8,2.17,0.14,2.15
2020-11-06,6.62,6.53,6.64,6.47,110725.0,72362664.0,2.58,-0.76,-0.05,1.56
2020-11-09,6.54,6.59,6.65,6.54,140804.0,93034576.0,1.68,0.92,0.06,1.98
2020-11-10,6.9,6.75,6.98,6.66,236864.0,160564629.0,4.86,2.43,0.16,3.33
2020-11-11,6.67,6.59,6.68,6.56,111908.0,73985924.0,1.78,-2.37,-0.16,1.57
2020-11-12,6.6,6.57,6.63,6.53,75510.0,49625486.0,1.52,-0.3,-0.02,1.06
2020-11-13,6.54,6.57,6.62,6.44,84253.0,55128395.0,2.74,0.0,0.0,1.19
2020-11-16,6.59,6.78,6.85,6.56,151445.0,101699674.0,4.41,3.2,0.21,2.13
2020-11-17,6.81,6.75,6.89,6.71,139904.0,94892737.0,2.65,-0.44,-0.03,1.97
2020-11-18,6.73,6.78,6.86,6.7,87141.0,59115534.0,2.37,0.44,0.03,1.23
2020-11-19,6.79,6.8,6.85,6.7,86072.0,58369580.0,2.21,0.29,0.02,1.21
2020-11-20,6.81,6.84,6.86,6.71,96582.0,65660480.0,2.21,0.59,0.04,1.36
2020-11-23,6.8,6.7,6.8,6.62,143949.0,96292694.0,2.63,-2.05,-0.14,2.02
2020-11-24,6.67,6.69,6.77,6.65,99100.0,66469735.0,1.79,-0.15,-0.01,1.39
2020-11-25,6.71,6.54,6.74,6.51,160677.0,106617846.0,3.44,-2.24,-0.15,2.26
2020-11-26,6.53,6.8,6.97,6.43,359177.0,244029842.0,8.26,3.98,0.26,5.05
2020-11-27,6.75,7.04,7.09,6.7,313014.0,217936834.0,5.74,3.53,0.24,4.4
2020-11-30,6.88,6.92,7.07,6.85,230431.0,160334375.0,3.13,-1.7,-0.12,3.24
2020-12-01,6.88,6.93,7.0,6.85,144987.0,100416031.0,2.17,0.14,0.01,2.04
2020-12-02,6.94,6.79,6.96,6.79,175372.0,120194225.0,2.45,-2.02,-0.14,2.47
2020-12-03,6.77,6.81,6.89,6.69,152403.0,103560565.0,2.95,0.29,0.02,2.14
2020-12-04,6.79,7.22,7.3,6.75,375248.0,266236047.0,8.08,6.02,0.41,5.28
2020-12-07,7.23,7.0,7.29,6.98,281570.0,199372845.0,4.29,-3.05,-0.22,3.96
2020-12-08,7.0,7.03,7.14,6.91,154570.0,108299974.0,3.29,0.43,0.03,2.17
2020-12-09,7.03,6.82,7.03,6.82,153675.0,106209036.0,2.99,-2.99,-0.21,2.16
2020-12-10,6.77,6.87,6.94,6.77,112213.0,76963842.0,2.49,0.73,0.05,1.58
2020-12-11,6.87,6.54,6.87,6.51,217079.0,144067173.0,5.24,-4.8,-0.33,3.05
2020-12-14,6.54,6.61,6.62,6.45,90201.0,59127269.0,2.6,1.07,0.07,1.27
2020-12-15,6.51,6.54,6.73,6.51,104905.0,69336945.0,3.33,-1.06,-0.07,1.48
2020-12-16,6.5,6.31,6.5,6.21,183204.0,115754992.0,4.43,-3.52,-0.23,2.58
2020-12-17,6.33,6.36,6.46,6.26,121623.0,77374077.0,3.17,0.79,0.05,1.71
2020-12-18,6.36,6.32,6.45,6.29,93156.0,59110599.0,2.52,-0.63,-0.04,1.31
2020-12-21,6.32,6.29,6.35,6.25,86221.0,54323204.0,1.58,-0.47,-0.03,1.21
2020-12-22,6.25,6.1,6.28,6.07,147402.0,90901870.0,3.34,-3.02,-0.19,2.07
2020-12-23,6.09,6.09,6.16,6.05,79776.0,48460138.0,1.8,-0.16,-0.01,1.12
2020-12-24,5.99,5.85,5.99,5.81,154407.0,90617759.0,2.96,-3.94,-0.24,2.17
2020-12-25,5.88,5.93,6.05,5.82,85796.0,51110428.0,3.93,1.37,0.08,1.21
2020-12-28,5.91,5.69,5.91,5.65,146737.0,84053428.0,4.38,-4.05,-0.24,2.06
2020-12-29,5.69,5.71,5.87,5.63,118386.0,68309818.0,4.22,0.35,0.02,1.67
2020-12-30,5.7,5.67,5.73,5.63,91392.0,51880353.0,1.75,-0.7,-0.04,1.29
2020-12-31,5.67,5.87,5.93,5.65,155184.0,90015484.0,4.94,3.53,0.2,2.18
2021-01-04,5.28,5.28,5.28,5.28,67949.0,35877072.0,0.0,-10.05,-0.59,0.96
2021-01-05,4.75,4.75,4.75,4.75,64109.0,30451775.0,0.0,-10.04,-0.53,0.9
2021-01-06,4.33,4.88,5.14,4.33,582030.0,276484864.0,17.05,2.74,0.13,8.18
2021-01-07,4.84,4.53,4.87,4.4,403996.0,185701942.0,9.63,-7.17,-0.35,5.68
2021-01-08,4.45,4.52,4.73,4.38,236116.0,108224939.0,7.73,-0.22,-0.01,3.32
2021-01-11,4.52,4.41,4.57,4.35,200024.0,88838877.0,4.87,-2.43,-0.11,2.81
2021-01-12,4.41,4.38,4.52,4.32,140197.0,61954533.0,4.54,-0.68,-0.03,1.97
2021-01-13,4.36,4.39,4.47,4.27,184213.0,80290223.0,4.57,0.23,0.01,2.59
2021-01-14,4.38,4.4,4.44,4.33,126777.0,55608180.0,2.51,0.23,0.01,1.78
2021-01-15,4.39,4.42,4.45,4.37,95367.0,42116268.0,1.82,0.45,0.02,1.34
2021-01-18,4.42,4.59,4.7,4.41,157349.0,71919967.0,6.56,3.85,0.17,2.21
2021-01-19,4.59,4.89,4.96,4.5,280365.0,135278429.0,10.02,6.54,0.3,3.94
2021-01-20,4.88,4.8,4.92,4.76,140913.0,68007091.0,3.27,-1.84,-0.09,1.98
2021-01-21,4.79,4.8,4.94,4.71,125561.0,60353138.0,4.79,0.0,0.0,1.77
2021-01-22,4.75,4.84,4.89,4.62,122425.0,58179367.0,5.63,0.83,0.04,1.72
2021-01-25,4.82,4.61,4.82,4.56,133740.0,62201363.0,5.37,-4.75,-0.23,1.88
2021-01-26,4.15,4.61,4.7,4.15,268921.0,121375158.0,11.93,0.0,0.0,3.78
2021-01-27,4.56,4.79,4.86,4.5,226918.0,107341255.0,7.81,3.9,0.18,3.19
2021-01-28,4.78,4.9,5.07,4.78,227893.0,112713577.0,6.05,2.3,0.11,3.2
2021-01-29,4.88,4.99,5.07,4.85,188655.0,93840352.0,4.49,1.84,0.09,2.65
2021-02-01,5.02,5.21,5.3,5.02,234359.0,121526772.0,5.61,4.41,0.22,3.3
2021-02-02,5.15,5.15,5.22,4.99,186229.0,94860577.0,4.41,-1.15,-0.06,2.62
2021-02-03,5.07,5.02,5.15,4.97,128105.0,64472437.0,3.5,-2.52,-0.13,1.8
2021-02-04,5.0,5.18,5.2,4.91,181151.0,91641144.0,5.78,3.19,0.16,2.55
2021-02-05,5.19,4.97,5.25,4.95,150222.0,75826785.0,5.79,-4.05,-0.21,2.11
2021-02-08,5.05,5.47,5.47,5.02,313353.0,166970442.0,9.05,10.06,0.5,4.41
2021-02-09,5.41,5.45,5.6,5.36,245186.0,133789130.0,4.39,-0.37,-0.02,3.45
2021-02-10,5.45,5.68,5.78,5.37,261154.0,146102304.0,7.52,4.22,0.23,3.67
2021-02-18,6.25,6.25,6.25,6.25,38513.0,24070631.0,0.0,10.04,0.57,0.54
2021-02-19,6.88,6.71,6.88,6.49,977716.0,662133552.0,6.24,7.36,0.46,13.75
2021-02-22,6.68,6.18,6.68,6.04,820100.0,512746816.0,9.54,-7.9,-0.53,11.53
2021-02-23,5.95,5.91,6.05,5.78,501188.0,294439760.0,4.37,-4.37,-0.27,7.05
2021-02-24,5.85,5.84,6.01,5.78,345567.0,203033776.0,3.89,-1.18,-0.07,4.86
2021-02-25,5.83,5.5,5.85,5.5,354770.0,199277577.0,5.99,-5.82,-0.34,4.99
2021-02-26,5.45,5.56,5.62,5.4,204152.0,113153187.0,4.0,1.09,0.06,2.87
2021-03-01,5.59,5.64,5.78,5.4,238263.0,132869573.0,6.83,1.44,0.08,3.35
2021-03-02,5.6,5.48,5.61,5.43,198038.0,108750568.0,3.19,-2.84,-0.16,2.78
2021-03-03,5.4,5.5,5.55,5.37,148600.0,81499574.0,3.28,0.36,0.02,2.09
2021-03-04,5.42,5.48,5.54,5.4,126694.0,69578743.0,2.55,-0.36,-0.02,1.78
2021-03-05,5.47,5.54,5.58,5.47,102299.0,56739469.0,2.01,1.09,0.06,1.44
2021-03-08,5.58,5.49,5.62,5.48,132106.0,73254802.0,2.53,-0.9,-0.05,1.86
2021-03-09,5.45,5.61,5.75,5.28,205353.0,113736531.0,8.56,2.19,0.12,2.89
2021-03-10,5.6,5.48,5.6,5.45,108383.0,59614138.0,2.67,-2.32,-0.13,1.52
2021-03-11,5.44,5.49,5.53,5.41,79629.0,43627139.0,2.19,0.18,0.01,1.12
2021-03-12,5.47,5.5,5.58,5.46,73979.0,40783195.0,2.19,0.18,0.01,1.04
2021-03-15,5.45,5.56,5.63,5.42,89108.0,49472545.0,3.82,1.09,0.06,1.25
2021-03-16,5.59,5.57,5.65,5.51,94425.0,52565220.0,2.52,0.18,0.01,1.33
2021-03-17,5.55,5.47,5.55,5.46,94797.0,51985123.0,1.62,-1.8,-0.1,1.33
2021-03-18,5.55,5.42,5.55,5.41,72555.0,39540443.0,2.56,-0.91,-0.05,1.02
2021-03-19,5.37,5.4,5.45,5.37,57567.0,31074081.0,1.48,-0.37,-0.02,0.81
2021-03-22,5.38,5.46,5.47,5.36,76867.0,41740401.0,2.04,1.11,0.06,1.08
2021-03-23,5.44,5.48,5.53,5.42,73032.0,39971937.0,2.01,0.37,0.02,1.03
2021-03-24,5.46,5.61,5.63,5.42,146912.0,81443596.0,3.83,2.37,0.13,2.07
2021-03-25,5.61,5.59,5.69,5.56,97046.0,54533772.0,2.32,-0.36,-0.02,1.36
2021-03-26,5.57,5.6,5.64,5.53,70650.0,39501689.0,1.97,0.18,0.01,0.99
2021-03-29,5.55,5.58,5.64,5.53,59920.0,33407189.0,1.96,-0.36,-0.02,0.84
2021-03-30,5.58,5.45,5.6,5.41,71382.0,39042733.0,3.41,-2.33,-0.13,1.0
2021-03-31,5.42,5.45,5.49,5.42,34689.0,18895351.0,1.28,0.0,0.0,0.49
2021-04-01,5.45,5.41,5.45,5.38,56462.0,30544668.0,1.28,-0.73,-0.04,0.79
2021-04-02,5.44,5.55,5.64,5.39,98233.0,54133974.0,4.62,2.59,0.14,1.38
2021-04-06,5.54,5.56,5.63,5.51,74793.0,41660594.0,2.16,0.18,0.01,1.05
2021-04-07,5.57,5.57,5.61,5.55,54514.0,30398648.0,1.08,0.18,0.01,0.77
2021-04-08,5.53,5.49,5.56,5.48,66421.0,36586488.0,1.44,-1.44,-0.08,0.93
2021-04-09,5.49,5.5,5.55,5.46,39178.0,21570035.0,1.64,0.18,0.01,0.55
2021-04-12,5.5,5.46,5.53,5.45,58663.0,32186745.0,1.45,-0.73,-0.04,0.82
2021-04-13,5.47,5.5,5.56,5.42,59270.0,32467989.0,2.56,0.73,0.04,0.83
2021-04-14,5.5,5.5,5.53,5.45,44969.0,24676517.0,1.45,0.0,0.0,0.63
2021-04-15,5.43,5.5,5.54,5.26,100559.0,54492360.0,5.09,0.0,0.0,1.41
2021-04-16,5.48,5.73,6.0,5.46,216807.0,124751996.0,9.82,4.18,0.23,3.05
2021-04-19,5.69,5.96,6.04,5.67,216230.0,128311813.0,6.46,4.01,0.23,3.04
2021-04-20,5.95,5.88,6.02,5.87,149267.0,88597233.0,2.52,-1.34,-0.08,2.1
2021-04-21,5.87,5.78,5.93,5.77,97656.0,56961972.0,2.72,-1.7,-0.1,1.37
2021-04-22,5.87,5.83,6.02,5.81,108201.0,63698621.0,3.63,0.87,0.05,1.52
2021-04-23,5.77,5.65,5.82,5.62,108609.0,61607772.0,3.43,-3.09,-0.18,1.53
2021-04-26,5.63,5.5,5.65,5.5,94529.0,52501810.0,2.65,-2.65,-0.15,1.33
2021-04-27,5.45,5.52,5.54,5.34,113250.0,61588403.0,3.64,0.36,0.02,1.59
2021-04-28,5.46,5.5,5.55,5.43,73366.0,40314722.0,2.17,-0.36,-0.02,1.03
2021-04-29,5.1,5.47,5.62,5.1,167953.0,91685625.0,9.45,-0.55,-0.03,2.36
2021-05-06,5.2,5.2,5.2,5.2,2501.0,1300520.0,0.0,-4.94,-0.27,0.04
2021-05-07,4.94,4.94,4.94,4.94,5183.0,2560402.0,0.0,-5.0,-0.26,0.07
2021-05-10,4.69,4.69,4.69,4.69,2801.0,1313669.0,0.0,-5.06,-0.25,0.04
2021-05-11,4.46,4.46,4.46,4.46,5523.0,2463258.0,0.0,-4.9,-0.23,0.08
2021-05-12,4.24,4.24,4.24,4.24,8626.0,3657424.0,0.0,-4.93,-0.22,0.12
2021-05-13,4.03,4.25,4.43,4.03,409417.0,170465108.0,9.43,0.24,0.01,5.76
2021-05-14,4.16,4.1,4.19,4.08,231681.0,95651941.0,2.59,-3.53,-0.15,3.26
2021-05-17,3.98,3.9,3.98,3.9,28606.0,11168206.0,1.95,-4.88,-0.2,0.4
2021-05-18,3.71,3.71,3.81,3.71,71904.0,26719490.0,2.56,-4.87,-0.19,1.01
2021-05-19,3.61,3.7,3.82,3.52,264008.0,94523431.0,8.09,-0.27,-0.01,3.71
2021-05-20,3.65,3.62,3.69,3.59,108424.0,39442125.0,2.7,-2.16,-0.08,1.52
2021-05-21,3.63,3.63,3.74,3.63,80816.0,29648485.0,3.04,0.28,0.01,1.14
2021-05-24,3.65,3.79,3.81,3.63,107391.0,40162792.0,4.96,4.41,0.16,1.51
2021-05-25,3.78,3.98,3.98,3.78,117031.0,45439246.0,5.28,5.01,0.19,1.65
2021-05-26,3.98,4.06,4.1,3.91,117382.0,47016406.0,4.77,2.01,0.08,1.65
2021-05-27,4.03,4.09,4.25,4.0,136335.0,56663165.0,6.16,0.74,0.03,1.92
2021-05-28,4.05,4.06,4.18,4.03,84561.0,34674185.0,3.67,-0.73,-0.03,1.19
2021-05-31,4.05,3.96,4.16,3.91,87560.0,35166887.0,6.16,-2.46,-0.1,1.23
2021-06-01,3.93,4.02,4.05,3.93,52616.0,21078476.0,3.03,1.52,0.06,0.74
2021-06-02,4.04,4.06,4.08,3.99,50707.0,20469869.0,2.24,1.0,0.04,0.71
2021-06-03,4.06,4.05,4.09,4.04,44731.0,18198798.0,1.23,-0.25,-0.01,0.63
2021-06-04,4.09,4.09,4.15,4.03,50104.0,20484668.0,2.96,0.99,0.04,0.7
2021-06-07,4.07,4.09,4.16,4.06,59928.0,24649553.0,2.44,0.0,0.0,0.84
2021-06-08,4.11,4.06,4.11,4.06,60326.0,24605046.0,1.22,-0.73,-0.03,0.85
2021-06-09,4.07,4.15,4.15,4.0,79034.0,32497745.0,3.69,2.22,0.09,1.11
2021-06-10,4.13,4.11,4.2,4.1,71211.0,29541007.0,2.41,-0.96,-0.04,1.0
2021-06-11,4.1,4.05,4.12,4.05,53202.0,21731087.0,1.7,-1.46,-0.06,0.75
2021-06-15,4.02,4.07,4.14,4.02,42517.0,17344304.0,2.96,0.49,0.02,0.6
2021-06-16,4.09,4.1,4.18,4.06,44637.0,18383918.0,2.95,0.74,0.03,0.63
2021-06-17,4.02,4.12,4.16,4.02,39347.0,16219373.0,3.41,0.49,0.02,0.55
2021-06-18,4.11,4.33,4.33,4.11,70642.0,30324819.0,5.34,5.1,0.21,0.99
2021-06-21,4.33,4.55,4.55,4.33,51683.0,23227038.0,5.08,5.08,0.22,0.73
2021-06-22,4.78,4.78,4.78,4.78,13458.0,6432924.0,0.0,5.05,0.23,0.19
2021-06-23,5.0,4.63,5.0,4.6,162885.0,77872526.0,8.37,-3.14,-0.15,2.29
2021-06-24,4.6,4.86,4.86,4.59,107864.0,51851440.0,5.83,4.97,0.23,1.52
2021-06-25,4.87,4.8,4.97,4.72,113220.0,54813067.0,5.14,-1.23,-0.06,1.59
2021-06-28,4.71,4.79,4.86,4.7,61366.0,29414948.0,3.33,-0.21,-0.01,0.86
2021-06-29,4.79,5.03,5.03,4.78,34516.0,17235001.0,5.22,5.01,0.24,0.49
2021-06-30,5.11,5.28,5.28,5.04,94858.0,49011080.0,4.77,4.97,0.25,1.33
2021-07-01,5.32,5.23,5.5,5.14,106625.0,56548210.0,6.82,-0.95,-0.05,1.5
2021-07-02,5.22,5.05,5.23,4.97,61693.0,31330337.0,4.97,-3.44,-0.18,0.87
2021-07-05,5.03,5.04,5.12,5.01,28862.0,14588430.0,2.18,-0.2,-0.01,0.41
2021-07-06,5.1,4.93,5.1,4.88,59744.0,29580691.0,4.37,-2.18,-0.11,0.84
2021-07-07,4.89,4.93,5.04,4.86,35329.0,17429568.0,3.65,0.0,0.0,0.5
2021-07-08,4.9,4.79,4.98,4.77,50785.0,24593900.0,4.26,-2.84,-0.14,0.71
2021-07-09,4.79,5.03,5.03,4.77,47411.0,23217607.0,5.43,5.01,0.24,0.67
2021-07-12,5.04,5.18,5.27,4.97,66632.0,34125200.0,5.96,2.98,0.15,0.94
2021-07-13,5.16,5.1,5.24,5.09,32485.0,16726254.0,2.9,-1.54,-0.08,0.46
2021-07-14,5.05,4.85,5.12,4.85,66058.0,32579003.0,5.29,-4.9,-0.25,0.93
2021-07-15,4.87,4.98,5.09,4.77,39418.0,19488659.0,6.6,2.68,0.13,0.55
2021-07-16,4.94,4.98,5.06,4.91,29773.0,14856650.0,3.01,0.0,0.0,0.42
2021-07-19,4.99,5.05,5.09,4.9,24850.0,12420816.0,3.82,1.41,0.07,0.35
2021-07-20,5.0,5.0,5.05,4.97,21750.0,10875062.0,1.58,-0.99,-0.05,0.31
2021-07-21,5.01,4.98,5.12,4.96,31524.0,15839445.0,3.2,-0.4,-0.02,0.44
2021-07-22,4.95,4.89,5.01,4.85,43556.0,21422337.0,3.21,-1.81,-0.09,0.61
2021-07-23,4.87,5.0,5.09,4.83,36735.0,18316927.0,5.32,2.25,0.11,0.52
2021-07-26,5.01,4.89,5.08,4.89,41167.0,20528327.0,3.8,-2.2,-0.11,0.58
2021-07-27,4.88,4.79,5.0,4.75,44678.0,21849653.0,5.11,-2.04,-0.1,0.63
2021-07-28,4.74,4.68,4.85,4.68,43153.0,20501300.0,3.55,-2.3,-0.11,0.61
2021-07-29,4.7,4.64,4.76,4.61,41622.0,19502395.0,3.21,-0.85,-0.04,0.59
2021-07-30,4.62,4.66,4.71,4.62,25341.0,11764851.0,1.94,0.43,0.02,0.36
2021-08-02,4.63,4.59,4.63,4.5,33721.0,15463762.0,2.79,-1.5,-0.07,0.47
2021-08-03,4.54,4.69,4.76,4.54,25191.0,11685627.0,4.79,2.18,0.1,0.35
2021-08-04,4.8,4.67,4.82,4.6,35455.0,16774455.0,4.69,-0.43,-0.02,0.5
2021-08-05,4.75,4.7,4.78,4.6,24765.0,11639455.0,3.85,0.64,0.03,0.35
2021-08-06,4.67,4.71,4.73,4.66,18278.0,8592792.0,1.49,0.21,0.01,0.26
2021-08-09,4.69,4.61,4.7,4.59,26096.0,12060838.0,2.34,-2.12,-0.1,0.37
2021-08-10,4.61,4.49,4.61,4.47,32846.0,14831034.0,3.04,-2.6,-0.12,0.46
2021-08-11,4.49,4.38,4.5,4.36,33548.0,14757836.0,3.12,-2.45,-0.11,0.47
2021-08-12,4.36,4.35,4.41,4.34,42312.0,18500395.0,1.6,-0.68,-0.03,0.59
2021-08-13,4.36,4.18,4.36,4.13,59579.0,24942413.0,5.29,-3.91,-0.17,0.84
2021-08-16,4.18,4.2,4.23,4.14,36031.0,15102052.0,2.15,0.48,0.02,0.51
2021-08-17,4.2,4.17,4.23,4.14,24308.0,10161486.0,2.14,-0.71,-0.03,0.34
2021-08-18,4.15,4.14,4.18,4.08,42007.0,17336934.0,2.4,-0.72,-0.03,0.59
2021-08-19,4.12,4.17,4.26,4.11,33982.0,14227949.0,3.62,0.72,0.03,0.48
2021-08-20,4.16,4.13,4.18,4.12,20260.0,8389348.0,1.44,-0.96,-0.04,0.28
2021-08-23,4.1,4.15,4.18,4.1,28202.0,11709938.0,1.94,0.48,0.02,0.4
2021-08-24,4.15,4.17,4.18,4.12,28253.0,11728292.0,1.45,0.48,0.02,0.4
2021-08-25,4.14,4.38,4.38,4.13,44624.0,19212419.0,6.0,5.04,0.21,0.63
2021-08-26,4.38,4.36,4.55,4.35,49676.0,21937852.0,4.57,-0.46,-0.02,0.7
2021-08-27,4.35,4.38,4.39,4.27,39987.0,17301565.0,2.75,0.46,0.02,0.56
2021-08-30,4.26,4.33,4.5,4.19,52820.0,22812090.0,7.08,-1.14,-0.05,0.74
2021-08-31,4.3,4.23,4.35,4.23,37632.0,16092017.0,2.77,-2.31,-0.1,0.53
2021-09-01,4.21,4.32,4.35,4.2,28746.0,12322465.0,3.55,2.13,0.09,0.4
2021-09-02,4.32,4.54,4.54,4.3,31655.0,14178848.0,5.56,5.09,0.22,0.45
2021-09-03,4.62,4.61,4.76,4.44,48703.0,22397228.0,7.05,1.54,0.07,0.68
2021-09-06,4.61,4.72,4.82,4.56,46245.0,21728371.0,5.64,2.39,0.11,0.65
2021-09-07,4.8,4.76,4.84,4.71,27598.0,13198052.0,2.75,0.85,0.04,0.39
2021-09-08,4.73,4.83,4.88,4.67,40359.0,19287737.0,4.41,1.47,0.07,0.57
2021-09-09,4.85,4.84,4.87,4.8,21527.0,10409140.0,1.45,0.21,0.01,0.3
2021-09-10,4.83,4.71,4.91,4.7,29029.0,13965832.0,4.34,-2.69,-0.13,0.41
2021-09-13,4.68,4.78,4.84,4.62,26558.0,12645414.0,4.67,1.49,0.07,0.37
2021-09-14,4.78,4.98,5.02,4.78,69499.0,34646118.0,5.02,4.18,0.2,0.98
2021-09-15,4.93,4.97,5.01,4.86,35168.0,17344938.0,3.01,-0.2,-0.01,0.49
2021-09-16,4.94,5.05,5.19,4.94,49028.0,25001581.0,5.03,1.61,0.08,0.69
2021-09-17,5.05,5.06,5.11,4.96,29205.0,14744187.0,2.97,0.2,0.01,0.41
2021-09-22,5.02,5.06,5.09,4.96,18421.0,9289422.0,2.57,0.0,0.0,0.26
2021-09-23,5.13,5.1,5.17,5.08,15035.0,7705479.0,1.78,0.79,0.04,0.21
2021-09-24,5.09,5.15,5.18,5.09,21418.0,11004290.0,1.76,0.98,0.05,0.3
2021-09-27,5.15,4.99,5.19,4.89,52413.0,26297402.0,5.83,-3.11,-0.16,0.74
2021-09-28,4.9,5.05,5.1,4.9,22174.0,11190600.0,4.01,1.2,0.06,0.31
2021-09-29,5.0,4.88,5.12,4.88,28088.0,14147444.0,4.75,-3.37,-0.17,0.39
2021-09-30,4.91,5.04,5.1,4.91,21682.0,10928424.0,3.89,3.28,0.16,0.3
2021-10-08,5.1,5.28,5.29,5.04,40929.0,21333925.0,4.96,4.76,0.24,0.58
2021-10-11,5.24,5.54,5.54,5.24,76006.0,41939334.0,5.68,4.92,0.26,1.07
2021-10-12,5.55,5.4,5.66,5.37,64998.0,36091782.0,5.23,-2.53,-0.14,0.91
2021-10-13,5.48,5.67,5.67,5.43,52002.0,29017219.0,4.44,5.0,0.27,0.73
2021-10-14,5.67,5.85,5.95,5.61,66883.0,38871660.0,6.0,3.17,0.18,0.94
2021-10-15,5.8,5.56,5.8,5.56,76213.0,43061904.0,4.1,-4.96,-0.29,1.07
2021-10-18,5.48,5.4,5.5,5.28,47328.0,25525744.0,3.96,-2.88,-0.16,0.67
2021-10-19,5.4,5.67,5.67,5.35,42306.0,23347869.0,5.93,5.0,0.27,0.59
2021-10-20,5.75,5.5,5.75,5.45,25113.0,13982063.0,5.29,-3.0,-0.17,0.35
2021-10-21,5.45,5.32,5.46,5.29,26162.0,14000633.0,3.09,-3.27,-0.18,0.37
2021-10-22,5.32,5.22,5.4,5.19,20756.0,10925586.0,3.95,-1.88,-0.1,0.29
2021-10-25,5.16,5.23,5.24,4.98,21111.0,10863852.0,4.98,0.19,0.01,0.3
2021-10-26,5.12,4.97,5.2,4.97,50782.0,25393936.0,4.4,-4.97,-0.26,0.71
2021-10-27,4.92,4.72,4.97,4.72,25094.0,11925307.0,5.03,-5.03,-0.25,0.35
2021-10-28,4.56,4.64,4.72,4.48,62819.0,28505447.0,5.08,-1.69,-0.08,0.88
2021-10-29,4.62,4.69,4.76,4.58,34057.0,15936408.0,3.88,1.08,0.05,0.48
2021-11-01,4.69,4.5,4.69,4.5,29506.0,13445219.0,4.05,-4.05,-0.19,0.41
2021-11-02,4.56,4.57,4.62,4.49,22792.0,10376579.0,2.89,1.56,0.07,0.32
2021-11-03,4.55,4.61,4.65,4.53,24965.0,11469792.0,2.63,0.88,0.04,0.35
2021-11-04,4.61,4.6,4.63,4.54,17315.0,7955492.0,1.95,-0.22,-0.01,0.24
2021-11-05,4.6,4.83,4.83,4.58,38072.0,18274780.0,5.43,5.0,0.23,0.54
2021-11-08,4.83,4.83,4.94,4.78,33103.0,16053417.0,3.31,0.0,0.0,0.47
2021-11-09,4.84,4.98,5.01,4.8,26014.0,12802342.0,4.35,3.11,0.15,0.37
2021-11-10,4.98,4.99,5.1,4.93,22867.0,11442319.0,3.41,0.2,0.01,0.32
2021-11-11,4.99,4.94,4.99,4.89,15092.0,7461822.0,2.0,-1.0,-0.05,0.21
2021-11-12,4.91,4.95,5.02,4.91,13695.0,6814511.0,2.23,0.2,0.01,0.19
2021-11-15,4.95,5.03,5.05,4.93,19072.0,9487043.0,2.42,1.62,0.08,0.27
2021-11-16,4.98,4.95,5.05,4.95,17433.0,8738207.0,1.99,-1.59,-0.08,0.25
2021-11-17,4.92,5.0,5.03,4.92,10788.0,5390359.0,2.22,1.01,0.05,0.15
2021-11-18,5.0,4.83,5.02,4.83,13144.0,6478108.0,3.8,-3.4,-0.17,0.18
2021-11-19,4.86,4.88,4.99,4.83,12817.0,6265264.0,3.31,1.04,0.05,0.18
2021-11-22,4.87,4.91,4.97,4.84,15614.0,7639174.0,2.66,0.61,0.03,0.22
2021-11-23,4.94,4.93,4.94,4.88,8779.0,4307743.0,1.22,0.41,0.02,0.12
2021-11-24,4.93,5.0,5.0,4.87,15807.0,7828636.0,2.64,1.42,0.07,0.22
2021-11-25,5.0,4.94,5.1,4.92,19563.0,9760547.0,3.6,-1.2,-0.06,0.28
2021-11-26,4.94,4.92,4.94,4.87,10570.0,5175620.0,1.42,-0.4,-0.02,0.15
2021-11-29,4.81,4.89,4.91,4.81,10190.0,4970314.0,2.03,-0.61,-0.03,0.14
2021-11-30,4.89,5.04,5.13,4.88,29772.0,14914441.0,5.11,3.07,0.15,0.42
2021-12-01,5.04,5.05,5.07,5.0,14228.0,7165833.0,1.39,0.2,0.01,0.2
2021-12-02,5.0,5.12,5.24,5.0,27806.0,14347778.0,4.75,1.39,0.07,0.39
2021-12-03,5.1,5.15,5.18,5.06,16204.0,8314398.0,2.34,0.59,0.03,0.23
2021-12-06,5.15,5.02,5.19,4.99,27026.0,13718675.0,3.88,-2.52,-0.13,0.38
2021-12-07,5.01,5.12,5.12,4.96,27626.0,13883559.0,3.19,1.99,0.1,0.39
2021-12-08,5.12,5.19,5.36,5.07,38599.0,20154281.0,5.66,1.37,0.07,0.54
2021-12-09,5.14,5.12,5.24,5.11,20908.0,10820103.0,2.5,-1.35,-0.07,0.29
2021-12-10,5.08,5.13,5.21,5.02,24758.0,12672258.0,3.71,0.2,0.01,0.35
2021-12-13,5.14,5.09,5.19,5.08,20537.0,10532693.0,2.14,-0.78,-0.04,0.29
2021-12-14,5.06,5.1,5.17,5.06,15261.0,7823698.0,2.16,0.2,0.01,0.21
2021-12-15,5.08,5.07,5.13,5.07,14171.0,7213177.0,1.18,-0.59,-0.03,0.2
2021-12-16,5.07,4.97,5.1,4.97,26375.0,13213252.0,2.56,-1.97,-0.1,0.37
2021-12-17,4.97,4.9,4.98,4.89,24692.0,12179329.0,1.81,-1.41,-0.07,0.35
2021-12-20,4.91,4.92,5.01,4.9,13377.0,6625913.0,2.24,0.41,0.02,0.19
2021-12-21,4.89,4.94,4.95,4.88,11592.0,5704353.0,1.42,0.41,0.02,0.16
2021-12-22,4.95,5.0,5.02,4.93,20753.0,10331555.0,1.82,1.21,0.06,0.29
2021-12-23,5.0,4.88,5.1,4.88,28505.0,14199909.0,4.4,-2.4,-0.12,0.4
2021-12-24,4.89,4.69,4.93,4.69,36036.0,17263051.0,4.92,-3.89,-0.19,0.51
2021-12-27,4.69,4.76,4.82,4.6,18368.0,8619257.0,4.69,1.49,0.07,0.26
2021-12-28,4.78,4.75,4.79,4.72,10374.0,4927445.0,1.47,-0.21,-0.01,0.15
2021-12-29,4.75,4.77,4.8,4.71,11890.0,5655135.0,1.89,0.42,0.02,0.17
2021-12-30,4.77,4.83,4.88,4.75,16627.0,8026005.0,2.73,1.26,0.06,0.23
2021-12-31,4.86,4.92,4.93,4.82,22685.0,11078282.0,2.28,1.86,0.09,0.32
2022-01-04,4.93,4.88,4.93,4.85,32092.0,15682226.0,1.63,-0.81,-0.04,0.45
2022-01-05,4.88,4.8,4.9,4.76,31175.0,15057451.0,2.87,-1.64,-0.08,0.44
2022-01-06,4.79,4.82,4.84,4.73,19168.0,9186492.0,2.29,0.42,0.02,0.27
2022-01-07,4.83,4.75,4.83,4.75,23639.0,11315413.0,1.66,-1.45,-0.07,0.33
2022-01-10,4.74,4.67,4.77,4.67,35086.0,16514679.0,2.11,-1.68,-0.08,0.49
2022-01-11,4.69,4.67,4.75,4.66,21970.0,10304450.0,1.93,0.0,0.0,0.31
2022-01-12,4.67,4.69,4.71,4.65,24364.0,11402196.0,1.28,0.43,0.02,0.34
2022-01-13,4.69,4.69,4.73,4.65,21857.0,10247829.0,1.71,0.0,0.0,0.31
2022-01-14,4.67,4.6,4.69,4.6,18897.0,8774434.0,1.92,-1.92,-0.09,0.27
2022-01-17,4.59,4.55,4.6,4.5,19093.0,8683785.0,2.17,-1.09,-0.05,0.27
2022-01-18,4.53,4.5,4.55,4.5,18269.0,8244509.0,1.1,-1.1,-0.05,0.26
2022-01-19,4.5,4.62,4.65,4.49,21817.0,10018278.0,3.56,2.67,0.12,0.31
2022-01-20,4.61,4.46,4.63,4.46,33320.0,15005619.0,3.68,-3.46,-0.16,0.47
2022-01-21,4.47,4.5,4.54,4.46,13301.0,5972755.0,1.79,0.9,0.04,0.19
2022-01-24,4.5,4.28,4.5,4.28,35312.0,15227664.0,4.89,-4.89,-0.22,0.5
2022-01-25,4.28,4.07,4.28,4.07,30665.0,12662834.0,4.91,-4.91,-0.21,0.43
2022-01-26,4.07,4.09,4.15,4.02,13028.0,5337281.0,3.19,0.49,0.02,0.18
2022-01-27,4.11,4.0,4.11,3.99,14939.0,6026807.0,2.93,-2.2,-0.09,0.21
2022-01-28,4.02,4.19,4.19,4.02,21389.0,8847936.0,4.25,4.75,0.19,0.3
2022-02-07,4.12,4.26,4.26,4.11,23159.0,9641721.0,3.58,1.67,0.07,0.33
2022-02-08,4.21,4.24,4.27,4.21,16763.0,7099054.0,1.41,-0.47,-0.02,0.24
2022-02-09,4.25,4.25,4.25,4.21,10788.0,4571881.0,0.94,0.24,0.01,0.15
2022-02-10,4.24,4.3,4.31,4.22,15007.0,6421232.0,2.12,1.18,0.05,0.21
2022-02-11,4.29,4.15,4.3,4.13,17226.0,7245380.0,3.95,-3.49,-0.15,0.24
2022-02-14,4.13,4.18,4.24,4.1,12053.0,5048538.0,3.37,0.72,0.03,0.17
2022-02-15,4.16,4.19,4.2,4.15,9148.0,3814618.0,1.2,0.24,0.01,0.13
2022-02-16,4.19,4.18,4.21,4.17,9345.0,3907835.0,0.95,-0.24,-0.01,0.13
2022-02-17,4.18,4.16,4.19,4.15,9052.0,3766745.0,0.96,-0.48,-0.02,0.13
2022-02-18,4.15,4.17,4.17,4.13,7028.0,2915847.0,0.96,0.24,0.01,0.1
2022-02-21,4.17,4.17,4.19,4.13,16316.0,6768926.0,1.44,0.0,0.0,0.23
2022-02-22,4.13,4.1,4.16,4.09,15690.0,6462596.0,1.68,-1.68,-0.07,0.22
2022-02-23,4.08,4.18,4.22,4.07,18411.0,7662260.0,3.66,1.95,0.08,0.26
2022-02-24,4.15,4.08,4.19,4.07,18602.0,7665973.0,2.87,-2.39,-0.1,0.26
2022-02-25,4.11,4.09,4.13,4.08,8083.0,3316325.0,1.23,0.25,0.01,0.11
2022-02-28,4.08,4.05,4.08,4.01,14321.0,5783079.0,1.71,-0.98,-0.04,0.2
2022-03-01,4.04,4.05,4.07,4.02,15104.0,6104788.0,1.23,0.0,0.0,0.21
2022-03-02,4.04,4.06,4.12,4.03,11521.0,4683588.0,2.22,0.25,0.01,0.16
2022-03-03,4.07,4.07,4.09,4.06,6380.0,2595620.0,0.74,0.25,0.01,0.09
2022-03-04,4.08,4.02,4.08,4.01,10867.0,4383478.0,1.72,-1.23,-0.05,0.15
2022-03-07,4.02,3.9,4.02,3.89,20391.0,8056252.0,3.23,-2.99,-0.12,0.29
2022-03-08,3.9,3.81,3.93,3.78,17916.0,6891975.0,3.85,-2.31,-0.09,0.25
2022-03-09,3.81,3.72,3.84,3.62,25250.0,9369625.0,5.77,-2.36,-0.09,0.36
2022-03-10,3.74,3.77,3.82,3.74,10595.0,4007217.0,2.15,1.34,0.05,0.15
2022-03-11,3.76,3.78,3.78,3.69,8322.0,3100306.0,2.39,0.27,0.01,0.12
2022-03-14,3.8,3.97,3.97,3.8,47471.0,18744605.0,4.5,5.03,0.19,0.67
2022-03-15,3.98,3.82,3.99,3.8,29054.0,11259079.0,4.79,-3.78,-0.15,0.41
2022-03-16,3.78,4.0,4.01,3.78,38230.0,15112322.0,6.02,4.71,0.18,0.54
2022-03-17,3.97,4.0,4.03,3.94,28284.0,11268159.0,2.25,0.0,0.0,0.4
2022-03-18,3.97,4.04,4.04,3.94,18275.0,7319051.0,2.5,1.0,0.04,0.26
2022-03-21,4.07,4.0,4.08,3.98,14397.0,5780239.0,2.48,-0.99,-0.04,0.2
2022-03-22,4.01,4.11,4.19,3.97,41145.0,16879444.0,5.5,2.75,0.11,0.58
2022-03-23,4.11,4.16,4.2,4.11,17675.0,7341072.0,2.19,1.22,0.05,0.25
2022-03-24,4.14,4.05,4.14,4.03,11141.0,4547431.0,2.64,-2.64,-0.11,0.16
2022-03-25,4.05,4.0,4.08,4.0,9296.0,3738880.0,1.98,-1.23,-0.05,0.13
2022-03-28,4.0,4.01,4.04,3.94,9011.0,3594395.0,2.5,0.25,0.01,0.13
2022-03-29,4.0,3.98,4.03,3.98,7059.0,2820211.0,1.25,-0.75,-0.03,0.1
2022-03-30,3.98,3.99,4.03,3.98,7837.0,3134280.0,1.26,0.25,0.01,0.11
2022-03-31,4.02,4.03,4.07,3.98,13399.0,5389301.0,2.26,1.0,0.04,0.19
2022-04-01,4.0,4.07,4.12,4.0,15419.0,6292621.0,2.98,0.99,0.04,0.22
2022-04-06,4.06,4.13,4.15,4.06,11381.0,4678176.0,2.21,1.47,0.06,0.16
2022-04-07,4.12,4.03,4.2,4.03,19359.0,7934138.0,4.12,-2.42,-0.1,0.27
2022-04-08,4.01,3.99,4.05,3.98,12214.0,4888768.0,1.74,-0.99,-0.04,0.17
2022-04-11,3.99,3.84,4.0,3.79,23594.0,9175140.0,5.26,-3.76,-0.15,0.33
2022-04-12,3.82,3.95,3.98,3.82,8078.0,3136838.0,4.17,2.86,0.11,0.11
2022-04-13,3.94,3.91,3.97,3.9,10083.0,3953995.0,1.77,-1.01,-0.04,0.14
2022-04-14,3.9,3.89,3.95,3.88,9240.0,3617344.0,1.79,-0.51,-0.02,0.13
2022-04-15,3.88,3.86,3.92,3.8,7626.0,2956151.0,3.08,-0.77,-0.03,0.11
2022-04-18,3.81,3.85,3.87,3.8,6725.0,2580995.0,1.81,-0.26,-0.01,0.09
2022-04-19,3.88,3.88,3.9,3.85,3858.0,1495108.0,1.3,0.78,0.03,0.05
2022-04-20,3.88,3.89,3.97,3.85,8000.0,3134929.0,3.09,0.26,0.01,0.11
2022-04-21,3.85,3.75,3.89,3.74,13388.0,5094350.0,3.86,-3.6,-0.14,0.19
2022-04-22,3.76,3.77,3.79,3.71,7760.0,2908835.0,2.13,0.53,0.02,0.11
2022-04-25,3.75,3.58,3.75,3.58,12809.0,4665397.0,4.51,-5.04,-0.19,0.18
2022-04-26,3.58,3.4,3.58,3.4,19484.0,6702538.0,5.03,-5.03,-0.18,0.27
2022-04-27,3.43,3.41,3.43,3.26,20454.0,6845493.0,5.0,0.29,0.01,0.29
2022-04-28,3.39,3.32,3.42,3.29,16968.0,5661514.0,3.81,-2.64,-0.09,0.24
2022-04-29,3.32,3.4,3.43,3.31,16007.0,5404447.0,3.61,2.41,0.08,0.23
2022-05-05,3.38,3.47,3.48,3.35,14112.0,4814573.0,3.82,2.06,0.07,0.2
2022-05-06,3.43,3.46,3.59,3.42,9429.0,3276830.0,4.9,-0.29,-0.01,0.13
2022-05-09,3.42,3.52,3.58,3.36,12832.0,4512407.0,6.36,1.73,0.06,0.18
2022-05-10,3.5,3.54,3.57,3.48,5418.0,1909704.0,2.56,0.57,0.02,0.08
2022-05-11,3.54,3.55,3.58,3.49,14295.0,5070790.0,2.54,0.28,0.01,0.2
2022-05-12,3.55,3.46,3.56,3.46,10922.0,3819773.0,2.82,-2.54,-0.09,0.15
2022-05-13,3.47,3.51,3.52,3.44,11662.0,4065225.0,2.31,1.45,0.05,0.16
2022-05-16,3.53,3.54,3.58,3.51,9305.0,3295431.0,1.99,0.85,0.03,0.13
2022-05-17,3.54,3.52,3.54,3.44,7022.0,2447508.0,2.82,-0.56,-0.02,0.1
2022-05-18,3.5,3.53,3.54,3.48,6524.0,2293987.0,1.7,0.28,0.01,0.09
2022-05-19,3.49,3.58,3.68,3.49,13505.0,4828576.0,5.38,1.42,0.05,0.19
2022-05-20,3.58,3.71,3.72,3.58,21584.0,7891996.0,3.91,3.63,0.13,0.3
2022-05-23,3.72,3.79,3.83,3.72,18633.0,7024065.0,2.96,2.16,0.08,0.26
2022-05-24,3.77,3.62,3.81,3.62,15926.0,5914349.0,5.01,-4.49,-0.17,0.22
2022-05-25,3.63,3.7,3.73,3.63,9906.0,3653403.0,2.76,2.21,0.08,0.14
2022-05-26,3.73,3.67,3.73,3.62,14155.0,5189264.0,2.97,-0.81,-0.03,0.2
2022-05-27,3.67,3.67,3.71,3.63,8074.0,2965472.0,2.18,0.0,0.0,0.11
2022-05-30,3.68,3.85,3.85,3.68,24134.0,9242215.0,4.63,4.9,0.18,0.34
2022-05-31,3.83,4.04,4.04,3.81,36757.0,14548481.0,5.97,4.94,0.19,0.52
2022-06-01,4.04,4.05,4.16,3.97,36793.0,14845711.0,4.7,0.25,0.01,0.52
2022-06-02,4.06,4.1,4.13,4.0,20394.0,8305833.0,3.21,1.23,0.05,0.29
2022-06-06,4.05,4.05,4.12,4.02,12798.0,5191463.0,2.44,-1.22,-0.05,0.18
2022-06-07,4.05,4.0,4.05,3.95,16043.0,6399512.0,2.47,-1.23,-0.05,0.23
2022-06-08,4.0,3.96,4.01,3.92,11641.0,4614324.0,2.25,-1.0,-0.04,0.16
2022-06-09,3.96,4.01,4.04,3.94,12058.0,4830978.0,2.53,1.26,0.05,0.17
2022-06-10,3.98,3.99,4.03,3.98,9486.0,3796686.0,1.25,-0.5,-0.02,0.13
2022-06-13,3.97,3.86,3.97,3.86,10861.0,4241575.0,2.76,-3.26,-0.13,0.15
2022-06-14,3.83,3.92,3.94,3.82,9706.0,3746918.0,3.11,1.55,0.06,0.14
2022-06-15,3.95,3.96,3.99,3.91,11681.0,4610808.0,2.04,1.02,0.04,0.16
2022-06-16,3.93,4.07,4.09,3.93,20696.0,8380141.0,4.04,2.78,0.11,0.29
2022-06-17,4.27,4.27,4.27,4.27,12493.0,5334707.0,0.0,4.91,0.2,0.18
2022-06-20,4.48,4.48,4.48,4.47,42353.0,18972947.0,0.23,4.92,0.21,0.6
2022-06-21,4.56,4.56,4.7,4.5,97653.0,44894806.0,4.46,1.79,0.08,1.37
2022-06-22,4.53,4.63,4.77,4.51,54286.0,24995621.0,5.7,1.54,0.07,0.76
2022-06-24,4.8,4.65,5.08,4.49,241091.0,112703595.0,12.74,0.43,0.02,3.39
2022-06-27,4.58,4.84,5.12,4.47,261072.0,125575563.0,13.98,4.09,0.19,3.67
2022-06-28,4.69,4.97,5.06,4.61,211215.0,100978445.0,9.3,2.69,0.13,2.97
2022-06-29,4.86,4.84,5.02,4.78,126953.0,61904886.0,4.83,-2.62,-0.13,1.79
2022-06-30,4.82,4.95,5.22,4.73,253034.0,126370998.0,10.12,2.27,0.11,3.54
2022-07-01,4.8,4.64,4.84,4.62,150501.0,70937101.0,4.44,-6.26,-0.31,2.1
2022-07-04,4.66,4.57,4.71,4.57,74161.0,34274313.0,3.02,-1.51,-0.07,1.04
2022-07-05,4.61,4.58,4.74,4.55,91792.0,42523899.0,4.16,0.22,0.01,1.28
2022-07-06,4.58,4.49,4.58,4.48,76188.0,34481991.0,2.18,-1.97,-0.09,1.06
2022-07-07,4.41,4.39,4.54,4.39,78673.0,34973364.0,3.34,-2.23,-0.1,1.1
2022-07-08,4.38,4.33,4.44,4.3,88673.0,38544619.0,3.19,-1.37,-0.06,1.24
2022-07-11,4.3,4.31,4.33,4.22,56890.0,24424885.0,2.54,-0.46,-0.02,0.8
2022-07-12,4.31,4.18,4.32,4.18,54117.0,22939956.0,3.25,-3.02,-0.13,0.76
2022-07-13,4.21,4.23,4.28,4.15,72785.0,30756881.68,3.11,1.2,0.05,1.02
2022-07-14,4.25,4.18,4.25,4.18,39068.0,16436093.54,1.65,-1.18,-0.05,0.55
2022-07-15,4.21,4.13,4.21,4.11,55870.0,23183201.76,2.39,-1.2,-0.05,0.78
2022-07-18,4.11,4.18,4.24,4.11,39439.0,16491384.36,3.15,1.21,0.05,0.55
2022-07-19,4.19,4.26,4.27,4.19,32463.0,13732413.0,1.91,1.91,0.08,0.45
2022-07-20,4.29,4.35,4.36,4.26,48989.0,21157864.87,2.35,2.11,0.09,0.68
2022-07-21,4.35,4.29,4.36,4.29,29353.0,12668885.0,1.61,-1.38,-0.06,0.41
2022-07-22,4.28,4.39,4.39,4.26,58346.0,25383859.33,3.03,2.33,0.1,0.82
2022-07-25,4.4,4.26,4.4,4.25,40238.0,17374624.22,3.42,-2.96,-0.13,0.56
2022-07-26,4.26,4.35,4.35,4.26,28024.0,12101535.16,2.11,2.11,0.09,0.39
2022-07-27,4.32,4.3,4.36,4.3,22904.0,9909064.96,1.38,-1.15,-0.05,0.32
2022-07-28,4.33,4.27,4.33,4.27,31678.0,13596390.0,1.4,-0.7,-0.03,0.44
2022-07-29,4.28,4.21,4.32,4.21,28768.0,12249627.38,2.58,-1.41,-0.06,0.4
2022-08-01,4.21,4.21,4.25,4.17,24523.0,10343948.0,1.9,0.0,0.0,0.34
2022-08-02,4.26,4.01,4.26,3.98,68789.0,27871000.0,6.65,-4.75,-0.2,0.96
2022-08-03,4.01,3.94,4.11,3.93,39251.0,15831578.94,4.49,-1.75,-0.07,0.55
2022-08-04,3.96,4.06,4.06,3.95,33386.0,13409316.49,2.79,3.05,0.12,0.47
2022-08-05,4.05,4.12,4.13,4.03,26591.0,10849921.72,2.46,1.48,0.06,0.37
2022-08-08,4.13,4.11,4.13,4.05,21545.0,8802793.0,1.94,-0.24,-0.01,0.3
2022-08-09,4.11,4.08,4.17,4.05,33802.0,13862863.4,2.92,-0.73,-0.03,0.47
2022-08-10,4.09,4.11,4.12,4.04,28286.0,11529863.0,1.96,0.74,0.03,0.4
2022-08-11,4.1,4.18,4.28,4.08,37152.0,15546953.0,4.87,1.7,0.07,0.52
2022-08-12,4.2,4.26,4.3,4.2,37056.0,15789359.0,2.39,1.91,0.08,0.52
2022-08-15,4.25,4.22,4.25,4.17,27904.0,11724730.82,1.88,-0.94,-0.04,0.39
2022-08-16,4.24,4.2,4.25,4.17,21040.0,8833483.38,1.9,-0.47,-0.02,0.29
2022-08-17,4.21,4.26,4.26,4.18,34185.0,14478812.5,1.9,1.43,0.06,0.48
2022-08-18,4.26,4.21,4.26,4.17,27630.0,11606403.0,2.11,-1.17,-0.05,0.39
2022-08-19,4.2,4.2,4.29,4.19,31922.0,13527887.0,2.38,-0.24,-0.01,0.45
2022-08-22,4.21,4.34,4.35,4.15,57506.0,24679929.0,4.76,3.33,0.14,0.8
2022-08-23,4.3,4.42,4.47,4.29,56281.0,24682565.78,4.15,1.84,0.08,0.79
2022-08-24,4.42,4.43,4.46,4.37,59725.0,26349672.42,2.04,0.23,0.01,0.83
2022-08-25,4.48,4.87,4.87,4.29,374746.0,176704479.34,13.09,9.93,0.44,5.24
2022-08-26,4.73,4.56,5.04,4.41,379414.0,177334849.25,12.94,-6.37,-0.31,5.3
2022-08-29,4.39,4.51,4.59,4.27,204410.0,89894848.58,7.02,-1.1,-0.05,2.86
2022-08-30,4.45,4.81,4.96,4.45,589176.0,284871740.6,11.31,6.65,0.3,8.23
2022-08-31,4.75,5.28,5.29,4.75,998540.0,517080160.26,11.23,9.77,0.47,13.96
2022-09-01,4.75,4.75,4.95,4.75,656962.0,314727407.07,3.79,-10.04,-0.53,9.18
2022-09-02,4.52,4.63,4.8,4.45,503919.0,232886895.43,7.37,-2.53,-0.12,7.04
2022-09-05,4.66,4.68,4.85,4.57,382953.0,179916346.76,6.05,1.08,0.05,5.35
2022-09-06,4.64,4.55,4.68,4.48,327877.0,148586987.73,4.27,-2.78,-0.13,4.58
2022-09-07,4.53,4.31,4.54,4.29,331810.0,144564164.0,5.49,-5.27,-0.24,4.64
2022-09-08,4.29,4.21,4.4,4.21,215538.0,92860083.0,4.41,-2.32,-0.1,3.01
2022-09-09,4.18,4.19,4.22,4.12,149701.0,62498827.0,2.38,-0.48,-0.02,2.09
2022-09-13,4.21,4.18,4.23,4.18,111090.0,46697441.0,1.19,-0.24,-0.01,1.55
2022-09-14,4.09,4.16,4.2,4.07,114515.0,47471624.0,3.11,-0.48,-0.02,1.6
2022-09-15,4.18,4.17,4.25,4.1,145577.0,60975848.0,3.61,0.24,0.01,2.03
2022-09-16,4.12,4.17,4.38,4.09,199296.0,84007326.0,6.95,0.0,0.0,2.79
2022-09-19,4.1,3.99,4.15,3.97,159152.0,64026674.98,4.32,-4.32,-0.18,2.22
2022-09-20,3.99,4.07,4.12,3.99,96038.0,39013104.0,3.26,2.01,0.08,1.34
2022-09-21,4.04,4.16,4.18,3.97,110326.0,45048135.84,5.16,2.21,0.09,1.54
2022-09-22,4.12,4.09,4.17,4.08,68399.0,28223612.0,2.16,-1.68,-0.07,0.96
2022-09-23,4.09,3.99,4.13,3.98,86355.0,34836887.0,3.67,-2.44,-0.1,1.21
2022-09-26,4.02,3.9,4.03,3.89,86327.0,34172347.55,3.51,-2.26,-0.09,1.21
2022-09-27,3.9,4.04,4.05,3.86,100572.0,39729059.0,4.87,3.59,0.14,1.41
2022-09-28,4.03,3.96,4.08,3.96,76557.0,30713146.47,2.97,-1.98,-0.08,1.07
2022-09-29,4.0,3.85,4.03,3.78,90278.0,35120474.65,6.31,-2.78,-0.11,1.26
2022-09-30,3.82,3.83,3.89,3.82,54163.0,20874526.05,1.82,-0.52,-0.02,0.76
2022-10-10,3.82,3.72,3.84,3.71,62158.0,23462912.0,3.39,-2.87,-0.11,0.87
2022-10-11,3.72,3.75,3.78,3.65,47251.0,17539280.62,3.49,0.81,0.03,0.66
2022-10-12,3.76,3.82,3.83,3.7,48436.0,18187273.0,3.47,1.87,0.07,0.68
2022-10-13,3.8,3.87,3.9,3.76,57122.0,22009579.44,3.66,1.31,0.05,0.8
2022-10-14,3.89,3.94,3.98,3.85,57627.0,22617623.0,3.36,1.81,0.07,0.81
2022-10-17,3.94,4.01,4.03,3.91,61059.0,24301537.0,3.05,1.78,0.07,0.85
2022-10-18,4.05,4.02,4.06,4.01,61020.0,24621713.12,1.25,0.25,0.01,0.85
2022-10-19,4.05,3.99,4.05,3.99,49432.0,19846686.0,1.49,-0.75,-0.03,0.69
2022-10-20,3.99,3.96,4.03,3.91,49760.0,19790208.8,3.01,-0.75,-0.03,0.7
2022-10-21,4.02,4.04,4.05,3.92,78169.0,31141789.62,3.28,2.02,0.08,1.09
2022-10-24,3.99,3.8,4.02,3.75,88550.0,34369921.92,6.68,-5.94,-0.24,1.24
2022-10-25,3.81,3.79,3.88,3.77,44009.0,16725531.0,2.89,-0.26,-0.01,0.62
2022-10-26,3.78,3.78,3.87,3.72,52534.0,20099507.0,3.96,-0.26,-0.01,0.73
2022-10-27,3.79,3.82,3.9,3.79,40687.0,15619922.48,2.91,1.06,0.04,0.57
2022-10-28,3.82,3.72,3.82,3.69,87414.0,32697157.3,3.4,-2.62,-0.1,1.22
2022-10-31,3.76,3.73,3.82,3.73,50463.0,18995557.76,2.42,0.27,0.01,0.71
2022-11-01,3.74,3.85,3.86,3.74,53849.0,20471196.05,3.22,3.22,0.12,0.75
2022-11-02,3.86,3.95,3.99,3.82,84961.0,33436418.34,4.42,2.6,0.1,1.19
2022-11-03,3.95,3.88,3.95,3.86,49870.0,19468172.0,2.28,-1.77,-0.07,0.7
2022-11-04,3.89,3.97,3.99,3.88,71238.0,28133394.92,2.84,2.32,0.09,1.0
2022-11-07,3.96,4.04,4.08,3.92,80968.0,32541782.55,4.03,1.76,0.07,1.13
2022-11-08,4.06,4.07,4.08,4.01,74173.0,30012114.07,1.73,0.74,0.03,1.04
2022-11-09,4.1,4.1,4.16,4.04,92847.0,38130179.5,2.95,0.74,0.03,1.3
2022-11-10,4.08,4.16,4.2,4.08,68384.0,28403348.34,2.93,1.46,0.06,0.96
2022-11-11,4.21,4.15,4.26,4.14,102562.0,43020239.36,2.88,-0.24,-0.01,1.43
2022-11-14,4.15,4.15,4.26,4.11,71061.0,29550798.02,3.61,0.0,0.0,0.99
2022-11-15,4.17,4.18,4.25,4.15,66019.0,27582107.38,2.41,0.72,0.03,0.92
2022-11-16,4.2,4.43,4.6,4.2,424520.0,189942471.12,9.57,5.98,0.25,5.93
2022-11-17,4.44,4.7,4.87,4.33,466274.0,215087926.15,12.19,6.09,0.27,6.52
2022-11-18,4.52,4.41,4.68,4.41,363836.0,165171965.84,5.74,-6.17,-0.29,5.09
2022-11-21,4.42,4.32,4.51,4.27,217291.0,94500204.64,5.44,-2.04,-0.09,3.04
2022-11-22,4.27,4.23,4.37,4.2,138527.0,59314752.66,3.94,-2.08,-0.09,1.94
2022-11-23,4.27,4.16,4.27,4.09,127756.0,53121513.0,4.26,-1.65,-0.07,1.79
2022-11-24,4.16,4.13,4.2,4.12,81693.0,33953622.46,1.92,-0.72,-0.03,1.14
2022-11-25,4.13,4.15,4.2,4.11,76338.0,31733152.0,2.18,0.48,0.02,1.07
2022-11-28,4.11,4.25,4.27,4.07,127362.0,53405916.53,4.82,2.41,0.1,1.78
2022-11-29,4.21,4.4,4.5,4.2,160554.0,69762167.71,7.06,3.53,0.15,2.24
2022-11-30,4.39,4.43,4.47,4.34,117762.0,51904733.99,2.95,0.68,0.03,1.65
2022-12-01,4.5,4.56,4.67,4.47,209377.0,95626853.98,4.51,2.93,0.13,2.93
2022-12-02,4.58,4.68,4.9,4.56,273463.0,129921515.25,7.46,2.63,0.12,3.82
2022-12-05,4.73,4.71,4.8,4.61,187370.0,87745594.0,4.06,0.64,0.03,2.62
2022-12-06,4.67,4.68,4.82,4.63,137006.0,64569833.54,4.03,-0.64,-0.03,1.91
2022-12-07,4.68,4.77,4.83,4.59,176380.0,83197529.34,5.13,1.92,0.09,2.47
2022-12-08,4.77,4.85,4.87,4.71,142809.0,68548400.0,3.35,1.68,0.08,2.0
2022-12-09,4.86,4.68,4.86,4.63,121279.0,57096672.55,4.74,-3.51,-0.17,1.7
2022-12-12,4.7,4.62,4.72,4.57,108046.0,49925893.0,3.21,-1.28,-0.06,1.51
2022-12-13,4.63,4.74,4.84,4.6,153681.0,73118031.86,5.19,2.6,0.12,2.15
2022-12-14,4.73,4.91,5.03,4.71,222089.0,108937655.26,6.75,3.59,0.17,3.1
2022-12-15,4.82,4.75,4.91,4.75,128600.0,61884999.03,3.26,-3.26,-0.16,1.8
2022-12-16,4.71,4.68,4.79,4.67,83612.0,39366286.0,2.53,-1.47,-0.07,1.17
2022-12-19,4.67,4.57,4.75,4.54,85545.0,39503812.0,4.49,-2.35,-0.11,1.2
2022-12-20,4.6,4.48,4.63,4.46,61571.0,27760454.0,3.72,-1.97,-0.09,0.86
2022-12-21,4.49,4.82,4.93,4.47,223738.0,106074942.94,10.27,7.59,0.34,3.13
2022-12-22,4.81,4.76,4.94,4.72,151640.0,72884901.0,4.56,-1.24,-0.06,2.12
2022-12-23,4.75,4.81,4.9,4.7,155542.0,74729170.5,4.2,1.05,0.05,2.17
2022-12-26,4.82,4.84,4.94,4.76,149057.0,72306490.0,3.74,0.62,0.03,2.08
2022-12-27,4.85,4.76,4.86,4.7,111139.0,52923678.92,3.31,-1.65,-0.08,1.55
2022-12-28,4.76,4.97,5.17,4.68,367614.0,183263736.09,10.29,4.41,0.21,5.14
2022-12-29,4.91,4.92,5.05,4.86,234723.0,116754434.61,3.82,-1.01,-0.05,3.28
2022-12-30,4.93,5.41,5.41,4.9,944726.0,498892724.65,10.37,9.96,0.49,13.2
2023-01-03,5.28,5.21,5.35,5.1,739226.0,385343063.32,4.62,-3.7,-0.2,10.33
2023-01-04,5.18,5.14,5.22,5.07,492089.0,253124142.2,2.88,-1.34,-0.07,6.88
2023-01-05,5.11,5.0,5.13,4.9,508680.0,253399682.17,4.47,-2.72,-0.14,7.11
2023-01-06,4.94,4.75,4.98,4.74,403792.0,193623267.96,4.8,-5.0,-0.25,5.64
2023-01-09,4.79,4.79,4.8,4.65,240207.0,114015678.98,3.16,0.84,0.04,3.36
2023-01-10,4.75,4.71,4.78,4.67,169923.0,80016393.8,2.3,-1.67,-0.08,2.37
2023-01-11,4.76,4.74,4.86,4.71,176208.0,84275280.0,3.18,0.64,0.03,2.46
2023-01-12,4.69,4.53,4.71,4.52,211063.0,96911798.0,4.01,-4.43,-0.21,2.95
2023-01-13,4.54,4.58,4.61,4.48,133887.0,61243405.74,2.87,1.1,0.05,1.87
2023-01-16,4.58,4.67,4.73,4.56,150594.0,69992237.98,3.71,1.97,0.09,2.1
2023-01-17,4.68,4.61,4.7,4.56,93540.0,42991693.0,3.0,-1.28,-0.06,1.31
2023-01-18,4.6,4.64,4.72,4.59,101519.0,47255387.0,2.82,0.65,0.03,1.42
2023-01-19,4.66,4.71,4.71,4.62,107201.0,50102380.0,1.94,1.51,0.07,1.5
2023-01-20,4.71,4.8,4.8,4.67,158904.0,75601987.4,2.76,1.91,0.09,2.22
2023-01-30,4.84,4.68,4.88,4.67,208311.0,98410521.0,4.38,-2.5,-0.12,2.91
2023-01-31,4.68,4.6,4.7,4.56,135175.0,62214855.04,2.99,-1.71,-0.08,1.89
2023-02-01,4.6,4.65,4.65,4.57,90185.0,41703196.26,1.74,1.09,0.05,1.26
2023-02-02,4.66,4.6,4.68,4.6,112292.0,51921194.2,1.72,-1.08,-0.05,1.57
2023-02-03,4.61,4.62,4.67,4.58,92431.0,42693870.09,1.96,0.43,0.02,1.29
2023-02-06,4.6,4.51,4.62,4.5,130049.0,59147700.0,2.6,-2.38,-0.11,1.82
2023-02-07,4.51,4.51,4.56,4.49,95286.0,42972110.98,1.55,0.0,0.0,1.33
2023-02-08,4.51,4.4,4.52,4.4,104178.0,46339641.0,2.66,-2.44,-0.11,1.46
2023-02-09,4.4,4.47,4.48,4.4,80166.0,35615008.4,1.82,1.59,0.07,1.12
2023-02-10,4.47,4.52,4.56,4.47,107969.0,48903351.88,2.01,1.12,0.05,1.51
2023-02-13,4.63,4.7,4.8,4.6,235789.0,111046968.38,4.42,3.98,0.18,3.3
2023-02-14,4.71,4.66,4.73,4.62,108930.0,50690773.27,2.34,-0.85,-0.04,1.52
2023-02-15,4.64,4.65,4.67,4.61,74260.0,34486320.0,1.29,-0.21,-0.01,1.04
2023-02-16,4.68,4.57,4.74,4.5,206173.0,96199101.4,5.16,-1.72,-0.08,2.88
2023-02-17,4.56,4.59,4.65,4.55,120100.0,55239536.0,2.19,0.44,0.02,1.68
2023-02-20,4.62,4.62,4.64,4.54,84164.0,38666767.0,2.18,0.65,0.03,1.18
2023-02-21,4.64,4.58,4.66,4.56,80744.0,37129414.0,2.16,-0.87,-0.04,1.13
2023-02-22,4.56,4.61,4.62,4.5,93024.0,42361735.0,2.62,0.66,0.03,1.3
2023-02-23,4.66,4.58,4.7,4.56,78661.0,36285638.0,3.04,-0.65,-0.03,1.1
2023-02-24,4.56,4.58,4.6,4.53,48510.0,22170901.0,1.53,0.0,0.0,0.68
2023-02-27,4.59,4.53,4.59,4.52,45781.0,20826241.0,1.53,-1.09,-0.05,0.64
2023-02-28,4.52,4.56,4.56,4.52,40804.0,18519711.72,0.88,0.66,0.03,0.57
2023-03-01,4.55,4.59,4.6,4.53,56235.0,25746659.82,1.54,0.66,0.03,0.79
2023-03-02,4.6,4.66,4.68,4.6,107953.0,50129624.3,1.74,1.53,0.07,1.51
2023-03-03,4.67,4.69,4.7,4.62,86043.0,40182248.0,1.72,0.64,0.03,1.2
2023-03-06,4.69,4.72,4.76,4.67,105180.0,49595828.07,1.92,0.64,0.03,1.47
2023-03-07,4.68,4.59,4.72,4.59,83548.0,38843659.2,2.75,-2.75,-0.13,1.17
2023-03-08,4.6,4.73,4.73,4.58,144292.0,67604948.44,3.27,3.05,0.14,2.02
2023-03-09,4.74,4.76,4.81,4.7,124575.0,59204712.0,2.33,0.63,0.03,1.74
2023-03-10,4.71,4.76,4.84,4.7,139789.0,66905154.0,2.94,0.0,0.0,1.95
2023-03-13,4.75,4.71,4.75,4.61,111207.0,51884467.0,2.94,-1.05,-0.05,1.55
2023-03-14,4.73,4.62,4.77,4.61,87048.0,40691435.0,3.4,-1.91,-0.09,1.22
2023-03-15,4.64,4.64,4.68,4.59,84794.0,39319975.0,1.95,0.43,0.02,1.19
2023-03-16,4.65,4.53,4.65,4.52,100689.0,45883388.75,2.8,-2.37,-0.11,1.41
2023-03-17,4.56,4.64,4.68,4.56,109112.0,50387934.8,2.65,2.43,0.11,1.53
2023-03-20,4.67,4.73,4.78,4.66,156397.0,74121705.0,2.59,1.94,0.09,2.19
2023-03-21,4.73,4.94,5.05,4.7,285826.0,139770498.46,7.4,4.44,0.21,3.99
2023-03-22,5.05,5.0,5.08,4.93,300713.0,149856481.92,3.04,1.21,0.06,4.2
2023-03-23,4.98,4.96,5.0,4.87,169882.0,84037828.0,2.6,-0.8,-0.04,2.37
2023-03-24,4.96,5.03,5.11,4.89,263203.0,131522738.19,4.44,1.41,0.07,3.68
2023-03-27,4.98,5.01,5.04,4.87,154505.0,76585634.0,3.38,-0.4,-0.02,2.16
2023-03-28,5.03,4.93,5.03,4.92,90586.0,45035516.98,2.2,-1.6,-0.08,1.27
2023-03-29,4.96,4.99,5.13,4.87,176746.0,88314417.0,5.27,1.22,0.06,2.47
2023-03-30,4.98,4.82,4.98,4.82,132741.0,64871120.16,3.21,-3.41,-0.17,1.86
2023-03-31,4.85,5.05,5.09,4.82,176976.0,88096542.24,5.6,4.77,0.23,2.47
2023-04-03,5.0,5.08,5.1,4.97,139654.0,70529223.66,2.57,0.59,0.03,1.95
2023-04-04,5.07,5.03,5.13,4.99,115853.0,58477550.48,2.76,-0.98,-0.05,1.62
2023-04-06,5.02,4.91,5.03,4.88,124832.0,61506299.9,2.98,-2.39,-0.12,1.74
2023-04-07,4.95,5.07,5.18,4.86,180959.0,91083008.4,6.52,3.26,0.16,2.53
2023-04-10,5.18,5.09,5.36,5.07,238926.0,123944728.0,5.72,0.39,0.02,3.34
2023-04-11,5.15,5.39,5.47,5.09,387994.0,206901311.66,7.47,5.89,0.3,5.42
2023-04-12,5.38,5.74,5.82,5.33,496369.0,276841125.33,9.09,6.49,0.35,6.94
2023-04-13,5.74,5.8,5.96,5.66,555827.0,321867265.1,5.23,1.05,0.06,7.77
2023-04-14,5.68,6.15,6.15,5.64,623870.0,368106403.54,8.79,6.03,0.35,8.72
2023-04-17,6.3,5.95,6.34,5.75,588883.0,350930378.2,9.59,-3.25,-0.2,8.23
2023-04-18,5.88,5.78,5.93,5.68,339493.0,196273376.51,4.2,-2.86,-0.17,4.75
2023-04-19,5.78,6.36,6.36,5.72,642229.0,398215899.15,11.07,10.03,0.58,8.98
2023-04-20,6.48,6.08,6.48,5.96,975553.0,603937469.36,8.18,-4.4,-0.28,13.64
2023-04-21,6.12,5.65,6.18,5.59,628602.0,366874660.27,9.7,-7.07,-0.43,8.79
2023-04-24,5.54,5.61,5.75,5.37,454603.0,253168208.78,6.73,-0.71,-0.04,6.35
2023-04-25,5.6,5.5,5.74,5.4,357647.0,198036272.37,6.06,-1.96,-0.11,5.0
2023-04-26,5.46,5.55,5.66,5.32,366825.0,202052180.0,6.18,0.91,0.05,5.13
2023-04-27,5.75,5.71,5.94,5.65,450105.0,260690650.56,5.23,2.88,0.16,6.29
2023-04-28,5.65,5.99,6.08,5.65,411698.0,244676101.53,7.53,4.9,0.28,5.75
2023-05-04,5.97,6.11,6.2,5.93,370663.0,224941028.69,4.51,2.0,0.12,5.18
2023-05-05,6.11,5.98,6.18,5.93,264167.0,159416499.61,4.09,-2.13,-0.13,3.69
2023-05-08,5.99,6.11,6.22,5.9,253929.0,154785529.0,5.35,2.17,0.13,3.55
2023-05-09,6.05,6.15,6.3,5.99,290241.0,178674882.51,5.07,0.65,0.04,4.06
2023-05-10,6.1,6.1,6.29,6.01,239901.0,147217349.0,4.55,-0.81,-0.05,3.35
2023-05-11,6.1,6.59,6.71,6.1,573858.0,373102287.25,10.0,8.03,0.49,8.02
2023-05-12,6.41,6.14,6.51,6.14,393028.0,246758015.87,5.61,-6.83,-0.45,5.49
2023-05-15,6.2,5.97,6.22,5.84,241527.0,144492827.0,6.19,-2.77,-0.17,3.38
2023-05-16,5.96,5.78,6.12,5.77,181923.0,107493642.0,5.86,-3.18,-0.19,2.54
2023-05-17,5.8,6.0,6.2,5.74,239631.0,144229569.0,7.96,3.81,0.22,3.35
2023-05-18,5.91,6.12,6.24,5.8,213330.0,129239826.36,7.33,2.0,0.12,2.98
2023-05-19,6.08,5.99,6.13,5.92,127153.0,76316955.0,3.43,-2.12,-0.13,1.78
2023-05-22,6.08,5.99,6.08,5.85,122219.0,72646202.21,3.84,0.0,0.0,1.71
2023-05-23,5.9,5.83,6.02,5.71,196273.0,114650776.0,5.18,-2.67,-0.16,2.74
2023-05-24,5.84,6.12,6.16,5.79,220540.0,133350613.0,6.35,4.97,0.29,3.08
2023-05-25,6.12,5.81,6.14,5.68,238569.0,139957994.98,7.52,-5.07,-0.31,3.33
2023-05-26,5.75,5.86,6.01,5.75,113573.0,66688928.0,4.48,0.86,0.05,1.59
2023-05-29,5.86,6.26,6.45,5.82,476744.0,298649530.53,10.75,6.83,0.4,6.66
2023-05-30,6.25,6.28,6.34,6.1,272251.0,170108356.95,3.83,0.32,0.02,3.81
2023-05-31,6.2,6.28,6.46,6.15,233237.0,146678679.82,4.94,0.0,0.0,3.26
2023-06-01,6.21,6.31,6.48,6.21,221396.0,140875550.03,4.3,0.48,0.03,3.09
2023-06-02,6.5,6.86,6.94,6.43,707384.0,479251881.16,8.08,8.72,0.55,9.89
2023-06-05,6.88,7.55,7.55,6.66,553516.0,401457486.39,12.97,10.06,0.69,7.74
2023-06-06,7.95,8.31,8.31,7.78,928954.0,758911722.97,7.02,10.07,0.76,12.98
2023-06-07,8.32,9.14,9.14,8.31,655635.0,580651911.21,9.99,9.99,0.83,9.16
2023-06-08,9.6,9.06,9.9,8.51,2040739.0,1881565705.03,15.21,-0.88,-0.08,28.52
2023-06-09,8.15,8.24,8.78,8.15,1504048.0,1261277243.82,6.95,-9.05,-0.82,21.02
2023-06-12,8.03,7.83,8.19,7.67,1058271.0,832740798.34,6.31,-4.98,-0.41,14.79
2023-06-13,7.79,7.88,8.01,7.73,832716.0,654659127.61,3.58,0.64,0.05,11.64
2023-06-14,7.88,7.67,8.0,7.56,744538.0,577820459.81,5.58,-2.66,-0.21,10.41
2023-06-15,7.6,7.66,7.74,7.57,457197.0,349099338.93,2.22,-0.13,-0.01,6.39
2023-06-16,7.61,7.72,7.75,7.45,447495.0,343178375.73,3.92,0.78,0.06,6.25
2023-06-19,7.76,7.8,7.97,7.73,596180.0,466966908.13,3.11,1.04,0.08,8.33
2023-06-20,7.68,8.11,8.32,7.58,849238.0,683175780.15,9.49,3.97,0.31,11.87
2023-06-21,7.99,7.35,7.99,7.34,656403.0,501139024.91,8.01,-9.37,-0.76,9.17
2023-06-26,7.45,7.42,7.74,7.35,378095.0,283480256.57,5.31,0.95,0.07,5.28
2023-06-27,7.38,7.56,7.65,7.2,347736.0,260901828.42,6.06,1.89,0.14,4.86
2023-06-28,7.48,7.49,7.63,7.18,376475.0,277369815.4,5.95,-0.93,-0.07,5.26
2023-06-29,7.55,7.89,8.05,7.54,594219.0,465245932.81,6.81,5.34,0.4,8.31
2023-06-30,7.85,8.38,8.43,7.8,768563.0,634088924.05,7.98,6.21,0.49,10.74
2023-07-03,8.6,8.14,8.75,8.09,722074.0,599499956.91,7.88,-2.86,-0.24,10.09
2023-07-04,8.03,8.15,8.4,8.03,409594.0,334950094.3,4.55,0.12,0.01,5.72
2023-07-05,8.09,7.84,8.09,7.82,472159.0,373973690.63,3.31,-3.8,-0.31,6.6
2023-07-06,7.9,7.77,7.92,7.72,303425.0,236561580.67,2.55,-0.89,-0.07,4.24
2023-07-07,7.73,7.81,7.95,7.55,309821.0,240550401.8,5.15,0.51,0.04,4.33
2023-07-10,7.89,8.4,8.44,7.89,640693.0,528470276.63,7.04,7.55,0.59,8.95
2023-07-11,8.6,8.66,9.21,8.24,917422.0,797583691.33,11.55,3.1,0.26,12.82
2023-07-12,8.7,8.42,8.88,8.41,566348.0,487071484.14,5.43,-2.77,-0.24,7.92
2023-07-13,8.51,8.57,8.79,8.25,680567.0,579940808.34,6.41,1.78,0.15,9.51
2023-07-14,8.5,8.49,8.65,8.34,464224.0,392939351.7,3.62,-0.93,-0.08,6.49
2023-07-17,8.74,8.87,9.2,8.6,810802.0,719383575.95,7.07,4.48,0.38,11.33
2023-07-18,8.8,8.3,8.83,8.25,539556.0,454686330.68,6.54,-6.43,-0.57,7.54
2023-07-19,8.31,8.46,8.74,8.25,444336.0,378009434.11,5.9,1.93,0.16,6.21
2023-07-20,8.24,8.4,8.72,7.93,661157.0,551298217.65,9.34,-0.71,-0.06,9.24
2023-07-21,8.07,7.56,8.17,7.56,854270.0,664326239.71,7.26,-10.0,-0.84,11.94
2023-07-24,8.0,8.32,8.32,7.86,593821.0,487803506.04,6.08,10.05,0.76,8.3
2023-07-25,8.87,8.56,8.96,8.4,1120574.0,973716963.27,6.73,2.88,0.24,15.66
2023-07-26,8.4,8.09,8.54,8.01,667800.0,548460252.03,6.19,-5.49,-0.47,9.33
2023-07-27,7.97,7.62,8.0,7.56,645886.0,498123412.0,5.44,-5.81,-0.47,9.03
2023-07-28,7.62,7.79,7.79,7.36,467859.0,353758140.06,5.64,2.23,0.17,6.54
2023-07-31,7.9,7.81,8.24,7.8,558895.0,444568220.87,5.65,0.26,0.02,7.81
2023-08-01,7.72,7.48,7.78,7.37,464995.0,349367513.85,5.25,-4.23,-0.33,6.5
2023-08-02,7.4,7.18,7.4,7.1,435762.0,313502253.76,4.01,-4.01,-0.3,6.09
2023-08-03,7.14,7.1,7.21,7.04,221578.0,157739576.0,2.37,-1.11,-0.08,3.1
2023-08-04,7.1,7.16,7.24,7.09,269677.0,192938901.16,2.11,0.85,0.06,3.77
2023-08-07,7.16,7.46,7.5,7.13,470503.0,345167419.95,5.17,4.19,0.3,6.58
2023-08-08,7.3,7.26,7.45,7.22,338262.0,247774170.38,3.08,-2.68,-0.2,4.73
2023-08-09,7.12,6.88,7.22,6.84,380973.0,265339608.66,5.23,-5.23,-0.38,5.32
2023-08-10,6.85,6.88,6.95,6.8,152953.0,105279731.2,2.18,0.0,0.0,2.14
2023-08-11,6.87,6.76,6.95,6.73,172654.0,117545896.32,3.2,-1.74,-0.12,2.41
2023-08-14,6.76,6.87,6.91,6.74,164249.0,112485502.62,2.51,1.63,0.11,2.3
2023-08-15,6.88,6.7,6.89,6.66,169521.0,114054831.8,3.35,-2.47,-0.17,2.37
2023-08-16,6.69,6.6,6.7,6.55,169451.0,112295837.8,2.24,-1.49,-0.1,2.37
2023-08-17,6.6,6.67,6.7,6.52,138693.0,92018017.12,2.73,1.06,0.07,1.94
2023-08-18,6.65,6.5,6.73,6.49,154894.0,101993139.4,3.6,-2.55,-0.17,2.16
2023-08-21,6.44,6.52,6.65,6.44,154900.0,102049007.61,3.23,0.31,0.02,2.17
2023-08-22,6.53,6.64,6.66,6.45,179621.0,117818478.8,3.22,1.84,0.12,2.51
2023-08-23,6.6,6.5,6.6,6.46,129088.0,84327279.8,2.11,-2.11,-0.14,1.8
2023-08-24,6.51,6.68,6.74,6.51,263949.0,175608773.98,3.54,2.77,0.18,3.69
2023-08-25,6.68,6.44,6.68,6.38,235448.0,152620752.24,4.49,-3.59,-0.24,3.29
2023-08-28,6.71,6.46,6.76,6.45,197657.0,130109374.54,4.81,0.31,0.02,2.76
2023-08-29,6.46,6.75,6.93,6.44,324436.0,217515806.24,7.59,4.49,0.29,4.53
2023-08-30,6.7,6.71,6.75,6.58,224040.0,149501116.0,2.52,-0.59,-0.04,3.13
2023-08-31,6.67,6.54,6.68,6.53,133658.0,87804353.4,2.24,-2.53,-0.17,1.87
2023-09-01,6.52,6.53,6.57,6.48,110067.0,71769708.4,1.38,-0.15,-0.01,1.54
2023-09-04,6.53,6.6,6.6,6.5,124185.0,81473450.0,1.53,1.07,0.07,1.74
2023-09-05,6.59,6.44,6.6,6.38,161480.0,104226903.0,3.33,-2.42,-0.16,2.26
2023-09-06,6.4,6.33,6.43,6.2,143255.0,90355391.99,3.57,-1.71,-0.11,2.0
2023-09-07,6.35,6.22,6.42,6.22,132015.0,83207936.39,3.16,-1.74,-0.11,1.85
2023-09-08,6.22,6.23,6.3,6.14,110949.0,68861218.22,2.57,0.16,0.01,1.55
2023-09-11,6.26,6.33,6.38,6.2,126423.0,79618746.0,2.89,1.61,0.1,1.77
2023-09-12,6.32,6.29,6.32,6.25,73012.0,45856198.72,1.11,-0.63,-0.04,1.02
2023-09-13,6.28,6.23,6.33,6.18,109509.0,68306283.1,2.38,-0.95,-0.06,1.53
2023-09-14,6.28,6.16,6.28,6.1,103628.0,63817850.2,2.89,-1.12,-0.07,1.45
2023-09-15,6.17,6.22,6.29,6.16,103241.0,64325954.33,2.11,0.97,0.06,1.44
2023-09-18,6.24,6.34,6.41,6.18,167156.0,105994780.0,3.7,1.93,0.12,2.34
2023-09-19,6.31,6.15,6.4,6.13,149138.0,92725539.0,4.26,-3.0,-0.19,2.08
2023-09-20,6.14,6.09,6.17,6.05,89839.0,54825680.0,1.95,-0.98,-0.06,1.26
2023-09-21,6.1,6.05,6.13,6.01,69270.0,41972689.0,1.97,-0.66,-0.04,0.97
2023-09-22,6.02,6.24,6.25,6.02,169147.0,104700046.0,3.8,3.14,0.19,2.36
2023-09-25,6.24,6.13,6.28,6.07,129587.0,79778210.0,3.37,-1.76,-0.11,1.81
2023-09-26,6.12,6.16,6.22,6.11,96115.0,59386972.54,1.79,0.49,0.03,1.34
2023-09-27,6.15,6.1,6.21,6.09,109982.0,67493630.0,1.95,-0.97,-0.06,1.54
2023-09-28,6.13,6.17,6.2,6.12,91477.0,56426915.0,1.31,1.15,0.07,1.28
2023-10-09,6.14,5.85,6.14,5.76,201034.0,117818875.0,6.16,-5.19,-0.32,2.81
2023-10-10,5.88,5.86,5.99,5.84,116121.0,68474818.88,2.56,0.17,0.01,1.62
2023-10-11,5.9,5.88,5.98,5.77,111556.0,65682976.0,3.58,0.34,0.02,1.56
2023-10-12,5.89,5.82,5.95,5.81,98237.0,57435475.0,2.38,-1.02,-0.06,1.37
2023-10-13,5.82,5.76,5.84,5.74,77759.0,44949056.32,1.72,-1.03,-0.06,1.09
2023-10-16,5.8,5.72,5.82,5.66,96526.0,55239961.0,2.78,-0.69,-0.04,1.35
2023-10-17,5.69,5.72,5.75,5.67,73427.0,41947130.0,1.4,0.0,0.0,1.03
2023-10-18,5.7,5.68,5.74,5.61,86598.0,49252169.0,2.27,-0.7,-0.04,1.21
2023-10-19,5.66,5.66,5.78,5.63,99514.0,56827853.15,2.64,-0.35,-0.02,1.39
2023-10-20,5.65,5.64,5.7,5.6,103575.0,58399115.02,1.77,-0.35,-0.02,1.45
2023-10-23,5.63,5.55,5.66,5.53,97224.0,54316793.57,2.3,-1.6,-0.09,1.36
2023-10-24,5.57,5.67,5.72,5.56,103597.0,58649113.59,2.88,2.16,0.12,1.45
2023-10-25,5.69,5.79,5.8,5.68,104594.0,60356830.56,2.12,2.12,0.12,1.46
2023-10-26,5.77,5.73,5.79,5.66,108956.0,62397650.0,2.25,-1.04,-0.06,1.52
2023-10-27,5.44,5.67,5.71,5.4,218177.0,121879520.0,5.41,-1.05,-0.06,3.05
2023-10-30,5.63,5.82,5.83,5.62,144933.0,83678962.0,3.7,2.65,0.15,2.03
2023-10-31,5.87,5.91,6.0,5.85,142090.0,83993404.45,2.58,1.55,0.09,1.99
2023-11-01,5.9,6.0,6.19,5.89,161456.0,97611967.51,5.08,1.52,0.09,2.26
2023-11-02,6.02,6.07,6.16,5.98,154978.0,94496675.2,3.0,1.17,0.07,2.17
2023-11-03,6.08,6.03,6.1,5.96,109225.0,65910521.06,2.31,-0.66,-0.04,1.53
2023-11-06,6.08,6.22,6.24,6.08,139100.0,86002396.0,2.65,3.15,0.19,1.94
2023-11-07,6.21,6.2,6.26,6.14,122267.0,75821927.98,1.93,-0.32,-0.02,1.71
2023-11-08,6.19,6.82,6.82,6.16,420752.0,277886913.04,10.65,10.0,0.62,5.88
2023-11-09,6.78,6.46,6.81,6.36,664683.0,435990783.21,6.6,-5.28,-0.36,9.29
2023-11-10,6.42,6.31,6.45,6.22,310442.0,195100515.8,3.56,-2.32,-0.15,4.34
2023-11-13,6.35,6.29,6.58,6.24,289311.0,183491212.19,5.39,-0.32,-0.02,4.04
2023-11-14,6.25,6.26,6.28,6.2,197661.0,123077044.13,1.27,-0.48,-0.03,2.76
2023-11-15,6.29,6.19,6.32,6.1,183951.0,113790454.0,3.51,-1.12,-0.07,2.57
2023-11-16,6.15,6.26,6.32,6.12,248275.0,155188664.96,3.23,1.13,0.07,3.47
2023-11-17,6.23,6.28,6.35,6.23,177629.0,111783950.99,1.92,0.32,0.02,2.48
2023-11-20,6.29,6.34,6.44,6.25,160513.0,101870508.44,3.03,0.96,0.06,2.24
2023-11-21,6.3,6.37,6.47,6.3,224333.0,143297408.84,2.68,0.47,0.03,3.14
2023-11-22,6.3,6.41,6.48,6.29,221652.0,142246054.21,2.98,0.63,0.04,3.1
2023-11-23,6.39,6.34,6.41,6.27,131268.0,83109191.05,2.18,-1.09,-0.07,1.83
2023-11-24,6.32,6.34,6.44,6.28,136938.0,87048193.4,2.52,0.0,0.0,1.91
2023-11-27,6.28,6.26,6.34,6.22,119000.0,74540527.63,1.89,-1.26,-0.08,1.66
2023-11-28,6.25,6.3,6.34,6.19,94295.0,59244491.56,2.4,0.64,0.04,1.32
2023-11-29,6.29,6.25,6.32,6.19,117623.0,73519287.0,2.06,-0.79,-0.05,1.64
2023-11-30,6.27,6.27,6.31,6.22,74325.0,46522514.0,1.44,0.32,0.02,1.04
2023-12-01,6.25,6.48,6.5,6.25,190150.0,122037535.0,3.99,3.35,0.21,2.66
2023-12-04,6.46,6.56,6.63,6.45,161764.0,105639421.94,2.78,1.23,0.08,2.26
2023-12-05,6.48,6.53,6.59,6.38,161944.0,104810457.0,3.2,-0.46,-0.03,2.26
2023-12-06,6.8,7.18,7.18,6.47,738669.0,518726997.15,10.87,9.95,0.65,10.32
2023-12-07,7.9,7.9,7.9,7.6,487732.0,384244952.12,4.18,10.03,0.72,6.82
2023-12-08,8.01,7.37,8.45,7.37,1409140.0,1096894994.81,13.67,-6.71,-0.53,19.7
2023-12-11,7.34,7.69,7.85,7.34,980249.0,740075869.66,6.92,4.34,0.32,13.7
2023-12-12,7.55,7.76,7.8,7.38,881332.0,671463591.1,5.46,0.91,0.07,12.32
2023-12-13,7.58,7.4,7.7,7.38,637330.0,478519361.8,4.12,-4.64,-0.36,8.91
2023-12-14,7.37,7.1,7.53,7.05,613780.0,447603244.8,6.49,-4.05,-0.3,8.58
2023-12-15,7.03,7.19,7.26,6.92,483140.0,344057790.26,4.79,1.27,0.09,6.75
2023-12-18,7.12,7.01,7.22,6.96,311863.0,220494019.38,3.62,-2.5,-0.18,4.36
2023-12-19,6.98,7.22,7.5,6.95,457960.0,334083693.44,7.85,3.0,0.21,6.4
2023-12-20,7.21,7.02,7.41,7.02,409262.0,293083780.04,5.4,-2.77,-0.2,5.72
2023-12-21,6.96,7.05,7.21,6.93,290334.0,204594143.0,3.99,0.43,0.03,4.06
2023-12-22,6.99,6.8,7.05,6.77,380137.0,260938729.0,3.97,-3.55,-0.25,5.31
2023-12-25,6.92,6.8,7.1,6.73,214593.0,147257889.0,5.44,0.0,0.0,3.0
2023-12-26,6.83,6.87,6.92,6.76,172571.0,117842501.05,2.35,1.03,0.07,2.41
2023-12-27,6.83,7.11,7.2,6.76,321756.0,225475894.05,6.4,3.49,0.24,4.5
2023-12-28,7.1,7.14,7.17,7.01,307489.0,218384343.42,2.25,0.42,0.03,4.3
2023-12-29,7.08,7.26,7.3,7.06,353324.0,254960925.96,3.36,1.68,0.12,4.94
2024-01-02,7.26,6.89,7.26,6.86,389537.0,272677465.92,5.51,-5.1,-0.37,5.44
2024-01-03,6.85,6.77,6.92,6.72,219977.0,149568897.0,2.9,-1.74,-0.12,3.07
2024-01-04,6.76,6.64,6.79,6.55,182124.0,120851190.0,3.55,-1.92,-0.13,2.55
2024-01-05,6.65,6.63,6.72,6.61,122644.0,81654641.0,1.66,-0.15,-0.01,1.71
2024-01-08,6.57,6.74,7.07,6.57,224721.0,153213316.72,7.54,1.66,0.11,3.14
2024-01-09,6.7,6.71,6.86,6.64,136143.0,91585946.0,3.26,-0.45,-0.03,1.9
2024-01-10,6.66,6.58,6.68,6.56,110994.0,73271584.16,1.79,-1.94,-0.13,1.55
2024-01-11,6.55,6.66,6.68,6.52,79907.0,53020054.0,2.43,1.22,0.08,1.12
2024-01-12,6.67,6.57,6.7,6.57,102697.0,67995897.48,1.95,-1.35,-0.09,1.44
2024-01-15,6.49,6.58,6.64,6.47,77133.0,50867094.36,2.59,0.15,0.01,1.08
2024-01-16,6.57,6.62,6.63,6.47,130998.0,85505524.9,2.43,0.61,0.04,1.83
2024-01-17,6.59,6.48,6.72,6.47,114400.0,75141886.0,3.78,-2.11,-0.14,1.6
2024-01-18,6.4,6.57,6.58,6.38,107986.0,70025764.5,3.09,1.39,0.09,1.51
2024-01-19,6.58,6.66,6.69,6.54,126569.0,84113357.98,2.28,1.37,0.09,1.77
2024-01-22,6.62,6.02,6.63,5.99,203098.0,127739249.74,9.61,-9.61,-0.64,2.84
2024-01-23,6.03,5.91,6.09,5.85,115007.0,68405272.0,3.99,-1.83,-0.11,1.61
2024-01-24,5.93,5.97,6.03,5.7,105740.0,62216027.0,5.58,1.02,0.06,1.48
2024-01-25,5.93,6.27,6.29,5.89,146467.0,89934730.0,6.7,5.03,0.3,2.05
2024-01-26,6.26,6.23,6.39,6.21,129677.0,81622432.0,2.87,-0.64,-0.04,1.81
2024-01-29,6.23,6.01,6.29,6.01,94806.0,57643793.0,4.49,-3.53,-0.22,1.33
2024-01-30,6.0,5.74,6.0,5.72,79482.0,46593898.2,4.66,-4.49,-0.27,1.11
2024-01-31,5.58,5.62,5.9,5.5,170401.0,97943606.0,6.97,-2.09,-0.12,2.38
2024-02-01,5.57,5.66,5.8,5.55,103319.0,58574703.91,4.45,0.71,0.04,1.44
2024-02-02,5.66,5.58,5.83,5.41,132158.0,74051965.0,7.42,-1.41,-0.08,1.85
2024-02-05,5.5,5.21,5.58,5.03,168052.0,88330366.29,9.86,-6.63,-0.37,2.35
2024-02-06,5.2,5.35,5.49,4.96,119743.0,62626365.99,10.17,2.69,0.14,1.67
2024-02-07,5.4,5.12,5.41,5.07,141448.0,74189886.78,6.36,-4.3,-0.23,1.98
2024-02-08,5.12,5.39,5.41,5.06,115777.0,60793105.39,6.84,5.27,0.27,1.62
2024-02-19,5.55,5.63,5.65,5.5,131439.0,73472835.0,2.78,4.45,0.24,1.84
2024-02-20,5.56,5.6,5.74,5.47,119025.0,66780216.72,4.8,-0.53,-0.03,1.66
2024-02-21,5.61,5.67,5.79,5.55,129236.0,73607233.08,4.29,1.25,0.07,1.81
2024-02-22,5.64,5.75,5.77,5.63,82755.0,47376135.0,2.47,1.41,0.08,1.16
2024-02-23,5.79,6.33,6.33,5.74,176813.0,106895203.6,10.26,10.09,0.58,2.47
2024-02-26,6.32,6.28,6.43,6.14,264323.0,165220633.28,4.58,-0.79,-0.05,3.69
2024-02-27,6.21,6.5,6.5,6.13,182473.0,114923703.6,5.89,3.5,0.22,2.55
2024-02-28,6.48,6.2,6.76,6.02,272514.0,175905329.72,11.38,-4.62,-0.3,3.81
2024-02-29,6.01,6.3,6.31,6.01,163454.0,101604760.72,4.84,1.61,0.1,2.28
2024-03-01,6.29,6.25,6.34,6.11,129416.0,80646921.82,3.65,-0.79,-0.05,1.81
2024-03-04,6.25,6.39,6.41,6.15,177252.0,111760811.58,4.16,2.24,0.14,2.48
2024-03-05,6.37,6.53,6.68,6.23,249043.0,161932825.5,7.04,2.19,0.14,3.48
2024-03-06,6.44,6.36,6.54,6.29,129997.0,82961688.05,3.83,-2.6,-0.17,1.82
2024-03-07,6.31,6.44,6.62,6.28,152671.0,98075056.87,5.35,1.26,0.08,2.13
2024-03-08,6.33,6.3,6.41,6.23,100459.0,63265090.68,2.8,-2.17,-0.14,1.4
2024-03-11,6.2,6.36,6.4,6.2,80094.0,50530585.09,3.17,0.95,0.06,1.12
2024-03-12,6.35,6.3,6.4,6.28,93704.0,59175669.45,1.89,-0.94,-0.06,1.31
2024-03-13,6.31,6.42,6.62,6.3,198654.0,128157238.01,5.08,1.9,0.12,2.78
2024-03-14,6.3,6.28,6.35,6.22,122727.0,77070654.99,2.02,-2.18,-0.14,1.72
2024-03-15,6.28,6.3,6.32,6.21,72338.0,45339382.75,1.75,0.32,0.02,1.01
2024-03-18,6.33,6.43,6.45,6.28,120076.0,76550621.77,2.7,2.06,0.13,1.68
2024-03-19,6.42,6.42,6.56,6.4,125617.0,81358398.0,2.49,-0.16,-0.01,1.76
2024-03-20,6.4,6.58,6.6,6.4,181887.0,119033968.16,3.12,2.49,0.16,2.54
2024-03-21,6.58,6.62,6.79,6.58,215916.0,144207486.58,3.19,0.61,0.04,3.02
2024-03-22,6.55,6.83,6.9,6.46,321912.0,216454969.27,6.65,3.17,0.21,4.5
2024-03-25,6.79,6.41,6.79,6.4,215058.0,141545455.2,5.71,-6.15,-0.42,3.01
2024-03-26,6.36,6.23,6.49,6.12,176852.0,110902685.4,5.77,-2.81,-0.18,2.47
2024-03-27,6.23,6.04,6.27,6.01,118053.0,72190280.0,4.17,-3.05,-0.19,1.65
2024-03-28,6.05,6.11,6.22,6.02,95229.0,58467293.61,3.31,1.16,0.07,1.33
2024-03-29,6.11,6.07,6.13,5.97,88375.0,53445595.0,2.62,-0.65,-0.04,1.24
2024-04-01,6.11,6.17,6.18,6.07,73391.0,45005871.22,1.81,1.65,0.1,1.03
2024-04-02,6.17,6.07,6.17,6.05,70735.0,43042145.99,1.94,-1.62,-0.1,0.99
2024-04-03,6.09,6.04,6.14,5.96,74317.0,44731367.58,2.97,-0.49,-0.03,1.04
2024-04-08,6.03,5.87,6.04,5.87,72371.0,42926089.41,2.81,-2.81,-0.17,1.01
2024-04-09,5.86,6.03,6.03,5.86,54342.0,32379155.0,2.9,2.73,0.16,0.76
2024-04-10,6.03,5.92,6.03,5.81,63660.0,37588658.0,3.65,-1.82,-0.11,0.89
2024-04-11,5.93,5.96,6.04,5.87,60490.0,36171954.0,2.87,0.68,0.04,0.85
2024-04-12,5.91,5.86,6.0,5.83,58993.0,34730569.5,2.85,-1.68,-0.1,0.82
2024-04-15,5.6,5.6,5.8,5.55,102823.0,57880495.89,4.27,-4.44,-0.26,1.44
2024-04-16,5.59,5.3,5.59,5.28,110613.0,59462416.0,5.54,-5.36,-0.3,1.55
2024-04-17,5.39,5.54,5.63,5.39,86186.0,47744355.69,4.53,4.53,0.24,1.2
2024-04-18,5.53,5.69,5.75,5.33,130297.0,71850660.0,7.58,2.71,0.15,1.82
2024-04-19,5.58,5.76,5.85,5.58,81921.0,46718864.0,4.75,1.23,0.07,1.15
2024-04-22,5.74,5.83,5.83,5.61,66929.0,38428980.78,3.82,1.22,0.07,0.94
2024-04-23,5.87,5.75,6.09,5.72,119432.0,70357130.13,6.35,-1.37,-0.08,1.67
2024-04-24,5.7,5.74,5.78,5.58,68115.0,38733219.0,3.48,-0.17,-0.01,0.95
2024-04-25,5.67,5.75,5.83,5.61,57643.0,32946077.37,3.83,0.17,0.01,0.81
2024-04-26,5.71,5.87,5.9,5.7,70516.0,41110299.0,3.48,2.09,0.12,0.99
2024-04-29,5.88,5.94,6.0,5.88,71636.0,42723227.0,2.04,1.19,0.07,1.0
2024-04-30,5.95,5.93,5.97,5.83,63163.0,37251016.68,2.36,-0.17,-0.01,0.88
2024-05-06,5.98,5.92,6.01,5.9,58080.0,34459491.0,1.85,-0.17,-0.01,0.81
2024-05-07,5.89,5.95,5.99,5.88,53291.0,31688558.0,1.86,0.51,0.03,0.74
2024-05-08,5.97,5.75,5.97,5.72,73987.0,42862332.0,4.2,-3.36,-0.2,1.03
2024-05-09,5.75,5.79,5.83,5.75,44694.0,25905956.0,1.39,0.7,0.04,0.62
2024-05-10,5.8,5.79,5.88,5.74,42529.0,24616610.0,2.42,0.0,0.0,0.59
2024-05-13,5.72,5.68,5.76,5.66,44082.0,25121987.59,1.73,-1.9,-0.11,0.62
2024-05-14,5.69,5.78,5.8,5.69,41096.0,23640143.59,1.94,1.76,0.1,0.57
2024-05-15,5.77,5.76,5.82,5.73,32657.0,18859176.62,1.56,-0.35,-0.02,0.46
2024-05-16,5.76,5.78,5.84,5.75,37904.0,21979161.91,1.56,0.35,0.02,0.53
2024-05-17,5.79,5.75,5.82,5.71,34917.0,20045802.0,1.9,-0.52,-0.03,0.49
2024-05-20,5.6,5.57,5.66,5.39,117478.0,65413799.44,4.7,-3.13,-0.18,1.64
2024-05-21,5.54,5.54,5.64,5.53,45253.0,25194464.0,1.97,-0.54,-0.03,0.63
2024-05-22,5.54,5.62,5.66,5.51,53293.0,29903663.0,2.71,1.44,0.08,0.74
2024-05-23,5.62,5.51,5.64,5.49,52799.0,29199110.0,2.67,-1.96,-0.11,0.74
2024-05-24,5.52,5.65,5.88,5.49,101085.0,57353653.7,7.08,2.54,0.14,1.41
2024-05-27,5.53,5.56,5.65,5.5,61389.0,33997210.4,2.65,-1.59,-0.09,0.86
2024-05-28,5.54,5.5,5.54,5.49,38672.0,21289000.0,0.9,-1.08,-0.06,0.54
2024-05-29,5.51,5.51,5.57,5.49,23459.0,12937036.0,1.45,0.18,0.01,0.33
2024-05-30,5.48,5.5,5.54,5.44,24717.0,13599254.0,1.81,-0.18,-0.01,0.35
2024-05-31,5.51,5.51,5.55,5.49,33238.0,18334438.0,1.09,0.18,0.01,0.46
2024-06-03,5.51,5.47,5.53,5.44,43521.0,23827220.0,1.63,-0.73,-0.04,0.61
2024-06-04,5.45,5.47,5.48,5.37,32945.0,17914836.0,2.01,0.0,0.0,0.46
2024-06-05,5.44,5.46,5.5,5.41,27829.0,15207435.0,1.65,-0.18,-0.01,0.39
2024-06-06,5.42,5.38,5.48,5.22,75057.0,40087506.0,4.76,-1.47,-0.08,1.05
2024-06-07,5.35,5.42,5.44,5.35,25269.0,13641501.0,1.67,0.74,0.04,0.35
2024-06-11,5.38,5.33,5.4,5.19,40113.0,21210755.0,3.87,-1.66,-0.09,0.56
2024-06-12,5.32,5.49,5.55,5.3,52598.0,28767417.96,4.69,3.0,0.16,0.74
2024-06-13,5.51,5.47,5.54,5.41,26922.0,14718438.0,2.37,-0.36,-0.02,0.38
2024-06-14,5.47,5.54,5.62,5.46,38414.0,21279857.18,2.93,1.28,0.07,0.54
2024-06-17,5.54,5.72,5.77,5.5,97059.0,55397177.48,4.87,3.25,0.18,1.36
2024-06-18,5.66,5.73,5.75,5.66,36592.0,20856039.0,1.57,0.17,0.01,0.51
2024-06-19,5.73,5.71,5.73,5.65,28787.0,16366635.0,1.4,-0.35,-0.02,0.4
2024-06-20,5.71,5.51,5.73,5.51,38544.0,21518849.0,3.85,-3.5,-0.2,0.54
2024-06-21,5.52,5.54,5.55,5.45,21544.0,11881498.2,1.81,0.54,0.03,0.3
2024-06-24,5.55,5.37,5.58,5.35,37234.0,20214850.6,4.15,-3.07,-0.17,0.52
2024-06-25,5.36,5.29,5.45,5.29,35032.0,18775097.0,2.98,-1.49,-0.08,0.49
2024-06-26,5.28,5.39,5.41,5.26,34353.0,18335056.0,2.84,1.89,0.1,0.48
2024-06-27,5.34,5.37,5.47,5.34,30462.0,16491706.0,2.41,-0.37,-0.02,0.43
2024-06-28,5.37,5.31,5.42,5.3,30799.0,16492558.0,2.23,-1.12,-0.06,0.43
2024-07-01,5.28,5.32,5.34,5.23,25526.0,13489174.8,2.07,0.19,0.01,0.36
2024-07-02,5.31,5.3,5.37,5.3,18752.0,10004913.0,1.32,-0.38,-0.02,0.26
2024-07-03,5.31,5.24,5.33,5.24,25184.0,13281669.0,1.7,-1.13,-0.06,0.35
2024-07-04,5.24,5.08,5.27,5.04,40406.0,20697865.0,4.39,-3.05,-0.16,0.56
2024-07-05,5.06,5.11,5.12,4.95,33073.0,16711807.0,3.35,0.59,0.03,0.46
2024-07-08,5.05,4.91,5.1,4.91,41395.0,20612867.99,3.72,-3.91,-0.2,0.58
2024-07-09,4.9,4.88,4.94,4.71,52033.0,25074201.71,4.68,-0.61,-0.03,0.73
2024-07-10,4.81,4.8,4.9,4.76,33464.0,16162630.02,2.87,-1.64,-0.08,0.47
2024-07-11,4.9,4.92,4.97,4.87,38601.0,19037083.86,2.08,2.5,0.12,0.54
2024-07-12,4.89,4.88,4.96,4.88,18689.0,9191507.0,1.63,-0.81,-0.04,0.26
2024-07-15,4.91,5.0,5.15,4.9,44781.0,22489978.98,5.12,2.46,0.12,0.63
2024-07-16,4.96,4.99,5.0,4.91,25229.0,12515852.0,1.8,-0.2,-0.01,0.35
2024-07-17,4.97,4.97,5.04,4.96,20917.0,10477307.6,1.6,-0.4,-0.02,0.29
2024-07-18,4.97,4.95,4.99,4.88,25491.0,12549846.29,2.21,-0.4,-0.02,0.36
2024-07-19,4.95,4.98,5.01,4.92,23341.0,11620870.24,1.82,0.61,0.03,0.33
2024-07-22,4.99,4.99,5.03,4.94,17157.0,8532823.36,1.81,0.2,0.01,0.24
2024-07-23,4.99,4.9,5.0,4.88,21814.0,10785905.0,2.4,-1.8,-0.09,0.3
2024-07-24,4.85,4.78,4.94,4.78,24798.0,11994237.0,3.27,-2.45,-0.12,0.35
2024-07-25,4.73,4.84,4.87,4.67,25157.0,12030087.28,4.18,1.26,0.06,0.35
2024-07-26,4.85,4.87,4.89,4.83,18094.0,8793964.74,1.24,0.62,0.03,0.25
2024-07-29,4.85,4.88,4.9,4.78,24719.0,11983980.0,2.46,0.21,0.01,0.35
2024-07-30,4.88,4.83,4.88,4.82,24579.0,11895536.0,1.23,-1.02,-0.05,0.34
2024-07-31,4.8,4.98,5.01,4.8,50497.0,24952051.0,4.35,3.11,0.15,0.71
2024-08-01,5.0,4.97,5.03,4.94,23639.0,11759891.0,1.81,-0.2,-0.01,0.33
2024-08-02,4.99,4.95,5.02,4.92,34381.0,17120934.0,2.01,-0.4,-0.02,0.48
2024-08-05,4.93,4.92,5.09,4.9,50226.0,25114523.92,3.84,-0.61,-0.03,0.7
2024-08-06,4.96,5.03,5.04,4.95,40142.0,20049841.1,1.83,2.24,0.11,0.56
2024-08-07,5.05,5.05,5.08,5.01,29586.0,14930712.4,1.39,0.4,0.02,0.41
2024-08-08,5.04,5.06,5.09,5.0,36366.0,18394331.0,1.78,0.2,0.01,0.51
2024-08-09,4.89,4.9,4.98,4.77,60232.0,29583727.0,4.15,-3.16,-0.16,0.84
2024-08-12,4.85,4.86,4.93,4.82,39337.0,19142110.0,2.24,-0.82,-0.04,0.55
2024-08-13,4.84,4.73,4.87,4.69,44765.0,21325251.0,3.7,-2.67,-0.13,0.63
2024-08-14,4.72,4.76,4.79,4.72,29390.0,13975110.31,1.48,0.63,0.03,0.41
2024-08-15,4.74,5.0,5.05,4.72,80116.0,39599629.0,6.93,5.04,0.24,1.12
2024-08-16,4.96,4.93,5.05,4.91,34400.0,17036269.0,2.8,-1.4,-0.07,0.48
2024-08-19,4.94,4.91,4.97,4.88,32789.0,16099885.78,1.83,-0.41,-0.02,0.46
2024-08-20,4.9,4.86,4.95,4.81,31207.0,15174828.72,2.85,-1.02,-0.05,0.44
2024-08-21,4.81,4.8,4.92,4.78,28422.0,13718720.0,2.88,-1.23,-0.06,0.4
2024-08-22,4.77,4.73,4.83,4.72,28237.0,13408015.0,2.29,-1.46,-0.07,0.39
2024-08-23,4.71,4.64,4.74,4.62,32472.0,15222622.0,2.54,-1.9,-0.09,0.45
2024-08-26,4.62,4.68,4.75,4.58,31805.0,14874454.22,3.66,0.86,0.04,0.44
2024-08-27,4.68,4.67,4.76,4.65,24833.0,11665987.0,2.35,-0.21,-0.01,0.35
2024-08-28,4.62,4.71,4.79,4.62,27833.0,13159327.0,3.64,0.86,0.04,0.39
2024-08-29,4.74,4.72,4.75,4.67,30155.0,14150359.0,1.7,0.21,0.01,0.42
2024-08-30,4.72,4.83,4.91,4.7,60180.0,29271521.0,4.45,2.33,0.11,0.84
2024-09-02,4.85,4.8,4.95,4.79,41598.0,20268611.27,3.31,-0.62,-0.03,0.58
2024-09-03,4.8,4.84,4.88,4.8,20754.0,10038527.0,1.67,0.83,0.04,0.29
2024-09-04,4.81,4.79,4.86,4.78,23001.0,11061282.0,1.65,-1.03,-0.05,0.32
2024-09-05,4.77,4.88,4.88,4.77,25276.0,12264232.72,2.3,1.88,0.09,0.35
2024-09-06,4.86,4.86,4.92,4.85,24084.0,11752217.72,1.43,-0.41,-0.02,0.34
2024-09-09,4.88,4.9,4.92,4.84,31069.0,15148715.76,1.65,0.82,0.04,0.43
2024-09-10,4.89,4.91,4.93,4.84,27961.0,13636978.0,1.84,0.2,0.01,0.39
2024-09-11,5.05,4.91,5.06,4.89,49342.0,24426263.0,3.46,0.0,0.0,0.69
2024-09-12,4.92,4.9,4.94,4.85,24630.0,12105164.27,1.83,-0.2,-0.01,0.34
2024-09-13,4.92,4.89,4.93,4.86,23833.0,11676804.03,1.43,-0.2,-0.01,0.33
2024-09-18,4.9,4.82,4.97,4.74,37928.0,18390690.38,4.7,-1.43,-0.07,0.53
2024-09-19,4.8,4.92,4.95,4.8,37979.0,18592018.78,3.11,2.07,0.1,0.53
2024-09-20,4.92,4.99,5.02,4.9,40639.0,20209341.9,2.44,1.42,0.07,0.57
2024-09-23,4.97,5.2,5.23,4.97,68194.0,35020598.48,5.21,4.21,0.21,0.95
2024-09-24,5.24,5.37,5.4,5.21,74857.0,39872300.24,3.65,3.27,0.17,1.05
2024-09-25,5.41,5.32,5.5,5.32,95008.0,51389509.0,3.35,-0.93,-0.05,1.33
2024-09-26,5.34,5.43,5.44,5.33,67797.0,36499743.56,2.07,2.07,0.11,0.95
2024-09-27,5.56,5.67,5.75,5.43,123909.0,69286841.29,5.89,4.42,0.24,1.73
2024-09-30,5.92,6.23,6.24,5.83,250890.0,152091977.96,7.23,9.88,0.56,3.51
2024-10-08,6.83,6.11,6.83,5.91,518221.0,324384564.65,14.77,-1.93,-0.12,7.24
2024-10-09,5.96,5.5,5.96,5.5,214564.0,121379071.54,7.53,-9.98,-0.61,3.0
2024-10-10,5.52,5.54,5.69,5.47,124729.0,69388239.37,4.0,0.73,0.04,1.74
2024-10-11,5.49,5.29,5.62,5.28,102490.0,55506304.87,6.14,-4.51,-0.25,1.43
2024-10-14,5.36,5.52,5.52,5.32,94348.0,51116881.01,3.78,4.35,0.23,1.32
2024-10-15,5.47,5.52,5.63,5.46,76469.0,42511619.41,3.08,0.0,0.0,1.07
2024-10-16,5.52,5.61,5.67,5.43,101113.0,56411526.02,4.35,1.63,0.09,1.41
2024-10-17,5.64,5.52,5.68,5.5,65419.0,36575147.22,3.21,-1.6,-0.09,0.91
2024-10-18,5.56,5.7,5.83,5.45,136287.0,77240324.3,6.88,3.26,0.18,1.9
2024-10-21,5.7,5.79,5.91,5.65,128965.0,75085328.0,4.56,1.58,0.09,1.8
2024-10-22,5.81,5.97,6.12,5.79,183890.0,109615749.44,5.7,3.11,0.18,2.57
2024-10-23,5.97,6.04,6.13,5.9,174999.0,105420693.5,3.85,1.17,0.07,2.45
2024-10-24,6.02,6.12,6.2,5.94,159045.0,96684753.0,4.3,1.32,0.08,2.22
2024-10-25,6.23,6.56,6.68,6.2,349080.0,226683233.45,7.84,7.19,0.44,4.88
2024-10-28,6.64,6.77,6.81,6.57,286604.0,192167039.01,3.66,3.2,0.21,4.01
2024-10-29,6.9,6.53,6.9,6.37,309810.0,202910127.3,7.83,-3.55,-0.24,4.33
2024-10-30,6.46,7.18,7.18,6.42,278923.0,194838114.09,11.64,9.95,0.65,3.9
2024-10-31,7.18,7.01,7.3,6.86,442182.0,311493900.04,6.13,-2.37,-0.17,6.18
2024-11-01,6.92,6.56,7.0,6.55,261492.0,176065871.32,6.42,-6.42,-0.45,3.65
2024-11-04,6.55,6.65,6.8,6.4,174210.0,115002798.9,6.1,1.37,0.09,2.43
2024-11-05,6.65,6.79,6.85,6.65,142900.0,96744328.51,3.01,2.11,0.14,2.0
2024-11-06,6.77,6.9,6.98,6.7,144566.0,99003937.0,4.12,1.62,0.11,2.02
2024-11-07,6.88,7.04,7.09,6.81,140965.0,98780524.02,4.06,2.03,0.14,1.97
2024-11-08,7.03,6.95,7.14,6.9,127740.0,89299511.05,3.41,-1.28,-0.09,1.79
2024-11-11,6.93,7.13,7.19,6.89,168463.0,118697832.24,4.32,2.59,0.18,2.35
2024-11-12,7.08,6.96,7.13,6.91,121938.0,85868627.0,3.09,-2.38,-0.17,1.7
2024-11-13,6.99,7.06,7.07,6.84,108260.0,75478570.0,3.3,1.44,0.1,1.51
2024-11-14,7.0,6.91,7.1,6.86,74077.0,51691371.8,3.4,-2.12,-0.15,1.04
2024-11-15,6.9,6.92,7.27,6.86,163551.0,116011160.52,5.93,0.14,0.01,2.29
2024-11-18,6.97,6.72,7.05,6.68,135090.0,91652964.45,5.35,-2.89,-0.2,1.89
2024-11-19,6.79,6.87,6.88,6.66,97781.0,66073288.35,3.27,2.23,0.15,1.37
2024-11-20,6.82,7.15,7.25,6.81,124189.0,87525680.59,6.4,4.08,0.28,1.74
2024-11-21,7.1,7.3,7.34,7.08,159192.0,115482182.88,3.64,2.1,0.15,2.23
2024-11-22,7.3,7.08,7.53,7.08,194883.0,142849251.6,6.16,-3.01,-0.22,2.72
2024-11-25,7.11,7.31,7.4,7.03,182565.0,131682325.01,5.23,3.25,0.23,2.55
2024-11-26,7.31,7.04,7.45,7.04,164468.0,119241771.01,5.61,-3.69,-0.27,2.3
2024-11-27,7.05,7.5,7.5,6.9,332921.0,242736311.32,8.52,6.53,0.46,4.65
2024-11-28,7.5,7.6,8.25,7.45,623485.0,492147666.74,10.67,1.33,0.1,8.71
2024-11-29,7.47,7.52,7.72,7.4,356179.0,268346032.36,4.21,-1.05,-0.08,4.98
2024-12-02,7.49,7.81,8.08,7.4,328133.0,255139170.32,9.04,3.86,0.29,4.59
2024-12-03,7.77,7.66,8.11,7.64,287573.0,224991743.28,6.02,-1.92,-0.15,4.02
2024-12-04,7.63,7.45,7.89,7.34,239193.0,180844946.3,7.18,-2.74,-0.21,3.34
2024-12-05,7.5,7.43,7.65,7.4,169428.0,126711806.84,3.36,-0.27,-0.02,2.37
2024-12-06,7.42,7.6,7.65,7.3,175755.0,131640834.71,4.71,2.29,0.17,2.46
2024-12-09,7.61,7.39,7.69,7.33,134568.0,100288355.57,4.74,-2.76,-0.21,1.88
2024-12-10,7.58,7.34,7.87,7.34,271820.0,206545407.9,7.17,-0.68,-0.05,3.8
2024-12-11,7.36,7.67,7.74,7.3,253582.0,193233379.3,5.99,4.5,0.33,3.54
2024-12-12,7.7,7.84,7.88,7.61,188709.0,146237572.89,3.52,2.22,0.17,2.64
2024-12-13,7.77,7.9,8.1,7.77,274804.0,219138745.08,4.21,0.77,0.06,3.84
2024-12-16,7.96,7.98,8.24,7.71,406439.0,324841575.15,6.71,1.01,0.08,5.68
2024-12-17,7.82,7.62,7.94,7.51,309870.0,238329873.18,5.39,-4.51,-0.36,4.33
2024-12-18,7.62,7.86,8.38,7.57,512121.0,407471956.44,10.63,3.15,0.24,7.16
2024-12-19,7.61,7.5,7.75,7.44,369729.0,279382139.89,3.94,-4.58,-0.36,5.17
2024-12-20,7.45,7.39,7.59,7.37,220870.0,164815204.66,2.93,-1.47,-0.11,3.09
2024-12-23,7.14,6.72,7.35,6.71,326276.0,225784023.26,8.66,-9.07,-0.67,4.56
2024-12-24,6.79,6.62,6.82,6.51,176459.0,116548019.22,4.61,-1.49,-0.1,2.47
2024-12-25,6.62,6.93,7.18,6.3,262162.0,176326033.84,13.29,4.68,0.31,3.66
2024-12-26,6.86,7.09,7.34,6.75,238081.0,168873459.22,8.51,2.31,0.16,3.33
2024-12-27,7.09,7.18,7.37,7.0,197604.0,141565590.18,5.22,1.27,0.09,2.76
2024-12-30,7.07,6.88,7.09,6.88,147386.0,102996674.91,2.92,-4.18,-0.3,2.06
2024-12-31,6.91,6.93,7.09,6.88,124489.0,86849054.76,3.05,0.73,0.05,1.74
2025-01-02,7.1,7.11,7.28,6.94,195648.0,138575569.88,4.91,2.6,0.18,2.73
2025-01-03,7.05,7.25,7.33,6.88,306034.0,217450670.15,6.33,1.97,0.14,4.28
2025-01-06,7.09,7.15,7.31,6.91,212885.0,151230553.93,5.52,-1.38,-0.1,2.98
2025-01-07,7.13,7.57,7.68,6.99,305605.0,223164846.76,9.65,5.87,0.42,4.27
2025-01-08,7.51,7.8,7.95,7.38,411873.0,315022501.0,7.53,3.04,0.23,5.76
2025-01-09,7.7,7.52,7.8,7.46,317539.0,241584116.74,4.36,-3.59,-0.28,4.44
2025-01-10,7.5,6.77,7.53,6.77,313637.0,225101817.75,10.11,-9.97,-0.75,4.38
2025-01-13,6.48,6.67,6.94,6.33,203079.0,134690169.0,9.01,-1.48,-0.1,2.84
2025-01-14,6.8,6.9,6.98,6.72,184539.0,127111306.52,3.9,3.45,0.23,2.58
2025-01-15,6.88,6.71,6.97,6.63,176174.0,119589894.52,4.93,-2.75,-0.19,2.46
2025-01-16,6.77,6.71,6.93,6.66,148335.0,100594425.4,4.02,0.0,0.0,2.07
2025-01-17,6.66,6.79,6.9,6.55,171579.0,115656895.76,5.22,1.19,0.08,2.4
2025-01-20,6.99,6.88,7.25,6.85,303298.0,213822332.05,5.89,1.33,0.09,4.24
2025-01-21,6.87,7.06,7.25,6.79,245278.0,171920382.03,6.69,2.62,0.18,3.43
2025-01-22,6.91,6.91,7.07,6.85,170902.0,118586805.84,3.12,-2.12,-0.15,2.39
2025-01-23,6.93,6.46,7.0,6.4,316546.0,211596010.6,8.68,-6.51,-0.45,4.42
2025-01-24,6.31,6.36,6.52,6.14,280125.0,177236198.75,5.88,-1.55,-0.1,3.92
2025-01-27,6.66,7.0,7.0,6.66,502120.0,347314860.32,5.35,10.06,0.64,7.02
2025-02-05,6.3,6.3,6.3,6.3,62676.0,39485880.0,0.0,-10.0,-0.7,0.88
2025-02-06,5.67,5.91,6.04,5.67,747793.0,431005272.34,5.87,-6.19,-0.39,10.45
2025-02-07,5.66,5.85,5.85,5.59,560117.0,323091455.46,4.4,-1.02,-0.06,7.83
2025-02-10,5.82,5.93,5.93,5.77,474807.0,277542709.3,2.74,1.37,0.08,6.64
2025-02-11,5.89,5.78,5.91,5.72,389006.0,225126055.78,3.2,-2.53,-0.15,5.44
2025-02-12,5.75,5.93,6.0,5.73,562339.0,332023897.38,4.67,2.6,0.15,7.86
2025-02-13,5.88,6.15,6.33,5.85,853194.0,519130369.95,8.09,3.71,0.22,11.93
2025-02-14,6.02,5.89,6.02,5.84,541524.0,319734555.56,2.93,-4.23,-0.26,7.57
2025-02-17,5.84,5.72,5.87,5.69,438072.0,251134118.13,3.06,-2.89,-0.17,6.12
2025-02-18,5.71,5.36,5.71,5.31,435245.0,239546611.0,6.99,-6.29,-0.36,6.08
2025-02-19,5.31,5.4,5.41,5.3,213217.0,114721855.74,2.05,0.75,0.04,2.98
2025-02-20,5.37,5.38,5.4,5.32,188476.0,100835179.21,1.48,-0.37,-0.02,2.63
2025-02-21,5.37,5.36,5.4,5.31,192232.0,102940371.55,1.67,-0.37,-0.02,2.69
2025-02-24,5.35,5.34,5.38,5.3,178084.0,95132235.34,1.49,-0.37,-0.02,2.49
2025-02-25,5.3,5.22,5.3,5.2,221373.0,115949862.62,1.87,-2.25,-0.12,3.09
2025-02-26,5.22,5.24,5.26,5.2,157481.0,82273683.52,1.15,0.38,0.02,2.2
2025-02-27,5.23,5.22,5.27,5.19,182852.0,95650255.0,1.53,-0.38,-0.02,2.56
2025-02-28,5.19,5.04,5.19,5.03,228727.0,116728856.57,3.07,-3.45,-0.18,3.2
2025-03-03,5.01,4.96,5.06,4.92,222604.0,111105378.09,2.78,-1.59,-0.08,3.11
2025-03-04,4.93,5.06,5.08,4.89,217298.0,107813102.52,3.83,2.02,0.1,3.04
2025-03-05,5.04,5.0,5.06,4.92,165396.0,82171648.37,2.77,-1.19,-0.06,2.31
2025-03-06,5.02,5.1,5.12,4.99,197941.0,100245159.14,2.6,2.0,0.1,2.77
2025-03-07,5.07,5.02,5.1,5.0,150768.0,76028266.01,1.96,-1.57,-0.08,2.11
2025-03-10,5.02,5.04,5.05,4.98,106255.0,53385172.03,1.39,0.4,0.02,1.49
2025-03-11,4.99,5.05,5.08,4.95,108232.0,54380025.1,2.58,0.2,0.01,1.51
2025-03-12,5.05,5.14,5.17,5.05,222060.0,113879755.45,2.38,1.78,0.09,3.1
2025-03-13,5.12,5.08,5.14,5.01,168441.0,85464261.26,2.53,-1.17,-0.06,2.35
2025-03-14,5.09,5.2,5.24,5.08,245301.0,126949200.36,3.15,2.36,0.12,3.43
2025-03-17,5.23,5.24,5.29,5.15,241819.0,126108008.23,2.69,0.77,0.04,3.38
2025-03-18,5.25,5.16,5.26,5.15,177726.0,91865150.56,2.1,-1.53,-0.08,2.48
2025-03-19,5.15,5.07,5.16,5.05,145927.0,74366319.1,2.13,-1.74,-0.09,2.04
2025-03-20,5.05,5.04,5.09,5.04,124912.0,63194496.8,0.99,-0.59,-0.03,1.75
2025-03-21,5.02,4.95,5.05,4.91,178521.0,88769827.0,2.78,-1.79,-0.09,2.5
2025-03-24,4.94,4.82,4.96,4.73,200956.0,96812255.0,4.65,-2.63,-0.13,2.81
2025-03-25,4.8,4.8,4.82,4.74,111125.0,53117610.0,1.66,-0.41,-0.02,1.55
2025-03-26,4.78,4.84,4.85,4.78,86792.0,41901211.46,1.46,0.83,0.04,1.21
2025-03-27,4.81,4.79,4.85,4.77,89357.0,42857355.39,1.65,-1.03,-0.05,1.25
2025-03-28,4.78,4.84,4.85,4.7,180131.0,86295579.41,3.13,1.04,0.05,2.52
2025-03-31,4.8,4.65,4.8,4.6,169626.0,78960542.52,4.13,-3.93,-0.19,2.37
2025-04-01,4.65,4.66,4.71,4.62,108907.0,50807337.94,1.94,0.22,0.01,1.52
2025-04-02,4.65,4.61,4.7,4.61,86690.0,40273748.0,1.93,-1.07,-0.05,1.21
2025-04-03,4.6,4.63,4.66,4.57,95858.0,44299466.47,1.95,0.43,0.02,1.34
2025-04-07,4.46,4.17,4.46,4.17,171707.0,72246352.0,6.26,-9.94,-0.46,2.4
2025-04-08,4.05,4.11,4.15,3.89,176841.0,71578349.44,6.24,-1.44,-0.06,2.47
2025-04-09,4.01,4.22,4.23,3.76,208568.0,84361692.9,11.44,2.68,0.11,2.92
2025-04-10,4.27,4.34,4.41,4.25,205426.0,89146935.7,3.79,2.84,0.12,2.87
2025-04-11,4.44,4.64,4.77,4.44,563940.0,265101262.5,7.6,6.91,0.3,7.88
2025-04-14,4.54,4.52,4.62,4.5,426061.0,194165374.0,2.59,-2.59,-0.12,5.96
2025-04-15,4.52,4.4,4.56,4.39,211801.0,94121043.0,3.76,-2.65,-0.12,2.96
2025-04-16,4.4,4.28,4.4,4.23,186786.0,80307966.0,3.86,-2.73,-0.12,2.61
2025-04-17,4.24,4.27,4.39,4.22,137035.0,58788636.0,3.97,-0.23,-0.01,1.92
2025-04-18,4.27,4.2,4.29,4.16,120661.0,50836879.52,3.04,-1.64,-0.07,1.69
2025-04-21,4.2,4.31,4.32,4.16,168486.0,72113678.86,3.81,2.62,0.11,2.35
2025-04-22,4.28,4.28,4.35,4.23,130846.0,55876967.96,2.78,-0.7,-0.03,1.83
2025-04-23,4.28,4.24,4.33,4.22,123147.0,52566036.0,2.57,-0.93,-0.04,1.72
2025-04-24,4.23,4.16,4.24,4.12,108348.0,45183846.3,2.83,-1.89,-0.08,1.51
2025-04-25,4.16,4.2,4.24,4.16,93850.0,39499246.32,1.92,0.96,0.04,1.31
2025-04-28,4.21,4.14,4.23,4.13,76864.0,31973388.0,2.38,-1.43,-0.06,1.07
2025-04-29,4.13,4.23,4.26,4.12,122629.0,51817303.0,3.38,2.17,0.09,1.71
2025-04-30,4.22,4.25,4.27,4.21,88164.0,37530689.0,1.42,0.47,0.02,1.23
2025-05-06,4.32,4.38,4.38,4.27,131569.0,57011919.72,2.59,3.06,0.13,1.84
2025-05-07,4.42,4.35,4.44,4.31,125501.0,54681572.0,2.97,-0.68,-0.03,1.75
2025-05-08,4.34,4.48,4.5,4.33,201981.0,89744193.0,3.91,2.99,0.13,2.82
2025-05-09,4.48,4.37,4.5,4.37,125431.0,55144457.0,2.9,-2.46,-0.11,1.75
2025-05-12,4.4,4.4,4.41,4.33,91149.0,39879676.0,1.83,0.69,0.03,1.27
2025-05-13,4.44,4.38,4.47,4.36,101715.0,44890934.0,2.5,-0.45,-0.02,1.42
2025-05-14,4.36,4.41,4.42,4.34,93052.0,40718287.0,1.83,0.68,0.03,1.3
2025-05-15,4.4,4.36,4.41,4.35,66036.0,28888074.0,1.36,-1.13,-0.05,0.92
2025-05-16,4.36,4.38,4.42,4.35,84622.0,37172770.13,1.61,0.46,0.02,1.18
2025-05-19,4.38,4.51,4.54,4.37,170978.0,76594069.64,3.88,2.97,0.13,2.39
2025-05-20,4.51,4.58,4.59,4.47,146369.0,66574088.0,2.66,1.55,0.07,2.05
2025-05-21,4.55,4.55,4.58,4.51,98922.0,44846057.0,1.53,-0.66,-0.03,1.38
2025-05-22,4.55,4.47,4.57,4.44,104600.0,46974346.1,2.86,-1.76,-0.08,1.46
2025-05-23,4.48,4.37,4.5,4.36,123089.0,54546783.0,3.13,-2.24,-0.1,1.72
2025-05-26,4.37,4.5,4.55,4.37,152675.0,68464906.57,4.12,2.97,0.13,2.13
2025-05-27,4.5,4.6,4.67,4.46,226667.0,103965789.41,4.67,2.22,0.1,3.17
2025-05-28,4.6,4.6,4.66,4.55,140613.0,64571439.0,2.39,0.0,0.0,1.97
2025-05-29,4.52,4.61,4.62,4.47,178185.0,81244684.4,3.26,0.22,0.01,2.49
2025-05-30,4.61,4.58,4.74,4.56,179207.0,83245886.29,3.9,-0.65,-0.03,2.5
2025-06-03,4.57,4.64,4.7,4.54,137681.0,63941114.56,3.49,1.31,0.06,1.92
2025-06-04,4.66,4.72,4.72,4.62,129099.0,60608341.0,2.16,1.72,0.08,1.8
2025-06-05,4.73,4.73,4.75,4.66,135551.0,63794332.0,1.91,0.21,0.01,1.89
2025-06-06,4.73,4.68,4.73,4.66,103275.0,48355460.38,1.48,-1.06,-0.05,1.44
2025-06-09,4.67,4.79,4.8,4.65,163656.0,77522474.0,3.21,2.35,0.11,2.29
2025-06-10,4.79,4.8,4.83,4.7,167564.0,80159238.74,2.71,0.21,0.01,2.34
2025-06-11,4.82,4.86,4.88,4.81,140781.0,68169919.1,1.46,1.25,0.06,1.97
2025-06-12,4.88,4.94,4.96,4.85,231670.0,113914773.72,2.26,1.65,0.08,3.24
2025-06-13,4.92,4.7,4.94,4.69,219271.0,104813327.5,5.06,-4.86,-0.24,3.06
2025-06-16,4.73,4.87,4.89,4.69,205943.0,99318562.16,4.26,3.62,0.17,2.88
2025-06-17,4.86,4.75,4.88,4.73,150201.0,71777950.26,3.08,-2.46,-0.12,2.1
2025-06-18,4.75,4.69,4.76,4.62,131446.0,61435920.46,2.95,-1.26,-0.06,1.84
2025-06-19,4.68,4.69,4.74,4.57,189415.0,88297358.19,3.62,0.0,0.0,2.65
2025-06-20,4.68,4.54,4.82,4.53,155751.0,71700245.12,6.18,-3.2,-0.15,2.18
2025-06-23,4.51,4.68,4.7,4.51,169060.0,78650951.58,4.19,3.08,0.14,2.36
2025-06-24,4.7,4.79,4.8,4.7,154630.0,73465977.2,2.14,2.35,0.11,2.16
2025-06-25,4.8,4.77,4.82,4.7,190489.0,90338088.0,2.51,-0.42,-0.02,2.66
2025-06-26,4.78,4.77,4.81,4.7,148282.0,70876270.0,2.31,0.0,0.0,2.07
2025-06-27,4.76,4.78,4.83,4.74,120022.0,57498645.0,1.89,0.21,0.01,1.68
2025-06-30,4.77,4.82,4.84,4.77,124385.0,59904953.42,1.46,0.84,0.04,1.74
2025-07-01,4.83,4.77,4.85,4.74,109028.0,52205727.0,2.28,-1.04,-0.05,1.52
2025-07-02,4.77,4.75,4.77,4.72,98264.0,46621397.0,1.05,-0.42,-0.02,1.37
2025-07-03,4.75,4.75,4.82,4.73,84484.0,40276052.0,1.89,0.0,0.0,1.18
2025-07-04,4.76,4.71,4.76,4.7,89569.0,42322908.87,1.26,-0.84,-0.04,1.25
2025-07-07,4.69,4.87,5.0,4.67,258605.0,125702804.9,7.01,3.4,0.16,3.61
2025-07-08,4.94,4.9,4.96,4.87,158358.0,77550757.0,1.85,0.62,0.03,2.21
2025-07-09,4.89,4.97,5.0,4.88,208349.0,103393035.92,2.45,1.43,0.07,2.91
2025-07-10,4.98,4.97,5.01,4.93,117067.0,58102924.44,1.61,0.0,0.0,1.64
2025-07-11,4.97,5.02,5.06,4.92,171011.0,85329784.06,2.82,1.01,0.05,2.39
2025-07-14,5.02,4.96,5.03,4.92,145551.0,72160401.92,2.19,-1.2,-0.06,2.03
2025-07-15,4.96,4.88,4.97,4.83,143882.0,70079551.72,2.82,-1.61,-0.08,2.01
2025-07-16,4.89,4.91,4.97,4.88,117128.0,57689511.95,1.84,0.61,0.03,1.64
2025-07-17,4.93,4.93,4.95,4.88,92414.0,45477207.65,1.43,0.41,0.02,1.29
2025-07-18,4.95,4.94,5.04,4.92,151309.0,75160598.0,2.43,0.2,0.01,2.11
2025-07-21,4.95,4.99,5.0,4.92,113628.0,56591554.88,1.62,1.01,0.05,1.59
2025-07-22,4.99,5.0,5.05,4.96,117638.0,58830194.0,1.8,0.2,0.01,1.64
2025-07-23,4.98,4.94,5.06,4.93,189427.0,94699973.76,2.6,-1.2,-0.06,2.65
2025-07-24,4.94,5.05,5.08,4.94,226642.0,114071889.7,2.83,2.23,0.11,3.17
2025-07-25,5.1,5.15,5.15,5.04,231333.0,118021104.0,2.18,1.98,0.1,3.23
2025-07-28,5.26,5.33,5.38,5.19,394071.0,208278416.59,3.69,3.5,0.18,5.51
2025-07-29,5.4,5.6,5.73,5.33,669429.0,370115061.76,7.5,5.07,0.27,9.36
2025-07-30,5.67,6.11,6.16,5.55,1205406.0,708073847.59,10.89,9.11,0.51,16.85
2025-07-31,5.86,5.64,5.9,5.58,838997.0,478018642.9,5.24,-7.69,-0.47,11.73
2025-08-01,5.6,5.7,5.74,5.4,552196.0,309220822.67,6.03,1.06,0.06,7.72
2025-08-04,5.95,5.8,6.0,5.62,626140.0,363554201.05,6.67,1.75,0.1,8.75
