交易日期,开盘价,收盘价,最高价,最低价,成交量,成交额,振幅,涨跌幅,涨跌额,换手率
2021-08-24,270.0,282.09,292.8,255.0,137940.0,3745148720.0,62.34,365.19,221.45,74.91
2021-08-25,287.99,287.9,298.8,277.5,76165.0,2194427840.0,7.55,2.06,5.81,41.36
2021-08-26,286.89,264.97,292.74,259.5,61045.0,1668652784.0,11.55,-7.96,-22.93,33.15
2021-08-27,260.0,271.3,283.0,258.5,45945.0,1251092464.0,9.25,2.39,6.33,24.95
2021-08-30,264.0,292.59,296.99,257.5,43358.0,1223512416.0,14.56,7.85,21.29,23.55
2021-08-31,288.82,276.6,295.4,272.12,30681.0,867866448.0,7.96,-5.46,-15.99,16.66
2021-09-01,279.9,279.0,290.97,264.11,30056.0,833938496.0,9.71,0.87,2.4,16.32
2021-09-02,279.18,296.4,307.5,275.0,27508.0,798325216.0,11.65,6.24,17.4,14.94
2021-09-03,294.8,280.98,303.08,275.15,21967.0,631687520.0,9.42,-5.2,-15.42,11.93
2021-09-06,275.88,281.2,285.78,274.01,13909.0,389711024.0,4.19,0.08,0.22,7.55
2021-09-07,278.18,272.81,282.88,270.1,15793.0,434104400.0,4.54,-2.98,-8.39,8.58
2021-09-08,269.05,272.7,274.0,263.0,14423.0,388131344.0,4.03,-0.04,-0.11,7.83
2021-09-09,270.18,257.0,271.86,250.0,21764.0,564442080.0,8.02,-5.76,-15.7,11.82
2021-09-10,255.02,255.02,259.59,249.0,13057.0,332773584.0,4.12,-0.77,-1.98,7.09
2021-09-13,252.13,244.03,254.79,242.5,12103.0,298355360.0,4.82,-4.31,-10.99,6.57
2021-09-14,244.52,246.89,254.0,241.01,11611.0,288900176.0,5.32,1.17,2.86,6.31
2021-09-15,244.9,253.28,253.98,240.51,9509.0,237084541.0,5.46,2.59,6.39,5.16
2021-09-16,252.52,241.27,253.0,241.0,7873.0,194169674.0,4.74,-4.74,-12.01,4.28
2021-09-17,240.52,243.24,255.74,240.52,13798.0,342968064.0,6.31,0.82,1.97,7.49
2021-09-22,241.98,240.0,244.96,228.19,11817.0,279082896.0,6.89,-1.33,-3.24,6.42
2021-09-23,237.66,231.7,240.99,231.65,7997.0,187960186.0,3.89,-3.46,-8.3,4.34
2021-09-24,231.76,229.34,236.88,229.23,5993.0,139595785.0,3.3,-1.02,-2.36,3.25
2021-09-27,225.01,214.66,229.34,203.0,12959.0,280299152.0,11.49,-6.4,-14.68,7.04
2021-09-28,213.91,233.01,238.0,208.39,14615.0,326270448.0,13.79,8.55,18.35,7.94
2021-09-29,229.0,223.58,234.76,221.7,8977.0,204967739.0,5.6,-4.05,-9.43,4.88
2021-09-30,222.04,224.35,228.0,222.04,6523.0,146340567.0,2.67,0.34,0.77,3.54
2021-10-08,224.35,216.72,225.97,210.88,6977.0,151364112.0,6.73,-3.4,-7.63,3.79
2021-10-11,215.38,229.35,234.5,215.05,9355.0,211794847.0,8.97,5.83,12.63,5.08
2021-10-12,225.04,221.0,231.67,217.3,7459.0,166229924.0,6.27,-3.64,-8.35,4.05
2021-10-13,220.0,226.91,230.5,218.01,5387.0,121236373.0,5.65,2.67,5.91,2.93
2021-10-14,224.99,238.56,242.86,224.5,8377.0,198279301.0,8.09,5.13,11.65,4.55
2021-10-15,238.0,241.78,243.0,233.42,6799.0,162641379.0,4.02,1.35,3.22,3.69
2021-10-18,242.0,236.0,244.0,232.68,8592.0,203737787.0,4.68,-2.39,-5.78,4.67
2021-10-19,233.0,233.05,236.95,231.0,4810.0,111938295.0,2.52,-1.25,-2.95,2.61
2021-10-20,231.01,239.62,243.1,231.01,6637.0,158874647.0,5.19,2.82,6.57,3.6
2021-10-21,238.0,237.68,241.41,232.0,7360.0,174251523.0,3.93,-0.81,-1.94,4.0
2021-10-22,236.98,244.64,250.0,236.97,7691.0,188854493.0,5.48,2.93,6.96,4.18
2021-10-25,244.95,246.81,253.48,242.1,5183.0,128342300.0,4.65,0.89,2.17,2.81
2021-10-26,246.5,237.7,247.32,233.35,8175.0,195970403.0,5.66,-3.69,-9.11,4.44
2021-10-27,245.0,244.29,264.0,244.29,12382.0,313947728.0,8.29,2.77,6.59,6.72
2021-10-28,241.11,250.69,262.49,241.11,11954.0,303111616.0,8.75,2.62,6.4,6.49
2021-10-29,250.12,261.0,265.0,247.01,10190.0,263677104.0,7.18,4.11,10.31,5.53
2021-11-01,263.21,259.8,268.72,258.05,6915.0,181403672.0,4.09,-0.46,-1.2,3.76
2021-11-02,262.98,258.0,269.0,254.81,10265.0,269442768.0,5.46,-0.69,-1.8,5.57
2021-11-03,256.06,252.49,259.9,247.16,10164.0,256405255.0,4.94,-2.14,-5.51,5.52
2021-11-04,254.0,255.0,260.2,252.52,7846.0,200772935.0,3.04,0.99,2.51,4.26
2021-11-05,260.0,250.8,260.0,248.5,7730.0,195746384.0,4.51,-1.65,-4.2,4.2
2021-11-08,248.0,248.0,252.0,246.9,4966.0,123737767.0,2.03,-1.12,-2.8,2.7
2021-11-09,247.51,262.2,265.0,245.05,11333.0,289956032.0,8.04,5.73,14.2,6.15
2021-11-10,265.0,264.99,271.99,258.8,10150.0,269967328.0,5.03,1.06,2.79,5.51
2021-11-11,262.9,260.75,264.9,258.5,7018.0,182676778.0,2.42,-1.6,-4.24,3.81
2021-11-12,259.38,267.25,268.71,259.07,6653.0,176530322.0,3.7,2.49,6.5,3.61
2021-11-15,267.58,263.9,274.43,263.56,8298.0,222583138.0,4.07,-1.25,-3.35,4.51
2021-11-16,261.04,257.0,267.37,256.75,6410.0,167643722.0,4.02,-2.61,-6.9,3.48
2021-11-17,256.02,262.32,262.32,254.06,5257.0,135719619.0,3.21,2.07,5.32,2.86
2021-11-18,262.32,267.8,269.5,257.49,6237.0,165222944.0,4.58,2.09,5.48,3.39
2021-11-19,265.0,288.0,294.82,264.0,15987.0,450841120.0,11.51,7.54,20.2,8.68
2021-11-22,288.08,287.3,289.97,284.0,10279.0,295100816.0,2.07,-0.24,-0.7,5.58
2021-11-23,288.0,278.62,289.9,277.6,9492.0,266670756.0,4.28,-3.02,-8.68,5.15
2021-11-24,278.11,279.19,283.97,274.88,5909.0,164606921.0,3.26,0.2,0.57,3.21
2021-11-25,279.1,278.63,281.83,275.68,4191.0,116406620.0,2.2,-0.2,-0.56,2.28
2021-11-26,279.15,277.98,284.68,275.9,5424.0,151753183.0,3.15,-0.23,-0.65,2.95
2021-11-29,274.6,283.0,285.0,274.18,5745.0,161287975.0,3.89,1.81,5.02,3.12
2021-11-30,281.57,270.29,293.6,269.0,13983.0,390644288.0,8.69,-4.49,-12.71,7.59
2021-12-01,271.01,266.71,273.0,265.07,8197.0,219574288.0,2.93,-1.32,-3.58,4.45
2021-12-02,266.17,254.87,269.23,253.9,10415.0,270372416.0,5.75,-4.44,-11.84,5.66
2021-12-03,255.01,258.37,260.5,255.0,4575.0,118083701.0,2.16,1.37,3.5,2.48
2021-12-06,258.09,248.14,259.0,247.08,10186.0,256432394.0,4.61,-3.96,-10.23,5.53
2021-12-07,249.88,237.88,252.26,234.8,11517.0,276433152.0,7.04,-4.13,-10.26,6.25
2021-12-08,240.0,242.89,245.49,238.85,6212.0,150787137.0,2.79,2.11,5.01,3.37
2021-12-09,243.43,245.2,246.48,240.28,5140.0,125359763.0,2.55,0.95,2.31,2.79
2021-12-10,244.5,244.33,246.2,241.28,3667.0,89595266.0,2.01,-0.35,-0.87,1.99
2021-12-13,245.88,247.72,250.58,239.02,5609.0,137556431.0,4.73,1.39,3.39,3.05
2021-12-14,246.1,248.85,252.77,245.28,4144.0,103295510.0,3.02,0.46,1.13,2.25
2021-12-15,248.55,236.38,248.63,236.2,8860.0,213454094.0,4.99,-5.01,-12.47,4.81
2021-12-16,237.01,238.5,239.28,233.81,5965.0,141362028.0,2.31,0.9,2.12,3.24
2021-12-17,238.37,230.93,238.37,228.67,8325.0,191787453.0,4.07,-3.17,-7.57,4.52
2021-12-20,230.0,230.93,234.6,227.6,4430.0,102980281.0,3.03,0.0,0.0,2.41
2021-12-21,233.3,233.68,235.33,229.63,2825.0,65744877.0,2.47,1.19,2.75,1.53
2021-12-22,233.0,229.9,233.98,229.86,3993.0,92199287.0,1.76,-1.62,-3.78,2.17
2021-12-23,229.0,235.8,235.96,228.62,4414.0,103051978.0,3.19,2.57,5.9,2.4
2021-12-24,235.3,231.96,235.88,231.54,3738.0,86901252.0,1.84,-1.63,-3.84,2.03
2021-12-27,230.2,233.21,235.38,230.2,2720.0,63495356.0,2.23,0.54,1.25,1.48
2021-12-28,233.21,234.0,237.72,230.21,4560.0,107006869.0,3.22,0.34,0.79,2.48
2021-12-29,234.87,229.94,235.91,229.86,3971.0,92067918.0,2.59,-1.74,-4.06,2.16
2021-12-30,229.5,235.18,236.78,224.14,11274.0,260501394.0,5.5,2.28,5.24,6.12
2021-12-31,236.95,243.81,247.55,235.01,7955.0,193470091.0,5.33,3.67,8.63,4.25
2022-01-04,243.01,243.39,248.0,238.56,7767.0,189350136.0,3.87,-0.17,-0.42,4.15
2022-01-05,243.51,232.0,245.0,228.02,7167.0,167733755.0,6.98,-4.68,-11.39,3.83
2022-01-06,229.79,235.0,236.53,227.47,4281.0,99757031.0,3.91,1.29,3.0,2.29
2022-01-07,233.06,222.53,235.94,222.5,7529.0,170626749.0,5.72,-5.31,-12.47,4.02
2022-01-10,222.57,224.01,226.0,218.18,3044.0,67903412.0,3.51,0.67,1.48,1.63
2022-01-11,224.98,216.35,226.8,214.9,5539.0,121446424.0,5.31,-3.42,-7.66,2.96
2022-01-12,217.29,220.94,221.48,215.13,3825.0,83355885.0,2.94,2.12,4.59,2.04
2022-01-13,219.62,211.9,220.89,211.55,5499.0,118064072.0,4.23,-4.09,-9.04,2.94
2022-01-14,210.94,210.37,214.98,208.95,4748.0,100375194.0,2.85,-0.72,-1.53,2.54
2022-01-17,210.41,221.0,221.38,210.39,5747.0,124712019.0,5.22,5.05,10.63,3.07
2022-01-18,221.08,218.76,222.58,217.48,2852.0,62656320.0,2.31,-1.01,-2.24,1.52
2022-01-19,218.7,210.51,218.91,208.99,4060.0,86131315.0,4.53,-3.77,-8.25,2.17
2022-01-20,210.56,197.59,211.0,197.59,10309.0,210026848.0,6.37,-6.14,-12.92,5.51
2022-01-21,197.66,190.0,199.0,188.9,8318.0,159816956.0,5.11,-3.84,-7.59,4.44
2022-01-24,190.1,197.43,202.0,189.18,4934.0,96957545.0,6.75,3.91,7.43,2.64
2022-01-25,197.5,197.6,204.48,196.0,5468.0,109466473.0,4.3,0.09,0.17,2.92
2022-01-26,196.6,198.71,199.53,193.8,3233.0,63798664.0,2.9,0.56,1.11,1.73
2022-01-27,199.93,192.16,199.93,190.91,4625.0,90593858.0,4.54,-3.3,-6.55,2.47
2022-01-28,175.34,179.96,180.13,166.06,14974.0,261634832.0,7.32,-6.35,-12.2,8.0
2022-02-07,180.0,181.27,186.38,176.95,6742.0,123063613.0,5.24,0.73,1.31,3.6
2022-02-08,179.45,179.06,183.86,173.53,6861.0,122032289.0,5.7,-1.22,-2.21,3.67
2022-02-09,178.96,176.0,180.83,174.88,5707.0,101090607.0,3.32,-1.71,-3.06,3.05
2022-02-10,211.2,211.2,211.2,202.8,23176.0,488100208.0,4.77,20.0,35.2,12.38
2022-02-11,209.0,198.55,209.0,191.58,29258.0,575803072.0,8.25,-5.99,-12.65,15.63
2022-02-14,193.17,196.89,206.79,193.17,14439.0,287661776.0,6.86,-0.84,-1.66,7.71
2022-02-15,196.0,201.4,205.25,194.62,12798.0,255532176.0,5.4,2.29,4.51,6.84
2022-02-16,198.0,194.99,200.99,193.88,12064.0,238521160.0,3.53,-3.18,-6.41,6.44
2022-02-17,194.49,201.08,201.27,191.4,13034.0,256626101.0,5.06,3.12,6.09,6.96
2022-02-18,197.2,192.9,197.2,191.96,10016.0,193790798.0,2.61,-4.07,-8.18,5.35
2022-02-21,190.0,185.19,192.9,184.14,11483.0,215111760.0,4.54,-4.0,-7.71,6.13
2022-02-22,187.88,181.0,187.88,180.03,9496.0,173458880.0,4.24,-2.26,-4.19,5.07
2022-02-23,180.0,188.03,191.0,179.0,13899.0,259061157.0,6.63,3.88,7.03,7.42
2022-02-24,183.44,194.0,197.95,182.41,27037.0,515968240.0,8.26,3.18,5.97,13.73
2022-02-25,191.98,194.0,197.5,188.0,14738.0,284173392.0,4.9,0.0,0.0,7.48
2022-02-28,195.95,198.61,202.26,193.0,15237.0,301694576.0,4.77,2.38,4.61,7.74
2022-03-01,197.0,196.99,201.88,195.22,10256.0,203079514.0,3.35,-0.82,-1.62,5.21
2022-03-02,195.87,198.06,199.21,193.33,9131.0,179564645.0,2.98,0.54,1.07,4.64
2022-03-03,199.81,196.38,201.0,195.1,9018.0,178664768.0,2.98,-0.85,-1.68,4.58
2022-03-04,195.68,194.09,203.99,193.05,9712.0,192316791.0,5.57,-1.17,-2.29,4.93
2022-03-07,195.94,184.96,197.94,183.1,9376.0,177485409.0,7.65,-4.7,-9.13,4.76
2022-03-08,185.75,180.0,187.46,177.01,8057.0,146712248.0,5.65,-2.68,-4.96,4.09
2022-03-09,181.01,169.75,181.91,163.37,10991.0,189063428.0,10.3,-5.69,-10.25,5.58
2022-03-10,174.85,178.72,183.33,174.85,12639.0,226701483.0,5.0,5.28,8.97,6.42
2022-03-11,176.0,179.19,180.46,171.02,6785.0,119485339.0,5.28,0.26,0.47,3.44
2022-03-14,177.11,176.87,183.38,173.06,7326.0,130326257.0,5.76,-1.29,-2.32,3.72
2022-03-15,172.05,169.94,177.98,169.04,6223.0,108141475.0,5.05,-3.92,-6.93,3.16
2022-03-16,173.39,172.2,173.97,162.2,9779.0,165372946.0,6.93,1.33,2.26,4.96
2022-03-17,173.99,175.38,178.53,172.51,8765.0,154581605.0,3.5,1.85,3.18,4.45
2022-03-18,174.47,166.33,174.48,165.6,11027.0,186258155.0,5.06,-5.16,-9.05,5.6
2022-03-21,168.86,169.98,173.73,167.0,7356.0,125336911.0,4.05,2.19,3.65,3.73
2022-03-22,173.68,164.96,173.74,164.47,7358.0,122532916.0,5.45,-2.95,-5.02,3.74
2022-03-23,164.33,170.58,174.97,161.86,10568.0,178419590.0,7.95,3.41,5.62,5.37
2022-03-24,169.0,166.9,169.0,165.51,4762.0,79551598.0,2.05,-2.16,-3.68,2.42
2022-03-25,168.5,163.33,169.8,163.28,5668.0,94082766.0,3.91,-2.14,-3.57,2.88
2022-03-28,161.41,159.68,161.61,155.8,4898.0,77742423.0,3.56,-2.23,-3.65,2.49
2022-03-29,159.68,152.84,162.91,151.5,9312.0,144872492.0,7.15,-4.28,-6.84,4.73
2022-03-30,153.5,157.0,157.35,152.18,7384.0,114760509.0,3.38,2.72,4.16,3.75
2022-03-31,155.77,150.77,156.66,150.0,7538.0,114957807.0,4.24,-3.97,-6.23,3.83
2022-04-01,150.02,150.22,151.98,147.46,5167.0,77433884.0,3.0,-0.36,-0.55,2.62
2022-04-06,149.69,148.98,149.73,146.8,5592.0,82750488.0,1.95,-0.83,-1.24,2.84
2022-04-07,148.8,150.11,151.42,147.5,6008.0,90021584.0,2.63,0.76,1.13,3.05
2022-04-08,151.0,150.0,151.0,146.26,5440.0,81105635.0,3.16,-0.07,-0.11,2.76
2022-04-11,148.12,141.27,149.5,139.99,6590.0,94453587.0,6.34,-5.82,-8.73,3.35
2022-04-12,140.88,143.3,143.91,139.23,3949.0,56062660.0,3.31,1.44,2.03,2.0
2022-04-13,142.0,139.35,144.68,139.11,4791.0,67665574.0,3.89,-2.76,-3.95,2.43
2022-04-14,139.8,139.3,140.85,137.02,5050.0,70317275.0,2.75,-0.04,-0.05,2.56
2022-04-15,139.3,136.0,139.3,133.5,6289.0,85330894.0,4.16,-2.37,-3.3,3.19
2022-04-18,137.01,147.1,149.5,136.0,10229.0,148293703.0,9.93,8.16,11.1,5.19
2022-04-19,146.0,149.13,151.4,145.05,7746.0,114941951.0,4.32,1.38,2.03,3.93
2022-04-20,149.0,147.15,151.48,146.8,4196.0,62265285.0,3.14,-1.33,-1.98,2.13
2022-04-21,147.13,144.65,152.99,144.01,5787.0,85683336.0,6.1,-1.7,-2.5,2.94
2022-04-22,144.31,138.4,146.65,137.18,6786.0,95524794.0,6.55,-4.32,-6.25,3.45
2022-04-25,143.0,139.15,147.99,137.79,13148.0,187314546.0,7.37,0.54,0.75,6.67
2022-04-26,137.6,128.9,139.89,128.88,10227.0,137536098.0,7.91,-7.37,-10.25,5.19
2022-04-27,125.78,136.23,137.62,125.1,9539.0,126536338.0,9.71,5.69,7.33,4.84
2022-04-28,134.93,140.58,141.6,133.51,8217.0,113577419.0,5.94,3.19,4.35,4.17
2022-04-29,140.89,150.51,152.5,139.03,10578.0,155633629.0,9.58,7.06,9.93,5.37
2022-05-05,150.51,153.03,158.0,150.51,10080.0,155788667.0,4.98,1.67,2.52,5.12
2022-05-06,149.34,150.51,153.57,149.0,7254.0,109505896.0,2.99,-1.65,-2.52,3.68
2022-05-09,148.99,158.5,158.5,146.1,9364.0,145613468.0,8.24,5.31,7.99,4.75
2022-05-10,157.06,159.51,164.98,154.48,12380.0,198479518.0,6.62,0.64,1.01,6.28
2022-05-11,159.56,156.71,163.66,156.0,8533.0,136738648.0,4.8,-1.76,-2.8,4.33
2022-05-12,157.01,163.92,164.89,155.2,9820.0,158647775.0,6.18,4.6,7.21,4.99
2022-05-13,163.92,159.66,165.0,158.84,6771.0,108776302.0,3.76,-2.6,-4.26,3.44
2022-05-16,160.51,159.91,163.56,158.1,4475.0,71752528.0,3.42,0.16,0.25,2.27
2022-05-17,160.02,161.99,161.99,156.43,4942.0,79295033.0,3.48,1.3,2.08,2.51
2022-05-18,161.31,165.12,167.8,160.58,6387.0,105196660.0,4.46,1.93,3.13,3.24
2022-05-19,162.4,167.58,168.9,161.9,6061.0,100714512.0,4.24,1.49,2.46,3.08
2022-05-20,168.61,169.42,170.46,165.67,5272.0,88550469.0,2.86,1.1,1.84,2.72
2022-05-23,172.0,169.86,173.0,167.11,5970.0,101189382.0,3.48,0.26,0.44,3.08
2022-05-24,169.8,164.92,175.75,164.44,8547.0,145820448.0,6.66,-2.91,-4.94,4.41
2022-05-25,164.91,176.2,176.98,164.66,9959.0,170769743.0,7.47,6.84,11.28,5.14
2022-05-26,176.76,174.33,179.4,171.74,8190.0,143659885.0,4.35,-1.06,-1.87,4.22
2022-05-27,96.5,89.8,97.63,86.3,30981.0,281480896.0,6.5,-48.49,-84.53,8.88
2022-05-30,89.0,91.5,91.65,86.3,13128.0,117057410.0,5.96,1.89,1.7,3.76
2022-05-31,90.53,91.3,91.91,89.09,10159.0,92289650.0,3.08,-0.22,-0.2,2.91
2022-06-01,91.3,94.52,96.89,90.55,14672.0,138703320.0,6.94,3.53,3.22,4.2
2022-06-02,94.98,96.0,96.91,94.12,14328.0,136953834.0,2.95,1.57,1.48,4.11
2022-06-06,96.2,97.7,98.6,95.78,14184.0,138301905.0,2.94,1.77,1.7,4.06
2022-06-07,97.66,94.35,97.7,93.76,15144.0,143962995.0,4.03,-3.43,-3.35,4.34
2022-06-08,93.88,95.97,96.9,90.73,18840.0,176887181.0,6.54,1.72,1.62,5.4
2022-06-09,94.17,93.61,94.93,92.58,9747.0,91193646.0,2.45,-2.46,-2.36,2.79
2022-06-10,93.22,96.5,96.95,92.52,11681.0,111854933.0,4.73,3.09,2.89,3.35
2022-06-13,96.13,103.66,103.66,95.89,25154.0,251523902.0,8.05,7.42,7.16,7.21
2022-06-14,101.11,102.3,103.02,99.68,15953.0,161174990.0,3.22,-1.31,-1.36,4.57
2022-06-15,102.59,103.6,105.79,100.22,17010.0,176214011.0,5.44,1.27,1.3,4.87
2022-06-16,103.6,105.15,105.78,103.08,11150.0,116329540.0,2.61,1.5,1.55,3.19
2022-06-17,104.02,104.71,105.4,102.08,8489.0,88200525.0,3.16,-0.42,-0.44,2.43
2022-06-20,104.8,103.15,107.46,102.86,10683.0,112537956.0,4.39,-1.49,-1.56,3.06
2022-06-21,104.03,101.69,105.27,100.86,8283.0,84988310.0,4.28,-1.42,-1.46,2.37
2022-06-22,102.0,98.75,103.38,98.61,9744.0,97352616.0,4.69,-2.89,-2.94,2.79
2022-06-23,99.98,101.75,101.8,98.06,9812.0,98694978.0,3.79,3.04,3.0,2.81
2022-06-24,101.75,102.93,106.62,101.52,13505.0,141202118.0,5.01,1.16,1.18,3.87
2022-06-27,104.66,101.85,104.66,101.01,8739.0,89222946.0,3.55,-1.05,-1.08,2.5
2022-06-28,102.46,105.6,106.72,101.11,13517.0,141428465.0,5.51,3.68,3.75,3.87
2022-06-29,104.65,99.21,105.6,99.11,15660.0,159471414.0,6.15,-6.05,-6.39,4.49
2022-06-30,99.25,101.56,105.18,99.25,12158.0,124477825.0,5.98,2.37,2.35,3.48
2022-07-01,101.64,101.8,103.55,100.31,7151.0,72749573.0,3.19,0.24,0.24,2.05
2022-07-04,102.3,105.09,105.49,99.8,12281.0,127582650.0,5.59,3.23,3.29,3.52
2022-07-05,106.05,103.27,106.05,101.87,8634.0,89390030.0,3.98,-1.73,-1.82,2.47
2022-07-06,104.91,108.31,110.38,102.6,24413.0,260091970.0,7.53,4.88,5.04,7.0
2022-07-07,109.99,113.55,115.68,108.11,23736.0,268471408.0,6.99,4.84,5.24,6.8
2022-07-08,113.0,110.61,113.39,110.0,14024.0,155766333.0,2.99,-2.59,-2.94,4.02
2022-07-11,110.2,108.3,110.42,105.8,11569.0,124360242.0,4.18,-2.09,-2.31,3.32
2022-07-12,108.0,107.89,109.05,105.92,8611.0,92559342.0,2.89,-0.38,-0.41,2.47
2022-07-13,108.78,105.2,108.78,103.8,9927.0,104542996.0,4.62,-2.49,-2.69,2.84
2022-07-14,105.2,105.49,107.98,104.05,8978.0,95516691.0,3.74,0.28,0.29,2.57
2022-07-15,104.72,101.66,106.36,101.56,10973.0,113551578.0,4.55,-3.63,-3.83,3.14
2022-07-18,101.59,97.59,101.63,96.0,19388.0,189632929.0,5.54,-4.0,-4.07,5.56
2022-07-19,97.4,97.61,99.8,97.0,13520.0,133004387.0,2.87,0.02,0.02,3.87
2022-07-20,98.05,99.4,100.1,97.06,18493.0,182288256.0,3.11,1.83,1.79,5.3
2022-07-21,99.77,95.44,99.8,95.35,19675.0,190662198.0,4.48,-3.98,-3.96,5.64
2022-07-22,95.0,93.03,96.61,91.66,14558.0,136385051.0,5.19,-2.53,-2.41,4.17
2022-07-25,93.3,96.48,96.52,92.28,15581.0,147132222.0,4.56,3.71,3.45,4.47
2022-07-26,95.99,96.83,98.2,95.3,14421.0,139685792.0,3.01,0.36,0.35,4.13
2022-07-27,96.84,100.2,100.29,96.05,17479.0,172469282.0,4.38,3.48,3.37,5.01
2022-07-28,100.31,99.46,100.86,98.67,10607.0,105489038.0,2.19,-0.74,-0.74,3.04
2022-07-29,99.48,99.1,99.7,95.23,15978.0,155855163.0,4.49,-0.36,-0.36,4.58
2022-08-01,99.0,103.97,106.8,98.11,26559.0,275604358.0,8.77,4.91,4.87,7.61
2022-08-02,103.0,109.17,110.91,102.99,40220.0,435856524.0,7.62,5.0,5.2,11.53
2022-08-03,106.61,113.8,115.68,103.08,38597.0,429529430.0,11.54,4.24,4.63,11.06
2022-08-04,113.79,109.0,113.79,108.0,24486.0,269060541.0,5.09,-4.22,-4.8,7.02
2022-08-05,108.45,109.0,111.45,105.94,21933.0,237331379.0,5.06,0.0,0.0,6.29
2022-08-08,108.67,110.03,113.43,108.0,16548.0,183173049.0,4.98,0.94,1.03,4.74
2022-08-09,109.5,107.69,110.89,106.2,18283.0,197106281.0,4.26,-2.13,-2.34,5.24
2022-08-10,108.0,111.65,113.5,106.66,19551.0,215639529.0,6.35,3.68,3.96,5.6
2022-08-11,112.3,109.49,112.98,108.46,15589.0,171479885.0,4.05,-1.93,-2.16,4.47
2022-08-12,109.49,103.28,109.49,103.28,17627.0,186076417.0,5.67,-5.67,-6.21,5.05
2022-08-15,103.85,104.68,104.77,101.83,11544.0,119061386.0,2.85,1.36,1.4,3.31
2022-08-16,105.27,102.75,105.77,102.58,8178.0,84897339.0,3.05,-1.84,-1.93,2.34
2022-08-17,102.49,99.34,102.49,98.52,15838.0,157655002.0,3.86,-3.32,-3.41,4.54
2022-08-18,98.99,100.0,100.77,98.12,11587.0,115433370.0,2.67,0.66,0.66,3.32
2022-08-19,99.5,98.76,101.77,98.56,10476.0,104327152.0,3.21,-1.24,-1.24,3.0
2022-08-22,97.89,102.42,105.4,96.33,16652.0,169481331.0,9.18,3.71,3.66,4.77
2022-08-23,101.4,99.64,103.73,98.71,12329.0,124684628.0,4.9,-2.71,-2.78,3.53
2022-08-24,100.09,93.55,100.99,93.11,23597.0,225088471.0,7.91,-6.11,-6.09,1.76
2022-08-25,93.65,88.95,93.65,86.73,27539.0,244787418.0,7.4,-4.92,-4.6,2.05
2022-08-26,91.38,90.02,91.6,87.57,48196.0,433229015.0,4.53,1.2,1.07,3.59
2022-08-29,89.79,87.76,89.79,86.5,36999.0,325235867.0,3.65,-2.51,-2.26,2.76
2022-08-30,87.43,86.31,88.36,86.18,27525.0,239937232.0,2.48,-1.65,-1.45,2.05
2022-08-31,86.38,81.88,86.56,81.81,31392.0,261199693.0,5.5,-5.13,-4.43,2.34
2022-09-01,80.15,80.85,82.05,79.8,26555.0,215236692.0,2.75,-1.26,-1.03,1.98
2022-09-02,80.85,81.21,82.59,79.0,22119.0,178211539.0,4.44,0.45,0.36,1.65
2022-09-05,81.18,82.76,83.96,80.18,29322.0,241589675.0,4.65,1.91,1.55,2.19
2022-09-06,82.78,83.65,83.93,81.79,27230.0,226219159.0,2.59,1.08,0.89,2.03
2022-09-07,83.46,84.2,84.81,82.51,25388.0,213820156.0,2.75,0.66,0.55,1.89
2022-09-08,83.95,86.97,87.33,83.0,37077.0,319465855.0,5.14,3.29,2.77,2.76
2022-09-09,87.2,85.32,87.2,84.11,22133.0,188475773.0,3.55,-1.9,-1.65,1.65
2022-09-13,85.2,85.63,87.57,84.1,18374.0,157352700.0,4.07,0.36,0.31,1.37
2022-09-14,84.0,86.12,87.75,83.58,27102.0,234154791.0,4.87,0.57,0.49,2.02
2022-09-15,86.97,84.05,86.97,81.99,28235.0,237071182.0,5.78,-2.4,-2.07,2.1
2022-09-16,84.23,84.21,85.86,83.17,47455.0,402042719.0,3.2,0.19,0.16,3.54
2022-09-19,83.88,79.65,85.67,79.45,32771.0,266676459.0,7.39,-5.42,-4.56,2.44
2022-09-20,80.5,78.56,81.9,77.99,29294.0,233894527.0,4.91,-1.37,-1.09,2.18
2022-09-21,78.5,76.49,79.31,75.56,25770.0,197795172.0,4.77,-2.63,-2.07,1.92
2022-09-22,76.69,80.87,82.76,75.8,40804.0,329246734.0,9.1,5.73,4.38,3.04
2022-09-23,81.0,77.49,82.8,77.15,31135.0,246489184.0,6.99,-4.18,-3.38,2.32
2022-09-26,77.4,74.92,77.6,74.76,22647.0,171704060.0,3.66,-3.32,-2.57,1.69
2022-09-27,75.17,76.48,78.48,74.4,40759.0,310431435.0,5.45,2.08,1.56,3.04
2022-09-28,76.0,72.23,76.66,72.0,27283.0,201441532.0,6.09,-5.56,-4.25,2.03
2022-09-29,73.19,74.33,75.73,72.51,31418.0,234010581.0,4.46,2.91,2.1,2.34
2022-09-30,73.62,72.0,73.88,71.13,22259.0,160573804.0,3.7,-3.13,-2.33,1.66
2022-10-10,71.01,69.48,71.94,69.06,22786.0,159767367.0,4.0,-3.5,-2.52,1.7
2022-10-11,69.9,70.66,71.38,67.77,23934.0,167142370.0,5.2,1.7,1.18,1.78
2022-10-12,71.37,73.54,73.69,69.2,26495.0,190239221.0,6.35,4.08,2.88,1.97
2022-10-13,73.82,74.69,77.0,72.81,37792.0,284534760.0,5.7,1.56,1.15,2.82
2022-10-14,74.9,76.01,76.99,74.25,26796.0,202851360.0,3.67,1.77,1.32,2.0
2022-10-17,75.9,78.3,80.84,75.23,34263.0,269232615.0,7.38,3.01,2.29,2.55
2022-10-18,78.77,78.0,79.42,77.29,23161.0,181240509.0,2.72,-0.38,-0.3,1.73
2022-10-19,77.35,77.51,78.58,76.61,21396.0,166530908.0,2.53,-0.63,-0.49,1.59
2022-10-20,77.36,79.42,80.65,76.02,31792.0,250595184.0,5.97,2.46,1.91,2.37
2022-10-21,79.39,78.19,79.77,77.05,17954.0,140381867.0,3.42,-1.55,-1.23,1.34
2022-10-24,78.98,81.96,83.44,78.7,41534.0,339171072.0,6.06,4.82,3.77,3.1
2022-10-25,81.83,82.99,84.5,80.45,48634.0,402707310.0,4.94,1.26,1.03,3.63
2022-10-26,79.88,80.33,81.26,77.1,49786.0,397006799.0,5.01,-3.21,-2.66,3.71
2022-10-27,80.0,81.59,83.9,79.51,35058.0,286398394.0,5.46,1.57,1.26,2.61
2022-10-28,81.12,78.5,83.18,78.2,28779.0,232847862.0,6.1,-3.79,-3.09,2.15
2022-10-31,78.8,83.66,85.84,77.0,44026.0,363658615.0,11.26,6.57,5.16,3.28
2022-11-01,83.95,84.35,86.3,83.06,38663.0,327195010.0,3.87,0.82,0.69,2.88
2022-11-02,84.18,86.63,89.59,83.4,47735.0,417015604.0,7.34,2.7,2.28,3.56
2022-11-03,86.5,89.58,89.58,85.8,45160.0,398510804.0,4.36,3.41,2.95,3.37
2022-11-04,89.97,88.8,89.97,87.63,39279.0,347679443.0,2.61,-0.87,-0.78,2.93
2022-11-07,87.93,85.54,88.89,84.44,50373.0,432799391.0,5.01,-3.67,-3.26,3.75
2022-11-08,85.0,85.95,86.77,82.68,31781.0,269054580.0,4.78,0.48,0.41,2.37
2022-11-09,86.49,83.56,86.49,83.42,28640.0,241974870.0,3.57,-2.78,-2.39,2.13
2022-11-10,82.95,82.3,84.6,81.57,26555.0,220577107.0,3.63,-1.51,-1.26,1.98
2022-11-11,84.2,80.51,84.29,80.25,39936.0,326178409.0,4.91,-2.17,-1.79,2.98
2022-11-14,80.5,79.89,81.68,78.77,27529.0,220721232.0,3.61,-0.77,-0.62,2.05
2022-11-15,79.87,84.23,84.37,79.21,39677.0,330142796.0,6.46,5.43,4.34,2.96
2022-11-16,84.2,82.97,86.11,82.66,31164.0,262305802.0,4.1,-1.5,-1.26,2.32
2022-11-17,82.18,83.92,83.99,80.66,23516.0,193346828.0,4.01,1.14,0.95,1.75
2022-11-18,83.41,81.72,84.84,81.68,21239.0,176891563.0,3.77,-2.62,-2.2,1.58
2022-11-21,80.85,84.05,84.4,80.82,23515.0,195971952.0,4.38,2.85,2.33,1.75
2022-11-22,84.05,84.8,87.57,83.67,40315.0,345967853.0,4.64,0.89,0.75,3.0
2022-11-23,84.36,83.48,85.9,81.62,24945.0,207648941.0,5.05,-1.56,-1.32,1.86
2022-11-24,83.08,81.1,83.83,80.8,24072.0,197053278.0,3.63,-2.85,-2.38,1.79
2022-11-25,81.15,78.45,81.42,78.45,23196.0,184357142.0,3.66,-3.27,-2.65,1.73
2022-11-28,78.09,76.5,79.2,76.11,29265.0,226332531.0,3.94,-2.49,-1.95,2.18
2022-11-29,76.59,79.18,80.76,76.59,41194.0,326117556.0,5.45,3.5,2.68,3.07
2022-11-30,79.18,78.52,79.47,77.8,15903.0,124884335.0,2.11,-0.83,-0.66,1.19
2022-12-01,79.19,79.28,80.87,79.17,21913.0,175089249.0,2.17,0.97,0.76,1.63
2022-12-02,79.5,78.9,80.6,78.14,21115.0,167378449.0,3.1,-0.48,-0.38,1.57
2022-12-05,78.78,79.18,79.22,77.95,17955.0,141251640.0,1.61,0.35,0.28,1.34
2022-12-06,78.95,80.16,80.48,78.72,21511.0,171560567.0,2.22,1.24,0.98,1.6
2022-12-07,79.68,78.81,80.6,78.5,21912.0,174117048.0,2.62,-1.68,-1.35,1.63
2022-12-08,78.39,76.42,78.52,76.22,32869.0,253291237.0,2.92,-3.03,-2.39,2.45
2022-12-09,76.44,76.57,78.86,75.75,52259.0,404703664.0,4.07,0.2,0.15,3.9
2022-12-12,76.57,79.45,80.63,76.57,39956.0,316921100.0,5.3,3.76,2.88,2.98
2022-12-13,79.48,77.18,80.49,77.1,23114.0,180649241.0,4.27,-2.86,-2.27,1.72
2022-12-14,79.05,75.58,79.98,75.4,27904.0,215292914.0,5.93,-2.07,-1.6,2.08
2022-12-15,75.02,75.69,76.79,74.81,16063.0,122030480.0,2.62,0.15,0.11,1.2
2022-12-16,75.16,73.03,75.86,72.61,28189.0,207192396.0,4.29,-3.51,-2.66,2.1
2022-12-19,72.64,71.72,74.23,71.37,17831.0,129375368.0,3.92,-1.79,-1.31,1.33
2022-12-20,72.07,72.0,72.8,71.2,12929.0,93174923.0,2.23,0.39,0.28,0.96
2022-12-21,72.01,70.45,72.35,70.0,14241.0,101003499.0,3.26,-2.15,-1.55,1.06
2022-12-22,71.39,69.8,71.39,69.3,13119.0,92027592.0,2.97,-0.92,-0.65,0.98
2022-12-23,69.3,69.68,70.21,68.88,11284.0,78425192.0,1.91,-0.17,-0.12,0.84
2022-12-26,69.9,71.62,72.16,69.9,13690.0,97604318.0,3.24,2.78,1.94,1.02
2022-12-27,71.6,71.71,72.37,70.2,17459.0,124514080.0,3.03,0.13,0.09,1.3
2022-12-28,71.89,70.97,72.78,70.62,14121.0,100898523.0,3.01,-1.03,-0.74,1.05
2022-12-29,71.15,73.09,74.4,70.87,28829.0,209719128.0,4.97,2.99,2.12,2.15
2022-12-30,73.01,77.17,77.49,72.56,46441.0,352413437.0,6.75,5.58,4.08,3.46
2023-01-03,77.64,81.08,81.79,77.5,48925.0,392087368.0,5.56,5.07,3.91,3.65
2023-01-04,81.27,81.12,82.61,80.39,31788.0,258266484.0,2.74,0.05,0.04,2.37
2023-01-05,81.12,81.1,82.47,80.82,21147.0,172339963.0,2.03,-0.02,-0.02,1.58
2023-01-06,81.22,81.06,82.36,80.36,20910.0,169851586.0,2.47,-0.05,-0.04,1.56
2023-01-09,81.15,81.21,84.54,80.79,29976.0,247322900.0,4.63,0.19,0.15,2.24
2023-01-10,81.71,80.66,81.78,80.02,16801.0,135526835.0,2.17,-0.68,-0.55,1.26
2023-01-11,80.69,78.9,81.88,78.66,21260.0,170124040.0,3.99,-2.18,-1.76,1.59
2023-01-12,81.0,79.08,81.37,78.5,22671.0,179901456.0,3.64,0.23,0.18,1.69
2023-01-13,79.42,78.86,80.76,78.5,22473.0,178094100.0,2.86,-0.28,-0.22,1.68
2023-01-16,78.87,80.02,81.28,78.31,25786.0,206302624.0,3.77,1.47,1.16,1.93
2023-01-17,80.01,82.19,84.0,79.85,30261.0,248986721.0,5.19,2.71,2.17,2.26
2023-01-18,82.04,81.0,82.48,80.61,17107.0,138988433.0,2.28,-1.45,-1.19,1.28
2023-01-19,80.7,81.86,82.2,80.38,21633.0,176080203.0,2.25,1.06,0.86,1.62
2023-01-20,81.71,81.28,82.66,80.5,20753.0,168980326.0,2.64,-0.71,-0.58,1.55
2023-01-30,82.33,83.49,84.8,82.1,38805.0,324862359.0,3.32,2.72,2.21,2.9
2023-01-31,83.03,83.09,83.78,81.69,24027.0,198880663.0,2.5,-0.48,-0.4,1.79
2023-02-01,83.1,84.71,85.67,82.66,42517.0,358999310.0,3.62,1.95,1.62,3.18
2023-02-02,85.23,83.19,85.49,83.0,40282.0,338087643.0,2.94,-1.79,-1.52,3.01
2023-02-03,82.8,84.85,85.39,82.59,38358.0,323323257.0,3.37,2.0,1.66,2.87
2023-02-06,85.15,82.69,85.42,82.16,31406.0,263012880.0,3.84,-2.55,-2.16,2.35
2023-02-07,82.86,83.34,83.46,81.95,21667.0,179302052.0,1.83,0.79,0.65,1.62
2023-02-08,83.04,80.81,83.55,80.52,34707.0,282039112.0,3.64,-3.04,-2.53,2.59
2023-02-09,80.75,86.04,86.66,80.65,72957.0,617240576.0,7.44,6.47,5.23,5.45
2023-02-10,85.98,84.53,86.3,83.65,39412.0,334560645.0,3.08,-1.75,-1.51,2.94
2023-02-13,84.5,84.78,85.91,83.96,42693.0,362411888.0,2.31,0.3,0.25,3.19
2023-02-14,84.71,85.33,85.5,83.52,35673.0,301708798.0,2.34,0.65,0.55,2.66
2023-02-15,85.46,87.4,88.58,84.84,59946.0,520303195.0,4.38,2.43,2.07,4.48
2023-02-16,87.3,84.68,88.09,83.69,48530.0,417536466.0,5.03,-3.11,-2.72,3.63
2023-02-17,84.51,82.87,85.35,81.75,36856.0,307208002.0,4.25,-2.14,-1.81,2.75
2023-02-20,82.7,83.83,83.86,81.5,25072.0,207823509.0,2.85,1.16,0.96,1.87
2023-02-21,83.99,84.86,85.9,83.44,29280.0,247406880.0,2.93,1.23,1.03,2.19
2023-02-22,85.64,87.25,88.29,85.37,60930.0,529281788.0,3.44,2.82,2.39,4.55
2023-02-23,87.25,87.92,89.88,87.02,74841.0,661197233.0,3.28,0.77,0.67,5.59
2023-02-24,87.29,86.86,89.58,86.85,55757.0,490772831.0,3.11,-1.21,-1.06,4.17
2023-02-27,88.01,85.22,88.65,84.81,42358.0,367185272.0,4.42,-1.89,-1.64,3.16
2023-02-28,85.0,83.99,85.76,82.9,40649.0,341840425.0,3.36,-1.44,-1.23,3.04
2023-03-01,84.0,84.8,84.8,83.52,30379.0,256153981.0,1.52,0.96,0.81,2.27
2023-03-02,84.59,85.61,87.2,84.48,40612.0,349422273.0,3.21,0.96,0.81,3.03
2023-03-03,85.85,86.06,86.48,84.02,39317.0,336670366.0,2.87,0.53,0.45,2.94
2023-03-06,86.96,83.68,87.38,83.68,47881.0,408302642.0,4.3,-2.77,-2.38,3.58
2023-03-07,83.5,81.0,83.5,80.9,49653.0,405439619.0,3.11,-3.2,-2.68,3.71
2023-03-08,80.9,81.74,82.38,80.71,21510.0,175458525.0,2.06,0.91,0.74,1.61
2023-03-09,81.74,80.82,82.4,80.66,29100.0,237133274.0,2.13,-1.13,-0.92,2.17
2023-03-10,80.45,81.24,81.34,79.01,27948.0,224673883.0,2.88,0.52,0.42,2.09
2023-03-13,80.38,79.24,81.6,78.38,30066.0,239126733.0,3.96,-2.46,-2.0,2.25
2023-03-14,79.0,78.4,79.5,77.17,28530.0,223212196.0,2.94,-1.06,-0.84,2.13
2023-03-15,78.74,78.94,79.65,78.42,18685.0,147536387.0,1.57,0.69,0.54,1.4
2023-03-16,78.0,76.3,78.7,76.17,22990.0,177615812.0,3.2,-3.34,-2.64,1.72
2023-03-17,76.97,77.07,78.11,76.24,21715.0,167572519.0,2.45,1.01,0.77,1.62
2023-03-20,77.08,78.13,78.4,76.4,21627.0,168039530.0,2.6,1.38,1.06,1.62
2023-03-21,78.79,78.88,80.56,78.62,33713.0,268537316.0,2.48,0.96,0.75,2.52
2023-03-22,78.78,79.14,79.38,78.38,18576.0,146463166.0,1.27,0.33,0.26,1.39
2023-03-23,79.18,80.45,80.58,78.68,24864.0,198660917.0,2.4,1.66,1.31,1.86
2023-03-24,80.4,77.19,80.4,77.0,51578.0,402730642.0,4.23,-4.05,-3.26,3.85
2023-03-27,76.98,75.1,77.08,75.06,39707.0,300908371.0,2.62,-2.71,-2.09,2.97
2023-03-28,75.14,73.96,75.45,73.66,25270.0,187801764.0,2.38,-1.52,-1.14,1.89
2023-03-29,73.75,74.45,74.65,73.75,20058.0,149031556.0,1.22,0.66,0.49,1.5
2023-03-30,74.33,75.51,76.58,73.9,24857.0,187582674.0,3.6,1.42,1.06,1.86
2023-03-31,75.41,75.56,76.25,74.91,15114.0,114144700.0,1.77,0.07,0.05,1.13
2023-04-03,76.35,76.85,77.41,75.95,22779.0,174957830.0,1.93,1.71,1.29,1.7
2023-04-04,76.59,76.0,76.86,75.33,26221.0,198847744.0,1.99,-1.11,-0.85,1.96
2023-04-06,76.0,78.54,78.6,75.8,36055.0,280245066.0,3.68,3.34,2.54,2.69
2023-04-07,78.3,78.51,78.88,77.76,23507.0,184013197.0,1.43,-0.04,-0.03,1.76
2023-04-10,78.22,77.3,79.45,77.29,22009.0,172366950.0,2.75,-1.54,-1.21,1.64
2023-04-11,77.0,78.01,78.25,76.9,19447.0,151277457.0,1.75,0.92,0.71,1.45
2023-04-12,77.86,77.27,77.98,76.6,17089.0,132051770.0,1.77,-0.95,-0.74,1.28
2023-04-13,76.98,75.35,77.26,75.0,23822.0,180369474.0,2.92,-2.48,-1.92,1.78
2023-04-14,75.01,76.09,76.47,74.89,17201.0,130566051.0,2.1,0.98,0.74,1.28
2023-04-17,76.09,75.58,76.77,74.91,21783.0,164900771.0,2.44,-0.67,-0.51,1.63
2023-04-18,75.02,74.94,75.56,74.28,15744.0,117740787.0,1.69,-0.85,-0.64,1.18
2023-04-19,74.93,74.39,75.4,73.85,17502.0,130432866.0,2.07,-0.73,-0.55,1.31
2023-04-20,74.49,73.68,75.35,73.36,18073.0,133685394.0,2.68,-0.95,-0.71,1.35
2023-04-21,73.0,74.42,75.9,73.0,33093.0,247970722.0,3.94,1.0,0.74,2.47
2023-04-24,74.19,71.4,74.23,71.06,25937.0,186822640.0,4.26,-4.06,-3.02,1.94
2023-04-25,71.41,71.69,72.22,71.1,17526.0,125633356.0,1.57,0.41,0.29,1.31
2023-04-26,69.99,69.01,70.9,69.0,38712.0,269618199.0,2.65,-3.74,-2.68,2.89
2023-04-27,69.38,69.43,69.96,68.52,25868.0,179002272.0,2.09,0.61,0.42,1.93
2023-04-28,69.92,71.01,71.36,69.49,18833.0,133051970.0,2.69,2.28,1.58,1.41
2023-05-04,70.78,70.53,71.57,70.37,16378.0,115999280.0,1.69,-0.68,-0.48,1.22
2023-05-05,71.0,69.15,71.08,68.75,18043.0,125508546.0,3.3,-1.96,-1.38,1.35
2023-05-08,69.15,70.4,70.83,69.13,17897.0,125496820.0,2.46,1.81,1.25,1.34
2023-05-09,70.4,67.93,70.4,67.88,24860.0,171313020.0,3.58,-3.51,-2.47,1.86
2023-05-10,67.5,68.18,68.23,66.6,19252.0,129448077.0,2.4,0.37,0.25,1.44
2023-05-11,68.17,68.36,68.85,67.57,11560.0,78796065.0,1.88,0.26,0.18,0.86
2023-05-12,68.32,67.34,68.83,67.01,10082.0,68235967.0,2.66,-1.49,-1.02,0.75
2023-05-15,67.2,68.68,68.78,66.74,12779.0,86794907.0,3.03,1.99,1.34,0.95
2023-05-16,68.7,68.52,69.23,68.22,10906.0,74876536.0,1.47,-0.23,-0.16,0.81
2023-05-17,68.1,69.26,69.6,68.1,21481.0,148258961.0,2.19,1.08,0.74,1.6
2023-05-18,69.27,67.9,69.38,67.8,22034.0,150590862.0,2.28,-1.96,-1.36,1.65
2023-05-19,67.89,69.38,69.4,67.46,21054.0,144471393.0,2.86,2.18,1.48,1.57
2023-05-22,68.96,68.73,69.49,68.34,14115.0,96936078.0,1.66,-0.94,-0.65,1.05
2023-05-23,68.75,67.81,69.21,67.81,11773.0,80688909.0,2.04,-1.34,-0.92,0.88
2023-05-24,67.86,70.27,71.5,67.76,34634.0,243033651.0,5.52,3.63,2.46,2.59
2023-05-25,70.18,70.17,70.64,69.25,23623.0,165029491.0,1.98,-0.14,-0.1,1.76
2023-05-26,70.07,69.68,70.2,68.78,17169.0,119048441.0,2.02,-0.7,-0.49,1.28
2023-05-29,69.85,69.14,70.5,68.9,15477.0,107645364.0,2.3,-0.77,-0.54,1.16
2023-05-30,68.9,68.08,68.9,66.7,24025.0,162635014.0,3.18,-1.53,-1.06,1.79
2023-05-31,68.1,68.45,68.55,67.56,13398.0,91329376.0,1.45,0.54,0.37,1.0
2023-06-01,68.06,69.51,70.12,67.5,21599.0,149298507.0,3.83,1.55,1.06,1.61
2023-06-02,69.7,69.83,70.19,68.95,16547.0,115175729.0,1.78,0.46,0.32,1.24
2023-06-05,69.85,69.31,70.27,69.12,14095.0,98257001.0,1.65,-0.74,-0.52,1.05
2023-06-06,69.01,67.1,69.04,66.88,20046.0,135900259.0,3.12,-3.19,-2.21,1.5
2023-06-07,66.85,66.96,67.51,66.66,12725.0,85252881.0,1.27,-0.21,-0.14,0.95
2023-06-08,66.9,59.48,66.9,59.09,78893.0,486976274.0,11.66,-11.17,-7.48,5.89
2023-06-09,59.8,60.76,60.98,59.35,33424.0,201564275.0,2.74,2.15,1.28,2.5
2023-06-12,60.38,60.15,61.21,60.12,21811.0,131911245.0,1.79,-1.0,-0.61,1.63
2023-06-13,60.32,59.85,60.48,59.55,18960.0,113853511.0,1.55,-0.5,-0.3,1.42
2023-06-14,59.9,59.5,60.17,59.3,18499.0,110323383.0,1.45,-0.58,-0.35,1.38
2023-06-15,59.36,60.51,60.98,59.21,25714.0,154273588.0,2.97,1.7,1.01,1.92
2023-06-16,60.51,61.25,61.64,60.4,21524.0,131691145.0,2.05,1.22,0.74,1.61
2023-06-19,60.95,61.8,62.22,60.85,23549.0,145528792.0,2.24,0.9,0.55,1.76
2023-06-20,61.81,65.7,66.15,61.66,52774.0,340030184.0,7.27,6.31,3.9,3.94
2023-06-21,65.5,64.62,65.77,63.88,31572.0,203885747.0,2.88,-1.64,-1.08,2.36
2023-06-26,64.48,63.78,64.8,63.2,20483.0,130596764.0,2.48,-1.3,-0.84,1.53
2023-06-27,63.7,63.33,63.84,62.62,16989.0,107439853.0,1.91,-0.71,-0.45,1.27
2023-06-28,63.5,63.69,63.87,62.08,15947.0,100604991.0,2.83,0.57,0.36,1.19
2023-06-29,63.2,64.0,65.6,63.2,21323.0,137690677.0,3.77,0.49,0.31,1.59
2023-06-30,64.0,64.93,65.98,64.0,27697.0,180396581.0,3.09,1.45,0.93,2.07
2023-07-03,64.8,64.96,65.8,64.36,23431.0,152162837.0,2.22,0.05,0.03,1.75
2023-07-04,65.2,64.9,65.35,64.57,18477.0,120026350.0,1.2,-0.09,-0.06,1.38
2023-07-05,64.66,64.47,66.33,64.44,23802.0,155664437.0,2.91,-0.66,-0.43,1.78
2023-07-06,64.21,64.15,65.19,63.6,14702.0,94614583.0,2.47,-0.5,-0.32,1.1
2023-07-07,63.95,63.02,64.15,62.99,18193.0,115209849.0,1.81,-1.76,-1.13,1.36
2023-07-10,63.19,65.13,65.7,62.98,23066.0,149463764.0,4.32,3.35,2.11,1.72
2023-07-11,65.0,66.28,67.18,64.8,29036.0,192916172.0,3.65,1.77,1.15,2.17
2023-07-12,66.3,65.65,67.19,65.58,26097.0,173173447.0,2.43,-0.95,-0.63,1.95
2023-07-13,65.5,66.03,67.3,65.21,20662.0,136998400.0,3.18,0.58,0.38,1.54
2023-07-14,65.8,64.78,65.97,64.67,19687.0,128115069.0,1.97,-1.89,-1.25,1.47
2023-07-17,64.52,64.39,65.07,63.88,13870.0,89163666.0,1.84,-0.6,-0.39,1.04
2023-07-18,64.39,64.48,65.07,64.0,11185.0,72158426.0,1.66,0.14,0.09,0.84
2023-07-19,64.18,62.86,64.44,62.76,19079.0,120777384.0,2.61,-2.51,-1.62,1.42
2023-07-20,62.99,61.79,63.41,61.78,14591.0,91078240.0,2.59,-1.7,-1.07,1.09
2023-07-21,61.8,62.22,63.16,61.64,11409.0,71147394.0,2.46,0.7,0.43,0.85
2023-07-24,62.22,62.95,64.32,62.0,13782.0,87285469.0,3.73,1.17,0.73,1.03
2023-07-25,63.54,63.78,63.98,63.01,12428.0,78935651.0,1.54,1.32,0.83,0.93
2023-07-26,63.63,63.0,63.78,62.8,8395.0,52941114.0,1.54,-1.22,-0.78,0.63
2023-07-27,63.06,62.72,63.84,62.5,11313.0,71470468.0,2.13,-0.44,-0.28,0.84
2023-07-28,62.56,62.33,62.74,61.3,15966.0,99035623.0,2.3,-0.62,-0.39,1.19
2023-07-31,62.33,63.58,64.25,62.33,17529.0,111265375.0,3.08,2.01,1.25,1.31
2023-08-01,63.5,63.1,63.99,62.92,11530.0,73056654.0,1.68,-0.75,-0.48,0.86
2023-08-02,63.36,62.45,63.49,62.18,11037.0,69089908.0,2.08,-1.03,-0.65,0.82
2023-08-03,62.02,59.7,62.6,59.2,40072.0,241042150.0,5.44,-4.4,-2.75,2.99
2023-08-04,59.95,60.03,60.57,59.76,22183.0,133353209.0,1.36,0.55,0.33,1.66
2023-08-07,60.0,60.33,60.61,59.78,10953.0,66013602.0,1.38,0.5,0.3,0.82
2023-08-08,60.19,60.82,61.15,59.8,13234.0,80022040.0,2.24,0.81,0.49,0.99
2023-08-09,60.55,60.26,61.0,60.03,11534.0,69652134.0,1.59,-0.92,-0.56,0.86
2023-08-10,60.21,60.41,60.86,60.02,8032.0,48619497.0,1.39,0.25,0.15,0.6
2023-08-11,60.41,59.42,60.63,59.39,10729.0,64337566.0,2.05,-1.64,-0.99,0.8
2023-08-14,58.98,58.91,59.28,58.0,17595.0,103057870.0,2.15,-0.86,-0.51,1.31
2023-08-15,58.77,58.19,59.28,57.5,14382.0,83557086.0,3.02,-1.22,-0.72,1.07
2023-08-16,57.87,57.68,58.56,57.65,9136.0,52963561.0,1.56,-0.88,-0.51,0.68
2023-08-17,57.6,59.98,60.64,56.88,30538.0,181157596.0,6.52,3.99,2.3,2.28
2023-08-18,59.68,58.66,60.58,58.64,18649.0,111230467.0,3.23,-2.2,-1.32,1.39
2023-08-21,58.94,57.62,59.49,57.0,16191.0,94745374.0,4.24,-1.77,-1.04,1.21
2023-08-22,57.71,57.36,58.25,55.78,27173.0,154485366.0,4.29,-0.45,-0.26,2.03
2023-08-23,56.94,55.72,57.17,55.64,15691.0,88086729.0,2.67,-2.86,-1.64,1.17
2023-08-24,56.18,55.6,56.66,55.55,14101.0,79114177.0,1.99,-0.22,-0.12,1.05
2023-08-25,55.2,53.11,55.65,52.9,26321.0,142230362.0,4.95,-4.48,-2.49,1.97
2023-08-28,57.3,54.6,57.99,54.35,50041.0,283693958.0,6.85,2.81,1.49,3.74
2023-08-29,55.66,59.2,59.79,55.0,55520.0,322679069.0,8.77,8.42,4.6,4.15
2023-08-30,58.84,60.52,60.94,58.84,36760.0,221138805.0,3.55,2.23,1.32,2.74
2023-08-31,60.1,59.7,60.48,59.5,22079.0,132196729.0,1.62,-1.35,-0.82,1.65
2023-09-01,59.79,59.12,59.95,58.52,17044.0,100736815.0,2.4,-0.97,-0.58,1.27
2023-09-04,59.45,59.85,59.85,58.88,19051.0,113173994.0,1.64,1.23,0.73,1.42
2023-09-05,59.73,59.97,61.2,59.61,23657.0,142819417.0,2.66,0.2,0.12,1.77
2023-09-06,59.67,61.6,61.82,59.11,33011.0,201548822.0,4.52,2.72,1.63,2.46
2023-09-07,61.72,59.89,61.8,59.8,25560.0,155302274.0,3.25,-2.78,-1.71,1.91
2023-09-08,59.89,61.87,62.46,59.63,37176.0,228696241.0,4.73,3.31,1.98,2.78
2023-09-11,62.0,61.02,62.81,60.73,31131.0,190329198.0,3.36,-1.37,-0.85,2.32
2023-09-12,60.69,60.55,61.43,60.37,21090.0,128308297.0,1.74,-0.77,-0.47,1.57
2023-09-13,60.6,59.75,60.66,59.21,19460.0,116226277.0,2.39,-1.32,-0.8,1.45
2023-09-14,59.69,60.05,60.18,59.32,18230.0,108901465.0,1.44,0.5,0.3,1.36
2023-09-15,60.07,59.78,60.52,59.08,19686.0,117566211.0,2.4,-0.45,-0.27,1.47
2023-09-18,59.5,59.68,60.12,58.67,20472.0,121685438.0,2.43,-0.17,-0.1,1.53
2023-09-19,59.68,58.26,59.77,58.03,24898.0,145666241.0,2.92,-2.38,-1.42,1.86
2023-09-20,58.35,57.68,59.02,57.32,14299.0,83112212.0,2.92,-1.0,-0.58,1.07
2023-09-21,57.52,57.02,58.02,56.78,12992.0,74388460.0,2.15,-1.14,-0.66,0.97
2023-09-22,57.0,58.5,58.66,56.87,15580.0,90236727.0,3.14,2.6,1.48,1.16
2023-09-25,58.43,58.1,58.5,57.5,13913.0,80511838.0,1.71,-0.68,-0.4,1.04
2023-09-26,57.81,57.46,58.11,57.32,10902.0,62827783.0,1.36,-1.1,-0.64,0.81
2023-09-27,57.5,58.47,58.93,57.5,15169.0,88638550.0,2.49,1.76,1.01,1.13
2023-09-28,58.58,59.59,59.82,58.58,14548.0,86381648.0,2.12,1.92,1.12,1.09
2023-10-09,59.68,61.06,61.88,59.63,29292.0,178775466.0,3.78,2.47,1.47,2.19
2023-10-10,61.05,60.55,61.37,60.3,14366.0,87183458.0,1.75,-0.84,-0.51,1.07
2023-10-11,60.6,60.31,61.15,60.0,18153.0,109996452.0,1.9,-0.4,-0.24,1.36
2023-10-12,60.4,60.66,60.99,60.03,14807.0,89600446.0,1.59,0.58,0.35,1.11
2023-10-13,60.17,59.9,60.42,59.25,17365.0,103957362.0,1.93,-1.25,-0.76,1.3
2023-10-16,59.86,60.16,61.9,59.33,30043.0,182060157.0,4.29,0.43,0.26,2.24
2023-10-17,59.81,60.77,60.83,58.8,24272.0,145568363.0,3.37,1.01,0.61,1.81
2023-10-18,60.25,58.5,60.49,58.49,23987.0,141461546.0,3.29,-3.74,-2.27,1.79
2023-10-19,58.65,59.3,61.2,58.37,31269.0,187778053.0,4.84,1.37,0.8,2.33
2023-10-20,58.38,57.4,59.27,57.31,28002.0,162430423.0,3.31,-3.2,-1.9,2.09
2023-10-23,57.25,57.39,59.49,56.51,29228.0,168653534.0,5.19,-0.02,-0.01,2.18
2023-10-24,57.59,58.73,59.97,56.36,32366.0,188452933.0,6.29,2.33,1.34,2.42
2023-10-25,58.53,59.16,60.05,58.2,28125.0,166811776.0,3.15,0.73,0.43,2.1
2023-10-26,58.8,63.0,63.45,58.36,68773.0,420899508.0,8.6,6.49,3.84,5.13
2023-10-27,63.74,64.0,64.49,62.3,63911.0,406033815.0,3.48,1.59,1.0,4.77
2023-10-30,63.21,63.7,65.15,63.01,54266.0,347669635.0,3.34,-0.47,-0.3,4.05
2023-10-31,63.92,64.52,65.8,63.59,56870.0,367828421.0,3.47,1.29,0.82,4.25
2023-11-01,64.68,67.17,68.33,64.18,82785.0,552955597.0,6.43,4.11,2.65,6.18
2023-11-02,67.3,63.81,67.49,63.81,60460.0,395105960.0,5.48,-5.0,-3.36,4.51
2023-11-03,64.48,65.84,67.48,64.48,57623.0,379355409.0,4.7,3.18,2.03,4.3
2023-11-06,65.45,66.26,66.46,64.8,60505.0,398126610.0,2.52,0.64,0.42,4.52
2023-11-07,65.87,65.84,66.26,65.03,34996.0,229567790.0,1.86,-0.63,-0.42,2.61
2023-11-08,66.41,66.12,66.5,65.09,35452.0,233605054.0,2.14,0.43,0.28,2.65
2023-11-09,65.88,64.15,66.25,64.09,44334.0,287678997.0,3.27,-2.98,-1.97,3.29
2023-11-10,63.9,66.09,66.27,63.68,45324.0,296145058.0,4.04,3.02,1.94,3.37
2023-11-13,66.28,67.75,68.36,66.21,63284.0,428031183.0,3.25,2.51,1.66,4.7
2023-11-14,67.8,67.38,68.5,66.65,35180.0,237099494.0,2.73,-0.55,-0.37,2.61
2023-11-15,67.8,66.71,67.8,66.49,27669.0,184921703.0,1.94,-0.99,-0.67,2.05
2023-11-16,66.99,65.74,67.3,65.7,25149.0,166940011.0,2.4,-1.45,-0.97,1.87
2023-11-17,65.6,66.04,66.2,65.02,20096.0,132075080.0,1.79,0.46,0.3,1.49
2023-11-20,65.9,67.7,67.8,65.37,43068.0,288322411.0,3.68,2.51,1.66,3.2
2023-11-21,68.06,66.65,68.08,66.22,30569.0,205105388.0,2.75,-1.55,-1.05,2.27
2023-11-22,66.16,64.41,66.65,64.36,31824.0,207636057.0,3.44,-3.36,-2.24,2.36
2023-11-23,64.22,64.89,65.3,64.0,18086.0,117178114.0,2.02,0.75,0.48,1.34
2023-11-24,65.02,63.35,65.1,62.48,24976.0,159019906.0,4.04,-2.37,-1.54,1.85
2023-11-27,63.22,63.5,64.15,63.15,19640.0,125024302.0,1.58,0.24,0.15,1.46
2023-11-28,63.3,63.48,64.13,62.8,21616.0,136965821.0,2.09,-0.03,-0.02,1.61
2023-11-29,63.57,62.55,63.67,62.41,22642.0,142718422.0,1.98,-1.47,-0.93,1.68
2023-11-30,62.56,61.2,62.62,60.5,27850.0,171120208.0,3.39,-2.16,-1.35,2.07
2023-12-01,61.2,60.56,61.39,59.67,41461.0,249971736.0,2.81,-1.05,-0.64,3.08
2023-12-04,60.57,60.72,61.22,59.8,23545.0,142593139.0,2.34,0.26,0.16,1.75
2023-12-05,60.4,58.77,60.41,58.73,26363.0,156417290.0,2.77,-3.21,-1.95,1.96
2023-12-06,58.76,58.7,59.4,58.52,17971.0,105936389.0,1.5,-0.12,-0.07,1.33
2023-12-07,58.5,58.82,59.3,58.1,19415.0,114262965.0,2.04,0.2,0.12,1.44
2023-12-08,58.82,58.45,59.4,58.4,24473.0,143969970.0,1.7,-0.63,-0.37,1.82
2023-12-11,58.48,59.9,59.99,57.41,31778.0,186178966.0,4.41,2.48,1.45,2.36
2023-12-12,59.8,59.7,60.19,59.41,19753.0,118085725.0,1.3,-0.33,-0.2,1.47
2023-12-13,59.81,58.53,60.35,58.51,19730.0,117098268.0,3.08,-1.96,-1.17,1.47
2023-12-14,58.96,58.15,59.33,58.07,15667.0,91946637.0,2.15,-0.65,-0.38,1.16
2023-12-15,58.21,57.78,58.86,57.44,16846.0,97679167.0,2.44,-0.64,-0.37,1.25
2023-12-18,57.68,56.05,57.68,55.88,23917.0,135106889.0,3.12,-2.99,-1.73,1.78
2023-12-19,56.3,56.25,56.38,55.67,15020.0,84125806.0,1.27,0.36,0.2,1.12
2023-12-20,56.43,55.02,56.66,55.0,18664.0,103963110.0,2.95,-2.19,-1.23,1.39
2023-12-21,54.88,55.54,55.85,54.21,15118.0,83330915.0,2.98,0.95,0.52,1.12
2023-12-22,55.53,55.65,56.56,55.06,21644.0,120682374.0,2.7,0.2,0.11,1.61
2023-12-25,55.55,56.55,57.5,54.95,22587.0,128144292.0,4.58,1.62,0.9,1.68
2023-12-26,56.55,56.0,56.75,55.11,17668.0,98497519.0,2.9,-0.97,-0.55,1.31
2023-12-27,55.9,56.36,56.62,55.74,12980.0,72913305.0,1.57,0.64,0.36,0.96
2023-12-28,56.17,57.48,57.9,55.81,22616.0,129192319.0,3.71,1.99,1.12,1.68
2023-12-29,57.31,58.26,58.58,57.23,19319.0,112314655.0,2.35,1.36,0.78,1.43
2024-01-02,58.19,57.65,59.28,57.61,26458.0,154946516.0,2.87,-1.05,-0.61,1.96
2024-01-03,57.3,56.95,57.85,56.51,17536.0,99870803.0,2.32,-1.21,-0.7,1.3
2024-01-04,56.85,56.95,57.51,56.38,12151.0,69181202.0,1.98,0.0,0.0,0.9
2024-01-05,56.61,55.5,56.98,55.16,17281.0,96930623.0,3.2,-2.55,-1.45,1.28
2024-01-08,55.77,54.42,55.78,54.42,14906.0,81595737.0,2.45,-1.95,-1.08,1.11
2024-01-09,54.42,53.88,55.06,53.8,19632.0,106614527.0,2.32,-0.99,-0.54,1.46
2024-01-10,53.57,53.99,54.18,52.65,15720.0,84155948.0,2.84,0.2,0.11,1.17
2024-01-11,53.57,54.79,55.1,53.5,14196.0,77345981.0,2.96,1.48,0.8,1.05
2024-01-12,54.5,54.85,55.12,54.32,14816.0,81082362.0,1.46,0.11,0.06,1.1
2024-01-15,54.73,53.97,54.75,53.28,16614.0,89459812.0,2.68,-1.6,-0.88,1.23
2024-01-16,53.99,52.94,54.14,52.01,22195.0,117390197.0,3.95,-1.91,-1.03,1.65
2024-01-17,52.77,51.14,52.8,51.14,17314.0,89996075.0,3.14,-3.4,-1.8,1.29
2024-01-18,50.99,50.88,51.22,49.41,22956.0,115090756.0,3.54,-0.51,-0.26,1.7
2024-01-19,51.0,50.5,51.67,50.33,16259.0,82894783.0,2.63,-0.75,-0.38,1.21
2024-01-22,50.0,47.03,50.5,46.79,25207.0,122298113.0,7.35,-6.87,-3.47,1.87
2024-01-23,46.99,47.7,47.95,46.5,17746.0,83976613.0,3.08,1.42,0.67,1.32
2024-01-24,47.76,49.29,49.45,46.26,26157.0,124519369.0,6.69,3.33,1.59,1.94
2024-01-25,49.0,50.18,50.44,48.6,23587.0,117404547.0,3.73,1.81,0.89,1.75
2024-01-26,50.1,49.41,51.07,49.41,18013.0,90203973.0,3.31,-1.53,-0.77,1.34
2024-01-29,50.0,47.95,50.47,47.95,17706.0,86527995.0,5.1,-2.95,-1.46,1.31
2024-01-30,47.62,46.75,48.87,46.7,17126.0,81881544.0,4.53,-2.5,-1.2,1.27
2024-01-31,46.75,44.6,46.94,44.51,23976.0,108899447.0,5.2,-4.6,-2.15,1.78
2024-02-01,44.61,44.48,45.9,43.88,16986.0,75952288.0,4.53,-0.27,-0.12,1.26
2024-02-02,44.27,41.98,44.83,40.88,29995.0,128226388.0,8.88,-5.62,-2.5,2.23
2024-02-05,41.8,39.51,41.97,38.67,32617.0,131280385.0,7.86,-5.88,-2.47,2.42
2024-02-06,38.72,44.53,44.65,38.65,39134.0,165190381.0,15.19,12.71,5.02,2.91
2024-02-07,44.47,46.36,47.27,44.47,40919.0,189330001.0,6.29,4.11,1.83,3.04
2024-02-08,46.0,47.77,49.39,45.97,39711.0,191511994.0,7.38,3.04,1.41,2.95
2024-02-19,48.68,47.52,48.73,46.72,29095.0,138053771.0,4.21,-0.52,-0.25,2.16
2024-02-20,47.14,47.28,47.58,46.26,25973.0,121892841.0,2.78,-0.51,-0.24,1.93
2024-02-21,46.88,47.4,48.89,46.67,29461.0,141313857.0,4.7,0.25,0.12,2.19
2024-02-22,47.02,47.87,47.96,47.02,21929.0,104454425.0,1.98,0.99,0.47,1.63
2024-02-23,48.11,48.96,48.99,47.56,27482.0,132455111.0,2.99,2.28,1.09,2.04
2024-02-26,49.0,49.46,50.56,48.65,28333.0,140381895.0,3.9,1.02,0.5,2.1
2024-02-27,49.53,50.97,51.05,49.02,33722.0,169439131.0,4.1,3.05,1.51,2.5
2024-02-28,51.08,47.8,52.2,47.8,45922.0,230897839.0,8.63,-6.22,-3.17,3.41
2024-02-29,47.33,50.77,50.82,47.33,44606.0,221182008.0,7.3,6.21,2.97,3.31
2024-03-01,50.49,50.75,51.35,49.97,33496.0,169396475.0,2.72,-0.04,-0.02,2.49
2024-03-04,50.5,50.45,51.18,49.85,23838.0,120111202.0,2.62,-0.59,-0.3,1.77
2024-03-05,50.07,50.5,51.5,49.71,39438.0,200815621.0,3.55,0.1,0.05,2.93
2024-03-06,50.0,50.0,50.54,49.02,29278.0,145799131.0,3.01,-0.99,-0.5,2.17
2024-03-07,50.19,48.66,50.35,48.45,24706.0,122206314.0,3.8,-2.68,-1.34,1.83
2024-03-08,48.94,49.58,49.77,48.68,19765.0,97256636.0,2.24,1.89,0.92,1.47
2024-03-11,49.42,50.36,50.36,49.08,24742.0,123437211.0,2.58,1.57,0.78,1.84
2024-03-12,50.75,51.09,51.57,50.41,30379.0,154941011.0,2.3,1.45,0.73,2.26
2024-03-13,50.89,51.22,52.25,50.64,40495.0,208401923.0,3.15,0.25,0.13,3.01
2024-03-14,51.0,50.15,51.1,49.59,27427.0,138031709.0,2.95,-2.09,-1.07,2.04
2024-03-15,50.16,50.6,50.6,49.6,23392.0,117354619.0,1.99,0.9,0.45,1.74
2024-03-18,50.63,52.16,52.18,50.63,37044.0,190548763.0,3.06,3.08,1.56,2.75
2024-03-19,52.1,51.9,52.72,51.41,41268.0,214907151.0,2.51,-0.5,-0.26,3.06
2024-03-20,52.0,52.31,52.48,51.55,29215.0,152059538.0,1.79,0.79,0.41,2.17
2024-03-21,52.18,53.0,53.18,51.3,47433.0,248732538.0,3.59,1.32,0.69,3.52
2024-03-22,52.7,51.2,52.75,50.81,39768.0,205037461.0,3.66,-3.4,-1.8,2.95
2024-03-25,50.82,49.02,51.08,49.01,32817.0,164082125.0,4.04,-4.26,-2.18,2.44
2024-03-26,48.86,48.03,49.44,47.48,27968.0,135157847.0,4.0,-2.02,-0.99,2.08
2024-03-27,47.86,45.34,47.86,45.3,32243.0,149584278.0,5.33,-5.6,-2.69,2.39
2024-03-28,45.4,48.17,48.8,45.4,40264.0,190855463.0,7.5,6.24,2.83,2.99
2024-03-29,47.87,49.34,49.48,47.17,29345.0,141946342.0,4.8,2.43,1.17,2.18
2024-04-01,49.45,49.32,49.47,48.55,25463.0,125143769.0,1.86,-0.04,-0.02,1.89
2024-04-02,49.18,48.88,49.47,48.45,22526.0,110227185.0,2.07,-0.89,-0.44,1.67
2024-04-03,48.68,47.67,48.98,47.3,24692.0,117938680.0,3.44,-2.48,-1.21,1.83
2024-04-08,47.67,46.28,47.8,46.2,18579.0,87162559.0,3.36,-2.92,-1.39,1.38
2024-04-09,46.2,46.98,47.3,46.2,16520.0,77472202.0,2.38,1.51,0.7,1.23
2024-04-10,47.03,45.81,47.03,45.07,19726.0,90307425.0,4.17,-2.49,-1.17,1.46
2024-04-11,45.32,45.34,46.16,45.18,16802.0,76769407.0,2.14,-1.03,-0.47,1.25
2024-04-12,45.11,44.9,45.8,44.9,15908.0,72132631.0,1.99,-0.97,-0.44,1.18
2024-04-15,44.85,45.15,46.21,44.2,27485.0,124430651.0,4.48,0.56,0.25,2.04
2024-04-16,44.89,42.85,45.13,42.79,27028.0,118160306.0,5.18,-5.09,-2.3,2.01
2024-04-17,43.35,44.86,44.97,43.35,22293.0,98826252.0,3.78,4.69,2.01,1.66
2024-04-18,44.46,44.66,45.79,44.21,28170.0,126822847.0,3.52,-0.45,-0.2,2.09
2024-04-19,44.67,45.58,46.25,43.88,38100.0,171908150.0,5.31,2.06,0.92,2.83
2024-04-22,46.68,49.57,49.65,46.19,91328.0,440504778.0,7.59,8.75,3.99,6.78
2024-04-23,49.22,50.02,51.83,48.98,96586.0,486114902.0,5.75,0.91,0.45,7.17
2024-04-24,50.29,50.25,50.6,49.22,70425.0,351824393.0,2.76,0.46,0.23,5.23
2024-04-25,50.0,49.31,50.67,49.21,57090.0,284714891.0,2.91,-1.87,-0.94,4.24
2024-04-26,49.01,50.99,51.2,49.01,65541.0,331265683.0,4.44,3.41,1.68,4.87
2024-04-29,51.48,51.18,51.5,50.58,59547.0,303906626.0,1.8,0.37,0.19,4.42
2024-04-30,51.18,50.1,51.2,49.76,40729.0,204776550.0,2.81,-2.11,-1.08,3.02
2024-05-06,50.79,50.97,51.29,50.41,37347.0,190045810.0,1.76,1.74,0.87,2.77
2024-05-07,50.95,52.8,53.0,50.64,71852.0,375155465.0,4.63,3.59,1.83,5.34
2024-05-08,52.46,51.14,52.46,51.01,43786.0,225769310.0,2.75,-3.14,-1.66,3.25
2024-05-09,51.01,53.87,54.45,50.88,79142.0,418933963.0,6.98,5.34,2.73,5.88
2024-05-10,53.56,53.05,53.81,52.8,50228.0,267238461.0,1.87,-1.52,-0.82,3.73
2024-05-13,52.1,50.42,52.1,50.31,53438.0,272291275.0,3.37,-4.96,-2.63,3.97
2024-05-14,50.84,50.36,51.15,49.96,28327.0,143006653.0,2.36,-0.12,-0.06,2.1
2024-05-15,50.48,50.15,51.18,49.8,30078.0,152083461.0,2.74,-0.42,-0.21,2.23
2024-05-16,50.36,50.11,51.09,50.0,26502.0,133842676.0,2.17,-0.08,-0.04,1.97
2024-05-17,50.4,51.25,51.29,49.91,38369.0,195047989.0,2.75,2.27,1.14,2.85
2024-05-20,51.07,51.85,51.95,50.66,39611.0,203744302.0,2.52,1.17,0.6,2.94
2024-05-21,51.4,50.18,51.4,49.9,37864.0,190778268.0,2.89,-3.22,-1.67,2.81
2024-05-22,50.11,50.18,50.55,49.92,23562.0,118215632.0,1.26,0.0,0.0,1.75
2024-05-23,50.21,49.51,50.84,49.51,39052.0,196318305.0,2.65,-1.34,-0.67,2.9
2024-05-24,49.26,48.1,49.63,47.91,37296.0,181015228.0,3.47,-2.85,-1.41,2.77
2024-05-27,48.16,47.91,48.37,46.58,33582.0,158533775.0,3.72,-0.4,-0.19,2.49
2024-05-28,47.8,47.93,48.97,47.15,27228.0,131277563.0,3.8,0.04,0.02,2.02
2024-05-29,48.0,47.64,49.05,47.4,20790.0,99999245.0,3.44,-0.61,-0.29,1.54
2024-05-30,47.0,48.99,49.58,46.66,44105.0,214646216.0,6.13,2.83,1.35,3.28
2024-05-31,48.74,50.06,50.49,48.68,40858.0,203517790.0,3.69,2.18,1.07,3.03
2024-06-03,50.49,49.9,50.96,49.39,37814.0,189626980.0,3.14,-0.32,-0.16,2.81
2024-06-04,49.34,48.97,49.83,48.12,30359.0,147831708.0,3.43,-1.86,-0.93,2.25
2024-06-05,48.7,50.5,51.84,48.66,68297.0,346963620.0,6.49,3.12,1.53,5.07
2024-06-06,50.29,48.02,50.88,47.86,58229.0,284955631.0,5.98,-4.91,-2.48,4.32
2024-06-07,48.34,47.6,48.7,47.1,35753.0,171012502.0,3.33,-0.87,-0.42,2.66
2024-06-11,47.3,50.05,50.48,46.71,51866.0,253199002.0,7.92,5.15,2.45,3.85
2024-06-12,50.0,49.98,50.62,49.64,33285.0,166597756.0,1.96,-0.14,-0.07,2.47
2024-06-13,49.9,50.53,51.12,49.6,46067.0,232066322.0,3.04,1.1,0.55,3.42
2024-06-14,50.19,49.52,50.19,48.87,40538.0,200027197.0,2.61,-2.0,-1.01,3.01
2024-06-17,49.3,49.62,50.13,49.02,32374.0,161107276.0,2.24,0.2,0.1,2.4
2024-06-18,49.5,50.43,50.97,49.4,41767.0,210223540.0,3.16,1.63,0.81,3.1
2024-06-19,50.23,50.99,52.3,49.84,68396.0,349937503.0,4.88,1.11,0.56,5.08
2024-06-20,50.67,50.46,51.93,50.16,55683.0,283644503.0,3.47,-1.04,-0.53,4.14
2024-06-21,50.01,49.96,50.19,49.0,36375.0,180819019.0,2.36,-0.99,-0.5,2.7
2024-06-24,49.4,47.3,50.15,47.27,44777.0,218073185.0,5.76,-5.32,-2.66,3.33
2024-06-25,47.19,46.08,48.09,45.63,40140.0,187799357.0,5.2,-2.58,-1.22,2.98
2024-06-26,46.21,47.0,47.24,45.55,26176.0,121707752.0,3.67,2.0,0.92,1.94
2024-06-27,46.62,45.25,46.86,45.25,29597.0,136381351.0,3.43,-3.72,-1.75,2.2
2024-06-28,45.01,48.16,49.5,44.96,71941.0,344752720.0,10.03,6.43,2.91,5.34
2024-07-01,48.01,47.48,48.29,46.56,35430.0,167258989.0,3.59,-1.41,-0.68,2.63
2024-07-02,47.4,46.51,47.59,46.32,26087.0,122404113.0,2.67,-2.04,-0.97,1.94
2024-07-03,46.39,46.57,47.45,45.47,31225.0,144885044.0,4.26,0.13,0.06,2.32
2024-07-04,46.21,45.26,46.8,45.15,26280.0,120608934.0,3.54,-2.81,-1.31,1.95
2024-07-05,45.24,45.76,46.13,44.75,21334.0,97129603.0,3.05,1.1,0.5,1.58
2024-07-08,45.81,44.59,45.81,44.3,22711.0,102143801.0,3.3,-2.56,-1.17,1.69
2024-07-09,44.3,45.43,45.75,43.81,30996.0,139256318.0,4.35,1.88,0.84,2.3
2024-07-10,45.17,45.46,46.15,45.08,26046.0,118917415.0,2.36,0.07,0.03,1.93
2024-07-11,46.2,46.35,46.85,45.96,29118.0,135059711.0,1.96,1.96,0.89,2.16
2024-07-12,46.18,45.99,46.29,45.61,17531.0,80557681.0,1.47,-0.78,-0.36,1.3
2024-07-15,46.0,46.0,46.97,45.82,25302.0,117273544.0,2.5,0.02,0.01,1.88
2024-07-16,45.82,46.18,46.36,45.34,22991.0,105466877.0,2.22,0.39,0.18,1.71
2024-07-17,46.0,45.03,46.1,45.03,20419.0,93017789.0,2.32,-2.49,-1.15,1.52
2024-07-18,44.5,45.64,45.9,44.1,22939.0,103380256.0,4.0,1.35,0.61,1.7
2024-07-19,45.41,46.6,47.15,45.26,33417.0,155073860.0,4.14,2.1,0.96,2.48
2024-07-22,46.75,46.69,47.19,46.37,25018.0,117119425.0,1.76,0.19,0.09,1.86
2024-07-23,46.6,44.84,46.6,44.82,24107.0,110287088.0,3.81,-3.96,-1.85,1.79
2024-07-24,44.84,44.46,45.55,44.4,21000.0,94254299.0,2.56,-0.85,-0.38,1.56
2024-07-25,44.25,44.71,45.29,43.6,18776.0,83477711.0,3.8,0.56,0.25,1.39
2024-07-26,44.94,46.44,46.78,44.64,36369.0,167680134.0,4.79,3.87,1.73,2.7
2024-07-29,46.59,46.72,47.47,46.26,32636.0,152802478.0,2.61,0.6,0.28,2.42
2024-07-30,46.34,47.37,47.61,46.04,35549.0,167144404.0,3.36,1.39,0.65,2.64
2024-07-31,47.0,48.85,49.15,46.88,55264.0,265866681.0,4.79,3.12,1.48,4.1
2024-08-01,48.81,49.6,50.58,48.7,63954.0,318462005.0,3.85,1.54,0.75,4.75
2024-08-02,49.09,48.52,50.4,48.45,50751.0,250318936.0,3.93,-2.18,-1.08,3.77
2024-08-05,48.5,47.0,50.18,46.99,47660.0,231259244.0,6.57,-3.13,-1.52,3.54
2024-08-06,47.89,47.9,48.41,47.2,39744.0,190036637.0,2.57,1.91,0.9,2.95
2024-08-07,47.51,48.95,49.77,47.5,56503.0,275992131.0,4.74,2.19,1.05,4.2
2024-08-08,48.5,46.71,48.7,46.31,50900.0,239855455.0,4.88,-4.58,-2.24,3.78
2024-08-09,46.88,45.79,47.3,45.73,29429.0,136476172.0,3.36,-1.97,-0.92,2.19
2024-08-12,45.57,45.21,45.71,44.7,24471.0,110388783.0,2.21,-1.27,-0.58,1.82
2024-08-13,45.51,45.9,46.14,45.29,21685.0,99225624.0,1.88,1.53,0.69,1.61
2024-08-14,45.91,45.0,45.91,45.0,16644.0,75319661.0,1.98,-1.96,-0.9,1.24
2024-08-15,44.99,45.27,45.9,44.62,23982.0,108585859.0,2.84,0.6,0.27,1.78
2024-08-16,45.39,44.97,45.67,44.7,20955.0,94441617.0,2.14,-0.66,-0.3,1.56
2024-08-19,44.85,44.52,45.49,44.44,17509.0,78719544.0,2.33,-1.0,-0.45,1.3
2024-08-20,44.51,43.67,44.7,43.48,21666.0,95165796.0,2.74,-1.91,-0.85,1.61
2024-08-21,43.59,43.42,44.29,43.35,15004.0,65807341.0,2.15,-0.57,-0.25,1.11
2024-08-22,43.42,43.23,44.2,43.0,19545.0,84906845.0,2.76,-0.44,-0.19,1.45
2024-08-23,43.18,42.28,43.63,42.01,27973.0,119193768.0,3.75,-2.2,-0.95,2.08
2024-08-26,43.95,44.1,45.48,43.92,46432.0,208087079.0,3.69,4.3,1.82,2.66
2024-08-27,43.96,42.79,44.39,42.79,28062.0,121569930.0,3.63,-2.97,-1.31,1.61
2024-08-28,42.66,43.84,44.31,42.66,28092.0,122663292.0,3.86,2.45,1.05,1.61
2024-08-29,43.65,44.37,44.75,43.25,31135.0,137493050.0,3.42,1.21,0.53,1.78
2024-08-30,44.18,44.91,45.59,44.05,39125.0,176418866.0,3.47,1.22,0.54,2.24
2024-09-02,44.98,43.68,44.98,43.65,26924.0,119240319.0,2.96,-2.74,-1.23,1.54
2024-09-03,43.61,43.86,44.33,43.5,20518.0,90020867.0,1.9,0.41,0.18,1.17
2024-09-04,43.6,43.67,44.2,43.36,14450.0,63328403.0,1.92,-0.43,-0.19,0.83
2024-09-05,43.62,44.13,44.43,43.62,16211.0,71430980.0,1.85,1.05,0.46,0.93
2024-09-06,44.18,42.94,44.28,42.85,20329.0,88191861.0,3.24,-2.7,-1.19,1.16
2024-09-09,42.7,42.88,43.38,42.57,14953.0,64220571.0,1.89,-0.14,-0.06,0.86
2024-09-10,43.0,43.58,43.75,42.23,18835.0,80912652.0,3.54,1.63,0.7,1.08
2024-09-11,43.55,43.98,43.98,43.19,15441.0,67403253.0,1.81,0.92,0.4,0.88
2024-09-12,44.06,43.52,44.39,43.44,14975.0,65809632.0,2.16,-1.05,-0.46,1.0
2024-09-13,43.9,42.91,44.12,42.87,16956.0,73658641.0,2.87,-1.4,-0.61,1.14
2024-09-18,42.98,42.64,43.14,42.01,15885.0,67516055.0,2.63,-0.63,-0.27,1.06
2024-09-19,42.9,43.39,43.74,42.25,20857.0,90158428.0,3.49,1.76,0.75,1.4
2024-09-20,43.29,43.0,43.55,42.62,15240.0,65566752.0,2.14,-0.9,-0.39,1.02
2024-09-23,30.45,30.13,30.95,30.11,24774.0,75888930.0,1.95,-29.93,-12.87,1.19
2024-09-24,30.39,31.5,31.51,29.97,53567.0,165931301.0,5.11,4.55,1.37,2.58
2024-09-25,31.88,31.5,32.35,31.4,64596.0,206014217.0,3.02,0.0,0.0,3.11
2024-09-26,31.4,32.64,32.67,31.35,73034.0,233248193.0,4.19,3.62,1.14,3.52
2024-09-27,33.0,34.97,35.2,32.98,116319.0,395726358.0,6.8,7.14,2.33,5.6
2024-09-30,36.28,41.3,41.48,36.28,201180.0,782617794.0,14.87,18.1,6.33,9.68
2024-10-08,49.56,49.56,49.56,44.71,277971.0,1340313394.0,11.74,20.0,8.26,13.38
2024-10-09,47.01,44.48,49.19,44.44,209591.0,990902829.0,9.58,-10.25,-5.08,10.09
2024-10-10,45.62,44.25,46.36,43.5,138876.0,624822751.0,6.43,-0.52,-0.23,6.68
2024-10-11,43.6,41.35,44.41,40.02,149333.0,622383926.0,9.92,-6.55,-2.9,7.19
2024-10-14,41.45,42.95,43.14,41.05,129537.0,547531054.0,5.05,3.87,1.6,6.24
2024-10-15,48.1,51.54,51.54,47.96,316591.0,1586173935.0,8.34,20.0,8.59,15.24
2024-10-16,53.49,50.1,54.81,48.98,486660.0,2523447862.0,11.31,-2.79,-1.44,23.43
2024-10-17,50.05,48.3,51.5,48.11,306407.0,1509567307.0,6.77,-3.59,-1.8,14.75
2024-10-18,48.13,54.17,56.2,47.8,415485.0,2200585687.0,17.39,12.15,5.87,20.0
2024-10-21,56.21,61.11,62.89,56.21,430732.0,2591046495.0,12.33,12.81,6.94,20.73
2024-10-22,58.2,58.47,60.59,57.5,304913.0,1797460138.0,5.06,-4.32,-2.64,14.68
2024-10-23,57.8,60.03,63.17,57.62,349354.0,2133058979.0,9.49,2.67,1.56,16.82
2024-10-24,58.79,56.97,60.47,56.82,217354.0,1253380068.0,6.08,-5.1,-3.06,10.46
2024-10-25,57.2,59.63,60.6,57.08,235721.0,1385366449.0,6.18,4.67,2.66,11.35
2024-10-28,60.55,58.19,60.55,57.56,179907.0,1050827338.0,5.01,-2.41,-1.44,8.66
2024-10-29,58.2,56.75,59.36,56.51,173709.0,1004008797.0,4.9,-2.47,-1.44,8.36
2024-10-30,56.01,55.25,57.0,54.48,182476.0,1013207726.0,4.44,-2.64,-1.5,8.78
2024-10-31,54.7,59.3,60.63,54.51,244654.0,1405895174.0,11.08,7.33,4.05,11.78
2024-11-01,57.98,56.52,61.58,56.17,203177.0,1191950215.0,9.12,-4.69,-2.78,9.78
2024-11-04,56.01,57.7,58.4,55.85,113897.0,652166296.0,4.51,2.09,1.18,5.48
2024-11-05,57.96,60.08,60.88,57.8,187967.0,1120499549.0,5.34,4.12,2.38,9.05
2024-11-06,60.08,58.6,60.6,58.0,185251.0,1100246756.0,4.33,-2.46,-1.48,8.92
2024-11-07,57.38,58.3,59.25,56.91,132036.0,762771074.0,3.99,-0.51,-0.3,6.36
2024-11-08,58.4,63.4,65.47,58.4,277396.0,1751607080.0,12.13,8.75,5.1,13.27
2024-11-11,63.53,64.43,65.39,61.9,221099.0,1414711155.0,5.5,1.62,1.03,10.58
2024-11-12,65.0,61.62,65.15,60.78,172442.0,1080886130.0,6.78,-4.36,-2.81,8.25
2024-11-13,61.0,60.65,61.75,59.08,111214.0,670620628.0,4.33,-1.57,-0.97,5.32
2024-11-14,60.22,59.16,61.7,59.04,101361.0,609648321.0,4.39,-2.46,-1.49,4.85
2024-11-15,58.99,55.73,59.2,55.7,133694.0,764477083.0,5.92,-5.8,-3.43,6.4
2024-11-18,55.75,53.28,56.33,52.87,113930.0,617064406.0,6.21,-4.4,-2.45,5.45
2024-11-19,53.6,55.24,55.48,53.12,93011.0,505203460.0,4.43,3.68,1.96,4.45
2024-11-20,55.0,55.81,56.08,54.23,88538.0,489333956.0,3.35,1.03,0.57,4.24
2024-11-21,55.27,55.17,55.85,54.2,73443.0,404563911.0,2.96,-1.15,-0.64,3.51
2024-11-22,55.0,52.15,55.49,52.02,85475.0,460036296.0,6.29,-5.47,-3.02,4.09
2024-11-25,52.05,52.63,52.78,51.21,68586.0,356600998.0,3.01,0.92,0.48,3.28
2024-11-26,52.3,51.48,53.09,51.41,52557.0,274106240.0,3.19,-2.19,-1.15,2.51
2024-11-27,51.1,53.85,53.98,50.02,97416.0,506152448.0,7.69,4.6,2.37,4.66
2024-11-28,53.6,52.73,54.19,52.58,72291.0,385646331.0,2.99,-2.08,-1.12,3.46
2024-11-29,52.73,53.49,54.32,52.01,80414.0,428699181.0,4.38,1.44,0.76,3.85
2024-12-02,53.49,54.63,55.18,53.39,81358.0,442643959.0,3.35,2.13,1.14,3.89
2024-12-03,54.58,53.86,54.62,53.2,62280.0,335452529.0,2.6,-1.41,-0.77,2.98
2024-12-04,54.0,53.19,54.55,52.81,56791.0,304335046.0,3.23,-1.24,-0.67,2.72
2024-12-05,52.75,53.7,54.44,52.52,52871.0,282883672.0,3.61,0.96,0.51,2.53
2024-12-06,54.58,54.0,54.6,52.85,75012.0,404040210.0,3.26,0.56,0.3,3.59
2024-12-09,53.8,53.33,54.28,52.8,51805.0,276600682.0,2.74,-1.24,-0.67,2.48
2024-12-10,55.05,54.95,55.97,54.32,116874.0,644918116.0,3.09,3.04,1.62,5.59
2024-12-11,54.72,55.39,55.96,54.33,72573.0,400421681.0,2.97,0.8,0.44,3.47
2024-12-12,55.4,56.13,56.88,55.07,80418.0,449579123.0,3.27,1.34,0.74,3.85
2024-12-13,55.57,54.01,55.57,53.87,85979.0,468285433.0,3.03,-3.78,-2.12,4.11
2024-12-16,53.88,52.1,53.9,51.71,72435.0,381421231.0,4.05,-3.54,-1.91,3.47
2024-12-17,52.19,51.43,52.65,51.14,48406.0,251248624.0,2.9,-1.29,-0.67,2.32
2024-12-18,51.5,52.12,52.57,50.98,45403.0,235693001.0,3.09,1.34,0.69,2.17
2024-12-19,51.33,52.72,52.91,51.0,44921.0,234444860.0,3.66,1.15,0.6,2.15
2024-12-20,52.5,53.99,54.79,52.28,68075.0,366571792.0,4.76,2.41,1.27,3.26
2024-12-23,54.0,52.14,54.26,52.14,51604.0,273661065.0,3.93,-3.43,-1.85,2.47
2024-12-24,52.6,52.85,53.19,52.03,40472.0,212975420.0,2.22,1.36,0.71,1.94
2024-12-25,52.75,51.8,53.07,51.45,41679.0,217170406.0,3.07,-1.99,-1.05,1.99
2024-12-26,51.88,52.19,52.78,51.68,44972.0,235563710.0,2.12,0.75,0.39,2.15
2024-12-27,52.98,55.54,56.56,52.7,177660.0,980638869.0,7.4,6.42,3.35,8.5
2024-12-30,55.56,54.97,55.99,54.08,94006.0,515822454.0,3.44,-1.03,-0.57,4.5
2024-12-31,54.96,51.58,54.96,51.54,104978.0,553274964.0,6.22,-6.17,-3.39,5.04
2025-01-02,51.46,49.23,51.73,48.5,85862.0,430345512.0,6.26,-4.56,-2.35,4.13
2025-01-03,49.24,47.75,49.8,47.56,67613.0,329027008.0,4.55,-3.01,-1.48,3.25
2025-01-06,48.05,48.27,49.65,47.94,48427.0,234881148.0,3.58,1.09,0.52,2.33
2025-01-07,48.27,49.87,49.95,48.09,57452.0,281858268.0,3.85,3.31,1.6,2.76
2025-01-08,49.32,49.17,49.85,47.62,60877.0,297056203.0,4.47,-1.4,-0.7,2.93
2025-01-09,48.8,49.14,50.05,48.7,51656.0,255499850.0,2.75,-0.06,-0.03,2.48
2025-01-10,48.86,48.0,50.04,48.0,52810.0,259094140.0,4.15,-2.32,-1.14,2.54
2025-01-13,47.48,48.31,48.95,46.95,45326.0,217855947.0,4.17,0.65,0.31,2.18
2025-01-14,48.65,50.7,50.96,48.26,67555.0,337131521.0,5.59,4.95,2.39,3.25
2025-01-15,50.69,49.7,50.88,49.44,51011.0,254690834.0,2.84,-1.97,-1.0,2.45
2025-01-16,50.01,50.17,51.15,49.56,51512.0,259045984.0,3.2,0.95,0.47,2.48
2025-01-17,49.99,51.11,51.49,49.56,61831.0,312913443.0,3.85,1.87,0.94,2.97
2025-01-20,51.5,51.19,51.75,50.65,51968.0,266012162.0,2.15,0.16,0.08,2.5
2025-01-21,51.43,51.73,51.86,50.5,53749.0,275848473.0,2.66,1.05,0.54,2.58
2025-01-22,51.37,50.97,51.66,50.55,43463.0,221927551.0,2.15,-1.47,-0.76,2.09
2025-01-23,51.51,50.6,52.4,50.6,58607.0,301922690.0,3.53,-0.73,-0.37,2.82
2025-01-24,50.61,51.2,51.37,50.5,45924.0,234441909.0,1.72,1.19,0.6,2.21
2025-01-27,51.12,49.77,51.3,49.77,41551.0,209618222.0,2.99,-2.79,-1.43,2.0
2025-02-05,50.45,50.07,51.19,49.93,48590.0,245726806.0,2.53,0.6,0.3,2.34
2025-02-06,49.95,52.19,52.37,49.61,85575.0,441466110.0,5.51,4.23,2.12,4.11
2025-02-07,52.03,52.5,53.13,51.6,88716.0,465118111.0,2.93,0.59,0.31,4.26
2025-02-10,52.57,52.38,52.87,51.9,66429.0,347704827.0,1.85,-0.23,-0.12,3.19
2025-02-11,52.5,54.64,55.2,51.3,142798.0,766040412.0,7.45,4.31,2.26,6.86
2025-02-12,54.1,55.38,55.5,54.0,108546.0,596733004.0,2.75,1.35,0.74,5.22
2025-02-13,54.9,53.22,55.11,53.19,96736.0,523177969.0,3.47,-3.9,-2.16,4.65
2025-02-14,53.11,53.01,53.73,52.65,59163.0,313927926.0,2.03,-0.39,-0.21,2.84
2025-02-17,53.2,53.1,53.86,52.71,60210.0,320558860.0,2.17,0.17,0.09,2.89
2025-02-18,53.1,51.02,53.29,50.7,70893.0,368137617.0,4.88,-3.92,-2.08,3.41
2025-02-19,51.07,52.22,52.47,51.0,59742.0,310000309.0,2.88,2.35,1.2,2.87
2025-02-20,51.98,53.48,53.6,51.75,84528.0,447732627.0,3.54,2.41,1.26,4.06
2025-02-21,53.08,54.13,54.48,52.74,96666.0,519208309.0,3.25,1.22,0.65,4.65
2025-02-24,53.91,53.98,55.12,53.41,78802.0,426258173.0,3.16,-0.28,-0.15,3.79
2025-02-25,53.3,53.52,54.3,53.0,57207.0,307159679.0,2.41,-0.85,-0.46,2.75
2025-02-26,53.55,53.96,54.5,53.0,65905.0,354538097.0,2.8,0.82,0.44,3.17
2025-02-27,53.96,53.11,53.97,51.9,78652.0,415534910.0,3.84,-1.58,-0.85,3.78
2025-02-28,52.8,50.26,53.3,50.06,78627.0,403241933.0,6.1,-5.37,-2.85,3.78
2025-03-03,50.26,50.61,51.73,49.93,46867.0,239172124.0,3.58,0.7,0.35,2.25
2025-03-04,50.54,53.74,54.44,50.18,115649.0,613262764.0,8.42,6.18,3.13,5.56
2025-03-05,53.76,53.74,54.25,52.98,72639.0,389539784.0,2.36,0.0,0.0,3.49
2025-03-06,53.86,54.1,54.54,53.51,84112.0,455255342.0,1.92,0.67,0.36,4.04
2025-03-07,53.79,55.45,57.48,53.52,192736.0,1078937234.0,7.32,2.5,1.35,9.26
2025-03-10,55.85,55.83,57.18,55.41,118043.0,663841531.0,3.19,0.69,0.38,5.67
2025-03-11,54.81,57.74,58.25,54.77,154281.0,878510230.0,6.23,3.42,1.91,7.41
2025-03-12,58.0,57.01,58.45,56.9,109795.0,630526040.0,2.68,-1.26,-0.73,5.28
2025-03-13,57.25,56.23,57.98,55.43,93700.0,527617331.0,4.47,-1.37,-0.78,4.5
2025-03-14,55.9,56.0,56.34,54.77,84117.0,468605270.0,2.79,-0.41,-0.23,4.04
2025-03-17,56.05,56.08,56.73,55.52,66914.0,375674414.0,2.16,0.14,0.08,3.22
2025-03-18,55.92,55.72,56.52,55.28,62107.0,346401907.0,2.21,-0.64,-0.36,2.98
2025-03-19,55.52,55.46,55.97,55.0,41074.0,227529242.0,1.74,-0.47,-0.26,1.97
2025-03-20,55.33,55.6,56.53,54.97,60977.0,340469744.0,2.81,0.25,0.14,2.93
2025-03-21,55.02,54.22,56.2,53.83,74657.0,409743072.0,4.26,-2.48,-1.38,3.59
2025-03-24,54.02,53.02,54.73,52.0,67490.0,358428141.0,5.04,-2.21,-1.2,3.24
2025-03-25,52.91,53.41,55.76,52.81,74694.0,406525514.0,5.56,0.74,0.39,3.59
2025-03-26,53.03,53.06,54.34,52.97,46959.0,251093498.0,2.57,-0.66,-0.35,2.26
2025-03-27,52.88,53.07,53.9,51.87,48122.0,254459699.0,3.83,0.02,0.01,2.31
2025-03-28,53.1,52.4,53.64,52.15,33474.0,176369014.0,2.81,-1.26,-0.67,1.61
2025-03-31,52.1,51.16,52.41,50.75,54162.0,278142533.0,3.17,-2.37,-1.24,2.6
2025-04-01,51.45,52.28,52.86,51.45,50337.0,262946224.0,2.76,2.19,1.12,2.42
2025-04-02,52.21,52.28,52.85,51.71,31471.0,164385333.0,2.18,0.0,0.0,1.51
2025-04-03,51.8,51.73,53.1,51.38,43633.0,227300339.0,3.29,-1.05,-0.55,2.1
2025-04-07,49.36,43.05,50.3,41.8,135724.0,621357961.0,16.43,-16.78,-8.68,6.52
2025-04-08,44.05,44.88,45.99,43.58,97344.0,435776265.0,5.6,4.25,1.83,4.68
2025-04-09,44.12,48.81,49.22,43.7,136686.0,644138823.0,12.3,8.76,3.93,6.57
2025-04-10,49.2,49.25,50.27,48.7,99080.0,491606801.0,3.22,0.9,0.44,4.76
2025-04-11,48.7,49.9,50.99,48.68,89803.0,448668157.0,4.69,1.32,0.65,4.32
2025-04-14,50.4,49.79,50.58,49.44,66625.0,332138472.0,2.28,-0.22,-0.11,3.2
2025-04-15,49.69,49.16,49.78,48.66,43598.0,213697431.0,2.25,-1.27,-0.63,2.1
2025-04-16,49.0,48.7,49.66,48.0,35954.0,175661027.0,3.38,-0.94,-0.46,1.73
2025-04-17,48.45,48.6,49.59,48.45,40192.0,197351402.0,2.34,-0.21,-0.1,1.93
2025-04-18,48.33,48.46,48.9,47.9,30321.0,146653175.0,2.06,-0.29,-0.14,1.46
2025-04-21,48.53,49.17,49.41,48.21,42818.0,210001531.0,2.48,1.47,0.71,2.06
2025-04-22,48.89,49.03,49.37,48.5,39598.0,193886344.0,1.77,-0.28,-0.14,1.9
2025-04-23,49.16,49.15,49.54,48.78,39305.0,193012987.0,1.55,0.24,0.12,1.89
2025-04-24,48.98,48.46,49.21,48.08,39569.0,192292535.0,2.3,-1.4,-0.69,1.9
2025-04-25,48.45,48.91,49.3,48.37,37359.0,182744517.0,1.92,0.93,0.45,1.8
2025-04-28,44.01,44.3,44.86,43.38,126279.0,556988906.0,3.03,-9.43,-4.61,6.07
2025-04-29,44.05,44.6,45.08,44.0,54243.0,242132287.0,2.44,0.68,0.3,2.61
2025-04-30,44.74,44.21,44.99,44.13,56211.0,250058712.0,1.93,-0.87,-0.39,2.7
2025-05-06,44.49,45.18,45.2,44.47,48206.0,216626469.0,1.65,2.19,0.97,2.32
2025-05-07,46.8,48.63,51.73,46.62,170237.0,823542533.0,11.31,7.64,3.45,8.18
2025-05-08,49.81,54.8,55.04,49.63,291189.0,1519368328.0,11.12,12.69,6.17,13.99
2025-05-09,54.81,54.03,57.98,52.08,322339.0,1751233757.0,10.77,-1.41,-0.77,15.49
2025-05-12,53.33,56.63,58.58,52.56,334181.0,1891390787.0,11.14,4.81,2.6,16.06
2025-05-13,55.51,53.59,55.96,53.54,230053.0,1256218062.0,4.27,-5.37,-3.04,11.06
2025-05-14,53.76,52.43,54.18,52.23,139966.0,740542589.0,3.64,-2.16,-1.16,6.73
2025-05-15,52.31,51.21,53.08,51.13,111393.0,576951651.0,3.72,-2.33,-1.22,5.35
2025-05-16,51.28,51.14,52.77,51.06,99330.0,514211488.0,3.34,-0.14,-0.07,4.77
2025-05-19,51.75,51.64,52.36,50.38,95617.0,491833589.0,3.87,0.98,0.5,4.59
2025-05-20,51.3,50.88,51.47,50.22,85312.0,432323927.0,2.42,-1.47,-0.76,4.1
2025-05-21,50.88,51.03,51.27,50.5,60245.0,306588347.0,1.51,0.29,0.15,2.9
2025-05-22,51.1,51.86,53.35,50.55,136062.0,711800483.0,5.49,1.63,0.83,6.54
2025-05-23,51.35,49.93,51.38,49.88,97796.0,494253315.0,2.89,-3.72,-1.93,4.7
2025-05-26,49.8,49.54,49.94,49.1,53725.0,265428049.0,1.68,-0.78,-0.39,2.58
2025-05-27,49.61,49.75,49.97,48.8,51979.0,256462865.0,2.36,0.42,0.21,2.5
2025-05-28,49.65,48.48,49.69,48.33,59208.0,289684413.0,2.73,-2.55,-1.27,2.85
2025-05-29,48.46,48.94,49.16,48.33,52489.0,256544993.0,1.71,0.95,0.46,2.52
2025-05-30,48.7,48.29,48.89,48.16,47759.0,231504952.0,1.49,-1.33,-0.65,2.3
2025-06-03,48.68,49.07,50.0,48.6,63706.0,314434118.0,2.9,1.62,0.78,3.06
2025-06-04,48.82,49.14,49.54,48.8,42104.0,206673612.0,1.51,0.14,0.07,2.02
2025-06-05,49.16,49.47,49.5,48.38,52315.0,256452674.0,2.28,0.67,0.33,2.51
2025-06-06,49.38,48.93,50.35,48.88,69098.0,342687928.0,2.97,-1.09,-0.54,3.32
2025-06-09,48.99,49.43,50.48,48.99,76629.0,381204340.0,3.05,1.02,0.5,3.68
2025-06-10,49.06,47.95,49.32,47.45,78432.0,377468620.0,3.78,-2.99,-1.48,3.77
2025-06-11,47.95,48.03,48.27,47.71,32339.0,155390648.0,1.17,0.17,0.08,1.55
2025-06-12,48.01,47.56,48.13,47.45,35985.0,171803968.0,1.42,-0.98,-0.47,1.73
2025-06-13,48.18,49.79,49.9,47.8,128169.0,627878797.0,4.42,4.69,2.23,6.16
2025-06-16,49.88,49.49,50.24,48.68,76676.0,380310592.0,3.13,-0.6,-0.3,3.68
2025-06-17,49.35,49.87,50.17,48.76,75041.0,370866294.0,2.85,0.77,0.38,3.61
2025-06-18,49.7,51.0,51.9,49.4,130930.0,668202606.0,5.01,2.27,1.13,6.29
2025-06-19,50.48,51.0,51.48,49.75,97118.0,490197251.0,3.39,0.0,0.0,4.67
2025-06-20,50.4,49.38,50.48,49.17,70610.0,351695904.0,2.57,-3.18,-1.62,3.39
2025-06-23,49.56,49.83,50.2,49.55,51547.0,257193706.0,1.32,0.91,0.45,2.48
2025-06-24,49.0,49.5,49.72,48.11,85578.0,418804397.0,3.23,-0.66,-0.33,4.11
2025-06-25,49.5,50.97,51.4,49.26,116344.0,588289499.0,4.32,2.97,1.47,5.59
2025-06-26,50.9,51.63,53.12,50.71,142218.0,741579715.0,4.73,1.29,0.66,6.83
2025-06-27,51.01,51.53,52.28,51.0,94326.0,487503823.0,2.48,-0.19,-0.1,4.53
2025-06-30,51.59,53.3,53.54,51.59,124367.0,658729477.0,3.78,3.43,1.77,5.98
2025-07-01,53.13,52.6,53.29,52.15,97907.0,515236284.0,2.14,-1.31,-0.7,4.7
2025-07-02,52.19,51.3,52.2,51.11,69171.0,356721602.0,2.07,-2.47,-1.3,3.32
2025-07-03,51.43,51.46,52.59,51.36,57200.0,296497716.0,2.4,0.31,0.16,2.75
2025-07-04,51.12,51.03,51.56,50.64,54835.0,280063912.0,1.79,-0.84,-0.43,2.64
2025-07-07,51.0,50.86,51.14,50.62,33586.0,170813417.0,1.02,-0.33,-0.17,1.61
2025-07-08,50.7,51.46,51.64,50.68,48277.0,247314682.0,1.89,1.18,0.6,2.32
2025-07-09,51.57,51.1,52.0,50.87,53493.0,275455993.0,2.2,-0.7,-0.36,2.57
2025-07-10,50.87,50.93,51.09,50.39,42089.0,213238539.0,1.37,-0.33,-0.17,2.02
2025-07-11,50.89,51.37,51.52,50.72,44861.0,229754801.0,1.57,0.86,0.44,2.16
2025-07-14,51.31,51.92,52.38,51.16,50707.0,262893565.0,2.37,1.07,0.55,2.44
2025-07-15,51.7,51.06,51.97,50.85,47315.0,242530390.0,2.16,-1.66,-0.86,2.27
2025-07-16,51.02,50.93,51.43,50.71,35043.0,178847873.0,1.41,-0.25,-0.13,1.68
2025-07-17,51.06,51.77,51.96,50.83,52909.0,272234887.0,2.22,1.65,0.84,2.54
2025-07-18,51.7,52.0,52.34,51.4,78439.0,407481168.0,1.82,0.44,0.23,3.77
2025-07-21,51.79,51.6,51.88,51.39,62597.0,322741258.0,0.94,-0.77,-0.4,3.01
2025-07-22,51.59,51.69,52.38,51.27,72470.0,375257703.0,2.15,0.17,0.09,3.48
2025-07-23,51.41,51.05,51.57,50.96,58514.0,299335011.0,1.18,-1.24,-0.64,2.81
2025-07-24,51.0,51.75,51.78,50.9,60712.0,312638417.0,1.72,1.37,0.7,2.92
2025-07-25,51.88,51.91,51.98,51.3,56618.0,292418074.0,1.31,0.31,0.16,2.72
2025-07-28,52.0,52.58,53.22,51.81,83821.0,441470936.0,2.72,1.29,0.67,4.03
2025-07-29,52.95,52.73,52.96,52.2,64620.0,339623847.0,1.45,0.29,0.15,3.11
2025-07-30,52.67,52.15,53.25,51.52,80418.0,421943445.0,3.28,-1.1,-0.58,3.86
2025-07-31,51.92,51.72,52.79,51.43,64942.0,338781322.0,2.61,-0.82,-0.43,3.12
2025-08-01,51.8,51.38,52.25,50.92,59218.0,305021855.0,2.57,-0.66,-0.34,2.85
2025-08-04,51.05,53.43,53.45,51.03,129519.0,684516482.86,4.71,3.99,2.05,6.22
